#
# There is insufficient memory for the Java Runtime Environment to continue.
# Native memory allocation (malloc) failed to allocate 2260032 bytes. Error detail: Chunk::new
# Possible reasons:
#   The system is out of physical RAM or swap space
#   This process is running with CompressedOops enabled, and the Java Heap may be blocking the growth of the native heap
# Possible solutions:
#   Reduce memory load on the system
#   Increase physical memory or swap space
#   Check if swap backing store is full
#   Decrease Java heap size (-Xmx/-Xms)
#   Decrease number of Java threads
#   Decrease Java thread stack sizes (-Xss)
#   Set larger code cache with -XX:ReservedCodeCacheSize=
#   JVM is running with Zero Based Compressed Oops mode in which the Java heap is
#     placed in the first 32GB address space. The Java Heap base address is the
#     maximum limit for the native heap growth. Please use -XX:HeapBaseMinAddress
#     to set the Java Heap base and to place the Java Heap above 32GB virtual address.
# This output file may be truncated or incomplete.
#
#  Out of Memory Error (arena.cpp:168), pid=14628, tid=13916
#
# JRE version: OpenJDK Runtime Environment Temurin-21.0.6+7 (21.0.6+7) (build 21.0.6+7-LTS)
# Java VM: OpenJDK 64-Bit Server VM Temurin-21.0.6+7 (21.0.6+7-LTS, mixed mode, sharing, tiered, compressed oops, compressed class ptrs, g1 gc, windows-amd64)
# No core dump will be written. Minidumps are not enabled by default on client versions of Windows
#

---------------  S U M M A R Y ------------

Command Line: --add-opens=java.base/java.lang=ALL-UNNAMED --add-opens=java.base/java.lang.invoke=ALL-UNNAMED --add-opens=java.base/java.util=ALL-UNNAMED --add-opens=java.prefs/java.util.prefs=ALL-UNNAMED --add-exports=jdk.compiler/com.sun.tools.javac.api=ALL-UNNAMED --add-exports=jdk.compiler/com.sun.tools.javac.util=ALL-UNNAMED --add-opens=java.base/java.util=ALL-UNNAMED --add-opens=java.prefs/java.util.prefs=ALL-UNNAMED --add-opens=java.base/java.nio.charset=ALL-UNNAMED --add-opens=java.base/java.net=ALL-UNNAMED --add-opens=java.base/java.util.concurrent.atomic=ALL-UNNAMED --add-opens=java.xml/javax.xml.namespace=ALL-UNNAMED -Xmx3072m -Dfile.encoding=UTF-8 -Duser.country=GB -Duser.language=en -Duser.variant -javaagent:C:\Users\vfxno\.gradle\wrapper\dists\gradle-8.13-bin\5xuhj0ry160q40clulazy9h7d\gradle-8.13\lib\agents\gradle-instrumentation-agent-8.13.jar org.gradle.launcher.daemon.bootstrap.GradleDaemon 8.13

Host: AMD Ryzen 5 5600H with Radeon Graphics         , 12 cores, 15G,  Windows 11 , 64 bit Build 26100 (10.0.26100.3037)
Time: Mon Jul 28 14:06:19 2025 W. Europe Summer Time elapsed time: 19.195683 seconds (0d 0h 0m 19s)

---------------  T H R E A D  ---------------

Current thread (0x0000017a35219020):  JavaThread "C2 CompilerThread0" daemon [_thread_in_native, id=13916, stack(0x0000007102100000,0x0000007102200000) (1024K)]


Current CompileTask:
C2:19195 18842 %     4       com.android.tools.r8.internal.de::a @ 3456 (4509 bytes)

Stack: [0x0000007102100000,0x0000007102200000]
Native frames: (J=compiled Java code, j=interpreted, Vv=VM code, C=native code)
V  [jvm.dll+0x6cdee9]
V  [jvm.dll+0x8a83d1]
V  [jvm.dll+0x8aa8fe]
V  [jvm.dll+0x8aafe3]
V  [jvm.dll+0x27f706]
V  [jvm.dll+0xc500d]
V  [jvm.dll+0xc5543]
V  [jvm.dll+0x3b678c]
V  [jvm.dll+0x1e0009]
V  [jvm.dll+0x247b42]
V  [jvm.dll+0x246fcf]
V  [jvm.dll+0x1c75ee]
V  [jvm.dll+0x25685a]
V  [jvm.dll+0x254dfa]
V  [jvm.dll+0x3f0256]
V  [jvm.dll+0x851f8b]
V  [jvm.dll+0x6cc5ed]
C  [ucrtbase.dll+0x37b0]
C  [KERNEL32.DLL+0x2e8d7]
C  [ntdll.dll+0xbbf2c]


---------------  P R O C E S S  ---------------

Threads class SMR info:
_java_thread_list=0x0000017a7f0af490, length=191, elements={
0x0000017a165a1cb0, 0x0000017a351eacf0, 0x0000017a351ec3b0, 0x0000017a351f7d30,
0x0000017a351f8a00, 0x0000017a351f9fc0, 0x0000017a351fd590, 0x0000017a35219020,
0x0000017a3521a6f0, 0x0000017a35348c10, 0x0000017a354cad70, 0x0000017a7b8d66a0,
0x0000017a7c425870, 0x0000017a7c3c1f30, 0x0000017a7c3b2680, 0x0000017a7c3595b0,
0x0000017a7c38f110, 0x0000017a7c31e1b0, 0x0000017a7c397930, 0x0000017a7c397f90,
0x0000017a7c39fa50, 0x0000017a7c39d2f0, 0x0000017a7c39f3c0, 0x0000017a7c39d980,
0x0000017a7c39e010, 0x0000017a7c39e6a0, 0x0000017a7c39ed30, 0x0000017a7d80c2f0,
0x0000017a7d80af40, 0x0000017a7d80a8b0, 0x0000017a7d80b5d0, 0x0000017a7d80d010,
0x0000017a7d80d6a0, 0x0000017a7d80a220, 0x0000017a7d80e3c0, 0x0000017a7d80fe00,
0x0000017a7d810490, 0x0000017a7c57f530, 0x0000017a7c57e810, 0x0000017a7c57eea0,
0x0000017a7c57fbc0, 0x0000017a7c580250, 0x0000017a7c57cdd0, 0x0000017a7c57d460,
0x0000017a7c57daf0, 0x0000017a7c57e180, 0x0000017a7de3d540, 0x0000017a7de3e8f0,
0x0000017a7de3ef80, 0x0000017a7de3fca0, 0x0000017a7de40330, 0x0000017a7de409c0,
0x0000017a7de3f610, 0x0000017a7de41050, 0x0000017a7de3dbd0, 0x0000017a7de416e0,
0x0000017a7de3e260, 0x0000017a7de41d70, 0x0000017a7de43120, 0x0000017a7de444d0,
0x0000017a7de44b60, 0x0000017a7de42400, 0x0000017a7de42a90, 0x0000017a7de437b0,
0x0000017a7de43e40, 0x0000017a7e62c740, 0x0000017a7e62ad00, 0x0000017a7e62c0b0,
0x0000017a7e62cdd0, 0x0000017a7e629fe0, 0x0000017a7e62daf0, 0x0000017a7e62eea0,
0x0000017a7e6308e0, 0x0000017a02529cf0, 0x0000017a0252bdc0, 0x0000017a0252c450,
0x0000017a0252aa10, 0x0000017a0252cae0, 0x0000017a02529660, 0x0000017a0252d170,
0x0000017a0252d800, 0x0000017a0252f240, 0x0000017a0252f8d0, 0x0000017a02530c80,
0x0000017a0252de90, 0x0000017a0252ebb0, 0x0000017a0252ff60, 0x0000017a025305f0,
0x0000017a0252e520, 0x0000017a7d9e45c0, 0x0000017a01f94020, 0x0000017a01f95a60,
0x0000017a01f946b0, 0x0000017a01f93300, 0x0000017a7c7831f0, 0x0000017a7c782b60,
0x0000017a7c783880, 0x0000017a7c781120, 0x0000017a7c783f10, 0x0000017a7c7817b0,
0x0000017a7c7852c0, 0x0000017a7ce3d390, 0x0000017a7ce3e740, 0x0000017a7ce3e0b0,
0x0000017a7ce40ea0, 0x0000017a7ce3da20, 0x0000017a7ce42250, 0x0000017a7ce41530,
0x0000017a7ce3edd0, 0x0000017a7ce41bc0, 0x0000017a7ce428e0, 0x0000017a7ce3f460,
0x0000017a7ce42f70, 0x0000017a7ce43600, 0x0000017a7ce43c90, 0x0000017a7ce44320,
0x0000017a7ce449b0, 0x0000017a013d6130, 0x0000017a013d67c0, 0x0000017a013d7b70,
0x0000017a013d6e50, 0x0000017a013d74e0, 0x0000017a013d8200, 0x0000017a013d4d80,
0x0000017a013d8890, 0x0000017a013d5aa0, 0x0000017a013d5410, 0x0000017a013d95b0,
0x0000017a013d9c40, 0x0000017a013dbd10, 0x0000017a013daff0, 0x0000017a013da2d0,
0x0000017a013da960, 0x0000017a013db680, 0x0000017a013dc3a0, 0x0000017a7c7845a0,
0x0000017a7c7824d0, 0x0000017a7c7880b0, 0x0000017a7c784c30, 0x0000017a7c787a20,
0x0000017a7c786d00, 0x0000017a7c785fe0, 0x0000017a7c788740, 0x0000017a01f925e0,
0x0000017a01f953d0, 0x0000017a7ce3faf0, 0x0000017a7d809b90, 0x0000017a02c41d80,
0x0000017a02c437c0, 0x0000017a02c444e0, 0x0000017a02c45200, 0x0000017a02c44b70,
0x0000017a02c45890, 0x0000017a02c42aa0, 0x0000017a02c43e50, 0x0000017a02c43130,
0x0000017a02c42410, 0x0000017a02c46c40, 0x0000017a02c47ff0, 0x0000017a02c472d0,
0x0000017a02c48680, 0x0000017a02c47960, 0x0000017a02c48d10, 0x0000017a02c493a0,
0x0000017a02c45f20, 0x0000017a02c49a30, 0x0000017a02c465b0, 0x0000017a02c4a0c0,
0x0000017a02c4c190, 0x0000017a02c4ceb0, 0x0000017a02c4dbd0, 0x0000017a02c4c820,
0x0000017a02c4d540, 0x0000017a02c4b470, 0x0000017a02c4a750, 0x0000017a02c4e260,
0x0000017a02c4ade0, 0x0000017a02e2d9f0, 0x0000017a7d9e4c90, 0x0000017a02e363c0,
0x0000017a02e35d30, 0x0000017a02e33c60, 0x0000017a02e32f40, 0x0000017a02e38490,
0x0000017a02e37770, 0x0000017a02e391b0, 0x0000017a02e38b20, 0x0000017a02e39840,
0x0000017a02e39ed0, 0x0000017a02e37e00, 0x0000017a02e36a50
}

Java Threads: ( => current thread )
  0x0000017a165a1cb0 JavaThread "main"                              [_thread_blocked, id=17864, stack(0x0000007101300000,0x0000007101400000) (1024K)]
  0x0000017a351eacf0 JavaThread "Reference Handler"          daemon [_thread_blocked, id=16736, stack(0x0000007101b00000,0x0000007101c00000) (1024K)]
  0x0000017a351ec3b0 JavaThread "Finalizer"                  daemon [_thread_blocked, id=14308, stack(0x0000007101c00000,0x0000007101d00000) (1024K)]
  0x0000017a351f7d30 JavaThread "Signal Dispatcher"          daemon [_thread_blocked, id=17016, stack(0x0000007101d00000,0x0000007101e00000) (1024K)]
  0x0000017a351f8a00 JavaThread "Attach Listener"            daemon [_thread_blocked, id=16308, stack(0x0000007101e00000,0x0000007101f00000) (1024K)]
  0x0000017a351f9fc0 JavaThread "Service Thread"             daemon [_thread_blocked, id=13592, stack(0x0000007101f00000,0x0000007102000000) (1024K)]
  0x0000017a351fd590 JavaThread "Monitor Deflation Thread"   daemon [_thread_blocked, id=6364, stack(0x0000007102000000,0x0000007102100000) (1024K)]
=>0x0000017a35219020 JavaThread "C2 CompilerThread0"         daemon [_thread_in_native, id=13916, stack(0x0000007102100000,0x0000007102200000) (1024K)]
  0x0000017a3521a6f0 JavaThread "C1 CompilerThread0"         daemon [_thread_blocked, id=19892, stack(0x0000007102200000,0x0000007102300000) (1024K)]
  0x0000017a35348c10 JavaThread "Common-Cleaner"             daemon [_thread_blocked, id=12540, stack(0x0000007102300000,0x0000007102400000) (1024K)]
  0x0000017a354cad70 JavaThread "Notification Thread"        daemon [_thread_blocked, id=7140, stack(0x0000007102400000,0x0000007102500000) (1024K)]
  0x0000017a7b8d66a0 JavaThread "Daemon health stats"               [_thread_blocked, id=15380, stack(0x0000007102c00000,0x0000007102d00000) (1024K)]
  0x0000017a7c425870 JavaThread "Incoming local TCP Connector on port 64129"        [_thread_in_native, id=2008, stack(0x0000007102d00000,0x0000007102e00000) (1024K)]
  0x0000017a7c3c1f30 JavaThread "Daemon periodic checks"            [_thread_blocked, id=13108, stack(0x0000007103200000,0x0000007103300000) (1024K)]
  0x0000017a7c3b2680 JavaThread "Daemon"                            [_thread_blocked, id=19468, stack(0x0000007103300000,0x0000007103400000) (1024K)]
  0x0000017a7c3595b0 JavaThread "Handler for socket connection from /127.0.0.1:64129 to /127.0.0.1:64130"        [_thread_in_native, id=20108, stack(0x0000007103400000,0x0000007103500000) (1024K)]
  0x0000017a7c38f110 JavaThread "Cancel handler"                    [_thread_blocked, id=19820, stack(0x0000007103500000,0x0000007103600000) (1024K)]
  0x0000017a7c31e1b0 JavaThread "Daemon worker"                     [_thread_blocked, id=19116, stack(0x0000007103600000,0x0000007103700000) (1024K)]
  0x0000017a7c397930 JavaThread "Asynchronous log dispatcher for DefaultDaemonConnection: socket connection from /127.0.0.1:64129 to /127.0.0.1:64130"        [_thread_blocked, id=20864, stack(0x0000007103700000,0x0000007103800000) (1024K)]
  0x0000017a7c397f90 JavaThread "Stdin handler"                     [_thread_blocked, id=1528, stack(0x0000007103800000,0x0000007103900000) (1024K)]
  0x0000017a7c39fa50 JavaThread "Daemon client event forwarder"        [_thread_blocked, id=17472, stack(0x0000007103900000,0x0000007103a00000) (1024K)]
  0x0000017a7c39d2f0 JavaThread "Cache worker for journal cache (C:\Users\vfxno\.gradle\caches\journal-1)"        [_thread_blocked, id=14764, stack(0x0000007103a00000,0x0000007103b00000) (1024K)]
  0x0000017a7c39f3c0 JavaThread "File lock request listener"        [_thread_in_native, id=13856, stack(0x0000007103b00000,0x0000007103c00000) (1024K)]
  0x0000017a7c39d980 JavaThread "Cache worker for file hash cache (C:\Users\vfxno\.gradle\caches\8.13\fileHashes)"        [_thread_blocked, id=12212, stack(0x0000007103c00000,0x0000007103d00000) (1024K)]
  0x0000017a7c39e010 JavaThread "Cache worker for file hash cache (C:\Users\vfxno\Downloads\moonlight-android\.gradle\8.13\fileHashes)"        [_thread_blocked, id=20180, stack(0x0000007103f00000,0x0000007104000000) (1024K)]
  0x0000017a7c39e6a0 JavaThread "Cache worker for Build Output Cleanup Cache (C:\Users\vfxno\Downloads\moonlight-android\.gradle\buildOutputCleanup)"        [_thread_blocked, id=19632, stack(0x0000007104000000,0x0000007104100000) (1024K)]
  0x0000017a7c39ed30 JavaThread "File watcher server"        daemon [_thread_in_native, id=20708, stack(0x0000007104100000,0x0000007104200000) (1024K)]
  0x0000017a7d80c2f0 JavaThread "File watcher consumer"      daemon [_thread_blocked, id=20720, stack(0x0000007104200000,0x0000007104300000) (1024K)]
  0x0000017a7d80af40 JavaThread "jar transforms"                    [_thread_blocked, id=4736, stack(0x0000007104300000,0x0000007104400000) (1024K)]
  0x0000017a7d80a8b0 JavaThread "jar transforms Thread 2"           [_thread_blocked, id=7796, stack(0x0000007104400000,0x0000007104500000) (1024K)]
  0x0000017a7d80b5d0 JavaThread "Cache worker for checksums cache (C:\Users\vfxno\Downloads\moonlight-android\.gradle\8.13\checksums)"        [_thread_blocked, id=21084, stack(0x0000007104500000,0x0000007104600000) (1024K)]
  0x0000017a7d80d010 JavaThread "Cache worker for file content cache (C:\Users\vfxno\.gradle\caches\8.13\fileContent)"        [_thread_blocked, id=20972, stack(0x0000007104600000,0x0000007104700000) (1024K)]
  0x0000017a7d80d6a0 JavaThread "Cache worker for cache directory md-supplier (C:\Users\vfxno\.gradle\caches\8.13\md-supplier)"        [_thread_blocked, id=11596, stack(0x0000007104700000,0x0000007104800000) (1024K)]
  0x0000017a7d80a220 JavaThread "Cache worker for cache directory md-rule (C:\Users\vfxno\.gradle\caches\8.13\md-rule)"        [_thread_blocked, id=12552, stack(0x0000007104800000,0x0000007104900000) (1024K)]
  0x0000017a7d80e3c0 JavaThread "jar transforms Thread 3"           [_thread_blocked, id=17764, stack(0x0000007104900000,0x0000007104a00000) (1024K)]
  0x0000017a7d80fe00 JavaThread "Unconstrained build operations"        [_thread_blocked, id=2060, stack(0x0000007104a00000,0x0000007104b00000) (1024K)]
  0x0000017a7d810490 JavaThread "Unconstrained build operations Thread 2"        [_thread_blocked, id=6388, stack(0x0000007104b00000,0x0000007104c00000) (1024K)]
  0x0000017a7c57f530 JavaThread "Unconstrained build operations Thread 3"        [_thread_blocked, id=16996, stack(0x0000007104c00000,0x0000007104d00000) (1024K)]
  0x0000017a7c57e810 JavaThread "Unconstrained build operations Thread 4"        [_thread_blocked, id=16912, stack(0x0000007104d00000,0x0000007104e00000) (1024K)]
  0x0000017a7c57eea0 JavaThread "Unconstrained build operations Thread 5"        [_thread_blocked, id=17668, stack(0x0000007104e00000,0x0000007104f00000) (1024K)]
  0x0000017a7c57fbc0 JavaThread "Unconstrained build operations Thread 6"        [_thread_blocked, id=14892, stack(0x0000007104f00000,0x0000007105000000) (1024K)]
  0x0000017a7c580250 JavaThread "Unconstrained build operations Thread 7"        [_thread_blocked, id=15748, stack(0x0000007105000000,0x0000007105100000) (1024K)]
  0x0000017a7c57cdd0 JavaThread "Unconstrained build operations Thread 8"        [_thread_blocked, id=2524, stack(0x0000007105100000,0x0000007105200000) (1024K)]
  0x0000017a7c57d460 JavaThread "Unconstrained build operations Thread 9"        [_thread_blocked, id=5628, stack(0x0000007105200000,0x0000007105300000) (1024K)]
  0x0000017a7c57daf0 JavaThread "Unconstrained build operations Thread 10"        [_thread_blocked, id=9396, stack(0x0000007105300000,0x0000007105400000) (1024K)]
  0x0000017a7c57e180 JavaThread "Unconstrained build operations Thread 11"        [_thread_blocked, id=18580, stack(0x0000007105400000,0x0000007105500000) (1024K)]
  0x0000017a7de3d540 JavaThread "Unconstrained build operations Thread 12"        [_thread_blocked, id=20080, stack(0x0000007105500000,0x0000007105600000) (1024K)]
  0x0000017a7de3e8f0 JavaThread "Unconstrained build operations Thread 13"        [_thread_blocked, id=15792, stack(0x0000007105600000,0x0000007105700000) (1024K)]
  0x0000017a7de3ef80 JavaThread "Unconstrained build operations Thread 14"        [_thread_blocked, id=15640, stack(0x0000007105700000,0x0000007105800000) (1024K)]
  0x0000017a7de3fca0 JavaThread "Unconstrained build operations Thread 15"        [_thread_blocked, id=1484, stack(0x0000007105800000,0x0000007105900000) (1024K)]
  0x0000017a7de40330 JavaThread "Unconstrained build operations Thread 16"        [_thread_blocked, id=20396, stack(0x0000007105900000,0x0000007105a00000) (1024K)]
  0x0000017a7de409c0 JavaThread "Unconstrained build operations Thread 17"        [_thread_blocked, id=15668, stack(0x0000007105a00000,0x0000007105b00000) (1024K)]
  0x0000017a7de3f610 JavaThread "Unconstrained build operations Thread 18"        [_thread_blocked, id=17556, stack(0x0000007105b00000,0x0000007105c00000) (1024K)]
  0x0000017a7de41050 JavaThread "Unconstrained build operations Thread 19"        [_thread_blocked, id=14440, stack(0x0000007105c00000,0x0000007105d00000) (1024K)]
  0x0000017a7de3dbd0 JavaThread "Unconstrained build operations Thread 20"        [_thread_blocked, id=20528, stack(0x0000007105d00000,0x0000007105e00000) (1024K)]
  0x0000017a7de416e0 JavaThread "Unconstrained build operations Thread 21"        [_thread_blocked, id=19744, stack(0x0000007105e00000,0x0000007105f00000) (1024K)]
  0x0000017a7de3e260 JavaThread "Unconstrained build operations Thread 22"        [_thread_blocked, id=20412, stack(0x0000007105f00000,0x0000007106000000) (1024K)]
  0x0000017a7de41d70 JavaThread "Unconstrained build operations Thread 23"        [_thread_blocked, id=16484, stack(0x0000007106000000,0x0000007106100000) (1024K)]
  0x0000017a7de43120 JavaThread "Unconstrained build operations Thread 24"        [_thread_blocked, id=18228, stack(0x0000007106100000,0x0000007106200000) (1024K)]
  0x0000017a7de444d0 JavaThread "Unconstrained build operations Thread 25"        [_thread_blocked, id=8552, stack(0x0000007106200000,0x0000007106300000) (1024K)]
  0x0000017a7de44b60 JavaThread "Unconstrained build operations Thread 26"        [_thread_blocked, id=14716, stack(0x0000007106300000,0x0000007106400000) (1024K)]
  0x0000017a7de42400 JavaThread "Unconstrained build operations Thread 27"        [_thread_blocked, id=7756, stack(0x0000007106400000,0x0000007106500000) (1024K)]
  0x0000017a7de42a90 JavaThread "Unconstrained build operations Thread 28"        [_thread_blocked, id=21020, stack(0x0000007106500000,0x0000007106600000) (1024K)]
  0x0000017a7de437b0 JavaThread "Unconstrained build operations Thread 29"        [_thread_blocked, id=17072, stack(0x0000007106600000,0x0000007106700000) (1024K)]
  0x0000017a7de43e40 JavaThread "Unconstrained build operations Thread 30"        [_thread_blocked, id=10644, stack(0x0000007106700000,0x0000007106800000) (1024K)]
  0x0000017a7e62c740 JavaThread "Unconstrained build operations Thread 31"        [_thread_blocked, id=11860, stack(0x0000007106800000,0x0000007106900000) (1024K)]
  0x0000017a7e62ad00 JavaThread "Unconstrained build operations Thread 32"        [_thread_blocked, id=20880, stack(0x0000007106900000,0x0000007106a00000) (1024K)]
  0x0000017a7e62c0b0 JavaThread "Unconstrained build operations Thread 33"        [_thread_blocked, id=18416, stack(0x0000007106a00000,0x0000007106b00000) (1024K)]
  0x0000017a7e62cdd0 JavaThread "jar transforms Thread 4"           [_thread_blocked, id=6056, stack(0x0000007106b00000,0x0000007106c00000) (1024K)]
  0x0000017a7e629fe0 JavaThread "jar transforms Thread 5"           [_thread_blocked, id=5500, stack(0x0000007106c00000,0x0000007106d00000) (1024K)]
  0x0000017a7e62daf0 JavaThread "jar transforms Thread 6"           [_thread_blocked, id=3068, stack(0x0000007106d00000,0x0000007106e00000) (1024K)]
  0x0000017a7e62eea0 JavaThread "Memory manager"                    [_thread_blocked, id=5668, stack(0x0000007106e00000,0x0000007106f00000) (1024K)]
  0x0000017a7e6308e0 JavaThread "Problems report writer"            [_thread_blocked, id=17732, stack(0x0000007106f00000,0x0000007107000000) (1024K)]
  0x0000017a02529cf0 JavaThread "included builds"                   [_thread_blocked, id=20608, stack(0x0000007107000000,0x0000007107100000) (1024K)]
  0x0000017a0252bdc0 JavaThread "Execution worker"                  [_thread_blocked, id=3844, stack(0x0000007107100000,0x0000007107200000) (1024K)]
  0x0000017a0252c450 JavaThread "Execution worker Thread 2"         [_thread_blocked, id=19724, stack(0x0000007107200000,0x0000007107300000) (1024K)]
  0x0000017a0252aa10 JavaThread "Execution worker Thread 3"         [_thread_blocked, id=14460, stack(0x0000007107300000,0x0000007107400000) (1024K)]
  0x0000017a0252cae0 JavaThread "Execution worker Thread 4"         [_thread_blocked, id=17836, stack(0x0000007107400000,0x0000007107500000) (1024K)]
  0x0000017a02529660 JavaThread "Execution worker Thread 5"         [_thread_blocked, id=8952, stack(0x0000007107500000,0x0000007107600000) (1024K)]
  0x0000017a0252d170 JavaThread "Execution worker Thread 6"         [_thread_blocked, id=10360, stack(0x0000007107600000,0x0000007107700000) (1024K)]
  0x0000017a0252d800 JavaThread "Execution worker Thread 7"         [_thread_blocked, id=17520, stack(0x0000007107700000,0x0000007107800000) (1024K)]
  0x0000017a0252f240 JavaThread "Execution worker Thread 8"         [_thread_blocked, id=14908, stack(0x0000007107800000,0x0000007107900000) (1024K)]
  0x0000017a0252f8d0 JavaThread "Execution worker Thread 9"         [_thread_blocked, id=5876, stack(0x0000007107900000,0x0000007107a00000) (1024K)]
  0x0000017a02530c80 JavaThread "Execution worker Thread 10"        [_thread_blocked, id=13980, stack(0x0000007107a00000,0x0000007107b00000) (1024K)]
  0x0000017a0252de90 JavaThread "Execution worker Thread 11"        [_thread_blocked, id=8988, stack(0x0000007107b00000,0x0000007107c00000) (1024K)]
  0x0000017a0252ebb0 JavaThread "Cache worker for execution history cache (C:\Users\vfxno\Downloads\moonlight-android\.gradle\8.13\executionHistory)"        [_thread_blocked, id=18288, stack(0x0000007107c00000,0x0000007107d00000) (1024K)]
  0x0000017a0252ff60 JavaThread "Exec process"                      [_thread_blocked, id=20904, stack(0x0000007107d00000,0x0000007107e00000) (1024K)]
  0x0000017a025305f0 JavaThread "Exec process Thread 2"             [_thread_blocked, id=4740, stack(0x0000007107e00000,0x0000007107f00000) (1024K)]
  0x0000017a0252e520 JavaThread "Exec process Thread 3"             [_thread_blocked, id=20944, stack(0x0000007107f00000,0x0000007108000000) (1024K)]
  0x0000017a7d9e45c0 JavaThread "C2 CompilerThread1"         daemon [_thread_in_native, id=21044, stack(0x0000007102500000,0x0000007102600000) (1024K)]
  0x0000017a01f94020 JavaThread "Unconstrained build operations Thread 34"        [_thread_blocked, id=17852, stack(0x0000007102600000,0x0000007102700000) (1024K)]
  0x0000017a01f95a60 JavaThread "Unconstrained build operations Thread 35"        [_thread_blocked, id=5472, stack(0x0000007108000000,0x0000007108100000) (1024K)]
  0x0000017a01f946b0 JavaThread "Unconstrained build operations Thread 36"        [_thread_blocked, id=19984, stack(0x0000007108100000,0x0000007108200000) (1024K)]
  0x0000017a01f93300 JavaThread "Unconstrained build operations Thread 37"        [_thread_blocked, id=17388, stack(0x0000007108200000,0x0000007108300000) (1024K)]
  0x0000017a7c7831f0 JavaThread "Unconstrained build operations Thread 38"        [_thread_blocked, id=18596, stack(0x0000007108300000,0x0000007108400000) (1024K)]
  0x0000017a7c782b60 JavaThread "Unconstrained build operations Thread 39"        [_thread_blocked, id=5736, stack(0x0000007108400000,0x0000007108500000) (1024K)]
  0x0000017a7c783880 JavaThread "Unconstrained build operations Thread 40"        [_thread_blocked, id=8700, stack(0x0000007108500000,0x0000007108600000) (1024K)]
  0x0000017a7c781120 JavaThread "Unconstrained build operations Thread 41"        [_thread_blocked, id=12980, stack(0x0000007108600000,0x0000007108700000) (1024K)]
  0x0000017a7c783f10 JavaThread "Unconstrained build operations Thread 42"        [_thread_blocked, id=21384, stack(0x0000007108700000,0x0000007108800000) (1024K)]
  0x0000017a7c7817b0 JavaThread "Unconstrained build operations Thread 43"        [_thread_blocked, id=18844, stack(0x0000007108800000,0x0000007108900000) (1024K)]
  0x0000017a7c7852c0 JavaThread "Unconstrained build operations Thread 44"        [_thread_blocked, id=2532, stack(0x0000007108900000,0x0000007108a00000) (1024K)]
  0x0000017a7ce3d390 JavaThread "Unconstrained build operations Thread 45"        [_thread_blocked, id=17844, stack(0x0000007108b00000,0x0000007108c00000) (1024K)]
  0x0000017a7ce3e740 JavaThread "Unconstrained build operations Thread 46"        [_thread_blocked, id=14608, stack(0x0000007108c00000,0x0000007108d00000) (1024K)]
  0x0000017a7ce3e0b0 JavaThread "Unconstrained build operations Thread 47"        [_thread_blocked, id=4068, stack(0x0000007108d00000,0x0000007108e00000) (1024K)]
  0x0000017a7ce40ea0 JavaThread "Unconstrained build operations Thread 48"        [_thread_blocked, id=2704, stack(0x0000007108e00000,0x0000007108f00000) (1024K)]
  0x0000017a7ce3da20 JavaThread "Unconstrained build operations Thread 49"        [_thread_blocked, id=17568, stack(0x0000007108f00000,0x0000007109000000) (1024K)]
  0x0000017a7ce42250 JavaThread "Unconstrained build operations Thread 50"        [_thread_blocked, id=14868, stack(0x0000007109000000,0x0000007109100000) (1024K)]
  0x0000017a7ce41530 JavaThread "Unconstrained build operations Thread 51"        [_thread_blocked, id=7344, stack(0x0000007109100000,0x0000007109200000) (1024K)]
  0x0000017a7ce3edd0 JavaThread "Unconstrained build operations Thread 52"        [_thread_blocked, id=18960, stack(0x0000007109200000,0x0000007109300000) (1024K)]
  0x0000017a7ce41bc0 JavaThread "Unconstrained build operations Thread 53"        [_thread_blocked, id=15124, stack(0x0000007109300000,0x0000007109400000) (1024K)]
  0x0000017a7ce428e0 JavaThread "Unconstrained build operations Thread 54"        [_thread_blocked, id=6728, stack(0x0000007109400000,0x0000007109500000) (1024K)]
  0x0000017a7ce3f460 JavaThread "Unconstrained build operations Thread 55"        [_thread_blocked, id=10380, stack(0x0000007109500000,0x0000007109600000) (1024K)]
  0x0000017a7ce42f70 JavaThread "Unconstrained build operations Thread 56"        [_thread_blocked, id=20416, stack(0x0000007109600000,0x0000007109700000) (1024K)]
  0x0000017a7ce43600 JavaThread "Unconstrained build operations Thread 57"        [_thread_blocked, id=18124, stack(0x0000007109700000,0x0000007109800000) (1024K)]
  0x0000017a7ce43c90 JavaThread "Unconstrained build operations Thread 58"        [_thread_blocked, id=6684, stack(0x0000007109800000,0x0000007109900000) (1024K)]
  0x0000017a7ce44320 JavaThread "Unconstrained build operations Thread 59"        [_thread_blocked, id=9892, stack(0x0000007109900000,0x0000007109a00000) (1024K)]
  0x0000017a7ce449b0 JavaThread "Unconstrained build operations Thread 60"        [_thread_blocked, id=17692, stack(0x0000007109a00000,0x0000007109b00000) (1024K)]
  0x0000017a013d6130 JavaThread "Unconstrained build operations Thread 61"        [_thread_blocked, id=15780, stack(0x0000007109b00000,0x0000007109c00000) (1024K)]
  0x0000017a013d67c0 JavaThread "Unconstrained build operations Thread 62"        [_thread_blocked, id=6036, stack(0x0000007109c00000,0x0000007109d00000) (1024K)]
  0x0000017a013d7b70 JavaThread "Unconstrained build operations Thread 63"        [_thread_blocked, id=19992, stack(0x0000007109d00000,0x0000007109e00000) (1024K)]
  0x0000017a013d6e50 JavaThread "Unconstrained build operations Thread 64"        [_thread_blocked, id=20440, stack(0x0000007109e00000,0x0000007109f00000) (1024K)]
  0x0000017a013d74e0 JavaThread "Unconstrained build operations Thread 65"        [_thread_blocked, id=18704, stack(0x0000007109f00000,0x000000710a000000) (1024K)]
  0x0000017a013d8200 JavaThread "Unconstrained build operations Thread 66"        [_thread_blocked, id=19344, stack(0x000000710a000000,0x000000710a100000) (1024K)]
  0x0000017a013d4d80 JavaThread "Unconstrained build operations Thread 67"        [_thread_blocked, id=19516, stack(0x000000710a100000,0x000000710a200000) (1024K)]
  0x0000017a013d8890 JavaThread "Unconstrained build operations Thread 68"        [_thread_blocked, id=11584, stack(0x000000710a200000,0x000000710a300000) (1024K)]
  0x0000017a013d5aa0 JavaThread "Unconstrained build operations Thread 69"        [_thread_blocked, id=17416, stack(0x000000710a300000,0x000000710a400000) (1024K)]
  0x0000017a013d5410 JavaThread "Unconstrained build operations Thread 70"        [_thread_blocked, id=14244, stack(0x000000710a400000,0x000000710a500000) (1024K)]
  0x0000017a013d95b0 JavaThread "Unconstrained build operations Thread 71"        [_thread_blocked, id=7280, stack(0x000000710a500000,0x000000710a600000) (1024K)]
  0x0000017a013d9c40 JavaThread "Unconstrained build operations Thread 72"        [_thread_blocked, id=16084, stack(0x000000710a600000,0x000000710a700000) (1024K)]
  0x0000017a013dbd10 JavaThread "Unconstrained build operations Thread 73"        [_thread_blocked, id=14168, stack(0x000000710a700000,0x000000710a800000) (1024K)]
  0x0000017a013daff0 JavaThread "Unconstrained build operations Thread 74"        [_thread_blocked, id=16512, stack(0x000000710a800000,0x000000710a900000) (1024K)]
  0x0000017a013da2d0 JavaThread "Unconstrained build operations Thread 75"        [_thread_blocked, id=14508, stack(0x000000710a900000,0x000000710aa00000) (1024K)]
  0x0000017a013da960 JavaThread "Unconstrained build operations Thread 76"        [_thread_blocked, id=16688, stack(0x000000710aa00000,0x000000710ab00000) (1024K)]
  0x0000017a013db680 JavaThread "Unconstrained build operations Thread 77"        [_thread_blocked, id=6988, stack(0x000000710ab00000,0x000000710ac00000) (1024K)]
  0x0000017a013dc3a0 JavaThread "Unconstrained build operations Thread 78"        [_thread_blocked, id=20832, stack(0x000000710ac00000,0x000000710ad00000) (1024K)]
  0x0000017a7c7845a0 JavaThread "Unconstrained build operations Thread 79"        [_thread_blocked, id=8948, stack(0x000000710ad00000,0x000000710ae00000) (1024K)]
  0x0000017a7c7824d0 JavaThread "Unconstrained build operations Thread 80"        [_thread_blocked, id=20340, stack(0x000000710ae00000,0x000000710af00000) (1024K)]
  0x0000017a7c7880b0 JavaThread "Unconstrained build operations Thread 81"        [_thread_blocked, id=18244, stack(0x000000710af00000,0x000000710b000000) (1024K)]
  0x0000017a7c784c30 JavaThread "Unconstrained build operations Thread 82"        [_thread_blocked, id=16544, stack(0x000000710b000000,0x000000710b100000) (1024K)]
  0x0000017a7c787a20 JavaThread "Unconstrained build operations Thread 83"        [_thread_blocked, id=3924, stack(0x000000710b100000,0x000000710b200000) (1024K)]
  0x0000017a7c786d00 JavaThread "Unconstrained build operations Thread 84"        [_thread_blocked, id=14428, stack(0x000000710b200000,0x000000710b300000) (1024K)]
  0x0000017a7c785fe0 JavaThread "Unconstrained build operations Thread 85"        [_thread_blocked, id=14204, stack(0x000000710b300000,0x000000710b400000) (1024K)]
  0x0000017a7c788740 JavaThread "Unconstrained build operations Thread 86"        [_thread_blocked, id=18088, stack(0x000000710b400000,0x000000710b500000) (1024K)]
  0x0000017a01f925e0 JavaThread "Unconstrained build operations Thread 87"        [_thread_blocked, id=6788, stack(0x000000710b500000,0x000000710b600000) (1024K)]
  0x0000017a01f953d0 JavaThread "Unconstrained build operations Thread 88"        [_thread_blocked, id=18004, stack(0x000000710b600000,0x000000710b700000) (1024K)]
  0x0000017a7ce3faf0 JavaThread "Unconstrained build operations Thread 89"        [_thread_blocked, id=15292, stack(0x000000710b700000,0x000000710b800000) (1024K)]
  0x0000017a7d809b90 JavaThread "Unconstrained build operations Thread 90"        [_thread_blocked, id=9440, stack(0x000000710b800000,0x000000710b900000) (1024K)]
  0x0000017a02c41d80 JavaThread "Unconstrained build operations Thread 91"        [_thread_blocked, id=8532, stack(0x000000710b900000,0x000000710ba00000) (1024K)]
  0x0000017a02c437c0 JavaThread "Unconstrained build operations Thread 92"        [_thread_blocked, id=16112, stack(0x000000710ba00000,0x000000710bb00000) (1024K)]
  0x0000017a02c444e0 JavaThread "Unconstrained build operations Thread 93"        [_thread_blocked, id=17096, stack(0x000000710bb00000,0x000000710bc00000) (1024K)]
  0x0000017a02c45200 JavaThread "Unconstrained build operations Thread 94"        [_thread_blocked, id=21160, stack(0x000000710bc00000,0x000000710bd00000) (1024K)]
  0x0000017a02c44b70 JavaThread "Unconstrained build operations Thread 95"        [_thread_blocked, id=13076, stack(0x000000710bd00000,0x000000710be00000) (1024K)]
  0x0000017a02c45890 JavaThread "Unconstrained build operations Thread 96"        [_thread_blocked, id=14092, stack(0x000000710be00000,0x000000710bf00000) (1024K)]
  0x0000017a02c42aa0 JavaThread "Unconstrained build operations Thread 97"        [_thread_blocked, id=12016, stack(0x000000710bf00000,0x000000710c000000) (1024K)]
  0x0000017a02c43e50 JavaThread "Unconstrained build operations Thread 98"        [_thread_blocked, id=4748, stack(0x000000710c000000,0x000000710c100000) (1024K)]
  0x0000017a02c43130 JavaThread "Unconstrained build operations Thread 99"        [_thread_blocked, id=360, stack(0x000000710c100000,0x000000710c200000) (1024K)]
  0x0000017a02c42410 JavaThread "Unconstrained build operations Thread 100"        [_thread_blocked, id=8176, stack(0x000000710c200000,0x000000710c300000) (1024K)]
  0x0000017a02c46c40 JavaThread "Unconstrained build operations Thread 101"        [_thread_blocked, id=3064, stack(0x000000710c300000,0x000000710c400000) (1024K)]
  0x0000017a02c47ff0 JavaThread "Unconstrained build operations Thread 102"        [_thread_blocked, id=19592, stack(0x000000710c400000,0x000000710c500000) (1024K)]
  0x0000017a02c472d0 JavaThread "Unconstrained build operations Thread 103"        [_thread_blocked, id=6432, stack(0x000000710c500000,0x000000710c600000) (1024K)]
  0x0000017a02c48680 JavaThread "Unconstrained build operations Thread 104"        [_thread_blocked, id=6496, stack(0x000000710c600000,0x000000710c700000) (1024K)]
  0x0000017a02c47960 JavaThread "Unconstrained build operations Thread 105"        [_thread_blocked, id=7828, stack(0x000000710c700000,0x000000710c800000) (1024K)]
  0x0000017a02c48d10 JavaThread "Unconstrained build operations Thread 106"        [_thread_blocked, id=10284, stack(0x000000710c800000,0x000000710c900000) (1024K)]
  0x0000017a02c493a0 JavaThread "Unconstrained build operations Thread 107"        [_thread_blocked, id=1380, stack(0x000000710c900000,0x000000710ca00000) (1024K)]
  0x0000017a02c45f20 JavaThread "Unconstrained build operations Thread 108"        [_thread_blocked, id=12908, stack(0x000000710ca00000,0x000000710cb00000) (1024K)]
  0x0000017a02c49a30 JavaThread "Unconstrained build operations Thread 109"        [_thread_blocked, id=16200, stack(0x000000710cb00000,0x000000710cc00000) (1024K)]
  0x0000017a02c465b0 JavaThread "Unconstrained build operations Thread 110"        [_thread_blocked, id=17904, stack(0x000000710cc00000,0x000000710cd00000) (1024K)]
  0x0000017a02c4a0c0 JavaThread "Unconstrained build operations Thread 111"        [_thread_blocked, id=4852, stack(0x000000710cd00000,0x000000710ce00000) (1024K)]
  0x0000017a02c4c190 JavaThread "Unconstrained build operations Thread 112"        [_thread_blocked, id=6548, stack(0x000000710ce00000,0x000000710cf00000) (1024K)]
  0x0000017a02c4ceb0 JavaThread "Unconstrained build operations Thread 113"        [_thread_blocked, id=10264, stack(0x000000710cf00000,0x000000710d000000) (1024K)]
  0x0000017a02c4dbd0 JavaThread "Unconstrained build operations Thread 114"        [_thread_blocked, id=3172, stack(0x000000710d000000,0x000000710d100000) (1024K)]
  0x0000017a02c4c820 JavaThread "Unconstrained build operations Thread 115"        [_thread_blocked, id=6008, stack(0x000000710d100000,0x000000710d200000) (1024K)]
  0x0000017a02c4d540 JavaThread "Unconstrained build operations Thread 116"        [_thread_blocked, id=17856, stack(0x000000710d200000,0x000000710d300000) (1024K)]
  0x0000017a02c4b470 JavaThread "Unconstrained build operations Thread 117"        [_thread_blocked, id=19228, stack(0x000000710d300000,0x000000710d400000) (1024K)]
  0x0000017a02c4a750 JavaThread "Unconstrained build operations Thread 118"        [_thread_blocked, id=20960, stack(0x000000710d400000,0x000000710d500000) (1024K)]
  0x0000017a02c4e260 JavaThread "Unconstrained build operations Thread 119"        [_thread_blocked, id=2128, stack(0x000000710d500000,0x000000710d600000) (1024K)]
  0x0000017a02c4ade0 JavaThread "Unconstrained build operations Thread 120"        [_thread_blocked, id=2000, stack(0x000000710d600000,0x000000710d700000) (1024K)]
  0x0000017a02e2d9f0 JavaThread "WorkerExecutor Queue"              [_thread_in_native, id=18132, stack(0x0000007108a00000,0x0000007108b00000) (1024K)]
  0x0000017a7d9e4c90 JavaThread "C2 CompilerThread2"         daemon [_thread_in_native, id=21240, stack(0x000000710d700000,0x000000710d800000) (1024K)]
  0x0000017a02e363c0 JavaThread "ForkJoinPool-1-worker-1"    daemon [_thread_blocked, id=16704, stack(0x000000710d800000,0x000000710d900000) (1024K)]
  0x0000017a02e35d30 JavaThread "ForkJoinPool-1-worker-2"    daemon [_thread_blocked, id=1760, stack(0x000000710d900000,0x000000710da00000) (1024K)]
  0x0000017a02e33c60 JavaThread "ForkJoinPool-1-worker-3"    daemon [_thread_blocked, id=20548, stack(0x000000710da00000,0x000000710db00000) (1024K)]
  0x0000017a02e32f40 JavaThread "ForkJoinPool-1-worker-4"    daemon [_thread_blocked, id=20948, stack(0x000000710db00000,0x000000710dc00000) (1024K)]
  0x0000017a02e38490 JavaThread "ForkJoinPool-1-worker-5"    daemon [_thread_blocked, id=18068, stack(0x000000710dc00000,0x000000710dd00000) (1024K)]
  0x0000017a02e37770 JavaThread "ForkJoinPool-1-worker-7"    daemon [_thread_blocked, id=19112, stack(0x000000710dd00000,0x000000710de00000) (1024K)]
  0x0000017a02e391b0 JavaThread "ForkJoinPool-1-worker-6"    daemon [_thread_blocked, id=4432, stack(0x000000710de00000,0x000000710df00000) (1024K)]
  0x0000017a02e38b20 JavaThread "ForkJoinPool-1-worker-8"    daemon [_thread_blocked, id=20848, stack(0x000000710df00000,0x000000710e000000) (1024K)]
  0x0000017a02e39840 JavaThread "ForkJoinPool-1-worker-10"   daemon [_thread_blocked, id=11568, stack(0x000000710e000000,0x000000710e100000) (1024K)]
  0x0000017a02e39ed0 JavaThread "ForkJoinPool-1-worker-9"    daemon [_thread_blocked, id=19700, stack(0x000000710e100000,0x000000710e200000) (1024K)]
  0x0000017a02e37e00 JavaThread "ForkJoinPool-1-worker-11"   daemon [_thread_blocked, id=19056, stack(0x000000710e200000,0x000000710e300000) (1024K)]
  0x0000017a02e36a50 JavaThread "ForkJoinPool-1-worker-12"   daemon [_thread_blocked, id=13456, stack(0x000000710e300000,0x000000710e400000) (1024K)]
Total: 191

Other Threads:
  0x0000017a351cf140 VMThread "VM Thread"                           [id=17552, stack(0x0000007101a00000,0x0000007101b00000) (1024K)]
  0x0000017a351bdfd0 WatcherThread "VM Periodic Task Thread"        [id=18792, stack(0x0000007101900000,0x0000007101a00000) (1024K)]
  0x0000017a165f6500 WorkerThread "GC Thread#0"                     [id=15652, stack(0x0000007101400000,0x0000007101500000) (1024K)]
  0x0000017a35582e60 WorkerThread "GC Thread#1"                     [id=4216, stack(0x0000007102700000,0x0000007102800000) (1024K)]
  0x0000017a355d08f0 WorkerThread "GC Thread#2"                     [id=1416, stack(0x0000007102800000,0x0000007102900000) (1024K)]
  0x0000017a355d0c90 WorkerThread "GC Thread#3"                     [id=15468, stack(0x0000007102900000,0x0000007102a00000) (1024K)]
  0x0000017a355d1240 WorkerThread "GC Thread#4"                     [id=18064, stack(0x0000007102a00000,0x0000007102b00000) (1024K)]
  0x0000017a356a7de0 WorkerThread "GC Thread#5"                     [id=13752, stack(0x0000007102b00000,0x0000007102c00000) (1024K)]
  0x0000017a7b76efd0 WorkerThread "GC Thread#6"                     [id=2388, stack(0x0000007102e00000,0x0000007102f00000) (1024K)]
  0x0000017a7c0e7b50 WorkerThread "GC Thread#7"                     [id=13964, stack(0x0000007102f00000,0x0000007103000000) (1024K)]
  0x0000017a7c4249c0 WorkerThread "GC Thread#8"                     [id=17624, stack(0x0000007103000000,0x0000007103100000) (1024K)]
  0x0000017a7c2ee060 WorkerThread "GC Thread#9"                     [id=4420, stack(0x0000007103100000,0x0000007103200000) (1024K)]
  0x0000017a16605280 ConcurrentGCThread "G1 Main Marker"            [id=16952, stack(0x0000007101500000,0x0000007101600000) (1024K)]
  0x0000017a16605c90 WorkerThread "G1 Conc#0"                       [id=13948, stack(0x0000007101600000,0x0000007101700000) (1024K)]
  0x0000017a7c2eeee0 WorkerThread "G1 Conc#1"                       [id=9820, stack(0x0000007103d00000,0x0000007103e00000) (1024K)]
  0x0000017a7c2edcc0 WorkerThread "G1 Conc#2"                       [id=15820, stack(0x0000007103e00000,0x0000007103f00000) (1024K)]
  0x0000017a1665ea90 ConcurrentGCThread "G1 Refine#0"               [id=13564, stack(0x0000007101700000,0x0000007101800000) (1024K)]
  0x0000017a35091560 ConcurrentGCThread "G1 Service"                [id=6340, stack(0x0000007101800000,0x0000007101900000) (1024K)]
Total: 18

Threads with active compile tasks:
C2 CompilerThread0  19214 18842 %     4       com.android.tools.r8.internal.de::a @ 3456 (4509 bytes)
C2 CompilerThread1  19214 18206       4       com.android.tools.r8.graph.n5::a (8 bytes)
C2 CompilerThread2  19214 18120       4       com.android.tools.r8.graph.w4::a (193 bytes)
Total: 3

VM state: not at safepoint (normal execution)

VM Mutex/Monitor currently owned by a thread:  ([mutex/lock_event])
[0x00007ffb52c7cf00] MethodCompileQueue_lock - owner thread: 0x0000017a7d9e45c0
[0x00007ffb52c7e280] CodeCache_lock - owner thread: 0x0000017a7d9e45c0
[0x00007ffb52c7e400] Compile_lock - owner thread: 0x0000017a7d9e45c0

Heap address: 0x0000000740000000, size: 3072 MB, Compressed Oops mode: Zero based, Oop shift amount: 3

CDS archive(s) mapped at: [0x0000017a36000000-0x0000017a36c80000-0x0000017a36c80000), size 13107200, SharedBaseAddress: 0x0000017a36000000, ArchiveRelocationMode: 1.
Compressed class space mapped at: 0x0000017a37000000-0x0000017a77000000, reserved size: 1073741824
Narrow klass base: 0x0000017a36000000, Narrow klass shift: 0, Narrow klass range: 0x100000000

GC Precious Log:
 CardTable entry size: 512
 Card Set container configuration: InlinePtr #cards 4 size 8 Array Of Cards #cards 16 size 48 Howl #buckets 8 coarsen threshold 3686 Howl Bitmap #cards 512 size 80 coarsen threshold 460 Card regions per heap region 1 cards per card region 4096
 CPUs: 12 total, 12 available
 Memory: 16096M
 Large Page Support: Disabled
 NUMA Support: Disabled
 Compressed Oops: Enabled (Zero based)
 Heap Region Size: 2M
 Heap Min Capacity: 8M
 Heap Initial Capacity: 252M
 Heap Max Capacity: 3G
 Pre-touch: Disabled
 Parallel Workers: 10
 Concurrent Workers: 3
 Concurrent Refinement Workers: 10
 Periodic GC: Disabled

Heap:
 garbage-first heap   total 1437696K, used 1050241K [0x0000000740000000, 0x0000000800000000)
  region size 2048K, 300 young (614400K), 12 survivors (24576K)
 Metaspace       used 115216K, committed 117632K, reserved 1179648K
  class space    used 15711K, committed 16896K, reserved 1048576K

Heap Regions: E=young(eden), S=young(survivor), O=old, HS=humongous(starts), HC=humongous(continues), CS=collection set, F=free, TAMS=top-at-mark-start, PB=parsable bottom
|   0|0x0000000740000000, 0x0000000740200000, 0x0000000740200000|100%|HS|  |TAMS 0x0000000740000000| PB 0x0000000740000000| Complete 
|   1|0x0000000740200000, 0x0000000740400000, 0x0000000740400000|100%|HC|  |TAMS 0x0000000740200000| PB 0x0000000740200000| Complete 
|   2|0x0000000740400000, 0x0000000740600000, 0x0000000740600000|100%| O|  |TAMS 0x0000000740400000| PB 0x0000000740400000| Untracked 
|   3|0x0000000740600000, 0x0000000740800000, 0x0000000740800000|100%| O|  |TAMS 0x0000000740600000| PB 0x0000000740600000| Untracked 
|   4|0x0000000740800000, 0x0000000740a00000, 0x0000000740a00000|100%| O|  |TAMS 0x0000000740800000| PB 0x0000000740800000| Untracked 
|   5|0x0000000740a00000, 0x0000000740c00000, 0x0000000740c00000|100%| O|  |TAMS 0x0000000740a00000| PB 0x0000000740a00000| Untracked 
|   6|0x0000000740c00000, 0x0000000740e00000, 0x0000000740e00000|100%| O|  |TAMS 0x0000000740c00000| PB 0x0000000740c00000| Untracked 
|   7|0x0000000740e00000, 0x0000000741000000, 0x0000000741000000|100%| O|  |TAMS 0x0000000740e00000| PB 0x0000000740e00000| Untracked 
|   8|0x0000000741000000, 0x0000000741200000, 0x0000000741200000|100%| O|  |TAMS 0x0000000741000000| PB 0x0000000741000000| Untracked 
|   9|0x0000000741200000, 0x0000000741400000, 0x0000000741400000|100%| O|  |TAMS 0x0000000741200000| PB 0x0000000741200000| Untracked 
|  10|0x0000000741400000, 0x0000000741600000, 0x0000000741600000|100%| O|  |TAMS 0x0000000741400000| PB 0x0000000741400000| Untracked 
|  11|0x0000000741600000, 0x0000000741800000, 0x0000000741800000|100%| O|  |TAMS 0x0000000741600000| PB 0x0000000741600000| Untracked 
|  12|0x0000000741800000, 0x0000000741a00000, 0x0000000741a00000|100%| O|  |TAMS 0x0000000741800000| PB 0x0000000741800000| Untracked 
|  13|0x0000000741a00000, 0x0000000741c00000, 0x0000000741c00000|100%| O|  |TAMS 0x0000000741a00000| PB 0x0000000741a00000| Untracked 
|  14|0x0000000741c00000, 0x0000000741e00000, 0x0000000741e00000|100%| O|  |TAMS 0x0000000741c00000| PB 0x0000000741c00000| Untracked 
|  15|0x0000000741e00000, 0x0000000742000000, 0x0000000742000000|100%| O|  |TAMS 0x0000000741e00000| PB 0x0000000741e00000| Untracked 
|  16|0x0000000742000000, 0x0000000742200000, 0x0000000742200000|100%| O|  |TAMS 0x0000000742000000| PB 0x0000000742000000| Untracked 
|  17|0x0000000742200000, 0x0000000742400000, 0x0000000742400000|100%| O|  |TAMS 0x0000000742200000| PB 0x0000000742200000| Untracked 
|  18|0x0000000742400000, 0x0000000742600000, 0x0000000742600000|100%| O|  |TAMS 0x0000000742400000| PB 0x0000000742400000| Untracked 
|  19|0x0000000742600000, 0x0000000742800000, 0x0000000742800000|100%| O|  |TAMS 0x0000000742600000| PB 0x0000000742600000| Untracked 
|  20|0x0000000742800000, 0x0000000742a00000, 0x0000000742a00000|100%| O|  |TAMS 0x0000000742800000| PB 0x0000000742800000| Untracked 
|  21|0x0000000742a00000, 0x0000000742c00000, 0x0000000742c00000|100%| O|  |TAMS 0x0000000742a00000| PB 0x0000000742a00000| Untracked 
|  22|0x0000000742c00000, 0x0000000742e00000, 0x0000000742e00000|100%| O|  |TAMS 0x0000000742c00000| PB 0x0000000742c00000| Untracked 
|  23|0x0000000742e00000, 0x0000000743000000, 0x0000000743000000|100%| O|  |TAMS 0x0000000742e00000| PB 0x0000000742e00000| Untracked 
|  24|0x0000000743000000, 0x0000000743200000, 0x0000000743200000|100%| O|  |TAMS 0x0000000743000000| PB 0x0000000743000000| Untracked 
|  25|0x0000000743200000, 0x0000000743400000, 0x0000000743400000|100%| O|  |TAMS 0x0000000743200000| PB 0x0000000743200000| Untracked 
|  26|0x0000000743400000, 0x0000000743600000, 0x0000000743600000|100%| O|  |TAMS 0x0000000743400000| PB 0x0000000743400000| Untracked 
|  27|0x0000000743600000, 0x0000000743800000, 0x0000000743800000|100%| O|  |TAMS 0x0000000743600000| PB 0x0000000743600000| Untracked 
|  28|0x0000000743800000, 0x0000000743a00000, 0x0000000743a00000|100%| O|  |TAMS 0x0000000743800000| PB 0x0000000743800000| Untracked 
|  29|0x0000000743a00000, 0x0000000743c00000, 0x0000000743c00000|100%| O|  |TAMS 0x0000000743a00000| PB 0x0000000743a00000| Untracked 
|  30|0x0000000743c00000, 0x0000000743e00000, 0x0000000743e00000|100%| O|  |TAMS 0x0000000743c00000| PB 0x0000000743c00000| Untracked 
|  31|0x0000000743e00000, 0x0000000744000000, 0x0000000744000000|100%| O|  |TAMS 0x0000000743e00000| PB 0x0000000743e00000| Untracked 
|  32|0x0000000744000000, 0x0000000744200000, 0x0000000744200000|100%| O|  |TAMS 0x0000000744000000| PB 0x0000000744000000| Untracked 
|  33|0x0000000744200000, 0x0000000744400000, 0x0000000744400000|100%| O|  |TAMS 0x0000000744200000| PB 0x0000000744200000| Untracked 
|  34|0x0000000744400000, 0x0000000744600000, 0x0000000744600000|100%| O|  |TAMS 0x0000000744400000| PB 0x0000000744400000| Untracked 
|  35|0x0000000744600000, 0x0000000744800000, 0x0000000744800000|100%| O|  |TAMS 0x0000000744600000| PB 0x0000000744600000| Untracked 
|  36|0x0000000744800000, 0x0000000744a00000, 0x0000000744a00000|100%| O|  |TAMS 0x0000000744800000| PB 0x0000000744800000| Untracked 
|  37|0x0000000744a00000, 0x0000000744c00000, 0x0000000744c00000|100%| O|  |TAMS 0x0000000744a00000| PB 0x0000000744a00000| Untracked 
|  38|0x0000000744c00000, 0x0000000744e00000, 0x0000000744e00000|100%| O|  |TAMS 0x0000000744c00000| PB 0x0000000744c00000| Untracked 
|  39|0x0000000744e00000, 0x0000000745000000, 0x0000000745000000|100%| O|  |TAMS 0x0000000744e00000| PB 0x0000000744e00000| Untracked 
|  40|0x0000000745000000, 0x0000000745200000, 0x0000000745200000|100%| O|  |TAMS 0x0000000745000000| PB 0x0000000745000000| Untracked 
|  41|0x0000000745200000, 0x0000000745400000, 0x0000000745400000|100%| O|  |TAMS 0x0000000745200000| PB 0x0000000745200000| Untracked 
|  42|0x0000000745400000, 0x0000000745600000, 0x0000000745600000|100%| O|  |TAMS 0x0000000745400000| PB 0x0000000745400000| Untracked 
|  43|0x0000000745600000, 0x0000000745800000, 0x0000000745800000|100%| O|  |TAMS 0x0000000745600000| PB 0x0000000745600000| Untracked 
|  44|0x0000000745800000, 0x0000000745a00000, 0x0000000745a00000|100%| O|  |TAMS 0x0000000745800000| PB 0x0000000745800000| Untracked 
|  45|0x0000000745a00000, 0x0000000745c00000, 0x0000000745c00000|100%| O|  |TAMS 0x0000000745a00000| PB 0x0000000745a00000| Untracked 
|  46|0x0000000745c00000, 0x0000000745e00000, 0x0000000745e00000|100%| O|  |TAMS 0x0000000745c00000| PB 0x0000000745c00000| Untracked 
|  47|0x0000000745e00000, 0x0000000746000000, 0x0000000746000000|100%| O|  |TAMS 0x0000000745e00000| PB 0x0000000745e00000| Untracked 
|  48|0x0000000746000000, 0x0000000746200000, 0x0000000746200000|100%| O|  |TAMS 0x0000000746000000| PB 0x0000000746000000| Untracked 
|  49|0x0000000746200000, 0x0000000746400000, 0x0000000746400000|100%| O|  |TAMS 0x0000000746200000| PB 0x0000000746200000| Untracked 
|  50|0x0000000746400000, 0x0000000746600000, 0x0000000746600000|100%| O|  |TAMS 0x0000000746400000| PB 0x0000000746400000| Untracked 
|  51|0x0000000746600000, 0x0000000746800000, 0x0000000746800000|100%| O|  |TAMS 0x0000000746600000| PB 0x0000000746600000| Untracked 
|  52|0x0000000746800000, 0x0000000746a00000, 0x0000000746a00000|100%| O|  |TAMS 0x0000000746800000| PB 0x0000000746800000| Untracked 
|  53|0x0000000746a00000, 0x0000000746c00000, 0x0000000746c00000|100%| O|  |TAMS 0x0000000746a00000| PB 0x0000000746a00000| Untracked 
|  54|0x0000000746c00000, 0x0000000746e00000, 0x0000000746e00000|100%| O|  |TAMS 0x0000000746c00000| PB 0x0000000746c00000| Untracked 
|  55|0x0000000746e00000, 0x0000000747000000, 0x0000000747000000|100%| O|  |TAMS 0x0000000746e00000| PB 0x0000000746e00000| Untracked 
|  56|0x0000000747000000, 0x0000000747200000, 0x0000000747200000|100%| O|  |TAMS 0x0000000747000000| PB 0x0000000747000000| Untracked 
|  57|0x0000000747200000, 0x0000000747400000, 0x0000000747400000|100%| O|  |TAMS 0x0000000747200000| PB 0x0000000747200000| Untracked 
|  58|0x0000000747400000, 0x0000000747600000, 0x0000000747600000|100%| O|  |TAMS 0x0000000747400000| PB 0x0000000747400000| Untracked 
|  59|0x0000000747600000, 0x0000000747800000, 0x0000000747800000|100%| O|  |TAMS 0x0000000747600000| PB 0x0000000747600000| Untracked 
|  60|0x0000000747800000, 0x0000000747a00000, 0x0000000747a00000|100%| O|  |TAMS 0x0000000747800000| PB 0x0000000747800000| Untracked 
|  61|0x0000000747a00000, 0x0000000747c00000, 0x0000000747c00000|100%| O|  |TAMS 0x0000000747a00000| PB 0x0000000747a00000| Untracked 
|  62|0x0000000747c00000, 0x0000000747e00000, 0x0000000747e00000|100%| O|  |TAMS 0x0000000747c00000| PB 0x0000000747c00000| Untracked 
|  63|0x0000000747e00000, 0x0000000748000000, 0x0000000748000000|100%| O|  |TAMS 0x0000000747e00000| PB 0x0000000747e00000| Untracked 
|  64|0x0000000748000000, 0x0000000748200000, 0x0000000748200000|100%| O|  |TAMS 0x0000000748000000| PB 0x0000000748000000| Untracked 
|  65|0x0000000748200000, 0x0000000748400000, 0x0000000748400000|100%| O|  |TAMS 0x0000000748200000| PB 0x0000000748200000| Untracked 
|  66|0x0000000748400000, 0x0000000748600000, 0x0000000748600000|100%| O|  |TAMS 0x0000000748400000| PB 0x0000000748400000| Untracked 
|  67|0x0000000748600000, 0x0000000748800000, 0x0000000748800000|100%| O|  |TAMS 0x0000000748600000| PB 0x0000000748600000| Untracked 
|  68|0x0000000748800000, 0x0000000748a00000, 0x0000000748a00000|100%| O|  |TAMS 0x0000000748800000| PB 0x0000000748800000| Untracked 
|  69|0x0000000748a00000, 0x0000000748c00000, 0x0000000748c00000|100%| O|  |TAMS 0x0000000748a00000| PB 0x0000000748a00000| Untracked 
|  70|0x0000000748c00000, 0x0000000748e00000, 0x0000000748e00000|100%| O|  |TAMS 0x0000000748c00000| PB 0x0000000748c00000| Untracked 
|  71|0x0000000748e00000, 0x0000000749000000, 0x0000000749000000|100%| O|  |TAMS 0x0000000748e00000| PB 0x0000000748e00000| Untracked 
|  72|0x0000000749000000, 0x0000000749200000, 0x0000000749200000|100%| O|  |TAMS 0x0000000749000000| PB 0x0000000749000000| Untracked 
|  73|0x0000000749200000, 0x0000000749400000, 0x0000000749400000|100%| O|  |TAMS 0x0000000749200000| PB 0x0000000749200000| Untracked 
|  74|0x0000000749400000, 0x0000000749600000, 0x0000000749600000|100%| O|  |TAMS 0x0000000749400000| PB 0x0000000749400000| Untracked 
|  75|0x0000000749600000, 0x0000000749800000, 0x0000000749800000|100%| O|  |TAMS 0x0000000749600000| PB 0x0000000749600000| Untracked 
|  76|0x0000000749800000, 0x0000000749a00000, 0x0000000749a00000|100%| O|  |TAMS 0x0000000749800000| PB 0x0000000749800000| Untracked 
|  77|0x0000000749a00000, 0x0000000749c00000, 0x0000000749c00000|100%| O|  |TAMS 0x0000000749a00000| PB 0x0000000749a00000| Untracked 
|  78|0x0000000749c00000, 0x0000000749e00000, 0x0000000749e00000|100%|HS|  |TAMS 0x0000000749c00000| PB 0x0000000749c00000| Complete 
|  79|0x0000000749e00000, 0x000000074a000000, 0x000000074a000000|100%| O|  |TAMS 0x0000000749e00000| PB 0x0000000749e00000| Untracked 
|  80|0x000000074a000000, 0x000000074a200000, 0x000000074a200000|100%| O|  |TAMS 0x000000074a000000| PB 0x000000074a000000| Untracked 
|  81|0x000000074a200000, 0x000000074a400000, 0x000000074a400000|100%| O|  |TAMS 0x000000074a200000| PB 0x000000074a200000| Untracked 
|  82|0x000000074a400000, 0x000000074a600000, 0x000000074a600000|100%| O|  |TAMS 0x000000074a400000| PB 0x000000074a400000| Untracked 
|  83|0x000000074a600000, 0x000000074a800000, 0x000000074a800000|100%| O|  |TAMS 0x000000074a600000| PB 0x000000074a600000| Untracked 
|  84|0x000000074a800000, 0x000000074aa00000, 0x000000074aa00000|100%| O|  |TAMS 0x000000074a800000| PB 0x000000074a800000| Untracked 
|  85|0x000000074aa00000, 0x000000074ac00000, 0x000000074ac00000|100%| O|  |TAMS 0x000000074aa00000| PB 0x000000074aa00000| Untracked 
|  86|0x000000074ac00000, 0x000000074ae00000, 0x000000074ae00000|100%| O|  |TAMS 0x000000074ac00000| PB 0x000000074ac00000| Untracked 
|  87|0x000000074ae00000, 0x000000074b000000, 0x000000074b000000|100%| O|  |TAMS 0x000000074ae00000| PB 0x000000074ae00000| Untracked 
|  88|0x000000074b000000, 0x000000074b200000, 0x000000074b200000|100%| O|  |TAMS 0x000000074b000000| PB 0x000000074b000000| Untracked 
|  89|0x000000074b200000, 0x000000074b400000, 0x000000074b400000|100%| O|  |TAMS 0x000000074b200000| PB 0x000000074b200000| Untracked 
|  90|0x000000074b400000, 0x000000074b600000, 0x000000074b600000|100%| O|  |TAMS 0x000000074b400000| PB 0x000000074b400000| Untracked 
|  91|0x000000074b600000, 0x000000074b800000, 0x000000074b800000|100%| O|  |TAMS 0x000000074b600000| PB 0x000000074b600000| Untracked 
|  92|0x000000074b800000, 0x000000074ba00000, 0x000000074ba00000|100%| O|  |TAMS 0x000000074b800000| PB 0x000000074b800000| Untracked 
|  93|0x000000074ba00000, 0x000000074bc00000, 0x000000074bc00000|100%| O|  |TAMS 0x000000074ba00000| PB 0x000000074ba00000| Untracked 
|  94|0x000000074bc00000, 0x000000074be00000, 0x000000074be00000|100%| O|  |TAMS 0x000000074bc00000| PB 0x000000074bc00000| Untracked 
|  95|0x000000074be00000, 0x000000074c000000, 0x000000074c000000|100%| O|  |TAMS 0x000000074be00000| PB 0x000000074be00000| Untracked 
|  96|0x000000074c000000, 0x000000074c200000, 0x000000074c200000|100%| O|  |TAMS 0x000000074c000000| PB 0x000000074c000000| Untracked 
|  97|0x000000074c200000, 0x000000074c400000, 0x000000074c400000|100%| O|  |TAMS 0x000000074c200000| PB 0x000000074c200000| Untracked 
|  98|0x000000074c400000, 0x000000074c600000, 0x000000074c600000|100%| O|  |TAMS 0x000000074c400000| PB 0x000000074c400000| Untracked 
|  99|0x000000074c600000, 0x000000074c800000, 0x000000074c800000|100%| O|  |TAMS 0x000000074c600000| PB 0x000000074c600000| Untracked 
| 100|0x000000074c800000, 0x000000074ca00000, 0x000000074ca00000|100%| O|  |TAMS 0x000000074c800000| PB 0x000000074c800000| Untracked 
| 101|0x000000074ca00000, 0x000000074cc00000, 0x000000074cc00000|100%| O|  |TAMS 0x000000074ca00000| PB 0x000000074ca00000| Untracked 
| 102|0x000000074cc00000, 0x000000074ce00000, 0x000000074ce00000|100%| O|  |TAMS 0x000000074cc00000| PB 0x000000074cc00000| Untracked 
| 103|0x000000074ce00000, 0x000000074d000000, 0x000000074d000000|100%| O|  |TAMS 0x000000074ce00000| PB 0x000000074ce00000| Untracked 
| 104|0x000000074d000000, 0x000000074d200000, 0x000000074d200000|100%|HS|  |TAMS 0x000000074d000000| PB 0x000000074d000000| Complete 
| 105|0x000000074d200000, 0x000000074d400000, 0x000000074d400000|100%|HS|  |TAMS 0x000000074d200000| PB 0x000000074d200000| Complete 
| 106|0x000000074d400000, 0x000000074d600000, 0x000000074d600000|100%|HS|  |TAMS 0x000000074d400000| PB 0x000000074d400000| Complete 
| 107|0x000000074d600000, 0x000000074d800000, 0x000000074d800000|100%| O|  |TAMS 0x000000074d600000| PB 0x000000074d600000| Untracked 
| 108|0x000000074d800000, 0x000000074da00000, 0x000000074da00000|100%| O|  |TAMS 0x000000074d800000| PB 0x000000074d800000| Untracked 
| 109|0x000000074da00000, 0x000000074dc00000, 0x000000074dc00000|100%| O|  |TAMS 0x000000074da00000| PB 0x000000074da00000| Untracked 
| 110|0x000000074dc00000, 0x000000074de00000, 0x000000074de00000|100%| O|  |TAMS 0x000000074dc00000| PB 0x000000074dc00000| Untracked 
| 111|0x000000074de00000, 0x000000074e000000, 0x000000074e000000|100%| O|  |TAMS 0x000000074de00000| PB 0x000000074de00000| Untracked 
| 112|0x000000074e000000, 0x000000074e200000, 0x000000074e200000|100%| O|  |TAMS 0x000000074e000000| PB 0x000000074e000000| Untracked 
| 113|0x000000074e200000, 0x000000074e400000, 0x000000074e400000|100%| O|  |TAMS 0x000000074e200000| PB 0x000000074e200000| Untracked 
| 114|0x000000074e400000, 0x000000074e600000, 0x000000074e600000|100%| O|  |TAMS 0x000000074e400000| PB 0x000000074e400000| Untracked 
| 115|0x000000074e600000, 0x000000074e800000, 0x000000074e800000|100%| O|  |TAMS 0x000000074e600000| PB 0x000000074e600000| Untracked 
| 116|0x000000074e800000, 0x000000074ea00000, 0x000000074ea00000|100%| O|  |TAMS 0x000000074e800000| PB 0x000000074e800000| Untracked 
| 117|0x000000074ea00000, 0x000000074ec00000, 0x000000074ec00000|100%| O|  |TAMS 0x000000074ea00000| PB 0x000000074ea00000| Untracked 
| 118|0x000000074ec00000, 0x000000074ee00000, 0x000000074ee00000|100%| O|  |TAMS 0x000000074ec00000| PB 0x000000074ec00000| Untracked 
| 119|0x000000074ee00000, 0x000000074f000000, 0x000000074f000000|100%| O|  |TAMS 0x000000074ee00000| PB 0x000000074ee00000| Untracked 
| 120|0x000000074f000000, 0x000000074f200000, 0x000000074f200000|100%| O|  |TAMS 0x000000074f000000| PB 0x000000074f000000| Untracked 
| 121|0x000000074f200000, 0x000000074f400000, 0x000000074f400000|100%| O|  |TAMS 0x000000074f200000| PB 0x000000074f200000| Untracked 
| 122|0x000000074f400000, 0x000000074f600000, 0x000000074f600000|100%| O|  |TAMS 0x000000074f400000| PB 0x000000074f400000| Untracked 
| 123|0x000000074f600000, 0x000000074f800000, 0x000000074f800000|100%| O|  |TAMS 0x000000074f600000| PB 0x000000074f600000| Untracked 
| 124|0x000000074f800000, 0x000000074fa00000, 0x000000074fa00000|100%| O|  |TAMS 0x000000074f800000| PB 0x000000074f800000| Untracked 
| 125|0x000000074fa00000, 0x000000074fc00000, 0x000000074fc00000|100%| O|  |TAMS 0x000000074fa00000| PB 0x000000074fa00000| Untracked 
| 126|0x000000074fc00000, 0x000000074fe00000, 0x000000074fe00000|100%| O|  |TAMS 0x000000074fc00000| PB 0x000000074fc00000| Untracked 
| 127|0x000000074fe00000, 0x0000000750000000, 0x0000000750000000|100%| O|  |TAMS 0x000000074fe00000| PB 0x000000074fe00000| Untracked 
| 128|0x0000000750000000, 0x0000000750200000, 0x0000000750200000|100%| O|  |TAMS 0x0000000750000000| PB 0x0000000750000000| Untracked 
| 129|0x0000000750200000, 0x0000000750400000, 0x0000000750400000|100%| O|  |TAMS 0x0000000750200000| PB 0x0000000750200000| Untracked 
| 130|0x0000000750400000, 0x0000000750600000, 0x0000000750600000|100%| O|  |TAMS 0x0000000750400000| PB 0x0000000750400000| Untracked 
| 131|0x0000000750600000, 0x0000000750800000, 0x0000000750800000|100%| O|  |TAMS 0x0000000750600000| PB 0x0000000750600000| Untracked 
| 132|0x0000000750800000, 0x0000000750a00000, 0x0000000750a00000|100%|HS|  |TAMS 0x0000000750800000| PB 0x0000000750800000| Complete 
| 133|0x0000000750a00000, 0x0000000750c00000, 0x0000000750c00000|100%| O|  |TAMS 0x0000000750a00000| PB 0x0000000750a00000| Untracked 
| 134|0x0000000750c00000, 0x0000000750e00000, 0x0000000750e00000|100%| O|  |TAMS 0x0000000750c00000| PB 0x0000000750c00000| Untracked 
| 135|0x0000000750e00000, 0x0000000751000000, 0x0000000751000000|100%| O|  |TAMS 0x0000000750e00000| PB 0x0000000750e00000| Untracked 
| 136|0x0000000751000000, 0x0000000751200000, 0x0000000751200000|100%| O|  |TAMS 0x0000000751000000| PB 0x0000000751000000| Untracked 
| 137|0x0000000751200000, 0x0000000751400000, 0x0000000751400000|100%| O|  |TAMS 0x0000000751200000| PB 0x0000000751200000| Untracked 
| 138|0x0000000751400000, 0x0000000751600000, 0x0000000751600000|100%| O|  |TAMS 0x0000000751400000| PB 0x0000000751400000| Untracked 
| 139|0x0000000751600000, 0x0000000751800000, 0x0000000751800000|100%| O|  |TAMS 0x0000000751600000| PB 0x0000000751600000| Untracked 
| 140|0x0000000751800000, 0x0000000751a00000, 0x0000000751a00000|100%| O|  |TAMS 0x0000000751800000| PB 0x0000000751800000| Untracked 
| 141|0x0000000751a00000, 0x0000000751c00000, 0x0000000751c00000|100%| O|  |TAMS 0x0000000751a00000| PB 0x0000000751a00000| Untracked 
| 142|0x0000000751c00000, 0x0000000751e00000, 0x0000000751e00000|100%| O|  |TAMS 0x0000000751c00000| PB 0x0000000751c00000| Untracked 
| 143|0x0000000751e00000, 0x0000000752000000, 0x0000000752000000|100%| O|  |TAMS 0x0000000751e00000| PB 0x0000000751e00000| Untracked 
| 144|0x0000000752000000, 0x0000000752200000, 0x0000000752200000|100%| O|  |TAMS 0x0000000752000000| PB 0x0000000752000000| Untracked 
| 145|0x0000000752200000, 0x0000000752400000, 0x0000000752400000|100%| O|  |TAMS 0x0000000752200000| PB 0x0000000752200000| Untracked 
| 146|0x0000000752400000, 0x0000000752600000, 0x0000000752600000|100%| O|  |TAMS 0x0000000752400000| PB 0x0000000752400000| Untracked 
| 147|0x0000000752600000, 0x0000000752800000, 0x0000000752800000|100%| O|  |TAMS 0x0000000752600000| PB 0x0000000752600000| Untracked 
| 148|0x0000000752800000, 0x0000000752a00000, 0x0000000752a00000|100%| O|  |TAMS 0x0000000752800000| PB 0x0000000752800000| Untracked 
| 149|0x0000000752a00000, 0x0000000752c00000, 0x0000000752c00000|100%| O|  |TAMS 0x0000000752a00000| PB 0x0000000752a00000| Untracked 
| 150|0x0000000752c00000, 0x0000000752e00000, 0x0000000752e00000|100%| O|  |TAMS 0x0000000752c00000| PB 0x0000000752c00000| Untracked 
| 151|0x0000000752e00000, 0x0000000753000000, 0x0000000753000000|100%| O|  |TAMS 0x0000000752e00000| PB 0x0000000752e00000| Untracked 
| 152|0x0000000753000000, 0x0000000753200000, 0x0000000753200000|100%|HS|  |TAMS 0x0000000753000000| PB 0x0000000753000000| Complete 
| 153|0x0000000753200000, 0x0000000753400000, 0x0000000753400000|100%| O|  |TAMS 0x0000000753200000| PB 0x0000000753200000| Untracked 
| 154|0x0000000753400000, 0x0000000753400000, 0x0000000753600000|  0%| F|  |TAMS 0x0000000753400000| PB 0x0000000753400000| Untracked 
| 155|0x0000000753600000, 0x0000000753800000, 0x0000000753800000|100%| O|  |TAMS 0x0000000753600000| PB 0x0000000753600000| Untracked 
| 156|0x0000000753800000, 0x0000000753a00000, 0x0000000753a00000|100%| O|  |TAMS 0x0000000753800000| PB 0x0000000753800000| Untracked 
| 157|0x0000000753a00000, 0x0000000753c00000, 0x0000000753c00000|100%| O|  |TAMS 0x0000000753a00000| PB 0x0000000753a00000| Untracked 
| 158|0x0000000753c00000, 0x0000000753e00000, 0x0000000753e00000|100%| O|  |TAMS 0x0000000753c00000| PB 0x0000000753c00000| Untracked 
| 159|0x0000000753e00000, 0x0000000754000000, 0x0000000754000000|100%| O|  |TAMS 0x0000000753e00000| PB 0x0000000753e00000| Untracked 
| 160|0x0000000754000000, 0x0000000754200000, 0x0000000754200000|100%| O|  |TAMS 0x0000000754000000| PB 0x0000000754000000| Untracked 
| 161|0x0000000754200000, 0x0000000754400000, 0x0000000754400000|100%| O|  |TAMS 0x0000000754200000| PB 0x0000000754200000| Untracked 
| 162|0x0000000754400000, 0x0000000754600000, 0x0000000754600000|100%| O|  |TAMS 0x0000000754400000| PB 0x0000000754400000| Untracked 
| 163|0x0000000754600000, 0x0000000754800000, 0x0000000754800000|100%| O|  |TAMS 0x0000000754600000| PB 0x0000000754600000| Untracked 
| 164|0x0000000754800000, 0x0000000754a00000, 0x0000000754a00000|100%| O|  |TAMS 0x0000000754800000| PB 0x0000000754800000| Untracked 
| 165|0x0000000754a00000, 0x0000000754c00000, 0x0000000754c00000|100%| O|  |TAMS 0x0000000754a00000| PB 0x0000000754a00000| Untracked 
| 166|0x0000000754c00000, 0x0000000754e00000, 0x0000000754e00000|100%| O|  |TAMS 0x0000000754c00000| PB 0x0000000754c00000| Untracked 
| 167|0x0000000754e00000, 0x0000000755000000, 0x0000000755000000|100%| O|  |TAMS 0x0000000754e00000| PB 0x0000000754e00000| Untracked 
| 168|0x0000000755000000, 0x0000000755200000, 0x0000000755200000|100%| O|  |TAMS 0x0000000755000000| PB 0x0000000755000000| Untracked 
| 169|0x0000000755200000, 0x0000000755200000, 0x0000000755400000|  0%| F|  |TAMS 0x0000000755200000| PB 0x0000000755200000| Untracked 
| 170|0x0000000755400000, 0x0000000755600000, 0x0000000755600000|100%| O|  |TAMS 0x0000000755400000| PB 0x0000000755400000| Untracked 
| 171|0x0000000755600000, 0x0000000755800000, 0x0000000755800000|100%| O|  |TAMS 0x0000000755600000| PB 0x0000000755600000| Untracked 
| 172|0x0000000755800000, 0x0000000755a00000, 0x0000000755a00000|100%| O|  |TAMS 0x0000000755800000| PB 0x0000000755800000| Untracked 
| 173|0x0000000755a00000, 0x0000000755c00000, 0x0000000755c00000|100%| O|  |TAMS 0x0000000755a00000| PB 0x0000000755a00000| Untracked 
| 174|0x0000000755c00000, 0x0000000755e00000, 0x0000000755e00000|100%| O|  |TAMS 0x0000000755c00000| PB 0x0000000755c00000| Untracked 
| 175|0x0000000755e00000, 0x0000000756000000, 0x0000000756000000|100%| O|  |TAMS 0x0000000755e00000| PB 0x0000000755e00000| Untracked 
| 176|0x0000000756000000, 0x0000000756200000, 0x0000000756200000|100%| O|  |TAMS 0x0000000756000000| PB 0x0000000756000000| Untracked 
| 177|0x0000000756200000, 0x0000000756400000, 0x0000000756400000|100%| O|  |TAMS 0x0000000756200000| PB 0x0000000756200000| Untracked 
| 178|0x0000000756400000, 0x0000000756600000, 0x0000000756600000|100%| O|  |TAMS 0x0000000756400000| PB 0x0000000756400000| Untracked 
| 179|0x0000000756600000, 0x0000000756600000, 0x0000000756800000|  0%| F|  |TAMS 0x0000000756600000| PB 0x0000000756600000| Untracked 
| 180|0x0000000756800000, 0x0000000756a00000, 0x0000000756a00000|100%| O|  |TAMS 0x0000000756800000| PB 0x0000000756800000| Untracked 
| 181|0x0000000756a00000, 0x0000000756c00000, 0x0000000756c00000|100%| O|  |TAMS 0x0000000756a00000| PB 0x0000000756a00000| Untracked 
| 182|0x0000000756c00000, 0x0000000756e00000, 0x0000000756e00000|100%| O|  |TAMS 0x0000000756c00000| PB 0x0000000756c00000| Untracked 
| 183|0x0000000756e00000, 0x0000000757000000, 0x0000000757000000|100%| O|  |TAMS 0x0000000756e00000| PB 0x0000000756e00000| Untracked 
| 184|0x0000000757000000, 0x0000000757200000, 0x0000000757200000|100%| O|  |TAMS 0x0000000757000000| PB 0x0000000757000000| Untracked 
| 185|0x0000000757200000, 0x0000000757400000, 0x0000000757400000|100%| O|  |TAMS 0x0000000757200000| PB 0x0000000757200000| Untracked 
| 186|0x0000000757400000, 0x0000000757600000, 0x0000000757600000|100%| O|  |TAMS 0x0000000757400000| PB 0x0000000757400000| Untracked 
| 187|0x0000000757600000, 0x0000000757800000, 0x0000000757800000|100%|HS|  |TAMS 0x0000000757600000| PB 0x0000000757600000| Complete 
| 188|0x0000000757800000, 0x0000000757a00000, 0x0000000757a00000|100%|HC|  |TAMS 0x0000000757800000| PB 0x0000000757800000| Complete 
| 189|0x0000000757a00000, 0x0000000757c00000, 0x0000000757c00000|100%|HC|  |TAMS 0x0000000757a00000| PB 0x0000000757a00000| Complete 
| 190|0x0000000757c00000, 0x0000000757e00000, 0x0000000757e00000|100%|HC|  |TAMS 0x0000000757c00000| PB 0x0000000757c00000| Complete 
| 191|0x0000000757e00000, 0x0000000758000000, 0x0000000758000000|100%| O|  |TAMS 0x0000000757e00000| PB 0x0000000757e00000| Untracked 
| 192|0x0000000758000000, 0x0000000758200000, 0x0000000758200000|100%| O|  |TAMS 0x0000000758000000| PB 0x0000000758000000| Untracked 
| 193|0x0000000758200000, 0x0000000758400000, 0x0000000758400000|100%| O|  |TAMS 0x0000000758200000| PB 0x0000000758200000| Untracked 
| 194|0x0000000758400000, 0x0000000758600000, 0x0000000758600000|100%| O|  |TAMS 0x0000000758400000| PB 0x0000000758400000| Untracked 
| 195|0x0000000758600000, 0x0000000758800000, 0x0000000758800000|100%| O|  |TAMS 0x0000000758600000| PB 0x0000000758600000| Untracked 
| 196|0x0000000758800000, 0x0000000758a00000, 0x0000000758a00000|100%| O|  |TAMS 0x0000000758800000| PB 0x0000000758800000| Untracked 
| 197|0x0000000758a00000, 0x0000000758c00000, 0x0000000758c00000|100%| O|  |TAMS 0x0000000758a00000| PB 0x0000000758a00000| Untracked 
| 198|0x0000000758c00000, 0x0000000758e00000, 0x0000000758e00000|100%| O|  |TAMS 0x0000000758c00000| PB 0x0000000758c00000| Untracked 
| 199|0x0000000758e00000, 0x0000000759000000, 0x0000000759000000|100%| O|  |TAMS 0x0000000758e00000| PB 0x0000000758e00000| Untracked 
| 200|0x0000000759000000, 0x0000000759200000, 0x0000000759200000|100%| O|  |TAMS 0x0000000759000000| PB 0x0000000759000000| Untracked 
| 201|0x0000000759200000, 0x0000000759400000, 0x0000000759400000|100%| O|  |TAMS 0x0000000759200000| PB 0x0000000759200000| Untracked 
| 202|0x0000000759400000, 0x0000000759600000, 0x0000000759600000|100%| O|  |TAMS 0x0000000759400000| PB 0x0000000759400000| Untracked 
| 203|0x0000000759600000, 0x0000000759800000, 0x0000000759800000|100%| O|  |TAMS 0x0000000759600000| PB 0x0000000759600000| Untracked 
| 204|0x0000000759800000, 0x0000000759a00000, 0x0000000759a00000|100%| O|  |TAMS 0x0000000759800000| PB 0x0000000759800000| Untracked 
| 205|0x0000000759a00000, 0x0000000759c00000, 0x0000000759c00000|100%| O|  |TAMS 0x0000000759a00000| PB 0x0000000759a00000| Untracked 
| 206|0x0000000759c00000, 0x0000000759e00000, 0x0000000759e00000|100%| O|  |TAMS 0x0000000759c00000| PB 0x0000000759c00000| Untracked 
| 207|0x0000000759e00000, 0x000000075a000000, 0x000000075a000000|100%| O|  |TAMS 0x0000000759e00000| PB 0x0000000759e00000| Untracked 
| 208|0x000000075a000000, 0x000000075a200000, 0x000000075a200000|100%| O|  |TAMS 0x000000075a000000| PB 0x000000075a000000| Untracked 
| 209|0x000000075a200000, 0x000000075a200000, 0x000000075a400000|  0%| F|  |TAMS 0x000000075a200000| PB 0x000000075a200000| Untracked 
| 210|0x000000075a400000, 0x000000075a400000, 0x000000075a600000|  0%| F|  |TAMS 0x000000075a400000| PB 0x000000075a400000| Untracked 
| 211|0x000000075a600000, 0x000000075a600000, 0x000000075a800000|  0%| F|  |TAMS 0x000000075a600000| PB 0x000000075a600000| Untracked 
| 212|0x000000075a800000, 0x000000075a800000, 0x000000075aa00000|  0%| F|  |TAMS 0x000000075a800000| PB 0x000000075a800000| Untracked 
| 213|0x000000075aa00000, 0x000000075aa00000, 0x000000075ac00000|  0%| F|  |TAMS 0x000000075aa00000| PB 0x000000075aa00000| Untracked 
| 214|0x000000075ac00000, 0x000000075ada0580, 0x000000075ae00000| 81%| S|CS|TAMS 0x000000075ac00000| PB 0x000000075ac00000| Complete 
| 215|0x000000075ae00000, 0x000000075b000000, 0x000000075b000000|100%| S|CS|TAMS 0x000000075ae00000| PB 0x000000075ae00000| Complete 
| 216|0x000000075b000000, 0x000000075b200000, 0x000000075b200000|100%| S|CS|TAMS 0x000000075b000000| PB 0x000000075b000000| Complete 
| 217|0x000000075b200000, 0x000000075b400000, 0x000000075b400000|100%| S|CS|TAMS 0x000000075b200000| PB 0x000000075b200000| Complete 
| 218|0x000000075b400000, 0x000000075b600000, 0x000000075b600000|100%| S|CS|TAMS 0x000000075b400000| PB 0x000000075b400000| Complete 
| 219|0x000000075b600000, 0x000000075b800000, 0x000000075b800000|100%| S|CS|TAMS 0x000000075b600000| PB 0x000000075b600000| Complete 
| 220|0x000000075b800000, 0x000000075ba00000, 0x000000075ba00000|100%| S|CS|TAMS 0x000000075b800000| PB 0x000000075b800000| Complete 
| 221|0x000000075ba00000, 0x000000075bc00000, 0x000000075bc00000|100%| S|CS|TAMS 0x000000075ba00000| PB 0x000000075ba00000| Complete 
| 222|0x000000075bc00000, 0x000000075be00000, 0x000000075be00000|100%| S|CS|TAMS 0x000000075bc00000| PB 0x000000075bc00000| Complete 
| 223|0x000000075be00000, 0x000000075c000000, 0x000000075c000000|100%| S|CS|TAMS 0x000000075be00000| PB 0x000000075be00000| Complete 
| 224|0x000000075c000000, 0x000000075c200000, 0x000000075c200000|100%| S|CS|TAMS 0x000000075c000000| PB 0x000000075c000000| Complete 
| 225|0x000000075c200000, 0x000000075c400000, 0x000000075c400000|100%| S|CS|TAMS 0x000000075c200000| PB 0x000000075c200000| Complete 
| 226|0x000000075c400000, 0x000000075c400000, 0x000000075c600000|  0%| F|  |TAMS 0x000000075c400000| PB 0x000000075c400000| Untracked 
| 227|0x000000075c600000, 0x000000075c600000, 0x000000075c800000|  0%| F|  |TAMS 0x000000075c600000| PB 0x000000075c600000| Untracked 
| 228|0x000000075c800000, 0x000000075c800000, 0x000000075ca00000|  0%| F|  |TAMS 0x000000075c800000| PB 0x000000075c800000| Untracked 
| 229|0x000000075ca00000, 0x000000075ca00000, 0x000000075cc00000|  0%| F|  |TAMS 0x000000075ca00000| PB 0x000000075ca00000| Untracked 
| 230|0x000000075cc00000, 0x000000075cc00000, 0x000000075ce00000|  0%| F|  |TAMS 0x000000075cc00000| PB 0x000000075cc00000| Untracked 
| 231|0x000000075ce00000, 0x000000075ce00000, 0x000000075d000000|  0%| F|  |TAMS 0x000000075ce00000| PB 0x000000075ce00000| Untracked 
| 232|0x000000075d000000, 0x000000075d000000, 0x000000075d200000|  0%| F|  |TAMS 0x000000075d000000| PB 0x000000075d000000| Untracked 
| 233|0x000000075d200000, 0x000000075d200000, 0x000000075d400000|  0%| F|  |TAMS 0x000000075d200000| PB 0x000000075d200000| Untracked 
| 234|0x000000075d400000, 0x000000075d400000, 0x000000075d600000|  0%| F|  |TAMS 0x000000075d400000| PB 0x000000075d400000| Untracked 
| 235|0x000000075d600000, 0x000000075d600000, 0x000000075d800000|  0%| F|  |TAMS 0x000000075d600000| PB 0x000000075d600000| Untracked 
| 236|0x000000075d800000, 0x000000075d800000, 0x000000075da00000|  0%| F|  |TAMS 0x000000075d800000| PB 0x000000075d800000| Untracked 
| 237|0x000000075da00000, 0x000000075da00000, 0x000000075dc00000|  0%| F|  |TAMS 0x000000075da00000| PB 0x000000075da00000| Untracked 
| 238|0x000000075dc00000, 0x000000075dc00000, 0x000000075de00000|  0%| F|  |TAMS 0x000000075dc00000| PB 0x000000075dc00000| Untracked 
| 239|0x000000075de00000, 0x000000075de00000, 0x000000075e000000|  0%| F|  |TAMS 0x000000075de00000| PB 0x000000075de00000| Untracked 
| 240|0x000000075e000000, 0x000000075e000000, 0x000000075e200000|  0%| F|  |TAMS 0x000000075e000000| PB 0x000000075e000000| Untracked 
| 241|0x000000075e200000, 0x000000075e200000, 0x000000075e400000|  0%| F|  |TAMS 0x000000075e200000| PB 0x000000075e200000| Untracked 
| 242|0x000000075e400000, 0x000000075e400000, 0x000000075e600000|  0%| F|  |TAMS 0x000000075e400000| PB 0x000000075e400000| Untracked 
| 243|0x000000075e600000, 0x000000075e600000, 0x000000075e800000|  0%| F|  |TAMS 0x000000075e600000| PB 0x000000075e600000| Untracked 
| 244|0x000000075e800000, 0x000000075e800000, 0x000000075ea00000|  0%| F|  |TAMS 0x000000075e800000| PB 0x000000075e800000| Untracked 
| 245|0x000000075ea00000, 0x000000075ea00000, 0x000000075ec00000|  0%| F|  |TAMS 0x000000075ea00000| PB 0x000000075ea00000| Untracked 
| 246|0x000000075ec00000, 0x000000075ec00000, 0x000000075ee00000|  0%| F|  |TAMS 0x000000075ec00000| PB 0x000000075ec00000| Untracked 
| 247|0x000000075ee00000, 0x000000075ee00000, 0x000000075f000000|  0%| F|  |TAMS 0x000000075ee00000| PB 0x000000075ee00000| Untracked 
| 248|0x000000075f000000, 0x000000075f000000, 0x000000075f200000|  0%| F|  |TAMS 0x000000075f000000| PB 0x000000075f000000| Untracked 
| 249|0x000000075f200000, 0x000000075f200000, 0x000000075f400000|  0%| F|  |TAMS 0x000000075f200000| PB 0x000000075f200000| Untracked 
| 250|0x000000075f400000, 0x000000075f400000, 0x000000075f600000|  0%| F|  |TAMS 0x000000075f400000| PB 0x000000075f400000| Untracked 
| 251|0x000000075f600000, 0x000000075f600000, 0x000000075f800000|  0%| F|  |TAMS 0x000000075f600000| PB 0x000000075f600000| Untracked 
| 252|0x000000075f800000, 0x000000075f800000, 0x000000075fa00000|  0%| F|  |TAMS 0x000000075f800000| PB 0x000000075f800000| Untracked 
| 253|0x000000075fa00000, 0x000000075fa00000, 0x000000075fc00000|  0%| F|  |TAMS 0x000000075fa00000| PB 0x000000075fa00000| Untracked 
| 254|0x000000075fc00000, 0x000000075fc00000, 0x000000075fe00000|  0%| F|  |TAMS 0x000000075fc00000| PB 0x000000075fc00000| Untracked 
| 255|0x000000075fe00000, 0x000000075fe00000, 0x0000000760000000|  0%| F|  |TAMS 0x000000075fe00000| PB 0x000000075fe00000| Untracked 
| 256|0x0000000760000000, 0x0000000760000000, 0x0000000760200000|  0%| F|  |TAMS 0x0000000760000000| PB 0x0000000760000000| Untracked 
| 257|0x0000000760200000, 0x0000000760200000, 0x0000000760400000|  0%| F|  |TAMS 0x0000000760200000| PB 0x0000000760200000| Untracked 
| 258|0x0000000760400000, 0x0000000760400000, 0x0000000760600000|  0%| F|  |TAMS 0x0000000760400000| PB 0x0000000760400000| Untracked 
| 259|0x0000000760600000, 0x0000000760600000, 0x0000000760800000|  0%| F|  |TAMS 0x0000000760600000| PB 0x0000000760600000| Untracked 
| 260|0x0000000760800000, 0x0000000760800000, 0x0000000760a00000|  0%| F|  |TAMS 0x0000000760800000| PB 0x0000000760800000| Untracked 
| 261|0x0000000760a00000, 0x0000000760a00000, 0x0000000760c00000|  0%| F|  |TAMS 0x0000000760a00000| PB 0x0000000760a00000| Untracked 
| 262|0x0000000760c00000, 0x0000000760c00000, 0x0000000760e00000|  0%| F|  |TAMS 0x0000000760c00000| PB 0x0000000760c00000| Untracked 
| 263|0x0000000760e00000, 0x0000000760e00000, 0x0000000761000000|  0%| F|  |TAMS 0x0000000760e00000| PB 0x0000000760e00000| Untracked 
| 264|0x0000000761000000, 0x0000000761000000, 0x0000000761200000|  0%| F|  |TAMS 0x0000000761000000| PB 0x0000000761000000| Untracked 
| 265|0x0000000761200000, 0x0000000761200000, 0x0000000761400000|  0%| F|  |TAMS 0x0000000761200000| PB 0x0000000761200000| Untracked 
| 266|0x0000000761400000, 0x0000000761400000, 0x0000000761600000|  0%| F|  |TAMS 0x0000000761400000| PB 0x0000000761400000| Untracked 
| 267|0x0000000761600000, 0x0000000761600000, 0x0000000761800000|  0%| F|  |TAMS 0x0000000761600000| PB 0x0000000761600000| Untracked 
| 268|0x0000000761800000, 0x0000000761800000, 0x0000000761a00000|  0%| F|  |TAMS 0x0000000761800000| PB 0x0000000761800000| Untracked 
| 269|0x0000000761a00000, 0x0000000761a00000, 0x0000000761c00000|  0%| F|  |TAMS 0x0000000761a00000| PB 0x0000000761a00000| Untracked 
| 270|0x0000000761c00000, 0x0000000761c00000, 0x0000000761e00000|  0%| F|  |TAMS 0x0000000761c00000| PB 0x0000000761c00000| Untracked 
| 271|0x0000000761e00000, 0x0000000761e00000, 0x0000000762000000|  0%| F|  |TAMS 0x0000000761e00000| PB 0x0000000761e00000| Untracked 
| 272|0x0000000762000000, 0x0000000762000000, 0x0000000762200000|  0%| F|  |TAMS 0x0000000762000000| PB 0x0000000762000000| Untracked 
| 273|0x0000000762200000, 0x0000000762200000, 0x0000000762400000|  0%| F|  |TAMS 0x0000000762200000| PB 0x0000000762200000| Untracked 
| 274|0x0000000762400000, 0x0000000762400000, 0x0000000762600000|  0%| F|  |TAMS 0x0000000762400000| PB 0x0000000762400000| Untracked 
| 275|0x0000000762600000, 0x0000000762600000, 0x0000000762800000|  0%| F|  |TAMS 0x0000000762600000| PB 0x0000000762600000| Untracked 
| 276|0x0000000762800000, 0x0000000762800000, 0x0000000762a00000|  0%| F|  |TAMS 0x0000000762800000| PB 0x0000000762800000| Untracked 
| 277|0x0000000762a00000, 0x0000000762a00000, 0x0000000762c00000|  0%| F|  |TAMS 0x0000000762a00000| PB 0x0000000762a00000| Untracked 
| 278|0x0000000762c00000, 0x0000000762c00000, 0x0000000762e00000|  0%| F|  |TAMS 0x0000000762c00000| PB 0x0000000762c00000| Untracked 
| 279|0x0000000762e00000, 0x0000000762e00000, 0x0000000763000000|  0%| F|  |TAMS 0x0000000762e00000| PB 0x0000000762e00000| Untracked 
| 280|0x0000000763000000, 0x0000000763000000, 0x0000000763200000|  0%| F|  |TAMS 0x0000000763000000| PB 0x0000000763000000| Untracked 
| 281|0x0000000763200000, 0x0000000763200000, 0x0000000763400000|  0%| F|  |TAMS 0x0000000763200000| PB 0x0000000763200000| Untracked 
| 282|0x0000000763400000, 0x0000000763400000, 0x0000000763600000|  0%| F|  |TAMS 0x0000000763400000| PB 0x0000000763400000| Untracked 
| 283|0x0000000763600000, 0x0000000763600000, 0x0000000763800000|  0%| F|  |TAMS 0x0000000763600000| PB 0x0000000763600000| Untracked 
| 284|0x0000000763800000, 0x0000000763800000, 0x0000000763a00000|  0%| F|  |TAMS 0x0000000763800000| PB 0x0000000763800000| Untracked 
| 285|0x0000000763a00000, 0x0000000763a00000, 0x0000000763c00000|  0%| F|  |TAMS 0x0000000763a00000| PB 0x0000000763a00000| Untracked 
| 286|0x0000000763c00000, 0x0000000763c00000, 0x0000000763e00000|  0%| F|  |TAMS 0x0000000763c00000| PB 0x0000000763c00000| Untracked 
| 287|0x0000000763e00000, 0x0000000763e00000, 0x0000000764000000|  0%| F|  |TAMS 0x0000000763e00000| PB 0x0000000763e00000| Untracked 
| 288|0x0000000764000000, 0x0000000764000000, 0x0000000764200000|  0%| F|  |TAMS 0x0000000764000000| PB 0x0000000764000000| Untracked 
| 289|0x0000000764200000, 0x0000000764200000, 0x0000000764400000|  0%| F|  |TAMS 0x0000000764200000| PB 0x0000000764200000| Untracked 
| 290|0x0000000764400000, 0x0000000764400000, 0x0000000764600000|  0%| F|  |TAMS 0x0000000764400000| PB 0x0000000764400000| Untracked 
| 291|0x0000000764600000, 0x0000000764600000, 0x0000000764800000|  0%| F|  |TAMS 0x0000000764600000| PB 0x0000000764600000| Untracked 
| 292|0x0000000764800000, 0x0000000764800000, 0x0000000764a00000|  0%| F|  |TAMS 0x0000000764800000| PB 0x0000000764800000| Untracked 
| 293|0x0000000764a00000, 0x0000000764a00000, 0x0000000764c00000|  0%| F|  |TAMS 0x0000000764a00000| PB 0x0000000764a00000| Untracked 
| 294|0x0000000764c00000, 0x0000000764c00000, 0x0000000764e00000|  0%| F|  |TAMS 0x0000000764c00000| PB 0x0000000764c00000| Untracked 
| 295|0x0000000764e00000, 0x0000000764e00000, 0x0000000765000000|  0%| F|  |TAMS 0x0000000764e00000| PB 0x0000000764e00000| Untracked 
| 296|0x0000000765000000, 0x0000000765000000, 0x0000000765200000|  0%| F|  |TAMS 0x0000000765000000| PB 0x0000000765000000| Untracked 
| 297|0x0000000765200000, 0x0000000765200000, 0x0000000765400000|  0%| F|  |TAMS 0x0000000765200000| PB 0x0000000765200000| Untracked 
| 298|0x0000000765400000, 0x0000000765400000, 0x0000000765600000|  0%| F|  |TAMS 0x0000000765400000| PB 0x0000000765400000| Untracked 
| 299|0x0000000765600000, 0x0000000765600000, 0x0000000765800000|  0%| F|  |TAMS 0x0000000765600000| PB 0x0000000765600000| Untracked 
| 300|0x0000000765800000, 0x0000000765800000, 0x0000000765a00000|  0%| F|  |TAMS 0x0000000765800000| PB 0x0000000765800000| Untracked 
| 301|0x0000000765a00000, 0x0000000765a00000, 0x0000000765c00000|  0%| F|  |TAMS 0x0000000765a00000| PB 0x0000000765a00000| Untracked 
| 302|0x0000000765c00000, 0x0000000765c00000, 0x0000000765e00000|  0%| F|  |TAMS 0x0000000765c00000| PB 0x0000000765c00000| Untracked 
| 303|0x0000000765e00000, 0x0000000765e00000, 0x0000000766000000|  0%| F|  |TAMS 0x0000000765e00000| PB 0x0000000765e00000| Untracked 
| 304|0x0000000766000000, 0x0000000766000000, 0x0000000766200000|  0%| F|  |TAMS 0x0000000766000000| PB 0x0000000766000000| Untracked 
| 305|0x0000000766200000, 0x0000000766200000, 0x0000000766400000|  0%| F|  |TAMS 0x0000000766200000| PB 0x0000000766200000| Untracked 
| 306|0x0000000766400000, 0x0000000766400000, 0x0000000766600000|  0%| F|  |TAMS 0x0000000766400000| PB 0x0000000766400000| Untracked 
| 307|0x0000000766600000, 0x0000000766600000, 0x0000000766800000|  0%| F|  |TAMS 0x0000000766600000| PB 0x0000000766600000| Untracked 
| 308|0x0000000766800000, 0x0000000766800000, 0x0000000766a00000|  0%| F|  |TAMS 0x0000000766800000| PB 0x0000000766800000| Untracked 
| 309|0x0000000766a00000, 0x0000000766a00000, 0x0000000766c00000|  0%| F|  |TAMS 0x0000000766a00000| PB 0x0000000766a00000| Untracked 
| 310|0x0000000766c00000, 0x0000000766c00000, 0x0000000766e00000|  0%| F|  |TAMS 0x0000000766c00000| PB 0x0000000766c00000| Untracked 
| 311|0x0000000766e00000, 0x0000000766e00000, 0x0000000767000000|  0%| F|  |TAMS 0x0000000766e00000| PB 0x0000000766e00000| Untracked 
| 312|0x0000000767000000, 0x0000000767000000, 0x0000000767200000|  0%| F|  |TAMS 0x0000000767000000| PB 0x0000000767000000| Untracked 
| 313|0x0000000767200000, 0x0000000767200000, 0x0000000767400000|  0%| F|  |TAMS 0x0000000767200000| PB 0x0000000767200000| Untracked 
| 314|0x0000000767400000, 0x0000000767400000, 0x0000000767600000|  0%| F|  |TAMS 0x0000000767400000| PB 0x0000000767400000| Untracked 
| 315|0x0000000767600000, 0x0000000767600000, 0x0000000767800000|  0%| F|  |TAMS 0x0000000767600000| PB 0x0000000767600000| Untracked 
| 316|0x0000000767800000, 0x0000000767800000, 0x0000000767a00000|  0%| F|  |TAMS 0x0000000767800000| PB 0x0000000767800000| Untracked 
| 317|0x0000000767a00000, 0x0000000767a00000, 0x0000000767c00000|  0%| F|  |TAMS 0x0000000767a00000| PB 0x0000000767a00000| Untracked 
| 318|0x0000000767c00000, 0x0000000767c00000, 0x0000000767e00000|  0%| F|  |TAMS 0x0000000767c00000| PB 0x0000000767c00000| Untracked 
| 319|0x0000000767e00000, 0x0000000767e00000, 0x0000000768000000|  0%| F|  |TAMS 0x0000000767e00000| PB 0x0000000767e00000| Untracked 
| 320|0x0000000768000000, 0x0000000768000000, 0x0000000768200000|  0%| F|  |TAMS 0x0000000768000000| PB 0x0000000768000000| Untracked 
| 321|0x0000000768200000, 0x0000000768200000, 0x0000000768400000|  0%| F|  |TAMS 0x0000000768200000| PB 0x0000000768200000| Untracked 
| 322|0x0000000768400000, 0x0000000768400000, 0x0000000768600000|  0%| F|  |TAMS 0x0000000768400000| PB 0x0000000768400000| Untracked 
| 323|0x0000000768600000, 0x0000000768600000, 0x0000000768800000|  0%| F|  |TAMS 0x0000000768600000| PB 0x0000000768600000| Untracked 
| 324|0x0000000768800000, 0x0000000768800000, 0x0000000768a00000|  0%| F|  |TAMS 0x0000000768800000| PB 0x0000000768800000| Untracked 
| 325|0x0000000768a00000, 0x0000000768a00000, 0x0000000768c00000|  0%| F|  |TAMS 0x0000000768a00000| PB 0x0000000768a00000| Untracked 
| 326|0x0000000768c00000, 0x0000000768c00000, 0x0000000768e00000|  0%| F|  |TAMS 0x0000000768c00000| PB 0x0000000768c00000| Untracked 
| 327|0x0000000768e00000, 0x0000000768e00000, 0x0000000769000000|  0%| F|  |TAMS 0x0000000768e00000| PB 0x0000000768e00000| Untracked 
| 328|0x0000000769000000, 0x0000000769000000, 0x0000000769200000|  0%| F|  |TAMS 0x0000000769000000| PB 0x0000000769000000| Untracked 
| 329|0x0000000769200000, 0x0000000769200000, 0x0000000769400000|  0%| F|  |TAMS 0x0000000769200000| PB 0x0000000769200000| Untracked 
| 330|0x0000000769400000, 0x0000000769400000, 0x0000000769600000|  0%| F|  |TAMS 0x0000000769400000| PB 0x0000000769400000| Untracked 
| 331|0x0000000769600000, 0x0000000769600000, 0x0000000769800000|  0%| F|  |TAMS 0x0000000769600000| PB 0x0000000769600000| Untracked 
| 332|0x0000000769800000, 0x0000000769800000, 0x0000000769a00000|  0%| F|  |TAMS 0x0000000769800000| PB 0x0000000769800000| Untracked 
| 333|0x0000000769a00000, 0x0000000769a00000, 0x0000000769c00000|  0%| F|  |TAMS 0x0000000769a00000| PB 0x0000000769a00000| Untracked 
| 334|0x0000000769c00000, 0x0000000769c00000, 0x0000000769e00000|  0%| F|  |TAMS 0x0000000769c00000| PB 0x0000000769c00000| Untracked 
| 335|0x0000000769e00000, 0x0000000769e00000, 0x000000076a000000|  0%| F|  |TAMS 0x0000000769e00000| PB 0x0000000769e00000| Untracked 
| 336|0x000000076a000000, 0x000000076a000000, 0x000000076a200000|  0%| F|  |TAMS 0x000000076a000000| PB 0x000000076a000000| Untracked 
| 337|0x000000076a200000, 0x000000076a200000, 0x000000076a400000|  0%| F|  |TAMS 0x000000076a200000| PB 0x000000076a200000| Untracked 
| 338|0x000000076a400000, 0x000000076a400000, 0x000000076a600000|  0%| F|  |TAMS 0x000000076a400000| PB 0x000000076a400000| Untracked 
| 339|0x000000076a600000, 0x000000076a600000, 0x000000076a800000|  0%| F|  |TAMS 0x000000076a600000| PB 0x000000076a600000| Untracked 
| 340|0x000000076a800000, 0x000000076a800000, 0x000000076aa00000|  0%| F|  |TAMS 0x000000076a800000| PB 0x000000076a800000| Untracked 
| 341|0x000000076aa00000, 0x000000076aa00000, 0x000000076ac00000|  0%| F|  |TAMS 0x000000076aa00000| PB 0x000000076aa00000| Untracked 
| 342|0x000000076ac00000, 0x000000076ac00000, 0x000000076ae00000|  0%| F|  |TAMS 0x000000076ac00000| PB 0x000000076ac00000| Untracked 
| 343|0x000000076ae00000, 0x000000076ae00000, 0x000000076b000000|  0%| F|  |TAMS 0x000000076ae00000| PB 0x000000076ae00000| Untracked 
| 344|0x000000076b000000, 0x000000076b000000, 0x000000076b200000|  0%| F|  |TAMS 0x000000076b000000| PB 0x000000076b000000| Untracked 
| 345|0x000000076b200000, 0x000000076b200000, 0x000000076b400000|  0%| F|  |TAMS 0x000000076b200000| PB 0x000000076b200000| Untracked 
| 346|0x000000076b400000, 0x000000076b400000, 0x000000076b600000|  0%| F|  |TAMS 0x000000076b400000| PB 0x000000076b400000| Untracked 
| 347|0x000000076b600000, 0x000000076b600000, 0x000000076b800000|  0%| F|  |TAMS 0x000000076b600000| PB 0x000000076b600000| Untracked 
| 348|0x000000076b800000, 0x000000076b800000, 0x000000076ba00000|  0%| F|  |TAMS 0x000000076b800000| PB 0x000000076b800000| Untracked 
| 349|0x000000076ba00000, 0x000000076ba00000, 0x000000076bc00000|  0%| F|  |TAMS 0x000000076ba00000| PB 0x000000076ba00000| Untracked 
| 350|0x000000076bc00000, 0x000000076bc00000, 0x000000076be00000|  0%| F|  |TAMS 0x000000076bc00000| PB 0x000000076bc00000| Untracked 
| 351|0x000000076be00000, 0x000000076be00000, 0x000000076c000000|  0%| F|  |TAMS 0x000000076be00000| PB 0x000000076be00000| Untracked 
| 352|0x000000076c000000, 0x000000076c000000, 0x000000076c200000|  0%| F|  |TAMS 0x000000076c000000| PB 0x000000076c000000| Untracked 
| 353|0x000000076c200000, 0x000000076c200000, 0x000000076c400000|  0%| F|  |TAMS 0x000000076c200000| PB 0x000000076c200000| Untracked 
| 354|0x000000076c400000, 0x000000076c400000, 0x000000076c600000|  0%| F|  |TAMS 0x000000076c400000| PB 0x000000076c400000| Untracked 
| 355|0x000000076c600000, 0x000000076c600000, 0x000000076c800000|  0%| F|  |TAMS 0x000000076c600000| PB 0x000000076c600000| Untracked 
| 356|0x000000076c800000, 0x000000076c800000, 0x000000076ca00000|  0%| F|  |TAMS 0x000000076c800000| PB 0x000000076c800000| Untracked 
| 357|0x000000076ca00000, 0x000000076ca00000, 0x000000076cc00000|  0%| F|  |TAMS 0x000000076ca00000| PB 0x000000076ca00000| Untracked 
| 358|0x000000076cc00000, 0x000000076cc00000, 0x000000076ce00000|  0%| F|  |TAMS 0x000000076cc00000| PB 0x000000076cc00000| Untracked 
| 359|0x000000076ce00000, 0x000000076ce00000, 0x000000076d000000|  0%| F|  |TAMS 0x000000076ce00000| PB 0x000000076ce00000| Untracked 
| 360|0x000000076d000000, 0x000000076d000000, 0x000000076d200000|  0%| F|  |TAMS 0x000000076d000000| PB 0x000000076d000000| Untracked 
| 361|0x000000076d200000, 0x000000076d200000, 0x000000076d400000|  0%| F|  |TAMS 0x000000076d200000| PB 0x000000076d200000| Untracked 
| 362|0x000000076d400000, 0x000000076d400000, 0x000000076d600000|  0%| F|  |TAMS 0x000000076d400000| PB 0x000000076d400000| Untracked 
| 363|0x000000076d600000, 0x000000076d600000, 0x000000076d800000|  0%| F|  |TAMS 0x000000076d600000| PB 0x000000076d600000| Untracked 
| 364|0x000000076d800000, 0x000000076d800000, 0x000000076da00000|  0%| F|  |TAMS 0x000000076d800000| PB 0x000000076d800000| Untracked 
| 365|0x000000076da00000, 0x000000076da00000, 0x000000076dc00000|  0%| F|  |TAMS 0x000000076da00000| PB 0x000000076da00000| Untracked 
| 366|0x000000076dc00000, 0x000000076dc00000, 0x000000076de00000|  0%| F|  |TAMS 0x000000076dc00000| PB 0x000000076dc00000| Untracked 
| 367|0x000000076de00000, 0x000000076de00000, 0x000000076e000000|  0%| F|  |TAMS 0x000000076de00000| PB 0x000000076de00000| Untracked 
| 368|0x000000076e000000, 0x000000076e000000, 0x000000076e200000|  0%| F|  |TAMS 0x000000076e000000| PB 0x000000076e000000| Untracked 
| 369|0x000000076e200000, 0x000000076e200000, 0x000000076e400000|  0%| F|  |TAMS 0x000000076e200000| PB 0x000000076e200000| Untracked 
| 370|0x000000076e400000, 0x000000076e400000, 0x000000076e600000|  0%| F|  |TAMS 0x000000076e400000| PB 0x000000076e400000| Untracked 
| 371|0x000000076e600000, 0x000000076e600000, 0x000000076e800000|  0%| F|  |TAMS 0x000000076e600000| PB 0x000000076e600000| Untracked 
| 372|0x000000076e800000, 0x000000076e800000, 0x000000076ea00000|  0%| F|  |TAMS 0x000000076e800000| PB 0x000000076e800000| Untracked 
| 373|0x000000076ea00000, 0x000000076ea00000, 0x000000076ec00000|  0%| F|  |TAMS 0x000000076ea00000| PB 0x000000076ea00000| Untracked 
| 374|0x000000076ec00000, 0x000000076ec00000, 0x000000076ee00000|  0%| F|  |TAMS 0x000000076ec00000| PB 0x000000076ec00000| Untracked 
| 375|0x000000076ee00000, 0x000000076ee00000, 0x000000076f000000|  0%| F|  |TAMS 0x000000076ee00000| PB 0x000000076ee00000| Untracked 
| 376|0x000000076f000000, 0x000000076f000000, 0x000000076f200000|  0%| F|  |TAMS 0x000000076f000000| PB 0x000000076f000000| Untracked 
| 377|0x000000076f200000, 0x000000076f200000, 0x000000076f400000|  0%| F|  |TAMS 0x000000076f200000| PB 0x000000076f200000| Untracked 
| 378|0x000000076f400000, 0x000000076f400000, 0x000000076f600000|  0%| F|  |TAMS 0x000000076f400000| PB 0x000000076f400000| Untracked 
| 379|0x000000076f600000, 0x000000076f600000, 0x000000076f800000|  0%| F|  |TAMS 0x000000076f600000| PB 0x000000076f600000| Untracked 
| 380|0x000000076f800000, 0x000000076f800000, 0x000000076fa00000|  0%| F|  |TAMS 0x000000076f800000| PB 0x000000076f800000| Untracked 
| 381|0x000000076fa00000, 0x000000076fa00000, 0x000000076fc00000|  0%| F|  |TAMS 0x000000076fa00000| PB 0x000000076fa00000| Untracked 
| 382|0x000000076fc00000, 0x000000076fc00000, 0x000000076fe00000|  0%| F|  |TAMS 0x000000076fc00000| PB 0x000000076fc00000| Untracked 
| 383|0x000000076fe00000, 0x000000076fe00000, 0x0000000770000000|  0%| F|  |TAMS 0x000000076fe00000| PB 0x000000076fe00000| Untracked 
| 384|0x0000000770000000, 0x0000000770000000, 0x0000000770200000|  0%| F|  |TAMS 0x0000000770000000| PB 0x0000000770000000| Untracked 
| 385|0x0000000770200000, 0x0000000770200000, 0x0000000770400000|  0%| F|  |TAMS 0x0000000770200000| PB 0x0000000770200000| Untracked 
| 386|0x0000000770400000, 0x0000000770400000, 0x0000000770600000|  0%| F|  |TAMS 0x0000000770400000| PB 0x0000000770400000| Untracked 
| 387|0x0000000770600000, 0x0000000770600000, 0x0000000770800000|  0%| F|  |TAMS 0x0000000770600000| PB 0x0000000770600000| Untracked 
| 388|0x0000000770800000, 0x0000000770800000, 0x0000000770a00000|  0%| F|  |TAMS 0x0000000770800000| PB 0x0000000770800000| Untracked 
| 389|0x0000000770a00000, 0x0000000770a00000, 0x0000000770c00000|  0%| F|  |TAMS 0x0000000770a00000| PB 0x0000000770a00000| Untracked 
| 390|0x0000000770c00000, 0x0000000770c00000, 0x0000000770e00000|  0%| F|  |TAMS 0x0000000770c00000| PB 0x0000000770c00000| Untracked 
| 391|0x0000000770e00000, 0x0000000770e00000, 0x0000000771000000|  0%| F|  |TAMS 0x0000000770e00000| PB 0x0000000770e00000| Untracked 
| 392|0x0000000771000000, 0x0000000771000000, 0x0000000771200000|  0%| F|  |TAMS 0x0000000771000000| PB 0x0000000771000000| Untracked 
| 393|0x0000000771200000, 0x0000000771200000, 0x0000000771400000|  0%| F|  |TAMS 0x0000000771200000| PB 0x0000000771200000| Untracked 
| 394|0x0000000771400000, 0x0000000771400000, 0x0000000771600000|  0%| F|  |TAMS 0x0000000771400000| PB 0x0000000771400000| Untracked 
| 395|0x0000000771600000, 0x0000000771600000, 0x0000000771800000|  0%| F|  |TAMS 0x0000000771600000| PB 0x0000000771600000| Untracked 
| 396|0x0000000771800000, 0x0000000771800000, 0x0000000771a00000|  0%| F|  |TAMS 0x0000000771800000| PB 0x0000000771800000| Untracked 
| 397|0x0000000771a00000, 0x0000000771a00000, 0x0000000771c00000|  0%| F|  |TAMS 0x0000000771a00000| PB 0x0000000771a00000| Untracked 
| 398|0x0000000771c00000, 0x0000000771c00000, 0x0000000771e00000|  0%| F|  |TAMS 0x0000000771c00000| PB 0x0000000771c00000| Untracked 
| 399|0x0000000771e00000, 0x0000000771e00000, 0x0000000772000000|  0%| F|  |TAMS 0x0000000771e00000| PB 0x0000000771e00000| Untracked 
| 400|0x0000000772000000, 0x0000000772000000, 0x0000000772200000|  0%| F|  |TAMS 0x0000000772000000| PB 0x0000000772000000| Untracked 
| 401|0x0000000772200000, 0x0000000772200000, 0x0000000772400000|  0%| F|  |TAMS 0x0000000772200000| PB 0x0000000772200000| Untracked 
| 402|0x0000000772400000, 0x0000000772400000, 0x0000000772600000|  0%| F|  |TAMS 0x0000000772400000| PB 0x0000000772400000| Untracked 
| 403|0x0000000772600000, 0x0000000772600000, 0x0000000772800000|  0%| F|  |TAMS 0x0000000772600000| PB 0x0000000772600000| Untracked 
| 404|0x0000000772800000, 0x0000000772800000, 0x0000000772a00000|  0%| F|  |TAMS 0x0000000772800000| PB 0x0000000772800000| Untracked 
| 405|0x0000000772a00000, 0x0000000772a00000, 0x0000000772c00000|  0%| F|  |TAMS 0x0000000772a00000| PB 0x0000000772a00000| Untracked 
| 406|0x0000000772c00000, 0x0000000772d00000, 0x0000000772e00000| 50%| E|  |TAMS 0x0000000772c00000| PB 0x0000000772c00000| Complete 
| 407|0x0000000772e00000, 0x0000000773000000, 0x0000000773000000|100%| E|CS|TAMS 0x0000000772e00000| PB 0x0000000772e00000| Complete 
| 408|0x0000000773000000, 0x0000000773200000, 0x0000000773200000|100%| E|CS|TAMS 0x0000000773000000| PB 0x0000000773000000| Complete 
| 409|0x0000000773200000, 0x0000000773400000, 0x0000000773400000|100%| E|CS|TAMS 0x0000000773200000| PB 0x0000000773200000| Complete 
| 410|0x0000000773400000, 0x0000000773600000, 0x0000000773600000|100%| E|CS|TAMS 0x0000000773400000| PB 0x0000000773400000| Complete 
| 411|0x0000000773600000, 0x0000000773800000, 0x0000000773800000|100%| E|CS|TAMS 0x0000000773600000| PB 0x0000000773600000| Complete 
| 412|0x0000000773800000, 0x0000000773a00000, 0x0000000773a00000|100%| E|CS|TAMS 0x0000000773800000| PB 0x0000000773800000| Complete 
| 413|0x0000000773a00000, 0x0000000773c00000, 0x0000000773c00000|100%| E|CS|TAMS 0x0000000773a00000| PB 0x0000000773a00000| Complete 
| 414|0x0000000773c00000, 0x0000000773e00000, 0x0000000773e00000|100%| E|CS|TAMS 0x0000000773c00000| PB 0x0000000773c00000| Complete 
| 415|0x0000000773e00000, 0x0000000774000000, 0x0000000774000000|100%| E|CS|TAMS 0x0000000773e00000| PB 0x0000000773e00000| Complete 
| 416|0x0000000774000000, 0x0000000774200000, 0x0000000774200000|100%| E|CS|TAMS 0x0000000774000000| PB 0x0000000774000000| Complete 
| 417|0x0000000774200000, 0x0000000774400000, 0x0000000774400000|100%| E|CS|TAMS 0x0000000774200000| PB 0x0000000774200000| Complete 
| 418|0x0000000774400000, 0x0000000774600000, 0x0000000774600000|100%| E|CS|TAMS 0x0000000774400000| PB 0x0000000774400000| Complete 
| 419|0x0000000774600000, 0x0000000774800000, 0x0000000774800000|100%| E|CS|TAMS 0x0000000774600000| PB 0x0000000774600000| Complete 
| 420|0x0000000774800000, 0x0000000774a00000, 0x0000000774a00000|100%| E|CS|TAMS 0x0000000774800000| PB 0x0000000774800000| Complete 
| 421|0x0000000774a00000, 0x0000000774c00000, 0x0000000774c00000|100%| E|CS|TAMS 0x0000000774a00000| PB 0x0000000774a00000| Complete 
| 422|0x0000000774c00000, 0x0000000774e00000, 0x0000000774e00000|100%| E|CS|TAMS 0x0000000774c00000| PB 0x0000000774c00000| Complete 
| 423|0x0000000774e00000, 0x0000000775000000, 0x0000000775000000|100%| E|CS|TAMS 0x0000000774e00000| PB 0x0000000774e00000| Complete 
| 424|0x0000000775000000, 0x0000000775200000, 0x0000000775200000|100%| E|CS|TAMS 0x0000000775000000| PB 0x0000000775000000| Complete 
| 425|0x0000000775200000, 0x0000000775400000, 0x0000000775400000|100%| E|CS|TAMS 0x0000000775200000| PB 0x0000000775200000| Complete 
| 426|0x0000000775400000, 0x0000000775600000, 0x0000000775600000|100%| E|CS|TAMS 0x0000000775400000| PB 0x0000000775400000| Complete 
| 427|0x0000000775600000, 0x0000000775800000, 0x0000000775800000|100%| E|CS|TAMS 0x0000000775600000| PB 0x0000000775600000| Complete 
| 428|0x0000000775800000, 0x0000000775a00000, 0x0000000775a00000|100%| E|CS|TAMS 0x0000000775800000| PB 0x0000000775800000| Complete 
| 429|0x0000000775a00000, 0x0000000775c00000, 0x0000000775c00000|100%| E|CS|TAMS 0x0000000775a00000| PB 0x0000000775a00000| Complete 
| 430|0x0000000775c00000, 0x0000000775e00000, 0x0000000775e00000|100%| E|CS|TAMS 0x0000000775c00000| PB 0x0000000775c00000| Complete 
| 431|0x0000000775e00000, 0x0000000776000000, 0x0000000776000000|100%| E|CS|TAMS 0x0000000775e00000| PB 0x0000000775e00000| Complete 
| 432|0x0000000776000000, 0x0000000776200000, 0x0000000776200000|100%| E|CS|TAMS 0x0000000776000000| PB 0x0000000776000000| Complete 
| 433|0x0000000776200000, 0x0000000776400000, 0x0000000776400000|100%| E|CS|TAMS 0x0000000776200000| PB 0x0000000776200000| Complete 
| 434|0x0000000776400000, 0x0000000776600000, 0x0000000776600000|100%| E|CS|TAMS 0x0000000776400000| PB 0x0000000776400000| Complete 
| 435|0x0000000776600000, 0x0000000776800000, 0x0000000776800000|100%| E|CS|TAMS 0x0000000776600000| PB 0x0000000776600000| Complete 
| 436|0x0000000776800000, 0x0000000776a00000, 0x0000000776a00000|100%| E|CS|TAMS 0x0000000776800000| PB 0x0000000776800000| Complete 
| 437|0x0000000776a00000, 0x0000000776c00000, 0x0000000776c00000|100%| E|CS|TAMS 0x0000000776a00000| PB 0x0000000776a00000| Complete 
| 438|0x0000000776c00000, 0x0000000776e00000, 0x0000000776e00000|100%| E|CS|TAMS 0x0000000776c00000| PB 0x0000000776c00000| Complete 
| 439|0x0000000776e00000, 0x0000000777000000, 0x0000000777000000|100%| E|CS|TAMS 0x0000000776e00000| PB 0x0000000776e00000| Complete 
| 440|0x0000000777000000, 0x0000000777200000, 0x0000000777200000|100%| E|CS|TAMS 0x0000000777000000| PB 0x0000000777000000| Complete 
| 441|0x0000000777200000, 0x0000000777400000, 0x0000000777400000|100%| E|CS|TAMS 0x0000000777200000| PB 0x0000000777200000| Complete 
| 442|0x0000000777400000, 0x0000000777600000, 0x0000000777600000|100%| E|CS|TAMS 0x0000000777400000| PB 0x0000000777400000| Complete 
| 443|0x0000000777600000, 0x0000000777800000, 0x0000000777800000|100%| E|CS|TAMS 0x0000000777600000| PB 0x0000000777600000| Complete 
| 444|0x0000000777800000, 0x0000000777a00000, 0x0000000777a00000|100%| E|CS|TAMS 0x0000000777800000| PB 0x0000000777800000| Complete 
| 445|0x0000000777a00000, 0x0000000777c00000, 0x0000000777c00000|100%| E|CS|TAMS 0x0000000777a00000| PB 0x0000000777a00000| Complete 
| 446|0x0000000777c00000, 0x0000000777e00000, 0x0000000777e00000|100%| E|CS|TAMS 0x0000000777c00000| PB 0x0000000777c00000| Complete 
| 447|0x0000000777e00000, 0x0000000778000000, 0x0000000778000000|100%| E|CS|TAMS 0x0000000777e00000| PB 0x0000000777e00000| Complete 
| 448|0x0000000778000000, 0x0000000778200000, 0x0000000778200000|100%| E|CS|TAMS 0x0000000778000000| PB 0x0000000778000000| Complete 
| 449|0x0000000778200000, 0x0000000778400000, 0x0000000778400000|100%| E|CS|TAMS 0x0000000778200000| PB 0x0000000778200000| Complete 
| 450|0x0000000778400000, 0x0000000778600000, 0x0000000778600000|100%| E|CS|TAMS 0x0000000778400000| PB 0x0000000778400000| Complete 
| 451|0x0000000778600000, 0x0000000778800000, 0x0000000778800000|100%| E|CS|TAMS 0x0000000778600000| PB 0x0000000778600000| Complete 
| 452|0x0000000778800000, 0x0000000778a00000, 0x0000000778a00000|100%| E|CS|TAMS 0x0000000778800000| PB 0x0000000778800000| Complete 
| 453|0x0000000778a00000, 0x0000000778c00000, 0x0000000778c00000|100%| E|CS|TAMS 0x0000000778a00000| PB 0x0000000778a00000| Complete 
| 454|0x0000000778c00000, 0x0000000778e00000, 0x0000000778e00000|100%| E|CS|TAMS 0x0000000778c00000| PB 0x0000000778c00000| Complete 
| 455|0x0000000778e00000, 0x0000000779000000, 0x0000000779000000|100%| E|CS|TAMS 0x0000000778e00000| PB 0x0000000778e00000| Complete 
| 456|0x0000000779000000, 0x0000000779200000, 0x0000000779200000|100%| E|CS|TAMS 0x0000000779000000| PB 0x0000000779000000| Complete 
| 457|0x0000000779200000, 0x0000000779400000, 0x0000000779400000|100%| E|CS|TAMS 0x0000000779200000| PB 0x0000000779200000| Complete 
| 458|0x0000000779400000, 0x0000000779600000, 0x0000000779600000|100%| E|CS|TAMS 0x0000000779400000| PB 0x0000000779400000| Complete 
| 459|0x0000000779600000, 0x0000000779800000, 0x0000000779800000|100%| E|CS|TAMS 0x0000000779600000| PB 0x0000000779600000| Complete 
| 460|0x0000000779800000, 0x0000000779a00000, 0x0000000779a00000|100%| E|CS|TAMS 0x0000000779800000| PB 0x0000000779800000| Complete 
| 461|0x0000000779a00000, 0x0000000779c00000, 0x0000000779c00000|100%| E|CS|TAMS 0x0000000779a00000| PB 0x0000000779a00000| Complete 
| 462|0x0000000779c00000, 0x0000000779e00000, 0x0000000779e00000|100%| E|CS|TAMS 0x0000000779c00000| PB 0x0000000779c00000| Complete 
| 463|0x0000000779e00000, 0x000000077a000000, 0x000000077a000000|100%| E|CS|TAMS 0x0000000779e00000| PB 0x0000000779e00000| Complete 
| 464|0x000000077a000000, 0x000000077a200000, 0x000000077a200000|100%| E|CS|TAMS 0x000000077a000000| PB 0x000000077a000000| Complete 
| 465|0x000000077a200000, 0x000000077a400000, 0x000000077a400000|100%| E|CS|TAMS 0x000000077a200000| PB 0x000000077a200000| Complete 
| 466|0x000000077a400000, 0x000000077a600000, 0x000000077a600000|100%| E|CS|TAMS 0x000000077a400000| PB 0x000000077a400000| Complete 
| 467|0x000000077a600000, 0x000000077a800000, 0x000000077a800000|100%| E|CS|TAMS 0x000000077a600000| PB 0x000000077a600000| Complete 
| 468|0x000000077a800000, 0x000000077aa00000, 0x000000077aa00000|100%| E|CS|TAMS 0x000000077a800000| PB 0x000000077a800000| Complete 
| 469|0x000000077aa00000, 0x000000077ac00000, 0x000000077ac00000|100%| E|CS|TAMS 0x000000077aa00000| PB 0x000000077aa00000| Complete 
| 470|0x000000077ac00000, 0x000000077ae00000, 0x000000077ae00000|100%| E|CS|TAMS 0x000000077ac00000| PB 0x000000077ac00000| Complete 
| 471|0x000000077ae00000, 0x000000077b000000, 0x000000077b000000|100%| E|CS|TAMS 0x000000077ae00000| PB 0x000000077ae00000| Complete 
| 472|0x000000077b000000, 0x000000077b200000, 0x000000077b200000|100%| E|CS|TAMS 0x000000077b000000| PB 0x000000077b000000| Complete 
| 473|0x000000077b200000, 0x000000077b400000, 0x000000077b400000|100%| E|CS|TAMS 0x000000077b200000| PB 0x000000077b200000| Complete 
| 474|0x000000077b400000, 0x000000077b600000, 0x000000077b600000|100%| E|CS|TAMS 0x000000077b400000| PB 0x000000077b400000| Complete 
| 475|0x000000077b600000, 0x000000077b800000, 0x000000077b800000|100%| E|CS|TAMS 0x000000077b600000| PB 0x000000077b600000| Complete 
| 476|0x000000077b800000, 0x000000077ba00000, 0x000000077ba00000|100%| E|CS|TAMS 0x000000077b800000| PB 0x000000077b800000| Complete 
| 477|0x000000077ba00000, 0x000000077bc00000, 0x000000077bc00000|100%| E|CS|TAMS 0x000000077ba00000| PB 0x000000077ba00000| Complete 
| 478|0x000000077bc00000, 0x000000077be00000, 0x000000077be00000|100%| E|CS|TAMS 0x000000077bc00000| PB 0x000000077bc00000| Complete 
| 479|0x000000077be00000, 0x000000077c000000, 0x000000077c000000|100%| E|CS|TAMS 0x000000077be00000| PB 0x000000077be00000| Complete 
| 480|0x000000077c000000, 0x000000077c200000, 0x000000077c200000|100%| E|CS|TAMS 0x000000077c000000| PB 0x000000077c000000| Complete 
| 481|0x000000077c200000, 0x000000077c400000, 0x000000077c400000|100%| E|CS|TAMS 0x000000077c200000| PB 0x000000077c200000| Complete 
| 482|0x000000077c400000, 0x000000077c600000, 0x000000077c600000|100%| E|CS|TAMS 0x000000077c400000| PB 0x000000077c400000| Complete 
| 483|0x000000077c600000, 0x000000077c800000, 0x000000077c800000|100%| E|CS|TAMS 0x000000077c600000| PB 0x000000077c600000| Complete 
| 484|0x000000077c800000, 0x000000077ca00000, 0x000000077ca00000|100%| E|CS|TAMS 0x000000077c800000| PB 0x000000077c800000| Complete 
| 485|0x000000077ca00000, 0x000000077cc00000, 0x000000077cc00000|100%| E|CS|TAMS 0x000000077ca00000| PB 0x000000077ca00000| Complete 
| 486|0x000000077cc00000, 0x000000077ce00000, 0x000000077ce00000|100%| E|CS|TAMS 0x000000077cc00000| PB 0x000000077cc00000| Complete 
| 487|0x000000077ce00000, 0x000000077d000000, 0x000000077d000000|100%| E|CS|TAMS 0x000000077ce00000| PB 0x000000077ce00000| Complete 
| 488|0x000000077d000000, 0x000000077d200000, 0x000000077d200000|100%| E|CS|TAMS 0x000000077d000000| PB 0x000000077d000000| Complete 
| 489|0x000000077d200000, 0x000000077d400000, 0x000000077d400000|100%| E|CS|TAMS 0x000000077d200000| PB 0x000000077d200000| Complete 
| 490|0x000000077d400000, 0x000000077d600000, 0x000000077d600000|100%| E|CS|TAMS 0x000000077d400000| PB 0x000000077d400000| Complete 
| 491|0x000000077d600000, 0x000000077d800000, 0x000000077d800000|100%| E|CS|TAMS 0x000000077d600000| PB 0x000000077d600000| Complete 
| 492|0x000000077d800000, 0x000000077da00000, 0x000000077da00000|100%| E|CS|TAMS 0x000000077d800000| PB 0x000000077d800000| Complete 
| 493|0x000000077da00000, 0x000000077dc00000, 0x000000077dc00000|100%| E|CS|TAMS 0x000000077da00000| PB 0x000000077da00000| Complete 
| 494|0x000000077dc00000, 0x000000077de00000, 0x000000077de00000|100%| E|CS|TAMS 0x000000077dc00000| PB 0x000000077dc00000| Complete 
| 495|0x000000077de00000, 0x000000077e000000, 0x000000077e000000|100%| E|CS|TAMS 0x000000077de00000| PB 0x000000077de00000| Complete 
| 496|0x000000077e000000, 0x000000077e200000, 0x000000077e200000|100%| E|CS|TAMS 0x000000077e000000| PB 0x000000077e000000| Complete 
| 497|0x000000077e200000, 0x000000077e400000, 0x000000077e400000|100%| E|CS|TAMS 0x000000077e200000| PB 0x000000077e200000| Complete 
| 498|0x000000077e400000, 0x000000077e600000, 0x000000077e600000|100%| E|CS|TAMS 0x000000077e400000| PB 0x000000077e400000| Complete 
| 499|0x000000077e600000, 0x000000077e800000, 0x000000077e800000|100%| E|CS|TAMS 0x000000077e600000| PB 0x000000077e600000| Complete 
| 500|0x000000077e800000, 0x000000077ea00000, 0x000000077ea00000|100%| E|CS|TAMS 0x000000077e800000| PB 0x000000077e800000| Complete 
| 501|0x000000077ea00000, 0x000000077ec00000, 0x000000077ec00000|100%| E|CS|TAMS 0x000000077ea00000| PB 0x000000077ea00000| Complete 
| 502|0x000000077ec00000, 0x000000077ee00000, 0x000000077ee00000|100%| E|CS|TAMS 0x000000077ec00000| PB 0x000000077ec00000| Complete 
| 503|0x000000077ee00000, 0x000000077f000000, 0x000000077f000000|100%| E|CS|TAMS 0x000000077ee00000| PB 0x000000077ee00000| Complete 
| 504|0x000000077f000000, 0x000000077f200000, 0x000000077f200000|100%| E|CS|TAMS 0x000000077f000000| PB 0x000000077f000000| Complete 
| 505|0x000000077f200000, 0x000000077f400000, 0x000000077f400000|100%| E|CS|TAMS 0x000000077f200000| PB 0x000000077f200000| Complete 
| 506|0x000000077f400000, 0x000000077f600000, 0x000000077f600000|100%| E|CS|TAMS 0x000000077f400000| PB 0x000000077f400000| Complete 
| 507|0x000000077f600000, 0x000000077f800000, 0x000000077f800000|100%| E|CS|TAMS 0x000000077f600000| PB 0x000000077f600000| Complete 
| 508|0x000000077f800000, 0x000000077fa00000, 0x000000077fa00000|100%| E|CS|TAMS 0x000000077f800000| PB 0x000000077f800000| Complete 
| 509|0x000000077fa00000, 0x000000077fc00000, 0x000000077fc00000|100%| E|CS|TAMS 0x000000077fa00000| PB 0x000000077fa00000| Complete 
| 510|0x000000077fc00000, 0x000000077fe00000, 0x000000077fe00000|100%| E|CS|TAMS 0x000000077fc00000| PB 0x000000077fc00000| Complete 
| 511|0x000000077fe00000, 0x0000000780000000, 0x0000000780000000|100%| E|CS|TAMS 0x000000077fe00000| PB 0x000000077fe00000| Complete 
| 512|0x0000000780000000, 0x0000000780200000, 0x0000000780200000|100%| E|CS|TAMS 0x0000000780000000| PB 0x0000000780000000| Complete 
| 513|0x0000000780200000, 0x0000000780400000, 0x0000000780400000|100%| E|CS|TAMS 0x0000000780200000| PB 0x0000000780200000| Complete 
| 514|0x0000000780400000, 0x0000000780600000, 0x0000000780600000|100%| E|CS|TAMS 0x0000000780400000| PB 0x0000000780400000| Complete 
| 515|0x0000000780600000, 0x0000000780800000, 0x0000000780800000|100%| E|CS|TAMS 0x0000000780600000| PB 0x0000000780600000| Complete 
| 516|0x0000000780800000, 0x0000000780a00000, 0x0000000780a00000|100%| E|CS|TAMS 0x0000000780800000| PB 0x0000000780800000| Complete 
| 517|0x0000000780a00000, 0x0000000780c00000, 0x0000000780c00000|100%| E|CS|TAMS 0x0000000780a00000| PB 0x0000000780a00000| Complete 
| 518|0x0000000780c00000, 0x0000000780e00000, 0x0000000780e00000|100%| E|CS|TAMS 0x0000000780c00000| PB 0x0000000780c00000| Complete 
| 519|0x0000000780e00000, 0x0000000781000000, 0x0000000781000000|100%| E|CS|TAMS 0x0000000780e00000| PB 0x0000000780e00000| Complete 
| 520|0x0000000781000000, 0x0000000781200000, 0x0000000781200000|100%| E|CS|TAMS 0x0000000781000000| PB 0x0000000781000000| Complete 
| 521|0x0000000781200000, 0x0000000781400000, 0x0000000781400000|100%| E|CS|TAMS 0x0000000781200000| PB 0x0000000781200000| Complete 
| 522|0x0000000781400000, 0x0000000781600000, 0x0000000781600000|100%| E|CS|TAMS 0x0000000781400000| PB 0x0000000781400000| Complete 
| 523|0x0000000781600000, 0x0000000781800000, 0x0000000781800000|100%| E|CS|TAMS 0x0000000781600000| PB 0x0000000781600000| Complete 
| 524|0x0000000781800000, 0x0000000781a00000, 0x0000000781a00000|100%| E|CS|TAMS 0x0000000781800000| PB 0x0000000781800000| Complete 
| 525|0x0000000781a00000, 0x0000000781c00000, 0x0000000781c00000|100%| E|CS|TAMS 0x0000000781a00000| PB 0x0000000781a00000| Complete 
| 526|0x0000000781c00000, 0x0000000781e00000, 0x0000000781e00000|100%| E|CS|TAMS 0x0000000781c00000| PB 0x0000000781c00000| Complete 
| 527|0x0000000781e00000, 0x0000000782000000, 0x0000000782000000|100%| E|CS|TAMS 0x0000000781e00000| PB 0x0000000781e00000| Complete 
| 528|0x0000000782000000, 0x0000000782200000, 0x0000000782200000|100%| E|CS|TAMS 0x0000000782000000| PB 0x0000000782000000| Complete 
| 529|0x0000000782200000, 0x0000000782400000, 0x0000000782400000|100%| E|CS|TAMS 0x0000000782200000| PB 0x0000000782200000| Complete 
| 530|0x0000000782400000, 0x0000000782600000, 0x0000000782600000|100%| E|CS|TAMS 0x0000000782400000| PB 0x0000000782400000| Complete 
| 531|0x0000000782600000, 0x0000000782800000, 0x0000000782800000|100%| E|CS|TAMS 0x0000000782600000| PB 0x0000000782600000| Complete 
| 532|0x0000000782800000, 0x0000000782a00000, 0x0000000782a00000|100%| E|CS|TAMS 0x0000000782800000| PB 0x0000000782800000| Complete 
| 533|0x0000000782a00000, 0x0000000782c00000, 0x0000000782c00000|100%| E|CS|TAMS 0x0000000782a00000| PB 0x0000000782a00000| Complete 
| 534|0x0000000782c00000, 0x0000000782e00000, 0x0000000782e00000|100%| E|CS|TAMS 0x0000000782c00000| PB 0x0000000782c00000| Complete 
| 535|0x0000000782e00000, 0x0000000783000000, 0x0000000783000000|100%| E|CS|TAMS 0x0000000782e00000| PB 0x0000000782e00000| Complete 
| 536|0x0000000783000000, 0x0000000783200000, 0x0000000783200000|100%| E|CS|TAMS 0x0000000783000000| PB 0x0000000783000000| Complete 
| 537|0x0000000783200000, 0x0000000783400000, 0x0000000783400000|100%| E|CS|TAMS 0x0000000783200000| PB 0x0000000783200000| Complete 
| 538|0x0000000783400000, 0x0000000783600000, 0x0000000783600000|100%| E|CS|TAMS 0x0000000783400000| PB 0x0000000783400000| Complete 
| 539|0x0000000783600000, 0x0000000783800000, 0x0000000783800000|100%| E|CS|TAMS 0x0000000783600000| PB 0x0000000783600000| Complete 
| 540|0x0000000783800000, 0x0000000783a00000, 0x0000000783a00000|100%| E|CS|TAMS 0x0000000783800000| PB 0x0000000783800000| Complete 
| 541|0x0000000783a00000, 0x0000000783c00000, 0x0000000783c00000|100%| E|CS|TAMS 0x0000000783a00000| PB 0x0000000783a00000| Complete 
| 542|0x0000000783c00000, 0x0000000783e00000, 0x0000000783e00000|100%| E|CS|TAMS 0x0000000783c00000| PB 0x0000000783c00000| Complete 
| 543|0x0000000783e00000, 0x0000000784000000, 0x0000000784000000|100%| E|CS|TAMS 0x0000000783e00000| PB 0x0000000783e00000| Complete 
| 544|0x0000000784000000, 0x0000000784200000, 0x0000000784200000|100%| E|CS|TAMS 0x0000000784000000| PB 0x0000000784000000| Complete 
| 545|0x0000000784200000, 0x0000000784400000, 0x0000000784400000|100%| E|CS|TAMS 0x0000000784200000| PB 0x0000000784200000| Complete 
| 546|0x0000000784400000, 0x0000000784600000, 0x0000000784600000|100%| E|CS|TAMS 0x0000000784400000| PB 0x0000000784400000| Complete 
| 547|0x0000000784600000, 0x0000000784800000, 0x0000000784800000|100%| E|CS|TAMS 0x0000000784600000| PB 0x0000000784600000| Complete 
| 548|0x0000000784800000, 0x0000000784a00000, 0x0000000784a00000|100%| E|CS|TAMS 0x0000000784800000| PB 0x0000000784800000| Complete 
| 549|0x0000000784a00000, 0x0000000784c00000, 0x0000000784c00000|100%| E|CS|TAMS 0x0000000784a00000| PB 0x0000000784a00000| Complete 
| 550|0x0000000784c00000, 0x0000000784e00000, 0x0000000784e00000|100%| E|CS|TAMS 0x0000000784c00000| PB 0x0000000784c00000| Complete 
| 551|0x0000000784e00000, 0x0000000785000000, 0x0000000785000000|100%| E|CS|TAMS 0x0000000784e00000| PB 0x0000000784e00000| Complete 
| 552|0x0000000785000000, 0x0000000785200000, 0x0000000785200000|100%| E|CS|TAMS 0x0000000785000000| PB 0x0000000785000000| Complete 
| 553|0x0000000785200000, 0x0000000785400000, 0x0000000785400000|100%| E|CS|TAMS 0x0000000785200000| PB 0x0000000785200000| Complete 
| 554|0x0000000785400000, 0x0000000785600000, 0x0000000785600000|100%| E|CS|TAMS 0x0000000785400000| PB 0x0000000785400000| Complete 
| 555|0x0000000785600000, 0x0000000785800000, 0x0000000785800000|100%| E|CS|TAMS 0x0000000785600000| PB 0x0000000785600000| Complete 
| 556|0x0000000785800000, 0x0000000785a00000, 0x0000000785a00000|100%| E|CS|TAMS 0x0000000785800000| PB 0x0000000785800000| Complete 
| 557|0x0000000785a00000, 0x0000000785c00000, 0x0000000785c00000|100%| E|CS|TAMS 0x0000000785a00000| PB 0x0000000785a00000| Complete 
| 558|0x0000000785c00000, 0x0000000785e00000, 0x0000000785e00000|100%| E|CS|TAMS 0x0000000785c00000| PB 0x0000000785c00000| Complete 
| 559|0x0000000785e00000, 0x0000000786000000, 0x0000000786000000|100%| E|CS|TAMS 0x0000000785e00000| PB 0x0000000785e00000| Complete 
| 560|0x0000000786000000, 0x0000000786200000, 0x0000000786200000|100%| E|CS|TAMS 0x0000000786000000| PB 0x0000000786000000| Complete 
| 561|0x0000000786200000, 0x0000000786400000, 0x0000000786400000|100%| E|CS|TAMS 0x0000000786200000| PB 0x0000000786200000| Complete 
| 562|0x0000000786400000, 0x0000000786600000, 0x0000000786600000|100%| E|CS|TAMS 0x0000000786400000| PB 0x0000000786400000| Complete 
| 563|0x0000000786600000, 0x0000000786800000, 0x0000000786800000|100%| E|CS|TAMS 0x0000000786600000| PB 0x0000000786600000| Complete 
| 564|0x0000000786800000, 0x0000000786a00000, 0x0000000786a00000|100%| E|CS|TAMS 0x0000000786800000| PB 0x0000000786800000| Complete 
| 565|0x0000000786a00000, 0x0000000786c00000, 0x0000000786c00000|100%| E|CS|TAMS 0x0000000786a00000| PB 0x0000000786a00000| Complete 
| 566|0x0000000786c00000, 0x0000000786e00000, 0x0000000786e00000|100%| E|CS|TAMS 0x0000000786c00000| PB 0x0000000786c00000| Complete 
| 567|0x0000000786e00000, 0x0000000787000000, 0x0000000787000000|100%| E|CS|TAMS 0x0000000786e00000| PB 0x0000000786e00000| Complete 
| 568|0x0000000787000000, 0x0000000787200000, 0x0000000787200000|100%| E|CS|TAMS 0x0000000787000000| PB 0x0000000787000000| Complete 
| 569|0x0000000787200000, 0x0000000787400000, 0x0000000787400000|100%| E|CS|TAMS 0x0000000787200000| PB 0x0000000787200000| Complete 
| 570|0x0000000787400000, 0x0000000787600000, 0x0000000787600000|100%| E|CS|TAMS 0x0000000787400000| PB 0x0000000787400000| Complete 
| 571|0x0000000787600000, 0x0000000787800000, 0x0000000787800000|100%| E|CS|TAMS 0x0000000787600000| PB 0x0000000787600000| Complete 
| 572|0x0000000787800000, 0x0000000787a00000, 0x0000000787a00000|100%| E|CS|TAMS 0x0000000787800000| PB 0x0000000787800000| Complete 
| 573|0x0000000787a00000, 0x0000000787c00000, 0x0000000787c00000|100%| E|CS|TAMS 0x0000000787a00000| PB 0x0000000787a00000| Complete 
| 574|0x0000000787c00000, 0x0000000787e00000, 0x0000000787e00000|100%| E|CS|TAMS 0x0000000787c00000| PB 0x0000000787c00000| Complete 
| 575|0x0000000787e00000, 0x0000000788000000, 0x0000000788000000|100%| E|CS|TAMS 0x0000000787e00000| PB 0x0000000787e00000| Complete 
| 576|0x0000000788000000, 0x0000000788200000, 0x0000000788200000|100%| E|CS|TAMS 0x0000000788000000| PB 0x0000000788000000| Complete 
| 577|0x0000000788200000, 0x0000000788400000, 0x0000000788400000|100%| E|CS|TAMS 0x0000000788200000| PB 0x0000000788200000| Complete 
| 578|0x0000000788400000, 0x0000000788600000, 0x0000000788600000|100%| E|CS|TAMS 0x0000000788400000| PB 0x0000000788400000| Complete 
| 579|0x0000000788600000, 0x0000000788800000, 0x0000000788800000|100%| E|CS|TAMS 0x0000000788600000| PB 0x0000000788600000| Complete 
| 580|0x0000000788800000, 0x0000000788a00000, 0x0000000788a00000|100%| E|CS|TAMS 0x0000000788800000| PB 0x0000000788800000| Complete 
| 581|0x0000000788a00000, 0x0000000788c00000, 0x0000000788c00000|100%| E|CS|TAMS 0x0000000788a00000| PB 0x0000000788a00000| Complete 
| 582|0x0000000788c00000, 0x0000000788e00000, 0x0000000788e00000|100%| E|CS|TAMS 0x0000000788c00000| PB 0x0000000788c00000| Complete 
| 583|0x0000000788e00000, 0x0000000789000000, 0x0000000789000000|100%| E|CS|TAMS 0x0000000788e00000| PB 0x0000000788e00000| Complete 
| 584|0x0000000789000000, 0x0000000789200000, 0x0000000789200000|100%| E|CS|TAMS 0x0000000789000000| PB 0x0000000789000000| Complete 
| 585|0x0000000789200000, 0x0000000789400000, 0x0000000789400000|100%| E|CS|TAMS 0x0000000789200000| PB 0x0000000789200000| Complete 
| 586|0x0000000789400000, 0x0000000789600000, 0x0000000789600000|100%| E|CS|TAMS 0x0000000789400000| PB 0x0000000789400000| Complete 
| 587|0x0000000789600000, 0x0000000789800000, 0x0000000789800000|100%| E|CS|TAMS 0x0000000789600000| PB 0x0000000789600000| Complete 
| 588|0x0000000789800000, 0x0000000789a00000, 0x0000000789a00000|100%| E|CS|TAMS 0x0000000789800000| PB 0x0000000789800000| Complete 
| 589|0x0000000789a00000, 0x0000000789c00000, 0x0000000789c00000|100%| E|CS|TAMS 0x0000000789a00000| PB 0x0000000789a00000| Complete 
| 590|0x0000000789c00000, 0x0000000789e00000, 0x0000000789e00000|100%| E|CS|TAMS 0x0000000789c00000| PB 0x0000000789c00000| Complete 
| 591|0x0000000789e00000, 0x000000078a000000, 0x000000078a000000|100%| E|CS|TAMS 0x0000000789e00000| PB 0x0000000789e00000| Complete 
| 592|0x000000078a000000, 0x000000078a200000, 0x000000078a200000|100%| E|CS|TAMS 0x000000078a000000| PB 0x000000078a000000| Complete 
| 593|0x000000078a200000, 0x000000078a400000, 0x000000078a400000|100%| E|CS|TAMS 0x000000078a200000| PB 0x000000078a200000| Complete 
| 594|0x000000078a400000, 0x000000078a600000, 0x000000078a600000|100%| E|CS|TAMS 0x000000078a400000| PB 0x000000078a400000| Complete 
| 595|0x000000078a600000, 0x000000078a800000, 0x000000078a800000|100%| E|CS|TAMS 0x000000078a600000| PB 0x000000078a600000| Complete 
| 596|0x000000078a800000, 0x000000078aa00000, 0x000000078aa00000|100%| E|CS|TAMS 0x000000078a800000| PB 0x000000078a800000| Complete 
| 597|0x000000078aa00000, 0x000000078ac00000, 0x000000078ac00000|100%| E|CS|TAMS 0x000000078aa00000| PB 0x000000078aa00000| Complete 
| 598|0x000000078ac00000, 0x000000078ae00000, 0x000000078ae00000|100%| E|CS|TAMS 0x000000078ac00000| PB 0x000000078ac00000| Complete 
| 599|0x000000078ae00000, 0x000000078b000000, 0x000000078b000000|100%| E|CS|TAMS 0x000000078ae00000| PB 0x000000078ae00000| Complete 
| 600|0x000000078b000000, 0x000000078b200000, 0x000000078b200000|100%| E|CS|TAMS 0x000000078b000000| PB 0x000000078b000000| Complete 
| 601|0x000000078b200000, 0x000000078b400000, 0x000000078b400000|100%| E|CS|TAMS 0x000000078b200000| PB 0x000000078b200000| Complete 
| 602|0x000000078b400000, 0x000000078b600000, 0x000000078b600000|100%| E|CS|TAMS 0x000000078b400000| PB 0x000000078b400000| Complete 
| 603|0x000000078b600000, 0x000000078b800000, 0x000000078b800000|100%| E|CS|TAMS 0x000000078b600000| PB 0x000000078b600000| Complete 
| 604|0x000000078b800000, 0x000000078ba00000, 0x000000078ba00000|100%| E|CS|TAMS 0x000000078b800000| PB 0x000000078b800000| Complete 
| 605|0x000000078ba00000, 0x000000078bc00000, 0x000000078bc00000|100%| E|CS|TAMS 0x000000078ba00000| PB 0x000000078ba00000| Complete 
| 606|0x000000078bc00000, 0x000000078be00000, 0x000000078be00000|100%| E|CS|TAMS 0x000000078bc00000| PB 0x000000078bc00000| Complete 
| 607|0x000000078be00000, 0x000000078c000000, 0x000000078c000000|100%| E|CS|TAMS 0x000000078be00000| PB 0x000000078be00000| Complete 
| 608|0x000000078c000000, 0x000000078c200000, 0x000000078c200000|100%| E|CS|TAMS 0x000000078c000000| PB 0x000000078c000000| Complete 
| 609|0x000000078c200000, 0x000000078c400000, 0x000000078c400000|100%| E|CS|TAMS 0x000000078c200000| PB 0x000000078c200000| Complete 
| 610|0x000000078c400000, 0x000000078c600000, 0x000000078c600000|100%| E|CS|TAMS 0x000000078c400000| PB 0x000000078c400000| Complete 
| 611|0x000000078c600000, 0x000000078c800000, 0x000000078c800000|100%| E|CS|TAMS 0x000000078c600000| PB 0x000000078c600000| Complete 
| 612|0x000000078c800000, 0x000000078ca00000, 0x000000078ca00000|100%| E|CS|TAMS 0x000000078c800000| PB 0x000000078c800000| Complete 
| 613|0x000000078ca00000, 0x000000078cc00000, 0x000000078cc00000|100%| E|CS|TAMS 0x000000078ca00000| PB 0x000000078ca00000| Complete 
| 614|0x000000078cc00000, 0x000000078ce00000, 0x000000078ce00000|100%| E|CS|TAMS 0x000000078cc00000| PB 0x000000078cc00000| Complete 
| 615|0x000000078ce00000, 0x000000078d000000, 0x000000078d000000|100%| E|CS|TAMS 0x000000078ce00000| PB 0x000000078ce00000| Complete 
| 616|0x000000078d000000, 0x000000078d200000, 0x000000078d200000|100%| E|CS|TAMS 0x000000078d000000| PB 0x000000078d000000| Complete 
| 617|0x000000078d200000, 0x000000078d400000, 0x000000078d400000|100%| E|CS|TAMS 0x000000078d200000| PB 0x000000078d200000| Complete 
| 618|0x000000078d400000, 0x000000078d600000, 0x000000078d600000|100%| E|CS|TAMS 0x000000078d400000| PB 0x000000078d400000| Complete 
| 619|0x000000078d600000, 0x000000078d800000, 0x000000078d800000|100%| E|CS|TAMS 0x000000078d600000| PB 0x000000078d600000| Complete 
| 620|0x000000078d800000, 0x000000078da00000, 0x000000078da00000|100%| E|CS|TAMS 0x000000078d800000| PB 0x000000078d800000| Complete 
| 621|0x000000078da00000, 0x000000078dc00000, 0x000000078dc00000|100%| E|CS|TAMS 0x000000078da00000| PB 0x000000078da00000| Complete 
| 622|0x000000078dc00000, 0x000000078de00000, 0x000000078de00000|100%| E|CS|TAMS 0x000000078dc00000| PB 0x000000078dc00000| Complete 
| 623|0x000000078de00000, 0x000000078e000000, 0x000000078e000000|100%| E|CS|TAMS 0x000000078de00000| PB 0x000000078de00000| Complete 
| 624|0x000000078e000000, 0x000000078e200000, 0x000000078e200000|100%| E|CS|TAMS 0x000000078e000000| PB 0x000000078e000000| Complete 
| 625|0x000000078e200000, 0x000000078e400000, 0x000000078e400000|100%| E|CS|TAMS 0x000000078e200000| PB 0x000000078e200000| Complete 
| 626|0x000000078e400000, 0x000000078e600000, 0x000000078e600000|100%| E|CS|TAMS 0x000000078e400000| PB 0x000000078e400000| Complete 
| 627|0x000000078e600000, 0x000000078e800000, 0x000000078e800000|100%| E|CS|TAMS 0x000000078e600000| PB 0x000000078e600000| Complete 
| 628|0x000000078e800000, 0x000000078ea00000, 0x000000078ea00000|100%| E|CS|TAMS 0x000000078e800000| PB 0x000000078e800000| Complete 
| 629|0x000000078ea00000, 0x000000078ec00000, 0x000000078ec00000|100%| E|CS|TAMS 0x000000078ea00000| PB 0x000000078ea00000| Complete 
| 630|0x000000078ec00000, 0x000000078ee00000, 0x000000078ee00000|100%| E|CS|TAMS 0x000000078ec00000| PB 0x000000078ec00000| Complete 
| 631|0x000000078ee00000, 0x000000078f000000, 0x000000078f000000|100%| E|CS|TAMS 0x000000078ee00000| PB 0x000000078ee00000| Complete 
| 632|0x000000078f000000, 0x000000078f200000, 0x000000078f200000|100%| E|CS|TAMS 0x000000078f000000| PB 0x000000078f000000| Complete 
| 633|0x000000078f200000, 0x000000078f400000, 0x000000078f400000|100%| E|CS|TAMS 0x000000078f200000| PB 0x000000078f200000| Complete 
| 634|0x000000078f400000, 0x000000078f600000, 0x000000078f600000|100%| E|CS|TAMS 0x000000078f400000| PB 0x000000078f400000| Complete 
| 635|0x000000078f600000, 0x000000078f800000, 0x000000078f800000|100%| E|CS|TAMS 0x000000078f600000| PB 0x000000078f600000| Complete 
| 636|0x000000078f800000, 0x000000078fa00000, 0x000000078fa00000|100%| E|CS|TAMS 0x000000078f800000| PB 0x000000078f800000| Complete 
| 637|0x000000078fa00000, 0x000000078fc00000, 0x000000078fc00000|100%| E|CS|TAMS 0x000000078fa00000| PB 0x000000078fa00000| Complete 
| 638|0x000000078fc00000, 0x000000078fe00000, 0x000000078fe00000|100%| E|CS|TAMS 0x000000078fc00000| PB 0x000000078fc00000| Complete 
| 639|0x000000078fe00000, 0x0000000790000000, 0x0000000790000000|100%| E|CS|TAMS 0x000000078fe00000| PB 0x000000078fe00000| Complete 
| 640|0x0000000790000000, 0x0000000790200000, 0x0000000790200000|100%| E|CS|TAMS 0x0000000790000000| PB 0x0000000790000000| Complete 
| 641|0x0000000790200000, 0x0000000790400000, 0x0000000790400000|100%| E|CS|TAMS 0x0000000790200000| PB 0x0000000790200000| Complete 
| 642|0x0000000790400000, 0x0000000790600000, 0x0000000790600000|100%| E|CS|TAMS 0x0000000790400000| PB 0x0000000790400000| Complete 
| 643|0x0000000790600000, 0x0000000790800000, 0x0000000790800000|100%| E|CS|TAMS 0x0000000790600000| PB 0x0000000790600000| Complete 
| 644|0x0000000790800000, 0x0000000790a00000, 0x0000000790a00000|100%| E|CS|TAMS 0x0000000790800000| PB 0x0000000790800000| Complete 
| 645|0x0000000790a00000, 0x0000000790c00000, 0x0000000790c00000|100%| E|CS|TAMS 0x0000000790a00000| PB 0x0000000790a00000| Complete 
| 646|0x0000000790c00000, 0x0000000790e00000, 0x0000000790e00000|100%| E|CS|TAMS 0x0000000790c00000| PB 0x0000000790c00000| Complete 
| 647|0x0000000790e00000, 0x0000000791000000, 0x0000000791000000|100%| E|CS|TAMS 0x0000000790e00000| PB 0x0000000790e00000| Complete 
| 648|0x0000000791000000, 0x0000000791200000, 0x0000000791200000|100%| E|CS|TAMS 0x0000000791000000| PB 0x0000000791000000| Complete 
| 649|0x0000000791200000, 0x0000000791400000, 0x0000000791400000|100%| E|CS|TAMS 0x0000000791200000| PB 0x0000000791200000| Complete 
| 650|0x0000000791400000, 0x0000000791600000, 0x0000000791600000|100%| E|CS|TAMS 0x0000000791400000| PB 0x0000000791400000| Complete 
| 651|0x0000000791600000, 0x0000000791800000, 0x0000000791800000|100%| E|CS|TAMS 0x0000000791600000| PB 0x0000000791600000| Complete 
| 652|0x0000000791800000, 0x0000000791a00000, 0x0000000791a00000|100%| E|CS|TAMS 0x0000000791800000| PB 0x0000000791800000| Complete 
| 653|0x0000000791a00000, 0x0000000791c00000, 0x0000000791c00000|100%| E|CS|TAMS 0x0000000791a00000| PB 0x0000000791a00000| Complete 
| 654|0x0000000791c00000, 0x0000000791e00000, 0x0000000791e00000|100%| E|CS|TAMS 0x0000000791c00000| PB 0x0000000791c00000| Complete 
| 655|0x0000000791e00000, 0x0000000792000000, 0x0000000792000000|100%| E|CS|TAMS 0x0000000791e00000| PB 0x0000000791e00000| Complete 
| 656|0x0000000792000000, 0x0000000792200000, 0x0000000792200000|100%| E|CS|TAMS 0x0000000792000000| PB 0x0000000792000000| Complete 
| 657|0x0000000792200000, 0x0000000792400000, 0x0000000792400000|100%| E|CS|TAMS 0x0000000792200000| PB 0x0000000792200000| Complete 
| 658|0x0000000792400000, 0x0000000792600000, 0x0000000792600000|100%| E|CS|TAMS 0x0000000792400000| PB 0x0000000792400000| Complete 
| 659|0x0000000792600000, 0x0000000792800000, 0x0000000792800000|100%| E|CS|TAMS 0x0000000792600000| PB 0x0000000792600000| Complete 
| 660|0x0000000792800000, 0x0000000792a00000, 0x0000000792a00000|100%| E|CS|TAMS 0x0000000792800000| PB 0x0000000792800000| Complete 
| 661|0x0000000792a00000, 0x0000000792c00000, 0x0000000792c00000|100%| E|CS|TAMS 0x0000000792a00000| PB 0x0000000792a00000| Complete 
| 662|0x0000000792c00000, 0x0000000792e00000, 0x0000000792e00000|100%| E|CS|TAMS 0x0000000792c00000| PB 0x0000000792c00000| Complete 
| 663|0x0000000792e00000, 0x0000000793000000, 0x0000000793000000|100%| E|CS|TAMS 0x0000000792e00000| PB 0x0000000792e00000| Complete 
| 664|0x0000000793000000, 0x0000000793200000, 0x0000000793200000|100%| E|CS|TAMS 0x0000000793000000| PB 0x0000000793000000| Complete 
| 665|0x0000000793200000, 0x0000000793400000, 0x0000000793400000|100%| E|CS|TAMS 0x0000000793200000| PB 0x0000000793200000| Complete 
| 666|0x0000000793400000, 0x0000000793600000, 0x0000000793600000|100%| E|CS|TAMS 0x0000000793400000| PB 0x0000000793400000| Complete 
| 667|0x0000000793600000, 0x0000000793800000, 0x0000000793800000|100%| E|CS|TAMS 0x0000000793600000| PB 0x0000000793600000| Complete 
| 668|0x0000000793800000, 0x0000000793a00000, 0x0000000793a00000|100%| E|CS|TAMS 0x0000000793800000| PB 0x0000000793800000| Complete 
| 669|0x0000000793a00000, 0x0000000793c00000, 0x0000000793c00000|100%| E|CS|TAMS 0x0000000793a00000| PB 0x0000000793a00000| Complete 
| 670|0x0000000793c00000, 0x0000000793e00000, 0x0000000793e00000|100%| E|CS|TAMS 0x0000000793c00000| PB 0x0000000793c00000| Complete 
| 671|0x0000000793e00000, 0x0000000794000000, 0x0000000794000000|100%| E|CS|TAMS 0x0000000793e00000| PB 0x0000000793e00000| Complete 
| 672|0x0000000794000000, 0x0000000794200000, 0x0000000794200000|100%| E|CS|TAMS 0x0000000794000000| PB 0x0000000794000000| Complete 
| 673|0x0000000794200000, 0x0000000794400000, 0x0000000794400000|100%| E|CS|TAMS 0x0000000794200000| PB 0x0000000794200000| Complete 
| 674|0x0000000794400000, 0x0000000794600000, 0x0000000794600000|100%| E|CS|TAMS 0x0000000794400000| PB 0x0000000794400000| Complete 
| 675|0x0000000794600000, 0x0000000794800000, 0x0000000794800000|100%| E|CS|TAMS 0x0000000794600000| PB 0x0000000794600000| Complete 
| 676|0x0000000794800000, 0x0000000794a00000, 0x0000000794a00000|100%| E|CS|TAMS 0x0000000794800000| PB 0x0000000794800000| Complete 
| 677|0x0000000794a00000, 0x0000000794c00000, 0x0000000794c00000|100%| E|CS|TAMS 0x0000000794a00000| PB 0x0000000794a00000| Complete 
| 678|0x0000000794c00000, 0x0000000794e00000, 0x0000000794e00000|100%| E|CS|TAMS 0x0000000794c00000| PB 0x0000000794c00000| Complete 
| 679|0x0000000794e00000, 0x0000000795000000, 0x0000000795000000|100%| E|CS|TAMS 0x0000000794e00000| PB 0x0000000794e00000| Complete 
| 680|0x0000000795000000, 0x0000000795200000, 0x0000000795200000|100%| E|CS|TAMS 0x0000000795000000| PB 0x0000000795000000| Complete 
| 681|0x0000000795200000, 0x0000000795400000, 0x0000000795400000|100%| E|CS|TAMS 0x0000000795200000| PB 0x0000000795200000| Complete 
| 682|0x0000000795400000, 0x0000000795600000, 0x0000000795600000|100%| E|CS|TAMS 0x0000000795400000| PB 0x0000000795400000| Complete 
| 683|0x0000000795600000, 0x0000000795800000, 0x0000000795800000|100%| E|CS|TAMS 0x0000000795600000| PB 0x0000000795600000| Complete 
| 684|0x0000000795800000, 0x0000000795a00000, 0x0000000795a00000|100%| E|CS|TAMS 0x0000000795800000| PB 0x0000000795800000| Complete 
| 685|0x0000000795a00000, 0x0000000795c00000, 0x0000000795c00000|100%| E|CS|TAMS 0x0000000795a00000| PB 0x0000000795a00000| Complete 
| 686|0x0000000795c00000, 0x0000000795e00000, 0x0000000795e00000|100%| E|CS|TAMS 0x0000000795c00000| PB 0x0000000795c00000| Complete 
| 687|0x0000000795e00000, 0x0000000796000000, 0x0000000796000000|100%| E|CS|TAMS 0x0000000795e00000| PB 0x0000000795e00000| Complete 
| 688|0x0000000796000000, 0x0000000796200000, 0x0000000796200000|100%| E|CS|TAMS 0x0000000796000000| PB 0x0000000796000000| Complete 
| 689|0x0000000796200000, 0x0000000796400000, 0x0000000796400000|100%| E|CS|TAMS 0x0000000796200000| PB 0x0000000796200000| Complete 
|1524|0x00000007fe800000, 0x00000007fea00000, 0x00000007fea00000|100%| E|CS|TAMS 0x00000007fe800000| PB 0x00000007fe800000| Complete 
|1525|0x00000007fea00000, 0x00000007fec00000, 0x00000007fec00000|100%| E|CS|TAMS 0x00000007fea00000| PB 0x00000007fea00000| Complete 
|1526|0x00000007fec00000, 0x00000007fee00000, 0x00000007fee00000|100%| O|  |TAMS 0x00000007fec00000| PB 0x00000007fec00000| Untracked 
|1527|0x00000007fee00000, 0x00000007ff000000, 0x00000007ff000000|100%| O|  |TAMS 0x00000007fee00000| PB 0x00000007fee00000| Untracked 
|1528|0x00000007ff000000, 0x00000007ff200000, 0x00000007ff200000|100%| O|  |TAMS 0x00000007ff000000| PB 0x00000007ff000000| Untracked 
|1529|0x00000007ff200000, 0x00000007ff400000, 0x00000007ff400000|100%| O|  |TAMS 0x00000007ff200000| PB 0x00000007ff200000| Untracked 
|1530|0x00000007ff400000, 0x00000007ff600000, 0x00000007ff600000|100%| E|CS|TAMS 0x00000007ff400000| PB 0x00000007ff400000| Complete 
|1531|0x00000007ff600000, 0x00000007ff800000, 0x00000007ff800000|100%| E|CS|TAMS 0x00000007ff600000| PB 0x00000007ff600000| Complete 
|1532|0x00000007ff800000, 0x00000007ffa00000, 0x00000007ffa00000|100%| O|  |TAMS 0x00000007ff800000| PB 0x00000007ff800000| Untracked 
|1533|0x00000007ffa00000, 0x00000007ffc00000, 0x00000007ffc00000|100%| O|  |TAMS 0x00000007ffa00000| PB 0x00000007ffa00000| Untracked 
|1534|0x00000007ffc00000, 0x00000007ffe00000, 0x00000007ffe00000|100%| O|  |TAMS 0x00000007ffc00000| PB 0x00000007ffc00000| Untracked 
|1535|0x00000007ffe00000, 0x0000000800000000, 0x0000000800000000|100%| O|  |TAMS 0x00000007ffe00000| PB 0x00000007ffe00000| Untracked 

Card table byte_map: [0x0000017a2efa0000,0x0000017a2f5a0000] _byte_map_base: 0x0000017a2b5a0000

Marking Bits: (CMBitMap*) 0x0000017a165f6b10
 Bits: [0x0000017a2f5a0000, 0x0000017a325a0000)

Polling page: 0x0000017a14d90000

Metaspace:

Usage:
  Non-class:     97.17 MB used.
      Class:     15.34 MB used.
       Both:    112.52 MB used.

Virtual space:
  Non-class space:      128.00 MB reserved,      98.38 MB ( 77%) committed,  2 nodes.
      Class space:        1.00 GB reserved,      16.50 MB (  2%) committed,  1 nodes.
             Both:        1.12 GB reserved,     114.88 MB ( 10%) committed. 

Chunk freelists:
   Non-Class:  13.08 MB
       Class:  15.41 MB
        Both:  28.49 MB

MaxMetaspaceSize: unlimited
CompressedClassSpaceSize: 1.00 GB
Initial GC threshold: 21.00 MB
Current GC threshold: 189.50 MB
CDS: on
 - commit_granule_bytes: 65536.
 - commit_granule_words: 8192.
 - virtual_space_node_default_size: 8388608.
 - enlarge_chunks_in_place: 1.
 - use_allocation_guard: 0.


Internal statistics:

num_allocs_failed_limit: 15.
num_arena_births: 4258.
num_arena_deaths: 0.
num_vsnodes_births: 3.
num_vsnodes_deaths: 0.
num_space_committed: 1837.
num_space_uncommitted: 0.
num_chunks_returned_to_freelist: 15.
num_chunks_taken_from_freelist: 9549.
num_chunk_merges: 12.
num_chunk_splits: 6280.
num_chunks_enlarged: 4027.
num_inconsistent_stats: 0.

CodeHeap 'non-profiled nmethods': size=120000Kb used=11583Kb max_used=11583Kb free=108416Kb
 bounds [0x0000017a267e0000, 0x0000017a27330000, 0x0000017a2dd10000]
CodeHeap 'profiled nmethods': size=120000Kb used=29124Kb max_used=29613Kb free=90875Kb
 bounds [0x0000017a1ed10000, 0x0000017a20a30000, 0x0000017a26240000]
CodeHeap 'non-nmethods': size=5760Kb used=2998Kb max_used=3054Kb free=2762Kb
 bounds [0x0000017a26240000, 0x0000017a26550000, 0x0000017a267e0000]
 total_blobs=16526 nmethods=15472 adapters=956
 compilation: enabled
              stopped_count=0, restarted_count=0
 full_count=0

Compilation events (20 events):
Event: 18.151 Thread 0x0000017a7d9e45c0 nmethod 17922 0x0000017a2731fc90 code [0x0000017a2731fe20, 0x0000017a2731ff80]
Event: 18.151 Thread 0x0000017a7d9e45c0 18162       4       com.android.tools.r8.internal.QD::b (2 bytes)
Event: 18.151 Thread 0x0000017a7d9e45c0 nmethod 18162 0x0000017a27320010 code [0x0000017a273201a0, 0x0000017a27320228]
Event: 18.151 Thread 0x0000017a7d9e45c0 18006       4       com.android.tools.r8.graph.i0::a (5 bytes)
Event: 18.152 Thread 0x0000017a7d9e45c0 nmethod 18006 0x0000017a27320310 code [0x0000017a273204a0, 0x0000017a27320548]
Event: 18.152 Thread 0x0000017a7d9e45c0 17828       4       com.android.tools.r8.graph.h::g (15 bytes)
Event: 18.152 Thread 0x0000017a7d9e45c0 nmethod 17828 0x0000017a27320610 code [0x0000017a273207a0, 0x0000017a27320830]
Event: 18.152 Thread 0x0000017a7d9e45c0 18129       4       com.android.tools.r8.internal.ia::M (14 bytes)
Event: 18.152 Thread 0x0000017a7d9e45c0 nmethod 18129 0x0000017a27320910 code [0x0000017a27320aa0, 0x0000017a27320b50]
Event: 18.152 Thread 0x0000017a7d9e45c0 18014       4       com.android.tools.r8.internal.F2$$Lambda/0x0000017a3803d7e0::apply (20 bytes)
Event: 18.165 Thread 0x0000017a7d9e4c90 nmethod 18121 0x0000017a27320c10 code [0x0000017a27320f40, 0x0000017a27322648]
Event: 18.165 Thread 0x0000017a7d9e4c90 18011       4       com.android.tools.r8.internal.F2::a (97 bytes)
Event: 18.188 Thread 0x0000017a7d9e45c0 nmethod 18014 0x0000017a27323990 code [0x0000017a27323d60, 0x0000017a27325b38]
Event: 18.188 Thread 0x0000017a7d9e45c0 18019       4       com.android.tools.r8.graph.B2::n0 (2 bytes)
Event: 18.188 Thread 0x0000017a7d9e45c0 nmethod 18019 0x0000017a27327190 code [0x0000017a27327320, 0x0000017a273273a8]
Event: 18.188 Thread 0x0000017a7d9e45c0 17481       4       com.android.tools.r8.graph.c5$c::a (22 bytes)
Event: 18.189 Thread 0x0000017a7d9e45c0 nmethod 17481 0x0000017a27327490 code [0x0000017a27327620, 0x0000017a27327740]
Event: 18.189 Thread 0x0000017a7d9e45c0 18135       4       com.android.tools.r8.graph.t3::a (52 bytes)
Event: 18.191 Thread 0x0000017a7d9e45c0 nmethod 18135 0x0000017a27327810 code [0x0000017a27327a00, 0x0000017a27327d98]
Event: 18.191 Thread 0x0000017a7d9e45c0 18023       4       com.android.tools.r8.internal.F2::b (62 bytes)

GC Heap History (20 events):
Event: 13.677 GC heap before
{Heap before GC invocations=42 (full 0):
 garbage-first heap   total 335872K, used 292864K [0x0000000740000000, 0x0000000800000000)
  region size 2048K, 37 young (75776K), 6 survivors (12288K)
 Metaspace       used 106382K, committed 108736K, reserved 1179648K
  class space    used 14526K, committed 15680K, reserved 1048576K
}
Event: 13.697 GC heap after
{Heap after GC invocations=43 (full 0):
 garbage-first heap   total 649216K, used 248561K [0x0000000740000000, 0x0000000800000000)
  region size 2048K, 5 young (10240K), 5 survivors (10240K)
 Metaspace       used 106382K, committed 108736K, reserved 1179648K
  class space    used 14526K, committed 15680K, reserved 1048576K
}
Event: 14.048 GC heap before
{Heap before GC invocations=44 (full 0):
 garbage-first heap   total 649216K, used 500465K [0x0000000740000000, 0x0000000800000000)
  region size 2048K, 126 young (258048K), 5 survivors (10240K)
 Metaspace       used 106519K, committed 108992K, reserved 1179648K
  class space    used 14535K, committed 15744K, reserved 1048576K
}
Event: 14.091 GC heap after
{Heap after GC invocations=45 (full 0):
 garbage-first heap   total 649216K, used 317440K [0x0000000740000000, 0x0000000800000000)
  region size 2048K, 16 young (32768K), 16 survivors (32768K)
 Metaspace       used 106519K, committed 108992K, reserved 1179648K
  class space    used 14535K, committed 15744K, reserved 1048576K
}
Event: 14.514 GC heap before
{Heap before GC invocations=45 (full 0):
 garbage-first heap   total 649216K, used 503808K [0x0000000740000000, 0x0000000800000000)
  region size 2048K, 108 young (221184K), 16 survivors (32768K)
 Metaspace       used 106605K, committed 109056K, reserved 1179648K
  class space    used 14535K, committed 15744K, reserved 1048576K
}
Event: 14.558 GC heap after
{Heap after GC invocations=46 (full 0):
 garbage-first heap   total 649216K, used 360448K [0x0000000740000000, 0x0000000800000000)
  region size 2048K, 14 young (28672K), 14 survivors (28672K)
 Metaspace       used 106605K, committed 109056K, reserved 1179648K
  class space    used 14535K, committed 15744K, reserved 1048576K
}
Event: 15.066 GC heap before
{Heap before GC invocations=46 (full 0):
 garbage-first heap   total 649216K, used 530432K [0x0000000740000000, 0x0000000800000000)
  region size 2048K, 97 young (198656K), 14 survivors (28672K)
 Metaspace       used 109236K, committed 111616K, reserved 1179648K
  class space    used 14892K, committed 16064K, reserved 1048576K
}
Event: 15.090 GC heap after
{Heap after GC invocations=47 (full 0):
 garbage-first heap   total 649216K, used 385772K [0x0000000740000000, 0x0000000800000000)
  region size 2048K, 11 young (22528K), 11 survivors (22528K)
 Metaspace       used 109236K, committed 111616K, reserved 1179648K
  class space    used 14892K, committed 16064K, reserved 1048576K
}
Event: 15.325 GC heap before
{Heap before GC invocations=47 (full 0):
 garbage-first heap   total 649216K, used 551660K [0x0000000740000000, 0x0000000800000000)
  region size 2048K, 92 young (188416K), 11 survivors (22528K)
 Metaspace       used 109268K, committed 111680K, reserved 1179648K
  class space    used 14893K, committed 16064K, reserved 1048576K
}
Event: 15.335 GC heap after
{Heap after GC invocations=48 (full 0):
 garbage-first heap   total 649216K, used 391029K [0x0000000740000000, 0x0000000800000000)
  region size 2048K, 3 young (6144K), 3 survivors (6144K)
 Metaspace       used 109268K, committed 111680K, reserved 1179648K
  class space    used 14893K, committed 16064K, reserved 1048576K
}
Event: 15.427 GC heap before
{Heap before GC invocations=49 (full 0):
 garbage-first heap   total 649216K, used 563061K [0x0000000740000000, 0x0000000800000000)
  region size 2048K, 88 young (180224K), 3 survivors (6144K)
 Metaspace       used 109268K, committed 111680K, reserved 1179648K
  class space    used 14893K, committed 16064K, reserved 1048576K
}
Event: 15.431 GC heap after
{Heap after GC invocations=50 (full 0):
 garbage-first heap   total 649216K, used 389589K [0x0000000740000000, 0x0000000800000000)
  region size 2048K, 2 young (4096K), 2 survivors (4096K)
 Metaspace       used 109268K, committed 111680K, reserved 1179648K
  class space    used 14893K, committed 16064K, reserved 1048576K
}
Event: 16.048 GC heap before
{Heap before GC invocations=50 (full 0):
 garbage-first heap   total 649216K, used 596437K [0x0000000740000000, 0x0000000800000000)
  region size 2048K, 94 young (192512K), 2 survivors (4096K)
 Metaspace       used 112273K, committed 114688K, reserved 1179648K
  class space    used 15276K, committed 16448K, reserved 1048576K
}
Event: 16.055 GC heap after
{Heap after GC invocations=51 (full 0):
 garbage-first heap   total 649216K, used 400801K [0x0000000740000000, 0x0000000800000000)
  region size 2048K, 7 young (14336K), 7 survivors (14336K)
 Metaspace       used 112273K, committed 114688K, reserved 1179648K
  class space    used 15276K, committed 16448K, reserved 1048576K
}
Event: 16.341 GC heap before
{Heap before GC invocations=51 (full 0):
 garbage-first heap   total 649216K, used 587169K [0x0000000740000000, 0x0000000800000000)
  region size 2048K, 98 young (200704K), 7 survivors (14336K)
 Metaspace       used 113888K, committed 116352K, reserved 1179648K
  class space    used 15500K, committed 16704K, reserved 1048576K
}
Event: 16.356 GC heap after
{Heap after GC invocations=52 (full 0):
 garbage-first heap   total 649216K, used 416571K [0x0000000740000000, 0x0000000800000000)
  region size 2048K, 13 young (26624K), 13 survivors (26624K)
 Metaspace       used 113888K, committed 116352K, reserved 1179648K
  class space    used 15500K, committed 16704K, reserved 1048576K
}
Event: 16.698 GC heap before
{Heap before GC invocations=53 (full 0):
 garbage-first heap   total 696320K, used 584507K [0x0000000740000000, 0x0000000800000000)
  region size 2048K, 96 young (196608K), 13 survivors (26624K)
 Metaspace       used 113961K, committed 116416K, reserved 1179648K
  class space    used 15506K, committed 16704K, reserved 1048576K
}
Event: 16.720 GC heap after
{Heap after GC invocations=54 (full 0):
 garbage-first heap   total 696320K, used 440438K [0x0000000740000000, 0x0000000800000000)
  region size 2048K, 12 young (24576K), 12 survivors (24576K)
 Metaspace       used 113961K, committed 116416K, reserved 1179648K
  class space    used 15506K, committed 16704K, reserved 1048576K
}
Event: 17.023 GC heap before
{Heap before GC invocations=54 (full 0):
 garbage-first heap   total 696320K, used 632950K [0x0000000740000000, 0x0000000800000000)
  region size 2048K, 106 young (217088K), 12 survivors (24576K)
 Metaspace       used 113976K, committed 116416K, reserved 1179648K
  class space    used 15506K, committed 16704K, reserved 1048576K
}
Event: 17.045 GC heap after
{Heap after GC invocations=55 (full 0):
 garbage-first heap   total 1437696K, used 458369K [0x0000000740000000, 0x0000000800000000)
  region size 2048K, 12 young (24576K), 12 survivors (24576K)
 Metaspace       used 113976K, committed 116416K, reserved 1179648K
  class space    used 15506K, committed 16704K, reserved 1048576K
}

Dll operation events (15 events):
Event: 0.006 Loaded shared library C:\Users\vfxno\AppData\Local\Programs\Eclipse Adoptium\jdk-21.0.6.7-hotspot\bin\java.dll
Event: 0.029 Loaded shared library C:\Users\vfxno\AppData\Local\Programs\Eclipse Adoptium\jdk-21.0.6.7-hotspot\bin\jsvml.dll
Event: 0.057 Loaded shared library C:\Users\vfxno\AppData\Local\Programs\Eclipse Adoptium\jdk-21.0.6.7-hotspot\bin\zip.dll
Event: 0.059 Loaded shared library C:\Users\vfxno\AppData\Local\Programs\Eclipse Adoptium\jdk-21.0.6.7-hotspot\bin\instrument.dll
Event: 0.063 Loaded shared library C:\Users\vfxno\AppData\Local\Programs\Eclipse Adoptium\jdk-21.0.6.7-hotspot\bin\net.dll
Event: 0.064 Loaded shared library C:\Users\vfxno\AppData\Local\Programs\Eclipse Adoptium\jdk-21.0.6.7-hotspot\bin\nio.dll
Event: 0.066 Loaded shared library C:\Users\vfxno\AppData\Local\Programs\Eclipse Adoptium\jdk-21.0.6.7-hotspot\bin\zip.dll
Event: 0.206 Loaded shared library C:\Users\vfxno\AppData\Local\Programs\Eclipse Adoptium\jdk-21.0.6.7-hotspot\bin\jimage.dll
Event: 0.279 Loaded shared library C:\Users\vfxno\AppData\Local\Programs\Eclipse Adoptium\jdk-21.0.6.7-hotspot\bin\verify.dll
Event: 0.340 Loaded shared library C:\Users\vfxno\.gradle\native\1def1411415f61bf3af743bc5b6707747c0891f09f0c88961ee8f79bc544acac\windows-amd64\native-platform.dll
Event: 0.347 Loaded shared library C:\Users\vfxno\.gradle\native\0.2.7\x86_64-windows-gnu\gradle-fileevents.dll
Event: 1.037 Loaded shared library C:\Users\vfxno\AppData\Local\Programs\Eclipse Adoptium\jdk-21.0.6.7-hotspot\bin\management.dll
Event: 1.038 Loaded shared library C:\Users\vfxno\AppData\Local\Programs\Eclipse Adoptium\jdk-21.0.6.7-hotspot\bin\management_ext.dll
Event: 1.119 Loaded shared library C:\Users\vfxno\AppData\Local\Programs\Eclipse Adoptium\jdk-21.0.6.7-hotspot\bin\extnet.dll
Event: 1.265 Loaded shared library C:\Users\vfxno\AppData\Local\Programs\Eclipse Adoptium\jdk-21.0.6.7-hotspot\bin\sunmscapi.dll

Deoptimization events (20 events):
Event: 18.182 Thread 0x0000017a02e2d9f0 Uncommon trap: trap_request=0xffffffde fr.pc=0x0000017a270b60cc relative=0x000000000000010c
Event: 18.182 Thread 0x0000017a02e2d9f0 Uncommon trap: reason=class_check action=maybe_recompile pc=0x0000017a270b60cc method=com.android.tools.r8.internal.yf.a(Ljava/util/function/ToIntFunction;)Lcom/android/tools/r8/internal/Jr0; @ 19 c2
Event: 18.182 Thread 0x0000017a02e2d9f0 DEOPT PACKING pc=0x0000017a270b60cc sp=0x0000007108afcac0
Event: 18.182 Thread 0x0000017a02e2d9f0 DEOPT UNPACKING pc=0x0000017a262946a2 sp=0x0000007108afca60 mode 2
Event: 18.182 Thread 0x0000017a02e2d9f0 Uncommon trap: trap_request=0xffffffde fr.pc=0x0000017a2707b984 relative=0x0000000000000144
Event: 18.182 Thread 0x0000017a02e2d9f0 Uncommon trap: reason=class_check action=maybe_recompile pc=0x0000017a2707b984 method=com.android.tools.r8.internal.Gr0$$Lambda/0x0000017a37f38a20.a(Ljava/lang/Object;Ljava/lang/Object;Lcom/android/tools/r8/internal/xf;)I @ 1 c2
Event: 18.182 Thread 0x0000017a02e2d9f0 DEOPT PACKING pc=0x0000017a2707b984 sp=0x0000007108afce10
Event: 18.182 Thread 0x0000017a02e2d9f0 DEOPT UNPACKING pc=0x0000017a262946a2 sp=0x0000007108afcdc0 mode 2
Event: 18.182 Thread 0x0000017a02e2d9f0 Uncommon trap: trap_request=0xffffffde fr.pc=0x0000017a2707c020 relative=0x0000000000000140
Event: 18.182 Thread 0x0000017a02e2d9f0 Uncommon trap: reason=class_check action=maybe_recompile pc=0x0000017a2707c020 method=com.android.tools.r8.internal.zf.a(Ljava/lang/Object;Ljava/lang/Object;Lcom/android/tools/r8/internal/Hr0;)I @ 13 c2
Event: 18.182 Thread 0x0000017a02e2d9f0 DEOPT PACKING pc=0x0000017a2707c020 sp=0x0000007108afcd30
Event: 18.182 Thread 0x0000017a02e2d9f0 DEOPT UNPACKING pc=0x0000017a262946a2 sp=0x0000007108afccc8 mode 2
Event: 18.182 Thread 0x0000017a02e2d9f0 Uncommon trap: trap_request=0xffffffde fr.pc=0x0000017a270b60cc relative=0x000000000000010c
Event: 18.182 Thread 0x0000017a02e2d9f0 Uncommon trap: reason=class_check action=maybe_recompile pc=0x0000017a270b60cc method=com.android.tools.r8.internal.yf.a(Ljava/util/function/ToIntFunction;)Lcom/android/tools/r8/internal/Jr0; @ 19 c2
Event: 18.182 Thread 0x0000017a02e2d9f0 DEOPT PACKING pc=0x0000017a270b60cc sp=0x0000007108afcab0
Event: 18.182 Thread 0x0000017a02e2d9f0 DEOPT UNPACKING pc=0x0000017a262946a2 sp=0x0000007108afca50 mode 2
Event: 18.182 Thread 0x0000017a02e2d9f0 Uncommon trap: trap_request=0xffffffde fr.pc=0x0000017a270b60cc relative=0x000000000000010c
Event: 18.182 Thread 0x0000017a02e2d9f0 Uncommon trap: reason=class_check action=maybe_recompile pc=0x0000017a270b60cc method=com.android.tools.r8.internal.yf.a(Ljava/util/function/ToIntFunction;)Lcom/android/tools/r8/internal/Jr0; @ 19 c2
Event: 18.182 Thread 0x0000017a02e2d9f0 DEOPT PACKING pc=0x0000017a270b60cc sp=0x0000007108afcab0
Event: 18.182 Thread 0x0000017a02e2d9f0 DEOPT UNPACKING pc=0x0000017a262946a2 sp=0x0000007108afca50 mode 2

Classes loaded (20 events):
Event: 12.695 Loading class java/nio/file/FileTreeIterator
Event: 12.695 Loading class java/nio/file/FileTreeIterator done
Event: 13.145 Loading class java/io/UTFDataFormatException
Event: 13.145 Loading class java/io/UTFDataFormatException done
Event: 13.365 Loading class java/util/concurrent/ForkJoinTask$AdaptedCallable
Event: 13.365 Loading class java/util/concurrent/ForkJoinTask$AdaptedCallable done
Event: 13.559 Loading class java/util/concurrent/ConcurrentHashMap$TreeNode
Event: 13.559 Loading class java/util/concurrent/ConcurrentHashMap$TreeNode done
Event: 13.560 Loading class java/util/concurrent/ConcurrentHashMap$TreeBin
Event: 13.560 Loading class java/util/concurrent/ConcurrentHashMap$TreeBin done
Event: 13.955 Loading class java/util/concurrent/ConcurrentLinkedQueue$Itr
Event: 13.955 Loading class java/util/concurrent/ConcurrentLinkedQueue$Itr done
Event: 14.674 Loading class java/util/IdentityHashMap$EntrySet
Event: 14.674 Loading class java/util/IdentityHashMap$EntrySet done
Event: 15.688 Loading class java/util/concurrent/ConcurrentLinkedDeque
Event: 15.688 Loading class java/util/concurrent/ConcurrentLinkedDeque done
Event: 15.688 Loading class java/util/concurrent/ConcurrentLinkedDeque$Node
Event: 15.688 Loading class java/util/concurrent/ConcurrentLinkedDeque$Node done
Event: 15.793 Loading class java/util/IdentityHashMap$ValueIterator
Event: 15.793 Loading class java/util/IdentityHashMap$ValueIterator done

Classes unloaded (0 events):
No events

Classes redefined (0 events):
No events

Internal exceptions (20 events):
Event: 13.861 Thread 0x0000017a02e33c60 Implicit null exception at 0x0000017a26f3db45 to 0x0000017a26f3dfa3
Event: 13.927 Thread 0x0000017a02e39840 Implicit null exception at 0x0000017a26e39975 to 0x0000017a26e39ec8
Event: 14.143 Thread 0x0000017a0252d170 Exception <a 'sun/nio/fs/WindowsException'{0x0000000764d02530}> (0x0000000764d02530) 
thrown [s\src\hotspot\share\prims\jni.cpp, line 520]
Event: 14.159 Thread 0x0000017a02530c80 Exception <a 'sun/nio/fs/WindowsException'{0x0000000764651388}> (0x0000000764651388) 
thrown [s\src\hotspot\share\prims\jni.cpp, line 520]
Event: 14.161 Thread 0x0000017a02530c80 Exception <a 'sun/nio/fs/WindowsException'{0x0000000764733b88}> (0x0000000764733b88) 
thrown [s\src\hotspot\share\prims\jni.cpp, line 520]
Event: 14.162 Thread 0x0000017a02530c80 Exception <a 'sun/nio/fs/WindowsException'{0x0000000764735bf8}> (0x0000000764735bf8) 
thrown [s\src\hotspot\share\prims\jni.cpp, line 520]
Event: 14.740 Thread 0x0000017a02e2d9f0 Exception <a 'java/lang/IncompatibleClassChangeError'{0x0000000763c89cb0}: Found class java.lang.Object, but interface was expected> (0x0000000763c89cb0) 
thrown [s\src\hotspot\share\interpreter\linkResolver.cpp, line 840]
Event: 14.742 Thread 0x0000017a02e2d9f0 Exception <a 'java/lang/IncompatibleClassChangeError'{0x0000000763c9faf0}: Found class java.lang.Object, but interface was expected> (0x0000000763c9faf0) 
thrown [s\src\hotspot\share\interpreter\linkResolver.cpp, line 840]
Event: 14.742 Thread 0x0000017a02e2d9f0 Exception <a 'java/lang/IncompatibleClassChangeError'{0x0000000763ca3858}: Found class java.lang.Object, but interface was expected> (0x0000000763ca3858) 
thrown [s\src\hotspot\share\interpreter\linkResolver.cpp, line 840]
Event: 14.762 Thread 0x0000017a02e2d9f0 Implicit null exception at 0x0000017a269d354a to 0x0000017a269d3d0c
Event: 14.824 Thread 0x0000017a02e2d9f0 Exception <a 'java/lang/NoSuchMethodError'{0x0000000763490cc0}: 'void java.lang.invoke.DirectMethodHandle$Holder.invokeStaticInit(java.lang.Object)'> (0x0000000763490cc0) 
thrown [s\src\hotspot\share\interpreter\linkResolver.cpp, line 773]
Event: 15.018 Thread 0x0000017a02e36a50 Exception <a 'java/lang/NoSuchMethodError'{0x000000075d4fbcb0}: 'void java.lang.invoke.DirectMethodHandle$Holder.invokeSpecial(java.lang.Object, java.lang.Object, java.lang.Object, java.lang.Object, java.lang.Object, java.lang.Object, java.lang.Object, java.lang.Object, java.lang.Object, java.lang.Object)'> (0x000000075d4fbcb0) 
thrown [s\src\hotspot\share\interpreter\linkResolver.cpp, line 773]
Event: 15.594 Thread 0x0000017a02e2d9f0 Exception <a 'java/lang/NoSuchMethodError'{0x000000076095ed30}: 'java.lang.Object java.lang.invoke.DirectMethodHandle$Holder.invokeStatic(java.lang.Object, int, java.lang.Object, java.lang.Object)'> (0x000000076095ed30) 
thrown [s\src\hotspot\share\interpreter\linkResolver.cpp, line 773]
Event: 15.595 Thread 0x0000017a02e2d9f0 Exception <a 'java/lang/NoSuchMethodError'{0x000000076096fc38}: 'java.lang.Object java.lang.invoke.DirectMethodHandle$Holder.invokeStatic(java.lang.Object, java.lang.Object, int, java.lang.Object, java.lang.Object)'> (0x000000076096fc38) 
thrown [s\src\hotspot\share\interpreter\linkResolver.cpp, line 773]
Event: 15.616 Thread 0x0000017a02e2d9f0 Exception <a 'java/lang/NoSuchMethodError'{0x00000007607998a8}: 'void java.lang.invoke.DirectMethodHandle$Holder.invokeStatic(java.lang.Object, java.lang.Object, int)'> (0x00000007607998a8) 
thrown [s\src\hotspot\share\interpreter\linkResolver.cpp, line 773]
Event: 15.622 Thread 0x0000017a02e2d9f0 Exception <a 'java/lang/NoSuchMethodError'{0x0000000760410a60}: 'void java.lang.invoke.DirectMethodHandle$Holder.invokeStatic(java.lang.Object, java.lang.Object, java.lang.Object, java.lang.Object, java.lang.Object, java.lang.Object, java.lang.Object)'> (0x0000000760410a60) 
thrown [s\src\hotspot\share\interpreter\linkResolver.cpp, line 773]
Event: 16.024 Thread 0x0000017a02e2d9f0 Implicit null exception at 0x0000017a271f5038 to 0x0000017a271f5860
Event: 16.283 Thread 0x0000017a02e32f40 Implicit null exception at 0x0000017a271bb4d4 to 0x0000017a271bb5fc
Event: 16.449 Thread 0x0000017a02e2d9f0 Implicit null exception at 0x0000017a271df3ba to 0x0000017a271df400
Event: 16.730 Thread 0x0000017a02e2d9f0 Implicit null exception at 0x0000017a26bb931d to 0x0000017a26bb93c3

ZGC Phase Switch (0 events):
No events

VM Operations (20 events):
Event: 17.023 Executing VM operation: G1CollectForAllocation (G1 Evacuation Pause)
Event: 17.045 Executing VM operation: G1CollectForAllocation (G1 Evacuation Pause) done
Event: 18.022 Executing VM operation: ICBufferFull
Event: 18.022 Executing VM operation: ICBufferFull done
Event: 18.092 Executing VM operation: HandshakeAllThreads (Deoptimize)
Event: 18.092 Executing VM operation: HandshakeAllThreads (Deoptimize) done
Event: 18.106 Executing VM operation: HandshakeAllThreads (Deoptimize)
Event: 18.106 Executing VM operation: HandshakeAllThreads (Deoptimize) done
Event: 18.109 Executing VM operation: HandshakeAllThreads (Deoptimize)
Event: 18.109 Executing VM operation: HandshakeAllThreads (Deoptimize) done
Event: 18.157 Executing VM operation: HandshakeAllThreads (Deoptimize)
Event: 18.158 Executing VM operation: HandshakeAllThreads (Deoptimize) done
Event: 18.163 Executing VM operation: HandshakeAllThreads (Deoptimize)
Event: 18.163 Executing VM operation: HandshakeAllThreads (Deoptimize) done
Event: 18.165 Executing VM operation: HandshakeAllThreads (Deoptimize)
Event: 18.165 Executing VM operation: HandshakeAllThreads (Deoptimize) done
Event: 18.177 Executing VM operation: HandshakeAllThreads (Deoptimize)
Event: 18.178 Executing VM operation: HandshakeAllThreads (Deoptimize) done
Event: 19.178 Executing VM operation: Cleanup
Event: 19.178 Executing VM operation: Cleanup done

Memory protections (0 events):
No events

Nmethod flushes (20 events):
Event: 16.600 Thread 0x0000017a351cf140 flushing  nmethod 0x0000017a203cfb10
Event: 16.600 Thread 0x0000017a351cf140 flushing  nmethod 0x0000017a203d1d90
Event: 16.600 Thread 0x0000017a351cf140 flushing  nmethod 0x0000017a203d2610
Event: 16.600 Thread 0x0000017a351cf140 flushing  nmethod 0x0000017a203d2f90
Event: 16.600 Thread 0x0000017a351cf140 flushing  nmethod 0x0000017a203d3990
Event: 16.600 Thread 0x0000017a351cf140 flushing  nmethod 0x0000017a203d4090
Event: 16.600 Thread 0x0000017a351cf140 flushing  nmethod 0x0000017a203d5610
Event: 16.600 Thread 0x0000017a351cf140 flushing  nmethod 0x0000017a203d7790
Event: 16.600 Thread 0x0000017a351cf140 flushing  nmethod 0x0000017a203dd890
Event: 16.600 Thread 0x0000017a351cf140 flushing  nmethod 0x0000017a203de310
Event: 16.600 Thread 0x0000017a351cf140 flushing  nmethod 0x0000017a203df490
Event: 16.600 Thread 0x0000017a351cf140 flushing  nmethod 0x0000017a204b5e10
Event: 16.600 Thread 0x0000017a351cf140 flushing  nmethod 0x0000017a204b6990
Event: 16.600 Thread 0x0000017a351cf140 flushing  nmethod 0x0000017a204c4d90
Event: 16.600 Thread 0x0000017a351cf140 flushing  nmethod 0x0000017a204c6790
Event: 16.600 Thread 0x0000017a351cf140 flushing  nmethod 0x0000017a204c6d10
Event: 16.600 Thread 0x0000017a351cf140 flushing  nmethod 0x0000017a20546910
Event: 16.600 Thread 0x0000017a351cf140 flushing  nmethod 0x0000017a20546f10
Event: 16.600 Thread 0x0000017a351cf140 flushing  nmethod 0x0000017a20591b90
Event: 16.600 Thread 0x0000017a351cf140 flushing  nmethod 0x0000017a20592690

Events (20 events):
Event: 11.986 Thread 0x0000017a0252bdc0 Thread added: 0x0000017a02c4a750
Event: 11.986 Thread 0x0000017a0252bdc0 Thread added: 0x0000017a02c4e260
Event: 11.986 Thread 0x0000017a0252bdc0 Thread added: 0x0000017a02c4ade0
Event: 12.459 Thread 0x0000017a7d9e4c90 Thread exited: 0x0000017a7d9e4c90
Event: 12.599 Thread 0x0000017a0252bdc0 Thread added: 0x0000017a02e2d9f0
Event: 12.627 Thread 0x0000017a3521a6f0 Thread added: 0x0000017a7d9e6ea0
Event: 13.024 Thread 0x0000017a7d9e6ea0 Thread exited: 0x0000017a7d9e6ea0
Event: 13.273 Thread 0x0000017a3521a6f0 Thread added: 0x0000017a7d9e4c90
Event: 13.366 Thread 0x0000017a02e2d9f0 Thread added: 0x0000017a02e363c0
Event: 13.366 Thread 0x0000017a02e2d9f0 Thread added: 0x0000017a02e35d30
Event: 13.366 Thread 0x0000017a02e363c0 Thread added: 0x0000017a02e33c60
Event: 13.366 Thread 0x0000017a02e35d30 Thread added: 0x0000017a02e32f40
Event: 13.366 Thread 0x0000017a02e2d9f0 Thread added: 0x0000017a02e38490
Event: 13.366 Thread 0x0000017a02e32f40 Thread added: 0x0000017a02e37770
Event: 13.366 Thread 0x0000017a02e33c60 Thread added: 0x0000017a02e391b0
Event: 13.367 Thread 0x0000017a02e38490 Thread added: 0x0000017a02e38b20
Event: 13.367 Thread 0x0000017a02e391b0 Thread added: 0x0000017a02e39840
Event: 13.367 Thread 0x0000017a02e37770 Thread added: 0x0000017a02e39ed0
Event: 13.367 Thread 0x0000017a02e38b20 Thread added: 0x0000017a02e37e00
Event: 13.367 Thread 0x0000017a02e39840 Thread added: 0x0000017a02e36a50


Dynamic libraries:
0x00007ff7ae300000 - 0x00007ff7ae30e000 	C:\Users\vfxno\AppData\Local\Programs\Eclipse Adoptium\jdk-21.0.6.7-hotspot\bin\java.exe
0x00007ffc01ce0000 - 0x00007ffc01f43000 	C:\WINDOWS\SYSTEM32\ntdll.dll
0x00007ffc00850000 - 0x00007ffc00917000 	C:\WINDOWS\System32\KERNEL32.DLL
0x00007ffbff310000 - 0x00007ffbff6d7000 	C:\WINDOWS\System32\KERNELBASE.dll
0x00007ffbff850000 - 0x00007ffbff99c000 	C:\WINDOWS\System32\ucrtbase.dll
0x00007ffbe3d80000 - 0x00007ffbe3d98000 	C:\Users\vfxno\AppData\Local\Programs\Eclipse Adoptium\jdk-21.0.6.7-hotspot\bin\jli.dll
0x00007ffbe08a0000 - 0x00007ffbe08be000 	C:\Users\vfxno\AppData\Local\Programs\Eclipse Adoptium\jdk-21.0.6.7-hotspot\bin\VCRUNTIME140.dll
0x00007ffc00920000 - 0x00007ffc00ae9000 	C:\WINDOWS\System32\USER32.dll
0x00007ffbff790000 - 0x00007ffbff7b7000 	C:\WINDOWS\System32\win32u.dll
0x00007ffc01bb0000 - 0x00007ffc01bda000 	C:\WINDOWS\System32\GDI32.dll
0x00007ffbe97b0000 - 0x00007ffbe9a40000 	C:\WINDOWS\WinSxS\amd64_microsoft.windows.common-controls_6595b64144ccf1df_6.0.26100.3037_none_3e09262ce333c378\COMCTL32.dll
0x00007ffbff1e0000 - 0x00007ffbff30b000 	C:\WINDOWS\System32\gdi32full.dll
0x00007ffc011d0000 - 0x00007ffc01279000 	C:\WINDOWS\System32\msvcrt.dll
0x00007ffbff6e0000 - 0x00007ffbff783000 	C:\WINDOWS\System32\msvcp_win.dll
0x00007ffbffc40000 - 0x00007ffbffc6f000 	C:\WINDOWS\System32\IMM32.DLL
0x00007ffbfbe00000 - 0x00007ffbfbe0c000 	C:\Users\vfxno\AppData\Local\Programs\Eclipse Adoptium\jdk-21.0.6.7-hotspot\bin\vcruntime140_1.dll
0x00007ffbd9030000 - 0x00007ffbd90bd000 	C:\Users\vfxno\AppData\Local\Programs\Eclipse Adoptium\jdk-21.0.6.7-hotspot\bin\msvcp140.dll
0x00007ffb51fd0000 - 0x00007ffb52d60000 	C:\Users\vfxno\AppData\Local\Programs\Eclipse Adoptium\jdk-21.0.6.7-hotspot\bin\server\jvm.dll
0x00007ffc01be0000 - 0x00007ffc01c94000 	C:\WINDOWS\System32\ADVAPI32.dll
0x00007ffc007a0000 - 0x00007ffc00846000 	C:\WINDOWS\System32\sechost.dll
0x00007ffc00e10000 - 0x00007ffc00f26000 	C:\WINDOWS\System32\RPCRT4.dll
0x00007ffbffbb0000 - 0x00007ffbffc24000 	C:\WINDOWS\System32\WS2_32.dll
0x00007ffbfd780000 - 0x00007ffbfd7ce000 	C:\WINDOWS\SYSTEM32\POWRPROF.dll
0x00007ffbf7240000 - 0x00007ffbf7276000 	C:\WINDOWS\SYSTEM32\WINMM.dll
0x00007ffbfcbf0000 - 0x00007ffbfcbfb000 	C:\WINDOWS\SYSTEM32\VERSION.dll
0x00007ffbfd7e0000 - 0x00007ffbfd7f4000 	C:\WINDOWS\SYSTEM32\UMPDC.dll
0x00007ffbfdfc0000 - 0x00007ffbfdfda000 	C:\WINDOWS\SYSTEM32\kernel.appcore.dll
0x00007ffbe4950000 - 0x00007ffbe495a000 	C:\Users\vfxno\AppData\Local\Programs\Eclipse Adoptium\jdk-21.0.6.7-hotspot\bin\jimage.dll
0x00007ffbf4260000 - 0x00007ffbf44a1000 	C:\WINDOWS\SYSTEM32\DBGHELP.DLL
0x00007ffc017c0000 - 0x00007ffc01b3e000 	C:\WINDOWS\System32\combase.dll
0x00007ffc00d30000 - 0x00007ffc00e06000 	C:\WINDOWS\System32\OLEAUT32.dll
0x00007ffbe7060000 - 0x00007ffbe7099000 	C:\WINDOWS\SYSTEM32\dbgcore.DLL
0x00007ffbff080000 - 0x00007ffbff119000 	C:\WINDOWS\System32\bcryptPrimitives.dll
0x00007ffbde2b0000 - 0x00007ffbde2bf000 	C:\Users\vfxno\AppData\Local\Programs\Eclipse Adoptium\jdk-21.0.6.7-hotspot\bin\instrument.dll
0x00007ffbe0880000 - 0x00007ffbe089f000 	C:\Users\vfxno\AppData\Local\Programs\Eclipse Adoptium\jdk-21.0.6.7-hotspot\bin\java.dll
0x00007ffc00090000 - 0x00007ffc00794000 	C:\WINDOWS\System32\SHELL32.dll
0x00007ffbfce70000 - 0x00007ffbfd6a7000 	C:\WINDOWS\SYSTEM32\windows.storage.dll
0x00007ffc010d0000 - 0x00007ffc011b9000 	C:\WINDOWS\System32\SHCORE.dll
0x00007ffc00cd0000 - 0x00007ffc00d2d000 	C:\WINDOWS\System32\shlwapi.dll
0x00007ffbfef90000 - 0x00007ffbfefbe000 	C:\WINDOWS\SYSTEM32\profapi.dll
0x00007ffb74bb0000 - 0x00007ffb74c87000 	C:\Users\vfxno\AppData\Local\Programs\Eclipse Adoptium\jdk-21.0.6.7-hotspot\bin\jsvml.dll
0x00007ffbdffa0000 - 0x00007ffbdffb8000 	C:\Users\vfxno\AppData\Local\Programs\Eclipse Adoptium\jdk-21.0.6.7-hotspot\bin\zip.dll
0x00007ffbe0a60000 - 0x00007ffbe0a70000 	C:\Users\vfxno\AppData\Local\Programs\Eclipse Adoptium\jdk-21.0.6.7-hotspot\bin\net.dll
0x00007ffbf8370000 - 0x00007ffbf848e000 	C:\WINDOWS\SYSTEM32\WINHTTP.dll
0x00007ffbfe4d0000 - 0x00007ffbfe53a000 	C:\WINDOWS\system32\mswsock.dll
0x00007ffbdffc0000 - 0x00007ffbdffd6000 	C:\Users\vfxno\AppData\Local\Programs\Eclipse Adoptium\jdk-21.0.6.7-hotspot\bin\nio.dll
0x00007ffbe0700000 - 0x00007ffbe0710000 	C:\Users\vfxno\AppData\Local\Programs\Eclipse Adoptium\jdk-21.0.6.7-hotspot\bin\verify.dll
0x00007ffbe83b0000 - 0x00007ffbe83d7000 	C:\Users\vfxno\.gradle\native\1def1411415f61bf3af743bc5b6707747c0891f09f0c88961ee8f79bc544acac\windows-amd64\native-platform.dll
0x00007ffb991d0000 - 0x00007ffb99248000 	C:\Users\vfxno\.gradle\native\0.2.7\x86_64-windows-gnu\gradle-fileevents.dll
0x00007ffbdff90000 - 0x00007ffbdff9a000 	C:\Users\vfxno\AppData\Local\Programs\Eclipse Adoptium\jdk-21.0.6.7-hotspot\bin\management.dll
0x00007ffbde5c0000 - 0x00007ffbde5cb000 	C:\Users\vfxno\AppData\Local\Programs\Eclipse Adoptium\jdk-21.0.6.7-hotspot\bin\management_ext.dll
0x00007ffbffc30000 - 0x00007ffbffc38000 	C:\WINDOWS\System32\PSAPI.DLL
0x00007ffbfdaa0000 - 0x00007ffbfdad2000 	C:\WINDOWS\SYSTEM32\IPHLPAPI.DLL
0x00007ffc00080000 - 0x00007ffc0008a000 	C:\WINDOWS\System32\NSI.dll
0x00007ffbde2c0000 - 0x00007ffbde2c9000 	C:\Users\vfxno\AppData\Local\Programs\Eclipse Adoptium\jdk-21.0.6.7-hotspot\bin\extnet.dll
0x00007ffbfe770000 - 0x00007ffbfe78c000 	C:\WINDOWS\SYSTEM32\CRYPTSP.dll
0x00007ffbfdf30000 - 0x00007ffbfdf68000 	C:\WINDOWS\system32\rsaenh.dll
0x00007ffbfe570000 - 0x00007ffbfe59b000 	C:\WINDOWS\SYSTEM32\USERENV.dll
0x00007ffbfe9b0000 - 0x00007ffbfe9d6000 	C:\WINDOWS\SYSTEM32\bcrypt.dll
0x00007ffbfe790000 - 0x00007ffbfe79c000 	C:\WINDOWS\SYSTEM32\CRYPTBASE.dll
0x00007ffbde2a0000 - 0x00007ffbde2ae000 	C:\Users\vfxno\AppData\Local\Programs\Eclipse Adoptium\jdk-21.0.6.7-hotspot\bin\sunmscapi.dll
0x00007ffbff9a0000 - 0x00007ffbffb16000 	C:\WINDOWS\System32\CRYPT32.dll
0x00007ffbfe970000 - 0x00007ffbfe9a0000 	C:\WINDOWS\SYSTEM32\ncrypt.dll
0x00007ffbfe920000 - 0x00007ffbfe95f000 	C:\WINDOWS\SYSTEM32\NTASN1.dll
0x00007ffbfbb60000 - 0x00007ffbfbb68000 	C:\WINDOWS\system32\wshunix.dll

dbghelp: loaded successfully - version: 4.0.5 - missing functions: none
symbol engine: initialized successfully - sym options: 0x614 - pdb path: .;C:\Users\vfxno\AppData\Local\Programs\Eclipse Adoptium\jdk-21.0.6.7-hotspot\bin;C:\WINDOWS\SYSTEM32;C:\WINDOWS\WinSxS\amd64_microsoft.windows.common-controls_6595b64144ccf1df_6.0.26100.3037_none_3e09262ce333c378;C:\Users\vfxno\AppData\Local\Programs\Eclipse Adoptium\jdk-21.0.6.7-hotspot\bin\server;C:\Users\vfxno\.gradle\native\1def1411415f61bf3af743bc5b6707747c0891f09f0c88961ee8f79bc544acac\windows-amd64;C:\Users\vfxno\.gradle\native\0.2.7\x86_64-windows-gnu

VM Arguments:
jvm_args: --add-opens=java.base/java.lang=ALL-UNNAMED --add-opens=java.base/java.lang.invoke=ALL-UNNAMED --add-opens=java.base/java.util=ALL-UNNAMED --add-opens=java.prefs/java.util.prefs=ALL-UNNAMED --add-exports=jdk.compiler/com.sun.tools.javac.api=ALL-UNNAMED --add-exports=jdk.compiler/com.sun.tools.javac.util=ALL-UNNAMED --add-opens=java.base/java.util=ALL-UNNAMED --add-opens=java.prefs/java.util.prefs=ALL-UNNAMED --add-opens=java.base/java.nio.charset=ALL-UNNAMED --add-opens=java.base/java.net=ALL-UNNAMED --add-opens=java.base/java.util.concurrent.atomic=ALL-UNNAMED --add-opens=java.xml/javax.xml.namespace=ALL-UNNAMED -Xmx3072m -Dfile.encoding=UTF-8 -Duser.country=GB -Duser.language=en -Duser.variant -javaagent:C:\Users\vfxno\.gradle\wrapper\dists\gradle-8.13-bin\5xuhj0ry160q40clulazy9h7d\gradle-8.13\lib\agents\gradle-instrumentation-agent-8.13.jar 
java_command: org.gradle.launcher.daemon.bootstrap.GradleDaemon 8.13
java_class_path (initial): C:\Users\vfxno\.gradle\wrapper\dists\gradle-8.13-bin\5xuhj0ry160q40clulazy9h7d\gradle-8.13\lib\gradle-daemon-main-8.13.jar
Launcher Type: SUN_STANDARD

[Global flags]
     intx CICompilerCount                          = 4                                         {product} {ergonomic}
     uint ConcGCThreads                            = 3                                         {product} {ergonomic}
     uint G1ConcRefinementThreads                  = 10                                        {product} {ergonomic}
   size_t G1HeapRegionSize                         = 2097152                                   {product} {ergonomic}
    uintx GCDrainStackTargetSize                   = 64                                        {product} {ergonomic}
   size_t InitialHeapSize                          = 264241152                                 {product} {ergonomic}
   size_t MarkStackSize                            = 4194304                                   {product} {ergonomic}
   size_t MaxHeapSize                              = 3221225472                                {product} {command line}
   size_t MaxNewSize                               = 1931476992                                {product} {ergonomic}
   size_t MinHeapDeltaBytes                        = 2097152                                   {product} {ergonomic}
   size_t MinHeapSize                              = 8388608                                   {product} {ergonomic}
    uintx NonNMethodCodeHeapSize                   = 5839372                                {pd product} {ergonomic}
    uintx NonProfiledCodeHeapSize                  = 122909434                              {pd product} {ergonomic}
    uintx ProfiledCodeHeapSize                     = 122909434                              {pd product} {ergonomic}
    uintx ReservedCodeCacheSize                    = 251658240                              {pd product} {ergonomic}
     bool SegmentedCodeCache                       = true                                      {product} {ergonomic}
   size_t SoftMaxHeapSize                          = 3221225472                             {manageable} {ergonomic}
     bool UseCompressedOops                        = true                           {product lp64_product} {ergonomic}
     bool UseG1GC                                  = true                                      {product} {ergonomic}
     bool UseLargePagesIndividualAllocation        = false                                  {pd product} {ergonomic}

Logging:
Log output configuration:
 #0: stdout all=warning uptime,level,tags foldmultilines=false
 #1: stderr all=off uptime,level,tags foldmultilines=false

Environment Variables:
CLASSPATH=C:\Users\vfxno\Downloads\moonlight-android\\gradle\wrapper\gradle-wrapper.jar
PATH=C:\VulkanSDK\1.4.309.0\Bin;C:\ProgramData\Scoop\GlobalScoopApps\shims;C:\WINDOWS\system32;C:\WINDOWS;C:\WINDOWS\System32\Wbem;C:\WINDOWS\System32\WindowsPowerShell\v1.0\;C:\WINDOWS\System32\OpenSSH\;C:\Program Files\NVIDIA Corporation\NVIDIA app\NvDLISR;C:\Program Files (x86)\NVIDIA Corporation\PhysX\Common;C:\Program Files\dotnet\;C:\ProgramData\Scoop\shims;C:\ProgramData\chocolatey\bin;C:\Program Files\Sunshine;C:\Program Files\Sunshine\tools;C:\Users\vfxno\AppData\Local\Programs\Python\Python313\Scripts\;C:\Users\vfxno\AppData\Local\Programs\Python\Python313\;C:\VulkanSDK\1.4.309.0\Bin;C:\Users\vfxno\AppData\Local\Programs\Eclipse Adoptium\jdk-21.0.6.7-hotspot\bin;C:\Users\vfxno\AppData\Local\Microsoft\WindowsApps;C:\Users\vfxno\AppData\Local\Programs\Microsoft VS Code\bin;C:\VulkanSDK;C:\VulkanSDK\1.4.309.0\Bin;C:\Users\vfxno\Documents\New folder;c:\Users\vfxno\AppData\Roaming\Code\User\globalStorage\github.copilot-chat\debugCommand
USERNAME=vfxno
LANG=en_US.UTF-8
OS=Windows_NT
PROCESSOR_IDENTIFIER=AMD64 Family 25 Model 80 Stepping 0, AuthenticAMD
TMP=C:\Users\vfxno\AppData\Local\Temp
TEMP=C:\Users\vfxno\AppData\Local\Temp




Periodic native trim disabled

---------------  S Y S T E M  ---------------

OS:
 Windows 11 , 64 bit Build 26100 (10.0.26100.3037)
OS uptime: 7 days 1:23 hours
Hyper-V role detected

CPU: total 12 (initial active 12) (12 cores per cpu, 2 threads per core) family 25 model 80 stepping 0 microcode 0xa500011, cx8, cmov, fxsr, ht, mmx, 3dnowpref, sse, sse2, sse3, ssse3, sse4a, sse4.1, sse4.2, popcnt, lzcnt, tsc, tscinvbit, avx, avx2, aes, erms, clmul, bmi1, bmi2, adx, sha, fma, vzeroupper, clflush, clflushopt, hv, rdtscp, rdpid, fsrm, f16c, cet_ss
Processor Information for the first 12 processors :
  Max Mhz: 3300, Current Mhz: 3300, Mhz Limit: 3300

Memory: 4k page, system-wide physical 16096M (1348M free)
TotalPageFile size 24096M (AvailPageFile size 2M)
current process WorkingSet (physical memory assigned to process): 1623M, peak: 1624M
current process commit charge ("private bytes"): 1850M, peak: 1855M

vm_info: OpenJDK 64-Bit Server VM (21.0.6+7-LTS) for windows-amd64 JRE (21.0.6+7-LTS), built on 2025-01-21T00:00:00Z by "admin" with MS VC++ 17.7 (VS2022)

END.
