#
# There is insufficient memory for the Java Runtime Environment to continue.
# Native memory allocation (malloc) failed to allocate 1822576 bytes. Error detail: Chunk::new
# Possible reasons:
#   The system is out of physical RAM or swap space
#   This process is running with CompressedOops enabled, and the Java Heap may be blocking the growth of the native heap
# Possible solutions:
#   Reduce memory load on the system
#   Increase physical memory or swap space
#   Check if swap backing store is full
#   Decrease Java heap size (-Xmx/-Xms)
#   Decrease number of Java threads
#   Decrease Java thread stack sizes (-Xss)
#   Set larger code cache with -XX:ReservedCodeCacheSize=
#   JVM is running with Zero Based Compressed Oops mode in which the Java heap is
#     placed in the first 32GB address space. The Java Heap base address is the
#     maximum limit for the native heap growth. Please use -XX:HeapBaseMinAddress
#     to set the Java Heap base and to place the Java Heap above 32GB virtual address.
# This output file may be truncated or incomplete.
#
#  Out of Memory Error (arena.cpp:168), pid=3360, tid=14444
#
# JRE version: OpenJDK Runtime Environment (21.0.6) (build 21.0.6+-13391695-b895.109)
# Java VM: OpenJDK 64-Bit Server VM (21.0.6+-13391695-b895.109, mixed mode, tiered, compressed oops, compressed class ptrs, g1 gc, windows-amd64)
# No core dump will be written. Minidumps are not enabled by default on client versions of Windows
#

---------------  S U M M A R Y ------------

Command Line: --add-opens=java.base/java.lang=ALL-UNNAMED --add-opens=java.base/java.lang.invoke=ALL-UNNAMED --add-opens=java.base/java.util=ALL-UNNAMED --add-opens=java.prefs/java.util.prefs=ALL-UNNAMED --add-exports=jdk.compiler/com.sun.tools.javac.api=ALL-UNNAMED --add-exports=jdk.compiler/com.sun.tools.javac.util=ALL-UNNAMED --add-opens=java.base/java.util=ALL-UNNAMED --add-opens=java.prefs/java.util.prefs=ALL-UNNAMED --add-opens=java.base/java.nio.charset=ALL-UNNAMED --add-opens=java.base/java.net=ALL-UNNAMED --add-opens=java.base/java.util.concurrent.atomic=ALL-UNNAMED --add-opens=java.xml/javax.xml.namespace=ALL-UNNAMED -Xmx3072m -Dfile.encoding=UTF-8 -Duser.country=GB -Duser.language=en -Duser.variant -javaagent:C:\Users\vfxno\.gradle\wrapper\dists\gradle-8.13-bin\5xuhj0ry160q40clulazy9h7d\gradle-8.13\lib\agents\gradle-instrumentation-agent-8.13.jar org.gradle.launcher.daemon.bootstrap.GradleDaemon 8.13

Host: AMD Ryzen 5 5600H with Radeon Graphics         , 12 cores, 15G,  Windows 11 , 64 bit Build 26100 (10.0.26100.3037)
Time: Mon Jul 28 15:23:13 2025 W. Europe Summer Time elapsed time: 321.528573 seconds (0d 0h 5m 21s)

---------------  T H R E A D  ---------------

Current thread (0x0000027e021b7430):  JavaThread "C2 CompilerThread1" daemon [_thread_in_native, id=14444, stack(0x00000081eba00000,0x00000081ebb00000) (1024K)]


Current CompileTask:
C2:321528 35295   !   4       java.nio.file.Files::walkFileTree (297 bytes)

Stack: [0x00000081eba00000,0x00000081ebb00000]
Native frames: (J=compiled Java code, j=interpreted, Vv=VM code, C=native code)
V  [jvm.dll+0x6d0639]
V  [jvm.dll+0x85eb03]
V  [jvm.dll+0x86105e]
V  [jvm.dll+0x861743]
V  [jvm.dll+0x27e6e6]
V  [jvm.dll+0xbff6d]
V  [jvm.dll+0xc04a3]
V  [jvm.dll+0x3b6171]
V  [jvm.dll+0x3820c7]
V  [jvm.dll+0x38153a]
V  [jvm.dll+0x247c82]
V  [jvm.dll+0x247251]
V  [jvm.dll+0x1c5f04]
V  [jvm.dll+0x2569ac]
V  [jvm.dll+0x254ef6]
V  [jvm.dll+0x3f0e96]
V  [jvm.dll+0x806ed8]
V  [jvm.dll+0x6cef0d]
C  [ucrtbase.dll+0x37b0]
C  [KERNEL32.DLL+0x2e8d7]
C  [ntdll.dll+0xbbf2c]


---------------  P R O C E S S  ---------------

Threads class SMR info:
_java_thread_list=0x0000027e08ab2f10, length=96, elements={
0x0000027e5ee89900, 0x0000027e787a5c90, 0x0000027e787a66e0, 0x0000027e7878afc0,
0x0000027e7878bd20, 0x0000027e7878c770, 0x0000027e7878d1c0, 0x0000027e787c70e0,
0x0000027e787ca440, 0x0000027e788ecc30, 0x0000027e78a79430, 0x0000027e7e9d71a0,
0x0000027e7e9b5ee0, 0x0000027e7eb23a50, 0x0000027e7ea01110, 0x0000027e7ea003f0,
0x0000027e7ea01e30, 0x0000027e010d4860, 0x0000027e010d4ef0, 0x0000027e010d62a0,
0x0000027e010d7650, 0x0000027e010d6930, 0x0000027e01a56fa0, 0x0000027e00e170c0,
0x0000027e00e163a0, 0x0000027e00e16a30, 0x0000027e00e15680, 0x0000027e0c0c9f20,
0x0000027e0f173130, 0x0000027e0f171060, 0x0000027e0f1716f0, 0x0000027e01b7c100,
0x0000027e01b7db40, 0x0000027e01b7e1d0, 0x0000027e01b7ad50, 0x0000027e01b7ce20,
0x0000027e021b7430, 0x0000027e01b7d4b0, 0x0000027e00b9dca0, 0x0000027e7d3e6a80,
0x0000027e7d3e49b0, 0x0000027e7d3e7110, 0x0000027e7d3e3c90, 0x0000027e7d3e4320,
0x0000027e7d3e5d60, 0x0000027e7d3e5040, 0x0000027e7d3e63f0, 0x0000027e7d3e56d0,
0x0000027e7d225460, 0x0000027e0da4c080, 0x0000027e0da4b360, 0x0000027e0da4cda0,
0x0000027e0da4acd0, 0x0000027e0da49fb0, 0x0000027e0da4b9f0, 0x0000027e7d225af0,
0x0000027e7d227bc0, 0x0000027e7d226180, 0x0000027e7d228250, 0x0000027e7d226ea0,
0x0000027e7d227530, 0x0000027e7d2288e0, 0x0000027e027e0050, 0x0000027e7d226810,
0x0000027e0a087320, 0x0000027e027dda80, 0x0000027e027dcd60, 0x0000027e027dc040,
0x0000027e027de110, 0x0000027e027dd3f0, 0x0000027e027dac90, 0x0000027e027db320,
0x0000027e027db9b0, 0x0000027e0ee90650, 0x0000027e0ee92090, 0x0000027e0ee91370,
0x0000027e0ee90ce0, 0x0000027e0ee91a00, 0x0000027e0a4bcf60, 0x0000027e0a4bc240,
0x0000027e787cb1e0, 0x0000027e0ee92720, 0x0000027e0ee92db0, 0x0000027e0ee93440,
0x0000027e0ee93ad0, 0x0000027e0d968000, 0x0000027e0d968690, 0x0000027e0d968d20,
0x0000027e0d9693b0, 0x0000027e09050d30, 0x0000027e090506a0, 0x0000027e09050010,
0x0000027e038a6ed0, 0x0000027e038a8fa0, 0x0000027e0aa1f240, 0x0000027e0aa1f8d0
}

Java Threads: ( => current thread )
  0x0000027e5ee89900 JavaThread "main"                              [_thread_blocked, id=12540, stack(0x00000081e9400000,0x00000081e9500000) (1024K)]
  0x0000027e787a5c90 JavaThread "Reference Handler"          daemon [_thread_blocked, id=9272, stack(0x00000081e9c00000,0x00000081e9d00000) (1024K)]
  0x0000027e787a66e0 JavaThread "Finalizer"                  daemon [_thread_blocked, id=5964, stack(0x00000081e9d00000,0x00000081e9e00000) (1024K)]
  0x0000027e7878afc0 JavaThread "Signal Dispatcher"          daemon [_thread_blocked, id=15968, stack(0x00000081e9e00000,0x00000081e9f00000) (1024K)]
  0x0000027e7878bd20 JavaThread "Attach Listener"            daemon [_thread_blocked, id=20436, stack(0x00000081e9f00000,0x00000081ea000000) (1024K)]
  0x0000027e7878c770 JavaThread "Service Thread"             daemon [_thread_blocked, id=16100, stack(0x00000081ea000000,0x00000081ea100000) (1024K)]
  0x0000027e7878d1c0 JavaThread "Monitor Deflation Thread"   daemon [_thread_blocked, id=7192, stack(0x00000081ea100000,0x00000081ea200000) (1024K)]
  0x0000027e787c70e0 JavaThread "C2 CompilerThread0"         daemon [_thread_in_native, id=4528, stack(0x00000081ea200000,0x00000081ea300000) (1024K)]
  0x0000027e787ca440 JavaThread "C1 CompilerThread0"         daemon [_thread_blocked, id=20788, stack(0x00000081ea300000,0x00000081ea400000) (1024K)]
  0x0000027e788ecc30 JavaThread "Common-Cleaner"             daemon [_thread_blocked, id=20440, stack(0x00000081ea400000,0x00000081ea500000) (1024K)]
  0x0000027e78a79430 JavaThread "Notification Thread"        daemon [_thread_blocked, id=7940, stack(0x00000081ea500000,0x00000081ea600000) (1024K)]
  0x0000027e7e9d71a0 JavaThread "Daemon health stats"               [_thread_blocked, id=15116, stack(0x00000081ead00000,0x00000081eae00000) (1024K)]
  0x0000027e7e9b5ee0 JavaThread "Incoming local TCP Connector on port 49541"        [_thread_in_native, id=4216, stack(0x00000081eb200000,0x00000081eb300000) (1024K)]
  0x0000027e7eb23a50 JavaThread "Daemon periodic checks"            [_thread_blocked, id=16660, stack(0x00000081eb300000,0x00000081eb400000) (1024K)]
  0x0000027e7ea01110 JavaThread "Cache worker for journal cache (C:\Users\vfxno\.gradle\caches\journal-1)"        [_thread_blocked, id=19556, stack(0x00000081ebd00000,0x00000081ebe00000) (1024K)]
  0x0000027e7ea003f0 JavaThread "File lock request listener"        [_thread_in_native, id=8976, stack(0x00000081ebe00000,0x00000081ebf00000) (1024K)]
  0x0000027e7ea01e30 JavaThread "Cache worker for file hash cache (C:\Users\vfxno\.gradle\caches\8.13\fileHashes)"        [_thread_blocked, id=17316, stack(0x00000081ebf00000,0x00000081ec000000) (1024K)]
  0x0000027e010d4860 JavaThread "File watcher server"        daemon [_thread_in_native, id=7036, stack(0x00000081ec200000,0x00000081ec300000) (1024K)]
  0x0000027e010d4ef0 JavaThread "File watcher consumer"      daemon [_thread_blocked, id=18340, stack(0x00000081ec300000,0x00000081ec400000) (1024K)]
  0x0000027e010d62a0 JavaThread "jar transforms"                    [_thread_blocked, id=16516, stack(0x00000081ec400000,0x00000081ec500000) (1024K)]
  0x0000027e010d7650 JavaThread "jar transforms Thread 2"           [_thread_blocked, id=8244, stack(0x00000081ec500000,0x00000081ec600000) (1024K)]
  0x0000027e010d6930 JavaThread "Cache worker for file content cache (C:\Users\vfxno\.gradle\caches\8.13\fileContent)"        [_thread_blocked, id=17904, stack(0x00000081ec700000,0x00000081ec800000) (1024K)]
  0x0000027e01a56fa0 JavaThread "jar transforms Thread 3"           [_thread_blocked, id=13064, stack(0x00000081eca00000,0x00000081ecb00000) (1024K)]
  0x0000027e00e170c0 JavaThread "jar transforms Thread 4"           [_thread_blocked, id=7804, stack(0x00000081eec00000,0x00000081eed00000) (1024K)]
  0x0000027e00e163a0 JavaThread "jar transforms Thread 5"           [_thread_blocked, id=8376, stack(0x00000081eed00000,0x00000081eee00000) (1024K)]
  0x0000027e00e16a30 JavaThread "jar transforms Thread 6"           [_thread_blocked, id=10604, stack(0x00000081eee00000,0x00000081eef00000) (1024K)]
  0x0000027e00e15680 JavaThread "Memory manager"                    [_thread_blocked, id=10960, stack(0x00000081ef000000,0x00000081ef100000) (1024K)]
  0x0000027e0c0c9f20 JavaThread "Daemon Thread 2"                   [_thread_blocked, id=352, stack(0x00000081e9300000,0x00000081e9400000) (1024K)]
  0x0000027e0f173130 JavaThread "Handler for socket connection from /127.0.0.1:49541 to /127.0.0.1:49704"        [_thread_in_native, id=3028, stack(0x00000081ea600000,0x00000081ea700000) (1024K)]
  0x0000027e0f171060 JavaThread "Cancel handler"                    [_thread_blocked, id=6944, stack(0x00000081ea700000,0x00000081ea800000) (1024K)]
  0x0000027e0f1716f0 JavaThread "Daemon worker Thread 2"            [_thread_blocked, id=19892, stack(0x00000081eb400000,0x00000081eb500000) (1024K)]
  0x0000027e01b7c100 JavaThread "Asynchronous log dispatcher for DefaultDaemonConnection: socket connection from /127.0.0.1:49541 to /127.0.0.1:49704"        [_thread_blocked, id=19100, stack(0x00000081eb500000,0x00000081eb600000) (1024K)]
  0x0000027e01b7db40 JavaThread "Stdin handler"                     [_thread_blocked, id=10428, stack(0x00000081eb600000,0x00000081eb700000) (1024K)]
  0x0000027e01b7e1d0 JavaThread "Daemon client event forwarder"        [_thread_blocked, id=13772, stack(0x00000081eb700000,0x00000081eb800000) (1024K)]
  0x0000027e01b7ad50 JavaThread "Cache worker for file hash cache (C:\Users\vfxno\Downloads\moonlight-android\.gradle\8.13\fileHashes)"        [_thread_blocked, id=12136, stack(0x00000081eb800000,0x00000081eb900000) (1024K)]
  0x0000027e01b7ce20 JavaThread "Cache worker for Build Output Cleanup Cache (C:\Users\vfxno\Downloads\moonlight-android\.gradle\buildOutputCleanup)"        [_thread_blocked, id=15908, stack(0x00000081eb900000,0x00000081eba00000) (1024K)]
=>0x0000027e021b7430 JavaThread "C2 CompilerThread1"         daemon [_thread_in_native, id=14444, stack(0x00000081eba00000,0x00000081ebb00000) (1024K)]
  0x0000027e01b7d4b0 JavaThread "Cache worker for checksums cache (C:\Users\vfxno\Downloads\moonlight-android\.gradle\8.13\checksums)"        [_thread_blocked, id=1476, stack(0x00000081ec000000,0x00000081ec100000) (1024K)]
  0x0000027e00b9dca0 JavaThread "Cache worker for cache directory md-supplier (C:\Users\vfxno\.gradle\caches\8.13\md-supplier)"        [_thread_blocked, id=18756, stack(0x00000081ec100000,0x00000081ec200000) (1024K)]
  0x0000027e7d3e6a80 JavaThread "Cache worker for cache directory md-rule (C:\Users\vfxno\.gradle\caches\8.13\md-rule)"        [_thread_blocked, id=8504, stack(0x00000081ec600000,0x00000081ec700000) (1024K)]
  0x0000027e7d3e49b0 JavaThread "Unconstrained build operations"        [_thread_blocked, id=4104, stack(0x00000081ec800000,0x00000081ec900000) (1024K)]
  0x0000027e7d3e7110 JavaThread "Unconstrained build operations Thread 2"        [_thread_blocked, id=14112, stack(0x00000081ec900000,0x00000081eca00000) (1024K)]
  0x0000027e7d3e3c90 JavaThread "Unconstrained build operations Thread 3"        [_thread_blocked, id=11284, stack(0x00000081ecb00000,0x00000081ecc00000) (1024K)]
  0x0000027e7d3e4320 JavaThread "Unconstrained build operations Thread 4"        [_thread_blocked, id=18840, stack(0x00000081ecc00000,0x00000081ecd00000) (1024K)]
  0x0000027e7d3e5d60 JavaThread "Unconstrained build operations Thread 5"        [_thread_blocked, id=5856, stack(0x00000081ecd00000,0x00000081ece00000) (1024K)]
  0x0000027e7d3e5040 JavaThread "Unconstrained build operations Thread 6"        [_thread_blocked, id=364, stack(0x00000081ece00000,0x00000081ecf00000) (1024K)]
  0x0000027e7d3e63f0 JavaThread "Unconstrained build operations Thread 7"        [_thread_blocked, id=6776, stack(0x00000081ecf00000,0x00000081ed000000) (1024K)]
  0x0000027e7d3e56d0 JavaThread "Unconstrained build operations Thread 8"        [_thread_blocked, id=11444, stack(0x00000081ed000000,0x00000081ed100000) (1024K)]
  0x0000027e7d225460 JavaThread "Unconstrained build operations Thread 9"        [_thread_blocked, id=20108, stack(0x00000081ed100000,0x00000081ed200000) (1024K)]
  0x0000027e0da4c080 JavaThread "Unconstrained build operations Thread 10"        [_thread_blocked, id=17104, stack(0x00000081ed200000,0x00000081ed300000) (1024K)]
  0x0000027e0da4b360 JavaThread "Unconstrained build operations Thread 11"        [_thread_blocked, id=2932, stack(0x00000081ed300000,0x00000081ed400000) (1024K)]
  0x0000027e0da4cda0 JavaThread "Unconstrained build operations Thread 12"        [_thread_blocked, id=17596, stack(0x00000081ed500000,0x00000081ed600000) (1024K)]
  0x0000027e0da4acd0 JavaThread "Unconstrained build operations Thread 13"        [_thread_blocked, id=14604, stack(0x00000081ed600000,0x00000081ed700000) (1024K)]
  0x0000027e0da49fb0 JavaThread "Unconstrained build operations Thread 14"        [_thread_blocked, id=18816, stack(0x00000081ed700000,0x00000081ed800000) (1024K)]
  0x0000027e0da4b9f0 JavaThread "Unconstrained build operations Thread 15"        [_thread_blocked, id=2296, stack(0x00000081ed800000,0x00000081ed900000) (1024K)]
  0x0000027e7d225af0 JavaThread "Unconstrained build operations Thread 16"        [_thread_blocked, id=3148, stack(0x00000081ed900000,0x00000081eda00000) (1024K)]
  0x0000027e7d227bc0 JavaThread "Unconstrained build operations Thread 17"        [_thread_blocked, id=13576, stack(0x00000081eda00000,0x00000081edb00000) (1024K)]
  0x0000027e7d226180 JavaThread "Unconstrained build operations Thread 18"        [_thread_blocked, id=19788, stack(0x00000081edb00000,0x00000081edc00000) (1024K)]
  0x0000027e7d228250 JavaThread "Unconstrained build operations Thread 19"        [_thread_blocked, id=7992, stack(0x00000081edc00000,0x00000081edd00000) (1024K)]
  0x0000027e7d226ea0 JavaThread "Unconstrained build operations Thread 20"        [_thread_blocked, id=7212, stack(0x00000081edd00000,0x00000081ede00000) (1024K)]
  0x0000027e7d227530 JavaThread "Unconstrained build operations Thread 21"        [_thread_blocked, id=16252, stack(0x00000081ede00000,0x00000081edf00000) (1024K)]
  0x0000027e7d2288e0 JavaThread "Unconstrained build operations Thread 22"        [_thread_blocked, id=14104, stack(0x00000081edf00000,0x00000081ee000000) (1024K)]
  0x0000027e027e0050 JavaThread "build event listener"              [_thread_blocked, id=21332, stack(0x00000081ee000000,0x00000081ee100000) (1024K)]
  0x0000027e7d226810 JavaThread "Problems report writer"            [_thread_blocked, id=19880, stack(0x00000081ee100000,0x00000081ee200000) (1024K)]
  0x0000027e0a087320 JavaThread "included builds"                   [_thread_in_Java, id=4588, stack(0x00000081ee200000,0x00000081ee300000) (1024K)]
  0x0000027e027dda80 JavaThread "Execution worker"                  [_thread_blocked, id=12788, stack(0x00000081ee300000,0x00000081ee400000) (1024K)]
  0x0000027e027dcd60 JavaThread "Execution worker Thread 2"         [_thread_blocked, id=19312, stack(0x00000081ee400000,0x00000081ee500000) (1024K)]
  0x0000027e027dc040 JavaThread "Execution worker Thread 3"         [_thread_blocked, id=17268, stack(0x00000081ee500000,0x00000081ee600000) (1024K)]
  0x0000027e027de110 JavaThread "Execution worker Thread 4"         [_thread_blocked, id=5472, stack(0x00000081ee600000,0x00000081ee700000) (1024K)]
  0x0000027e027dd3f0 JavaThread "Execution worker Thread 5"         [_thread_blocked, id=3012, stack(0x00000081ee700000,0x00000081ee800000) (1024K)]
  0x0000027e027dac90 JavaThread "Execution worker Thread 6"         [_thread_blocked, id=6192, stack(0x00000081ee800000,0x00000081ee900000) (1024K)]
  0x0000027e027db320 JavaThread "Execution worker Thread 7"         [_thread_blocked, id=1380, stack(0x00000081ee900000,0x00000081eea00000) (1024K)]
  0x0000027e027db9b0 JavaThread "Execution worker Thread 8"         [_thread_blocked, id=7364, stack(0x00000081eea00000,0x00000081eeb00000) (1024K)]
  0x0000027e0ee90650 JavaThread "Execution worker Thread 9"         [_thread_blocked, id=5876, stack(0x00000081eeb00000,0x00000081eec00000) (1024K)]
  0x0000027e0ee92090 JavaThread "Execution worker Thread 10"        [_thread_blocked, id=19260, stack(0x00000081eef00000,0x00000081ef000000) (1024K)]
  0x0000027e0ee91370 JavaThread "Execution worker Thread 11"        [_thread_blocked, id=11572, stack(0x00000081ef100000,0x00000081ef200000) (1024K)]
  0x0000027e0ee90ce0 JavaThread "Cache worker for execution history cache (C:\Users\vfxno\Downloads\moonlight-android\.gradle\8.13\executionHistory)"        [_thread_blocked, id=2332, stack(0x00000081ef200000,0x00000081ef300000) (1024K)]
  0x0000027e0ee91a00 JavaThread "Exec process Thread 4"             [_thread_in_native, id=12796, stack(0x00000081ef300000,0x00000081ef400000) (1024K)]
  0x0000027e0a4bcf60 JavaThread "Exec process Thread 5"             [_thread_in_native, id=20116, stack(0x00000081ef400000,0x00000081ef500000) (1024K)]
  0x0000027e0a4bc240 JavaThread "Exec process Thread 6"             [_thread_in_native, id=14496, stack(0x00000081ef500000,0x00000081ef600000) (1024K)]
  0x0000027e787cb1e0 JavaThread "C2 CompilerThread2"         daemon [_thread_in_native, id=6456, stack(0x00000081ed400000,0x00000081ed500000) (1024K)]
  0x0000027e0ee92720 JavaThread "Unconstrained build operations Thread 23"        [_thread_blocked, id=4704, stack(0x00000081ef600000,0x00000081ef700000) (1024K)]
  0x0000027e0ee92db0 JavaThread "Unconstrained build operations Thread 24"        [_thread_blocked, id=20936, stack(0x00000081ef700000,0x00000081ef800000) (1024K)]
  0x0000027e0ee93440 JavaThread "Unconstrained build operations Thread 25"        [_thread_blocked, id=19340, stack(0x00000081ef800000,0x00000081ef900000) (1024K)]
  0x0000027e0ee93ad0 JavaThread "Unconstrained build operations Thread 26"        [_thread_blocked, id=12016, stack(0x00000081ef900000,0x00000081efa00000) (1024K)]
  0x0000027e0d968000 JavaThread "Unconstrained build operations Thread 27"        [_thread_blocked, id=7492, stack(0x00000081efa00000,0x00000081efb00000) (1024K)]
  0x0000027e0d968690 JavaThread "Unconstrained build operations Thread 28"        [_thread_blocked, id=19732, stack(0x00000081efb00000,0x00000081efc00000) (1024K)]
  0x0000027e0d968d20 JavaThread "Unconstrained build operations Thread 29"        [_thread_blocked, id=17940, stack(0x00000081efc00000,0x00000081efd00000) (1024K)]
  0x0000027e0d9693b0 JavaThread "Unconstrained build operations Thread 30"        [_thread_blocked, id=8132, stack(0x00000081efd00000,0x00000081efe00000) (1024K)]
  0x0000027e09050d30 JavaThread "Unconstrained build operations Thread 31"        [_thread_blocked, id=14644, stack(0x00000081efe00000,0x00000081eff00000) (1024K)]
  0x0000027e090506a0 JavaThread "Unconstrained build operations Thread 32"        [_thread_blocked, id=16976, stack(0x00000081eff00000,0x00000081f0000000) (1024K)]
  0x0000027e09050010 JavaThread "Unconstrained build operations Thread 33"        [_thread_blocked, id=16592, stack(0x00000081f0000000,0x00000081f0100000) (1024K)]
  0x0000027e038a6ed0 JavaThread "WorkerExecutor Queue"              [_thread_blocked, id=7320, stack(0x00000081f0100000,0x00000081f0200000) (1024K)]
  0x0000027e038a8fa0 JavaThread "WorkerExecutor Queue Thread 3"        [_thread_blocked, id=17120, stack(0x00000081f0300000,0x00000081f0400000) (1024K)]
  0x0000027e0aa1f240 JavaThread "WorkerExecutor Queue Thread 4"        [_thread_blocked, id=12212, stack(0x00000081f0400000,0x00000081f0500000) (1024K)]
  0x0000027e0aa1f8d0 JavaThread "WorkerExecutor Queue Thread 5"        [_thread_blocked, id=18752, stack(0x00000081f0500000,0x00000081f0600000) (1024K)]
Total: 96

Other Threads:
  0x0000027e785dd8d0 VMThread "VM Thread"                           [id=11744, stack(0x00000081e9b00000,0x00000081e9c00000) (1024K)]
  0x0000027e7857f5d0 WatcherThread "VM Periodic Task Thread"        [id=12084, stack(0x00000081e9a00000,0x00000081e9b00000) (1024K)]
  0x0000027e5eedfb60 WorkerThread "GC Thread#0"                     [id=7220, stack(0x00000081e9500000,0x00000081e9600000) (1024K)]
  0x0000027e7d198ff0 WorkerThread "GC Thread#1"                     [id=7808, stack(0x00000081ea800000,0x00000081ea900000) (1024K)]
  0x0000027e78af1020 WorkerThread "GC Thread#2"                     [id=19780, stack(0x00000081ea900000,0x00000081eaa00000) (1024K)]
  0x0000027e7d297e60 WorkerThread "GC Thread#3"                     [id=13088, stack(0x00000081eaa00000,0x00000081eab00000) (1024K)]
  0x0000027e7d298200 WorkerThread "GC Thread#4"                     [id=5508, stack(0x00000081eab00000,0x00000081eac00000) (1024K)]
  0x0000027e7d142d90 WorkerThread "GC Thread#5"                     [id=4896, stack(0x00000081eac00000,0x00000081ead00000) (1024K)]
  0x0000027e7e9c33f0 WorkerThread "GC Thread#6"                     [id=15840, stack(0x00000081eae00000,0x00000081eaf00000) (1024K)]
  0x0000027e7e9ee560 WorkerThread "GC Thread#7"                     [id=10348, stack(0x00000081eaf00000,0x00000081eb000000) (1024K)]
  0x0000027e7e9ef910 WorkerThread "GC Thread#8"                     [id=3300, stack(0x00000081eb000000,0x00000081eb100000) (1024K)]
  0x0000027e7e9f00a0 WorkerThread "GC Thread#9"                     [id=20696, stack(0x00000081eb100000,0x00000081eb200000) (1024K)]
  0x0000027e5eeeca50 ConcurrentGCThread "G1 Main Marker"            [id=14672, stack(0x00000081e9600000,0x00000081e9700000) (1024K)]
  0x0000027e5eeef150 WorkerThread "G1 Conc#0"                       [id=5908, stack(0x00000081e9700000,0x00000081e9800000) (1024K)]
  0x0000027e7e9f0440 WorkerThread "G1 Conc#1"                       [id=6520, stack(0x00000081ebb00000,0x00000081ebc00000) (1024K)]
  0x0000027e7e9efd00 WorkerThread "G1 Conc#2"                       [id=17724, stack(0x00000081ebc00000,0x00000081ebd00000) (1024K)]
  0x0000027e78451570 ConcurrentGCThread "G1 Refine#0"               [id=20032, stack(0x00000081e9800000,0x00000081e9900000) (1024K)]
  0x0000027e78451d90 ConcurrentGCThread "G1 Service"                [id=19832, stack(0x00000081e9900000,0x00000081e9a00000) (1024K)]
Total: 18

Threads with active compile tasks:
C2 CompilerThread0  321566 35401       4       java.util.Comparator$$Lambda/0x00000008005a1b48::compare (14 bytes)
C2 CompilerThread1  321566 35295   !   4       java.nio.file.Files::walkFileTree (297 bytes)
C2 CompilerThread2  321566 35393       4       org.gradle.internal.serialize.InterningStringSerializer::write (10 bytes)
Total: 3

VM state: not at safepoint (normal execution)

VM Mutex/Monitor currently owned by a thread: None

Heap address: 0x0000000740000000, size: 3072 MB, Compressed Oops mode: Zero based, Oop shift amount: 3

CDS archive(s) not mapped
Compressed class space mapped at: 0x0000000800000000-0x0000000840000000, reserved size: 1073741824
Narrow klass base: 0x0000000800000000, Narrow klass shift: 0, Narrow klass range: 0x40000000

GC Precious Log:
 CardTable entry size: 512
 Card Set container configuration: InlinePtr #cards 4 size 8 Array Of Cards #cards 16 size 48 Howl #buckets 8 coarsen threshold 3686 Howl Bitmap #cards 512 size 80 coarsen threshold 460 Card regions per heap region 1 cards per card region 4096
 CPUs: 12 total, 12 available
 Memory: 16096M
 Large Page Support: Disabled
 NUMA Support: Disabled
 Compressed Oops: Enabled (Zero based)
 Heap Region Size: 2M
 Heap Min Capacity: 8M
 Heap Initial Capacity: 252M
 Heap Max Capacity: 3G
 Pre-touch: Disabled
 Parallel Workers: 10
 Concurrent Workers: 3
 Concurrent Refinement Workers: 10
 Periodic GC: Disabled

Heap:
 garbage-first heap   total 1425408K, used 1022720K [0x0000000740000000, 0x0000000800000000)
  region size 2048K, 236 young (483328K), 5 survivors (10240K)
 Metaspace       used 160640K, committed 163072K, reserved 1245184K
  class space    used 21692K, committed 22912K, reserved 1048576K

Heap Regions: E=young(eden), S=young(survivor), O=old, HS=humongous(starts), HC=humongous(continues), CS=collection set, F=free, TAMS=top-at-mark-start, PB=parsable bottom
|   0|0x0000000740000000, 0x0000000740200000, 0x0000000740200000|100%|HS|  |TAMS 0x0000000740000000| PB 0x0000000740000000| Complete 
|   1|0x0000000740200000, 0x0000000740400000, 0x0000000740400000|100%|HC|  |TAMS 0x0000000740200000| PB 0x0000000740200000| Complete 
|   2|0x0000000740400000, 0x0000000740600000, 0x0000000740600000|100%| O|  |TAMS 0x0000000740400000| PB 0x0000000740400000| Untracked 
|   3|0x0000000740600000, 0x0000000740800000, 0x0000000740800000|100%| O|  |TAMS 0x0000000740600000| PB 0x0000000740600000| Untracked 
|   4|0x0000000740800000, 0x0000000740a00000, 0x0000000740a00000|100%| O|  |TAMS 0x0000000740800000| PB 0x0000000740800000| Untracked 
|   5|0x0000000740a00000, 0x0000000740c00000, 0x0000000740c00000|100%| O|  |TAMS 0x0000000740a00000| PB 0x0000000740a00000| Untracked 
|   6|0x0000000740c00000, 0x0000000740e00000, 0x0000000740e00000|100%| O|  |TAMS 0x0000000740c00000| PB 0x0000000740c00000| Untracked 
|   7|0x0000000740e00000, 0x0000000741000000, 0x0000000741000000|100%| O|  |TAMS 0x0000000740e00000| PB 0x0000000740e00000| Untracked 
|   8|0x0000000741000000, 0x0000000741200000, 0x0000000741200000|100%| O|  |TAMS 0x0000000741000000| PB 0x0000000741000000| Untracked 
|   9|0x0000000741200000, 0x0000000741400000, 0x0000000741400000|100%| O|  |TAMS 0x0000000741200000| PB 0x0000000741200000| Untracked 
|  10|0x0000000741400000, 0x0000000741600000, 0x0000000741600000|100%| O|  |TAMS 0x0000000741400000| PB 0x0000000741400000| Untracked 
|  11|0x0000000741600000, 0x0000000741800000, 0x0000000741800000|100%| O|  |TAMS 0x0000000741600000| PB 0x0000000741600000| Untracked 
|  12|0x0000000741800000, 0x0000000741a00000, 0x0000000741a00000|100%| O|  |TAMS 0x0000000741800000| PB 0x0000000741800000| Untracked 
|  13|0x0000000741a00000, 0x0000000741c00000, 0x0000000741c00000|100%| O|  |TAMS 0x0000000741a00000| PB 0x0000000741a00000| Untracked 
|  14|0x0000000741c00000, 0x0000000741e00000, 0x0000000741e00000|100%| O|  |TAMS 0x0000000741c00000| PB 0x0000000741c00000| Untracked 
|  15|0x0000000741e00000, 0x0000000742000000, 0x0000000742000000|100%| O|  |TAMS 0x0000000741e00000| PB 0x0000000741e00000| Untracked 
|  16|0x0000000742000000, 0x0000000742200000, 0x0000000742200000|100%| O|  |TAMS 0x0000000742000000| PB 0x0000000742000000| Untracked 
|  17|0x0000000742200000, 0x0000000742400000, 0x0000000742400000|100%| O|  |TAMS 0x0000000742200000| PB 0x0000000742200000| Untracked 
|  18|0x0000000742400000, 0x0000000742600000, 0x0000000742600000|100%| O|  |TAMS 0x0000000742400000| PB 0x0000000742400000| Untracked 
|  19|0x0000000742600000, 0x0000000742800000, 0x0000000742800000|100%| O|  |TAMS 0x0000000742600000| PB 0x0000000742600000| Untracked 
|  20|0x0000000742800000, 0x0000000742a00000, 0x0000000742a00000|100%| O|  |TAMS 0x0000000742800000| PB 0x0000000742800000| Untracked 
|  21|0x0000000742a00000, 0x0000000742c00000, 0x0000000742c00000|100%| O|  |TAMS 0x0000000742a00000| PB 0x0000000742a00000| Untracked 
|  22|0x0000000742c00000, 0x0000000742e00000, 0x0000000742e00000|100%| O|  |TAMS 0x0000000742c00000| PB 0x0000000742c00000| Untracked 
|  23|0x0000000742e00000, 0x0000000743000000, 0x0000000743000000|100%| O|  |TAMS 0x0000000742e00000| PB 0x0000000742e00000| Untracked 
|  24|0x0000000743000000, 0x0000000743200000, 0x0000000743200000|100%| O|  |TAMS 0x0000000743000000| PB 0x0000000743000000| Untracked 
|  25|0x0000000743200000, 0x0000000743400000, 0x0000000743400000|100%| O|  |TAMS 0x0000000743200000| PB 0x0000000743200000| Untracked 
|  26|0x0000000743400000, 0x0000000743600000, 0x0000000743600000|100%| O|  |TAMS 0x0000000743400000| PB 0x0000000743400000| Untracked 
|  27|0x0000000743600000, 0x0000000743800000, 0x0000000743800000|100%| O|  |TAMS 0x0000000743600000| PB 0x0000000743600000| Untracked 
|  28|0x0000000743800000, 0x0000000743a00000, 0x0000000743a00000|100%| O|  |TAMS 0x0000000743800000| PB 0x0000000743800000| Untracked 
|  29|0x0000000743a00000, 0x0000000743c00000, 0x0000000743c00000|100%| O|  |TAMS 0x0000000743a00000| PB 0x0000000743a00000| Untracked 
|  30|0x0000000743c00000, 0x0000000743e00000, 0x0000000743e00000|100%| O|  |TAMS 0x0000000743c00000| PB 0x0000000743c00000| Untracked 
|  31|0x0000000743e00000, 0x0000000744000000, 0x0000000744000000|100%| O|  |TAMS 0x0000000743e00000| PB 0x0000000743e00000| Untracked 
|  32|0x0000000744000000, 0x0000000744200000, 0x0000000744200000|100%| O|  |TAMS 0x0000000744000000| PB 0x0000000744000000| Untracked 
|  33|0x0000000744200000, 0x0000000744400000, 0x0000000744400000|100%| O|  |TAMS 0x0000000744200000| PB 0x0000000744200000| Untracked 
|  34|0x0000000744400000, 0x0000000744600000, 0x0000000744600000|100%| O|  |TAMS 0x0000000744400000| PB 0x0000000744400000| Untracked 
|  35|0x0000000744600000, 0x0000000744800000, 0x0000000744800000|100%| O|  |TAMS 0x0000000744600000| PB 0x0000000744600000| Untracked 
|  36|0x0000000744800000, 0x0000000744a00000, 0x0000000744a00000|100%| O|  |TAMS 0x0000000744800000| PB 0x0000000744800000| Untracked 
|  37|0x0000000744a00000, 0x0000000744c00000, 0x0000000744c00000|100%| O|  |TAMS 0x0000000744a00000| PB 0x0000000744a00000| Untracked 
|  38|0x0000000744c00000, 0x0000000744e00000, 0x0000000744e00000|100%| O|  |TAMS 0x0000000744c00000| PB 0x0000000744c00000| Untracked 
|  39|0x0000000744e00000, 0x0000000745000000, 0x0000000745000000|100%| O|  |TAMS 0x0000000744e00000| PB 0x0000000744e00000| Untracked 
|  40|0x0000000745000000, 0x0000000745200000, 0x0000000745200000|100%| O|  |TAMS 0x0000000745000000| PB 0x0000000745000000| Untracked 
|  41|0x0000000745200000, 0x0000000745400000, 0x0000000745400000|100%| O|  |TAMS 0x0000000745200000| PB 0x0000000745200000| Untracked 
|  42|0x0000000745400000, 0x0000000745600000, 0x0000000745600000|100%| O|  |TAMS 0x0000000745400000| PB 0x0000000745400000| Untracked 
|  43|0x0000000745600000, 0x0000000745800000, 0x0000000745800000|100%| O|  |TAMS 0x0000000745600000| PB 0x0000000745600000| Untracked 
|  44|0x0000000745800000, 0x0000000745a00000, 0x0000000745a00000|100%| O|  |TAMS 0x0000000745800000| PB 0x0000000745800000| Untracked 
|  45|0x0000000745a00000, 0x0000000745c00000, 0x0000000745c00000|100%| O|  |TAMS 0x0000000745a00000| PB 0x0000000745a00000| Untracked 
|  46|0x0000000745c00000, 0x0000000745e00000, 0x0000000745e00000|100%| O|  |TAMS 0x0000000745c00000| PB 0x0000000745c00000| Untracked 
|  47|0x0000000745e00000, 0x0000000746000000, 0x0000000746000000|100%| O|  |TAMS 0x0000000745e00000| PB 0x0000000745e00000| Untracked 
|  48|0x0000000746000000, 0x0000000746200000, 0x0000000746200000|100%| O|  |TAMS 0x0000000746000000| PB 0x0000000746000000| Untracked 
|  49|0x0000000746200000, 0x0000000746400000, 0x0000000746400000|100%| O|  |TAMS 0x0000000746200000| PB 0x0000000746200000| Untracked 
|  50|0x0000000746400000, 0x0000000746600000, 0x0000000746600000|100%| O|  |TAMS 0x0000000746400000| PB 0x0000000746400000| Untracked 
|  51|0x0000000746600000, 0x0000000746800000, 0x0000000746800000|100%| O|  |TAMS 0x0000000746600000| PB 0x0000000746600000| Untracked 
|  52|0x0000000746800000, 0x0000000746a00000, 0x0000000746a00000|100%| O|  |TAMS 0x0000000746800000| PB 0x0000000746800000| Untracked 
|  53|0x0000000746a00000, 0x0000000746c00000, 0x0000000746c00000|100%| O|  |TAMS 0x0000000746a00000| PB 0x0000000746a00000| Untracked 
|  54|0x0000000746c00000, 0x0000000746e00000, 0x0000000746e00000|100%| O|  |TAMS 0x0000000746c00000| PB 0x0000000746c00000| Untracked 
|  55|0x0000000746e00000, 0x0000000747000000, 0x0000000747000000|100%| O|  |TAMS 0x0000000746e00000| PB 0x0000000746e00000| Untracked 
|  56|0x0000000747000000, 0x0000000747200000, 0x0000000747200000|100%| O|  |TAMS 0x0000000747000000| PB 0x0000000747000000| Untracked 
|  57|0x0000000747200000, 0x0000000747400000, 0x0000000747400000|100%| O|  |TAMS 0x0000000747200000| PB 0x0000000747200000| Untracked 
|  58|0x0000000747400000, 0x0000000747600000, 0x0000000747600000|100%| O|  |TAMS 0x0000000747400000| PB 0x0000000747400000| Untracked 
|  59|0x0000000747600000, 0x0000000747800000, 0x0000000747800000|100%| O|  |TAMS 0x0000000747600000| PB 0x0000000747600000| Untracked 
|  60|0x0000000747800000, 0x0000000747a00000, 0x0000000747a00000|100%| O|  |TAMS 0x0000000747800000| PB 0x0000000747800000| Untracked 
|  61|0x0000000747a00000, 0x0000000747c00000, 0x0000000747c00000|100%| O|  |TAMS 0x0000000747a00000| PB 0x0000000747a00000| Untracked 
|  62|0x0000000747c00000, 0x0000000747e00000, 0x0000000747e00000|100%| O|  |TAMS 0x0000000747c00000| PB 0x0000000747c00000| Untracked 
|  63|0x0000000747e00000, 0x0000000748000000, 0x0000000748000000|100%| O|  |TAMS 0x0000000747e00000| PB 0x0000000747e00000| Untracked 
|  64|0x0000000748000000, 0x0000000748200000, 0x0000000748200000|100%| O|  |TAMS 0x0000000748000000| PB 0x0000000748000000| Untracked 
|  65|0x0000000748200000, 0x0000000748400000, 0x0000000748400000|100%| O|  |TAMS 0x0000000748200000| PB 0x0000000748200000| Untracked 
|  66|0x0000000748400000, 0x0000000748600000, 0x0000000748600000|100%| O|  |TAMS 0x0000000748400000| PB 0x0000000748400000| Untracked 
|  67|0x0000000748600000, 0x0000000748800000, 0x0000000748800000|100%| O|  |TAMS 0x0000000748600000| PB 0x0000000748600000| Untracked 
|  68|0x0000000748800000, 0x0000000748a00000, 0x0000000748a00000|100%| O|  |TAMS 0x0000000748800000| PB 0x0000000748800000| Untracked 
|  69|0x0000000748a00000, 0x0000000748c00000, 0x0000000748c00000|100%| O|  |TAMS 0x0000000748a00000| PB 0x0000000748a00000| Untracked 
|  70|0x0000000748c00000, 0x0000000748e00000, 0x0000000748e00000|100%| O|  |TAMS 0x0000000748c00000| PB 0x0000000748c00000| Untracked 
|  71|0x0000000748e00000, 0x0000000749000000, 0x0000000749000000|100%| O|  |TAMS 0x0000000748e00000| PB 0x0000000748e00000| Untracked 
|  72|0x0000000749000000, 0x0000000749200000, 0x0000000749200000|100%| O|  |TAMS 0x0000000749000000| PB 0x0000000749000000| Untracked 
|  73|0x0000000749200000, 0x0000000749400000, 0x0000000749400000|100%| O|  |TAMS 0x0000000749200000| PB 0x0000000749200000| Untracked 
|  74|0x0000000749400000, 0x0000000749600000, 0x0000000749600000|100%| O|  |TAMS 0x0000000749400000| PB 0x0000000749400000| Untracked 
|  75|0x0000000749600000, 0x0000000749800000, 0x0000000749800000|100%| O|  |TAMS 0x0000000749600000| PB 0x0000000749600000| Untracked 
|  76|0x0000000749800000, 0x0000000749a00000, 0x0000000749a00000|100%| O|  |TAMS 0x0000000749800000| PB 0x0000000749800000| Untracked 
|  77|0x0000000749a00000, 0x0000000749c00000, 0x0000000749c00000|100%| O|  |TAMS 0x0000000749a00000| PB 0x0000000749a00000| Untracked 
|  78|0x0000000749c00000, 0x0000000749e00000, 0x0000000749e00000|100%| O|  |TAMS 0x0000000749c00000| PB 0x0000000749c00000| Untracked 
|  79|0x0000000749e00000, 0x000000074a000000, 0x000000074a000000|100%| O|  |TAMS 0x0000000749e00000| PB 0x0000000749e00000| Untracked 
|  80|0x000000074a000000, 0x000000074a200000, 0x000000074a200000|100%| O|  |TAMS 0x000000074a000000| PB 0x000000074a000000| Untracked 
|  81|0x000000074a200000, 0x000000074a400000, 0x000000074a400000|100%| O|  |TAMS 0x000000074a200000| PB 0x000000074a200000| Untracked 
|  82|0x000000074a400000, 0x000000074a600000, 0x000000074a600000|100%|HS|  |TAMS 0x000000074a400000| PB 0x000000074a400000| Complete 
|  83|0x000000074a600000, 0x000000074a800000, 0x000000074a800000|100%| O|  |TAMS 0x000000074a600000| PB 0x000000074a600000| Untracked 
|  84|0x000000074a800000, 0x000000074aa00000, 0x000000074aa00000|100%| O|  |TAMS 0x000000074a800000| PB 0x000000074a800000| Untracked 
|  85|0x000000074aa00000, 0x000000074ac00000, 0x000000074ac00000|100%| O|  |TAMS 0x000000074aa00000| PB 0x000000074aa00000| Untracked 
|  86|0x000000074ac00000, 0x000000074ae00000, 0x000000074ae00000|100%| O|  |TAMS 0x000000074ac00000| PB 0x000000074ac00000| Untracked 
|  87|0x000000074ae00000, 0x000000074b000000, 0x000000074b000000|100%| O|  |TAMS 0x000000074ae00000| PB 0x000000074ae00000| Untracked 
|  88|0x000000074b000000, 0x000000074b200000, 0x000000074b200000|100%| O|  |TAMS 0x000000074b000000| PB 0x000000074b000000| Untracked 
|  89|0x000000074b200000, 0x000000074b400000, 0x000000074b400000|100%| O|  |TAMS 0x000000074b200000| PB 0x000000074b200000| Untracked 
|  90|0x000000074b400000, 0x000000074b600000, 0x000000074b600000|100%| O|  |TAMS 0x000000074b400000| PB 0x000000074b400000| Untracked 
|  91|0x000000074b600000, 0x000000074b800000, 0x000000074b800000|100%| O|  |TAMS 0x000000074b600000| PB 0x000000074b600000| Untracked 
|  92|0x000000074b800000, 0x000000074ba00000, 0x000000074ba00000|100%| O|  |TAMS 0x000000074b800000| PB 0x000000074b800000| Untracked 
|  93|0x000000074ba00000, 0x000000074bc00000, 0x000000074bc00000|100%| O|  |TAMS 0x000000074ba00000| PB 0x000000074ba00000| Untracked 
|  94|0x000000074bc00000, 0x000000074be00000, 0x000000074be00000|100%| O|  |TAMS 0x000000074bc00000| PB 0x000000074bc00000| Untracked 
|  95|0x000000074be00000, 0x000000074c000000, 0x000000074c000000|100%|HS|  |TAMS 0x000000074be00000| PB 0x000000074be00000| Complete 
|  96|0x000000074c000000, 0x000000074c200000, 0x000000074c200000|100%| O|  |TAMS 0x000000074c000000| PB 0x000000074c000000| Untracked 
|  97|0x000000074c200000, 0x000000074c400000, 0x000000074c400000|100%| O|  |TAMS 0x000000074c200000| PB 0x000000074c200000| Untracked 
|  98|0x000000074c400000, 0x000000074c600000, 0x000000074c600000|100%| O|  |TAMS 0x000000074c400000| PB 0x000000074c400000| Untracked 
|  99|0x000000074c600000, 0x000000074c800000, 0x000000074c800000|100%|HS|  |TAMS 0x000000074c600000| PB 0x000000074c600000| Complete 
| 100|0x000000074c800000, 0x000000074ca00000, 0x000000074ca00000|100%| O|  |TAMS 0x000000074c800000| PB 0x000000074c800000| Untracked 
| 101|0x000000074ca00000, 0x000000074cc00000, 0x000000074cc00000|100%| O|  |TAMS 0x000000074ca00000| PB 0x000000074ca00000| Untracked 
| 102|0x000000074cc00000, 0x000000074ce00000, 0x000000074ce00000|100%| O|  |TAMS 0x000000074cc00000| PB 0x000000074cc00000| Untracked 
| 103|0x000000074ce00000, 0x000000074d000000, 0x000000074d000000|100%| O|  |TAMS 0x000000074ce00000| PB 0x000000074ce00000| Untracked 
| 104|0x000000074d000000, 0x000000074d200000, 0x000000074d200000|100%| O|  |TAMS 0x000000074d000000| PB 0x000000074d000000| Untracked 
| 105|0x000000074d200000, 0x000000074d400000, 0x000000074d400000|100%| O|Cm|TAMS 0x000000074d200000| PB 0x000000074d200000| Complete 
| 106|0x000000074d400000, 0x000000074d600000, 0x000000074d600000|100%|HS|  |TAMS 0x000000074d400000| PB 0x000000074d400000| Complete 
| 107|0x000000074d600000, 0x000000074d800000, 0x000000074d800000|100%| O|  |TAMS 0x000000074d600000| PB 0x000000074d600000| Untracked 
| 108|0x000000074d800000, 0x000000074da00000, 0x000000074da00000|100%| O|  |TAMS 0x000000074d800000| PB 0x000000074d800000| Untracked 
| 109|0x000000074da00000, 0x000000074dc00000, 0x000000074dc00000|100%| O|Cm|TAMS 0x000000074da00000| PB 0x000000074da00000| Complete 
| 110|0x000000074dc00000, 0x000000074de00000, 0x000000074de00000|100%| O|  |TAMS 0x000000074dc00000| PB 0x000000074dc00000| Untracked 
| 111|0x000000074de00000, 0x000000074e000000, 0x000000074e000000|100%| O|  |TAMS 0x000000074de00000| PB 0x000000074de00000| Untracked 
| 112|0x000000074e000000, 0x000000074e200000, 0x000000074e200000|100%| O|  |TAMS 0x000000074e000000| PB 0x000000074e000000| Untracked 
| 113|0x000000074e200000, 0x000000074e400000, 0x000000074e400000|100%| O|  |TAMS 0x000000074e200000| PB 0x000000074e200000| Untracked 
| 114|0x000000074e400000, 0x000000074e600000, 0x000000074e600000|100%| O|  |TAMS 0x000000074e400000| PB 0x000000074e400000| Untracked 
| 115|0x000000074e600000, 0x000000074e800000, 0x000000074e800000|100%| O|  |TAMS 0x000000074e600000| PB 0x000000074e600000| Untracked 
| 116|0x000000074e800000, 0x000000074ea00000, 0x000000074ea00000|100%| O|  |TAMS 0x000000074e800000| PB 0x000000074e800000| Untracked 
| 117|0x000000074ea00000, 0x000000074ec00000, 0x000000074ec00000|100%| O|  |TAMS 0x000000074ea00000| PB 0x000000074ea00000| Untracked 
| 118|0x000000074ec00000, 0x000000074ee00000, 0x000000074ee00000|100%| O|  |TAMS 0x000000074ec00000| PB 0x000000074ec00000| Untracked 
| 119|0x000000074ee00000, 0x000000074f000000, 0x000000074f000000|100%| O|  |TAMS 0x000000074ee00000| PB 0x000000074ee00000| Untracked 
| 120|0x000000074f000000, 0x000000074f200000, 0x000000074f200000|100%| O|Cm|TAMS 0x000000074f000000| PB 0x000000074f000000| Complete 
| 121|0x000000074f200000, 0x000000074f400000, 0x000000074f400000|100%|HS|  |TAMS 0x000000074f200000| PB 0x000000074f200000| Complete 
| 122|0x000000074f400000, 0x000000074f600000, 0x000000074f600000|100%|HS|  |TAMS 0x000000074f400000| PB 0x000000074f400000| Complete 
| 123|0x000000074f600000, 0x000000074f800000, 0x000000074f800000|100%| O|  |TAMS 0x000000074f600000| PB 0x000000074f600000| Untracked 
| 124|0x000000074f800000, 0x000000074fa00000, 0x000000074fa00000|100%| O|Cm|TAMS 0x000000074f800000| PB 0x000000074f800000| Complete 
| 125|0x000000074fa00000, 0x000000074fc00000, 0x000000074fc00000|100%| O|  |TAMS 0x000000074fa00000| PB 0x000000074fa00000| Untracked 
| 126|0x000000074fc00000, 0x000000074fe00000, 0x000000074fe00000|100%| O|Cm|TAMS 0x000000074fc00000| PB 0x000000074fc00000| Complete 
| 127|0x000000074fe00000, 0x0000000750000000, 0x0000000750000000|100%| O|Cm|TAMS 0x000000074fe00000| PB 0x000000074fe00000| Complete 
| 128|0x0000000750000000, 0x0000000750200000, 0x0000000750200000|100%| O|  |TAMS 0x0000000750000000| PB 0x0000000750000000| Untracked 
| 129|0x0000000750200000, 0x0000000750400000, 0x0000000750400000|100%| O|  |TAMS 0x0000000750200000| PB 0x0000000750200000| Untracked 
| 130|0x0000000750400000, 0x0000000750600000, 0x0000000750600000|100%| O|  |TAMS 0x0000000750400000| PB 0x0000000750400000| Untracked 
| 131|0x0000000750600000, 0x0000000750800000, 0x0000000750800000|100%| O|  |TAMS 0x0000000750600000| PB 0x0000000750600000| Untracked 
| 132|0x0000000750800000, 0x0000000750a00000, 0x0000000750a00000|100%|HS|  |TAMS 0x0000000750800000| PB 0x0000000750800000| Complete 
| 133|0x0000000750a00000, 0x0000000750c00000, 0x0000000750c00000|100%| O|  |TAMS 0x0000000750a00000| PB 0x0000000750a00000| Untracked 
| 134|0x0000000750c00000, 0x0000000750e00000, 0x0000000750e00000|100%| O|  |TAMS 0x0000000750c00000| PB 0x0000000750c00000| Untracked 
| 135|0x0000000750e00000, 0x0000000751000000, 0x0000000751000000|100%| O|  |TAMS 0x0000000750e00000| PB 0x0000000750e00000| Untracked 
| 136|0x0000000751000000, 0x0000000751200000, 0x0000000751200000|100%| O|Cm|TAMS 0x0000000751000000| PB 0x0000000751000000| Complete 
| 137|0x0000000751200000, 0x0000000751400000, 0x0000000751400000|100%| O|  |TAMS 0x0000000751200000| PB 0x0000000751200000| Untracked 
| 138|0x0000000751400000, 0x0000000751600000, 0x0000000751600000|100%| O|  |TAMS 0x0000000751400000| PB 0x0000000751400000| Untracked 
| 139|0x0000000751600000, 0x0000000751800000, 0x0000000751800000|100%| O|Cm|TAMS 0x0000000751600000| PB 0x0000000751600000| Complete 
| 140|0x0000000751800000, 0x0000000751a00000, 0x0000000751a00000|100%| O|Cm|TAMS 0x0000000751800000| PB 0x0000000751800000| Complete 
| 141|0x0000000751a00000, 0x0000000751c00000, 0x0000000751c00000|100%| O|Cm|TAMS 0x0000000751a00000| PB 0x0000000751a00000| Complete 
| 142|0x0000000751c00000, 0x0000000751e00000, 0x0000000751e00000|100%| O|Cm|TAMS 0x0000000751c00000| PB 0x0000000751c00000| Complete 
| 143|0x0000000751e00000, 0x0000000752000000, 0x0000000752000000|100%| O|Cm|TAMS 0x0000000751e00000| PB 0x0000000751e00000| Complete 
| 144|0x0000000752000000, 0x0000000752200000, 0x0000000752200000|100%| O|Cm|TAMS 0x0000000752000000| PB 0x0000000752000000| Complete 
| 145|0x0000000752200000, 0x0000000752400000, 0x0000000752400000|100%| O|Cm|TAMS 0x0000000752200000| PB 0x0000000752200000| Complete 
| 146|0x0000000752400000, 0x0000000752600000, 0x0000000752600000|100%| O|Cm|TAMS 0x0000000752400000| PB 0x0000000752400000| Complete 
| 147|0x0000000752600000, 0x0000000752800000, 0x0000000752800000|100%| O|  |TAMS 0x0000000752600000| PB 0x0000000752600000| Untracked 
| 148|0x0000000752800000, 0x0000000752a00000, 0x0000000752a00000|100%| O|  |TAMS 0x0000000752800000| PB 0x0000000752800000| Untracked 
| 149|0x0000000752a00000, 0x0000000752c00000, 0x0000000752c00000|100%| O|  |TAMS 0x0000000752a00000| PB 0x0000000752a00000| Untracked 
| 150|0x0000000752c00000, 0x0000000752e00000, 0x0000000752e00000|100%| O|  |TAMS 0x0000000752c00000| PB 0x0000000752c00000| Untracked 
| 151|0x0000000752e00000, 0x0000000753000000, 0x0000000753000000|100%| O|  |TAMS 0x0000000752e00000| PB 0x0000000752e00000| Untracked 
| 152|0x0000000753000000, 0x0000000753200000, 0x0000000753200000|100%| O|  |TAMS 0x0000000753000000| PB 0x0000000753000000| Untracked 
| 153|0x0000000753200000, 0x0000000753400000, 0x0000000753400000|100%| O|  |TAMS 0x0000000753200000| PB 0x0000000753200000| Untracked 
| 154|0x0000000753400000, 0x0000000753600000, 0x0000000753600000|100%| O|  |TAMS 0x0000000753400000| PB 0x0000000753400000| Untracked 
| 155|0x0000000753600000, 0x0000000753800000, 0x0000000753800000|100%| O|Cm|TAMS 0x0000000753600000| PB 0x0000000753600000| Complete 
| 156|0x0000000753800000, 0x0000000753a00000, 0x0000000753a00000|100%| O|Cm|TAMS 0x0000000753800000| PB 0x0000000753800000| Complete 
| 157|0x0000000753a00000, 0x0000000753c00000, 0x0000000753c00000|100%| O|Cm|TAMS 0x0000000753a00000| PB 0x0000000753a00000| Complete 
| 158|0x0000000753c00000, 0x0000000753e00000, 0x0000000753e00000|100%| O|  |TAMS 0x0000000753c00000| PB 0x0000000753c00000| Untracked 
| 159|0x0000000753e00000, 0x0000000754000000, 0x0000000754000000|100%| O|  |TAMS 0x0000000753e00000| PB 0x0000000753e00000| Untracked 
| 160|0x0000000754000000, 0x0000000754200000, 0x0000000754200000|100%| O|  |TAMS 0x0000000754000000| PB 0x0000000754000000| Untracked 
| 161|0x0000000754200000, 0x0000000754400000, 0x0000000754400000|100%| O|  |TAMS 0x0000000754200000| PB 0x0000000754200000| Untracked 
| 162|0x0000000754400000, 0x0000000754600000, 0x0000000754600000|100%| O|Cm|TAMS 0x0000000754400000| PB 0x0000000754400000| Complete 
| 163|0x0000000754600000, 0x0000000754800000, 0x0000000754800000|100%| O|  |TAMS 0x0000000754600000| PB 0x0000000754600000| Untracked 
| 164|0x0000000754800000, 0x0000000754a00000, 0x0000000754a00000|100%| O|  |TAMS 0x0000000754800000| PB 0x0000000754800000| Untracked 
| 165|0x0000000754a00000, 0x0000000754c00000, 0x0000000754c00000|100%| O|  |TAMS 0x0000000754a00000| PB 0x0000000754a00000| Untracked 
| 166|0x0000000754c00000, 0x0000000754e00000, 0x0000000754e00000|100%| O|  |TAMS 0x0000000754c00000| PB 0x0000000754c00000| Untracked 
| 167|0x0000000754e00000, 0x0000000755000000, 0x0000000755000000|100%| O|  |TAMS 0x0000000754e00000| PB 0x0000000754e00000| Untracked 
| 168|0x0000000755000000, 0x0000000755200000, 0x0000000755200000|100%| O|  |TAMS 0x0000000755000000| PB 0x0000000755000000| Untracked 
| 169|0x0000000755200000, 0x0000000755400000, 0x0000000755400000|100%| O|  |TAMS 0x0000000755200000| PB 0x0000000755200000| Untracked 
| 170|0x0000000755400000, 0x0000000755600000, 0x0000000755600000|100%| O|  |TAMS 0x0000000755400000| PB 0x0000000755400000| Untracked 
| 171|0x0000000755600000, 0x0000000755800000, 0x0000000755800000|100%| O|  |TAMS 0x0000000755600000| PB 0x0000000755600000| Untracked 
| 172|0x0000000755800000, 0x0000000755a00000, 0x0000000755a00000|100%| O|  |TAMS 0x0000000755800000| PB 0x0000000755800000| Untracked 
| 173|0x0000000755a00000, 0x0000000755c00000, 0x0000000755c00000|100%| O|  |TAMS 0x0000000755a00000| PB 0x0000000755a00000| Untracked 
| 174|0x0000000755c00000, 0x0000000755e00000, 0x0000000755e00000|100%| O|  |TAMS 0x0000000755c00000| PB 0x0000000755c00000| Untracked 
| 175|0x0000000755e00000, 0x0000000756000000, 0x0000000756000000|100%| O|  |TAMS 0x0000000755e00000| PB 0x0000000755e00000| Untracked 
| 176|0x0000000756000000, 0x0000000756200000, 0x0000000756200000|100%| O|  |TAMS 0x0000000756000000| PB 0x0000000756000000| Untracked 
| 177|0x0000000756200000, 0x0000000756400000, 0x0000000756400000|100%| O|  |TAMS 0x0000000756200000| PB 0x0000000756200000| Untracked 
| 178|0x0000000756400000, 0x0000000756600000, 0x0000000756600000|100%| O|  |TAMS 0x0000000756400000| PB 0x0000000756400000| Untracked 
| 179|0x0000000756600000, 0x0000000756800000, 0x0000000756800000|100%| O|  |TAMS 0x0000000756600000| PB 0x0000000756600000| Untracked 
| 180|0x0000000756800000, 0x0000000756a00000, 0x0000000756a00000|100%|HS|  |TAMS 0x0000000756800000| PB 0x0000000756800000| Complete 
| 181|0x0000000756a00000, 0x0000000756c00000, 0x0000000756c00000|100%| O|  |TAMS 0x0000000756a00000| PB 0x0000000756a00000| Untracked 
| 182|0x0000000756c00000, 0x0000000756e00000, 0x0000000756e00000|100%|HS|  |TAMS 0x0000000756c00000| PB 0x0000000756c00000| Complete 
| 183|0x0000000756e00000, 0x0000000757000000, 0x0000000757000000|100%| O|  |TAMS 0x0000000756e00000| PB 0x0000000756e00000| Untracked 
| 184|0x0000000757000000, 0x0000000757200000, 0x0000000757200000|100%| O|  |TAMS 0x0000000757000000| PB 0x0000000757000000| Untracked 
| 185|0x0000000757200000, 0x0000000757400000, 0x0000000757400000|100%| O|  |TAMS 0x0000000757200000| PB 0x0000000757200000| Untracked 
| 186|0x0000000757400000, 0x0000000757600000, 0x0000000757600000|100%|HS|  |TAMS 0x0000000757400000| PB 0x0000000757400000| Complete 
| 187|0x0000000757600000, 0x0000000757800000, 0x0000000757800000|100%|HC|  |TAMS 0x0000000757600000| PB 0x0000000757600000| Complete 
| 188|0x0000000757800000, 0x0000000757a00000, 0x0000000757a00000|100%|HC|  |TAMS 0x0000000757800000| PB 0x0000000757800000| Complete 
| 189|0x0000000757a00000, 0x0000000757c00000, 0x0000000757c00000|100%|HC|  |TAMS 0x0000000757a00000| PB 0x0000000757a00000| Complete 
| 190|0x0000000757c00000, 0x0000000757e00000, 0x0000000757e00000|100%| O|  |TAMS 0x0000000757c00000| PB 0x0000000757c00000| Untracked 
| 191|0x0000000757e00000, 0x0000000758000000, 0x0000000758000000|100%| O|  |TAMS 0x0000000757e00000| PB 0x0000000757e00000| Untracked 
| 192|0x0000000758000000, 0x0000000758200000, 0x0000000758200000|100%| O|  |TAMS 0x0000000758000000| PB 0x0000000758000000| Untracked 
| 193|0x0000000758200000, 0x0000000758400000, 0x0000000758400000|100%| O|  |TAMS 0x0000000758200000| PB 0x0000000758200000| Untracked 
| 194|0x0000000758400000, 0x0000000758600000, 0x0000000758600000|100%| O|  |TAMS 0x0000000758400000| PB 0x0000000758400000| Untracked 
| 195|0x0000000758600000, 0x0000000758800000, 0x0000000758800000|100%| O|Cm|TAMS 0x0000000758600000| PB 0x0000000758600000| Complete 
| 196|0x0000000758800000, 0x0000000758a00000, 0x0000000758a00000|100%| O|  |TAMS 0x0000000758800000| PB 0x0000000758800000| Untracked 
| 197|0x0000000758a00000, 0x0000000758c00000, 0x0000000758c00000|100%| O|  |TAMS 0x0000000758a00000| PB 0x0000000758a00000| Untracked 
| 198|0x0000000758c00000, 0x0000000758e00000, 0x0000000758e00000|100%| O|Cm|TAMS 0x0000000758c00000| PB 0x0000000758c00000| Complete 
| 199|0x0000000758e00000, 0x0000000759000000, 0x0000000759000000|100%| O|  |TAMS 0x0000000758e00000| PB 0x0000000758e00000| Untracked 
| 200|0x0000000759000000, 0x0000000759200000, 0x0000000759200000|100%| O|  |TAMS 0x0000000759000000| PB 0x0000000759000000| Untracked 
| 201|0x0000000759200000, 0x0000000759400000, 0x0000000759400000|100%| O|  |TAMS 0x0000000759200000| PB 0x0000000759200000| Untracked 
| 202|0x0000000759400000, 0x0000000759600000, 0x0000000759600000|100%| O|  |TAMS 0x0000000759400000| PB 0x0000000759400000| Untracked 
| 203|0x0000000759600000, 0x0000000759800000, 0x0000000759800000|100%| O|  |TAMS 0x0000000759600000| PB 0x0000000759600000| Untracked 
| 204|0x0000000759800000, 0x0000000759a00000, 0x0000000759a00000|100%| O|  |TAMS 0x0000000759800000| PB 0x0000000759800000| Untracked 
| 205|0x0000000759a00000, 0x0000000759c00000, 0x0000000759c00000|100%| O|  |TAMS 0x0000000759a00000| PB 0x0000000759a00000| Untracked 
| 206|0x0000000759c00000, 0x0000000759e00000, 0x0000000759e00000|100%| O|  |TAMS 0x0000000759c00000| PB 0x0000000759c00000| Untracked 
| 207|0x0000000759e00000, 0x000000075a000000, 0x000000075a000000|100%| O|  |TAMS 0x0000000759e00000| PB 0x0000000759e00000| Untracked 
| 208|0x000000075a000000, 0x000000075a200000, 0x000000075a200000|100%| O|  |TAMS 0x000000075a000000| PB 0x000000075a000000| Untracked 
| 209|0x000000075a200000, 0x000000075a400000, 0x000000075a400000|100%| O|  |TAMS 0x000000075a200000| PB 0x000000075a200000| Untracked 
| 210|0x000000075a400000, 0x000000075a600000, 0x000000075a600000|100%| O|  |TAMS 0x000000075a400000| PB 0x000000075a400000| Untracked 
| 211|0x000000075a600000, 0x000000075a800000, 0x000000075a800000|100%| O|  |TAMS 0x000000075a600000| PB 0x000000075a600000| Untracked 
| 212|0x000000075a800000, 0x000000075aa00000, 0x000000075aa00000|100%| O|  |TAMS 0x000000075a800000| PB 0x000000075a800000| Untracked 
| 213|0x000000075aa00000, 0x000000075ac00000, 0x000000075ac00000|100%| O|  |TAMS 0x000000075aa00000| PB 0x000000075aa00000| Untracked 
| 214|0x000000075ac00000, 0x000000075ae00000, 0x000000075ae00000|100%| O|  |TAMS 0x000000075ac00000| PB 0x000000075ac00000| Untracked 
| 215|0x000000075ae00000, 0x000000075b000000, 0x000000075b000000|100%| O|  |TAMS 0x000000075ae00000| PB 0x000000075ae00000| Untracked 
| 216|0x000000075b000000, 0x000000075b200000, 0x000000075b200000|100%| O|  |TAMS 0x000000075b000000| PB 0x000000075b000000| Untracked 
| 217|0x000000075b200000, 0x000000075b400000, 0x000000075b400000|100%| O|  |TAMS 0x000000075b200000| PB 0x000000075b200000| Untracked 
| 218|0x000000075b400000, 0x000000075b600000, 0x000000075b600000|100%|HS|  |TAMS 0x000000075b400000| PB 0x000000075b400000| Complete 
| 219|0x000000075b600000, 0x000000075b800000, 0x000000075b800000|100%|HS|  |TAMS 0x000000075b600000| PB 0x000000075b600000| Complete 
| 220|0x000000075b800000, 0x000000075ba00000, 0x000000075ba00000|100%| O|Cm|TAMS 0x000000075b800000| PB 0x000000075b800000| Complete 
| 221|0x000000075ba00000, 0x000000075bc00000, 0x000000075bc00000|100%|HS|  |TAMS 0x000000075ba00000| PB 0x000000075ba00000| Complete 
| 222|0x000000075bc00000, 0x000000075be00000, 0x000000075be00000|100%|HC|  |TAMS 0x000000075bc00000| PB 0x000000075bc00000| Complete 
| 223|0x000000075be00000, 0x000000075c000000, 0x000000075c000000|100%|HC|  |TAMS 0x000000075be00000| PB 0x000000075be00000| Complete 
| 224|0x000000075c000000, 0x000000075c200000, 0x000000075c200000|100%|HC|  |TAMS 0x000000075c000000| PB 0x000000075c000000| Complete 
| 225|0x000000075c200000, 0x000000075c400000, 0x000000075c400000|100%|HC|  |TAMS 0x000000075c200000| PB 0x000000075c200000| Complete 
| 226|0x000000075c400000, 0x000000075c600000, 0x000000075c600000|100%|HS|  |TAMS 0x000000075c400000| PB 0x000000075c400000| Complete 
| 227|0x000000075c600000, 0x000000075c800000, 0x000000075c800000|100%|HC|  |TAMS 0x000000075c600000| PB 0x000000075c600000| Complete 
| 228|0x000000075c800000, 0x000000075ca00000, 0x000000075ca00000|100%|HC|  |TAMS 0x000000075c800000| PB 0x000000075c800000| Complete 
| 229|0x000000075ca00000, 0x000000075cc00000, 0x000000075cc00000|100%|HC|  |TAMS 0x000000075ca00000| PB 0x000000075ca00000| Complete 
| 230|0x000000075cc00000, 0x000000075ce00000, 0x000000075ce00000|100%|HS|  |TAMS 0x000000075cc00000| PB 0x000000075cc00000| Complete 
| 231|0x000000075ce00000, 0x000000075d000000, 0x000000075d000000|100%|HC|  |TAMS 0x000000075ce00000| PB 0x000000075ce00000| Complete 
| 232|0x000000075d000000, 0x000000075d200000, 0x000000075d200000|100%|HS|  |TAMS 0x000000075d000000| PB 0x000000075d000000| Complete 
| 233|0x000000075d200000, 0x000000075d400000, 0x000000075d400000|100%|HC|  |TAMS 0x000000075d200000| PB 0x000000075d200000| Complete 
| 234|0x000000075d400000, 0x000000075d600000, 0x000000075d600000|100%|HS|  |TAMS 0x000000075d400000| PB 0x000000075d400000| Complete 
| 235|0x000000075d600000, 0x000000075d800000, 0x000000075d800000|100%|HC|  |TAMS 0x000000075d600000| PB 0x000000075d600000| Complete 
| 236|0x000000075d800000, 0x000000075da00000, 0x000000075da00000|100%|HC|  |TAMS 0x000000075d800000| PB 0x000000075d800000| Complete 
| 237|0x000000075da00000, 0x000000075dc00000, 0x000000075dc00000|100%|HC|  |TAMS 0x000000075da00000| PB 0x000000075da00000| Complete 
| 238|0x000000075dc00000, 0x000000075de00000, 0x000000075de00000|100%| O|  |TAMS 0x000000075dc00000| PB 0x000000075dc00000| Untracked 
| 239|0x000000075de00000, 0x000000075e000000, 0x000000075e000000|100%|HS|  |TAMS 0x000000075de00000| PB 0x000000075de00000| Complete 
| 240|0x000000075e000000, 0x000000075e200000, 0x000000075e200000|100%|HS|  |TAMS 0x000000075e000000| PB 0x000000075e000000| Complete 
| 241|0x000000075e200000, 0x000000075e400000, 0x000000075e400000|100%|HS|  |TAMS 0x000000075e200000| PB 0x000000075e200000| Complete 
| 242|0x000000075e400000, 0x000000075e600000, 0x000000075e600000|100%|HS|  |TAMS 0x000000075e400000| PB 0x000000075e400000| Complete 
| 243|0x000000075e600000, 0x000000075e800000, 0x000000075e800000|100%|HS|  |TAMS 0x000000075e600000| PB 0x000000075e600000| Complete 
| 244|0x000000075e800000, 0x000000075e800000, 0x000000075ea00000|  0%| F|  |TAMS 0x000000075e800000| PB 0x000000075e800000| Untracked 
| 245|0x000000075ea00000, 0x000000075ea00000, 0x000000075ec00000|  0%| F|  |TAMS 0x000000075ea00000| PB 0x000000075ea00000| Untracked 
| 246|0x000000075ec00000, 0x000000075ee00000, 0x000000075ee00000|100%| O|Cm|TAMS 0x000000075ec00000| PB 0x000000075ec00000| Complete 
| 247|0x000000075ee00000, 0x000000075ee00000, 0x000000075f000000|  0%| F|  |TAMS 0x000000075ee00000| PB 0x000000075ee00000| Untracked 
| 248|0x000000075f000000, 0x000000075f000000, 0x000000075f200000|  0%| F|  |TAMS 0x000000075f000000| PB 0x000000075f000000| Untracked 
| 249|0x000000075f200000, 0x000000075f200000, 0x000000075f400000|  0%| F|  |TAMS 0x000000075f200000| PB 0x000000075f200000| Untracked 
| 250|0x000000075f400000, 0x000000075f400000, 0x000000075f600000|  0%| F|  |TAMS 0x000000075f400000| PB 0x000000075f400000| Untracked 
| 251|0x000000075f600000, 0x000000075f600000, 0x000000075f800000|  0%| F|  |TAMS 0x000000075f600000| PB 0x000000075f600000| Untracked 
| 252|0x000000075f800000, 0x000000075fa00000, 0x000000075fa00000|100%| O|Cm|TAMS 0x000000075f800000| PB 0x000000075f800000| Complete 
| 253|0x000000075fa00000, 0x000000075fc00000, 0x000000075fc00000|100%| O|  |TAMS 0x000000075fa00000| PB 0x000000075fa00000| Untracked 
| 254|0x000000075fc00000, 0x000000075fe00000, 0x000000075fe00000|100%| O|  |TAMS 0x000000075fc00000| PB 0x000000075fc00000| Untracked 
| 255|0x000000075fe00000, 0x0000000760000000, 0x0000000760000000|100%| O|  |TAMS 0x000000075fe00000| PB 0x000000075fe00000| Untracked 
| 256|0x0000000760000000, 0x0000000760200000, 0x0000000760200000|100%| O|  |TAMS 0x0000000760000000| PB 0x0000000760000000| Untracked 
| 257|0x0000000760200000, 0x0000000760400000, 0x0000000760400000|100%| O|  |TAMS 0x0000000760200000| PB 0x0000000760200000| Untracked 
| 258|0x0000000760400000, 0x0000000760600000, 0x0000000760600000|100%| O|  |TAMS 0x0000000760400000| PB 0x0000000760400000| Untracked 
| 259|0x0000000760600000, 0x0000000760800000, 0x0000000760800000|100%| O|  |TAMS 0x0000000760600000| PB 0x0000000760600000| Untracked 
| 260|0x0000000760800000, 0x0000000760a00000, 0x0000000760a00000|100%| O|  |TAMS 0x0000000760800000| PB 0x0000000760800000| Untracked 
| 261|0x0000000760a00000, 0x0000000760c00000, 0x0000000760c00000|100%| O|  |TAMS 0x0000000760a00000| PB 0x0000000760a00000| Untracked 
| 262|0x0000000760c00000, 0x0000000760e00000, 0x0000000760e00000|100%| O|  |TAMS 0x0000000760c00000| PB 0x0000000760c00000| Untracked 
| 263|0x0000000760e00000, 0x0000000761000000, 0x0000000761000000|100%| O|  |TAMS 0x0000000760e00000| PB 0x0000000760e00000| Untracked 
| 264|0x0000000761000000, 0x0000000761200000, 0x0000000761200000|100%| O|  |TAMS 0x0000000761000000| PB 0x0000000761000000| Untracked 
| 265|0x0000000761200000, 0x00000007612c0030, 0x0000000761400000| 37%| O|  |TAMS 0x0000000761200000| PB 0x0000000761200000| Untracked 
| 266|0x0000000761400000, 0x0000000761400000, 0x0000000761600000|  0%| F|  |TAMS 0x0000000761400000| PB 0x0000000761400000| Untracked 
| 267|0x0000000761600000, 0x0000000761600000, 0x0000000761800000|  0%| F|  |TAMS 0x0000000761600000| PB 0x0000000761600000| Untracked 
| 268|0x0000000761800000, 0x0000000761800000, 0x0000000761a00000|  0%| F|  |TAMS 0x0000000761800000| PB 0x0000000761800000| Untracked 
| 269|0x0000000761a00000, 0x0000000761a00000, 0x0000000761c00000|  0%| F|  |TAMS 0x0000000761a00000| PB 0x0000000761a00000| Untracked 
| 270|0x0000000761c00000, 0x0000000761c00000, 0x0000000761e00000|  0%| F|  |TAMS 0x0000000761c00000| PB 0x0000000761c00000| Untracked 
| 271|0x0000000761e00000, 0x0000000761e00000, 0x0000000762000000|  0%| F|  |TAMS 0x0000000761e00000| PB 0x0000000761e00000| Untracked 
| 272|0x0000000762000000, 0x0000000762000000, 0x0000000762200000|  0%| F|  |TAMS 0x0000000762000000| PB 0x0000000762000000| Untracked 
| 273|0x0000000762200000, 0x0000000762200000, 0x0000000762400000|  0%| F|  |TAMS 0x0000000762200000| PB 0x0000000762200000| Untracked 
| 274|0x0000000762400000, 0x0000000762400000, 0x0000000762600000|  0%| F|  |TAMS 0x0000000762400000| PB 0x0000000762400000| Untracked 
| 275|0x0000000762600000, 0x0000000762600000, 0x0000000762800000|  0%| F|  |TAMS 0x0000000762600000| PB 0x0000000762600000| Untracked 
| 276|0x0000000762800000, 0x0000000762800000, 0x0000000762a00000|  0%| F|  |TAMS 0x0000000762800000| PB 0x0000000762800000| Untracked 
| 277|0x0000000762a00000, 0x0000000762a00000, 0x0000000762c00000|  0%| F|  |TAMS 0x0000000762a00000| PB 0x0000000762a00000| Untracked 
| 278|0x0000000762c00000, 0x0000000762c00000, 0x0000000762e00000|  0%| F|  |TAMS 0x0000000762c00000| PB 0x0000000762c00000| Untracked 
| 279|0x0000000762e00000, 0x0000000762e00000, 0x0000000763000000|  0%| F|  |TAMS 0x0000000762e00000| PB 0x0000000762e00000| Untracked 
| 280|0x0000000763000000, 0x0000000763200000, 0x0000000763200000|100%| O|Cm|TAMS 0x0000000763000000| PB 0x0000000763000000| Complete 
| 281|0x0000000763200000, 0x0000000763400000, 0x0000000763400000|100%| O|Cm|TAMS 0x0000000763200000| PB 0x0000000763200000| Complete 
| 282|0x0000000763400000, 0x0000000763400000, 0x0000000763600000|  0%| F|  |TAMS 0x0000000763400000| PB 0x0000000763400000| Untracked 
| 283|0x0000000763600000, 0x0000000763600000, 0x0000000763800000|  0%| F|  |TAMS 0x0000000763600000| PB 0x0000000763600000| Untracked 
| 284|0x0000000763800000, 0x0000000763800000, 0x0000000763a00000|  0%| F|  |TAMS 0x0000000763800000| PB 0x0000000763800000| Untracked 
| 285|0x0000000763a00000, 0x0000000763a00000, 0x0000000763c00000|  0%| F|  |TAMS 0x0000000763a00000| PB 0x0000000763a00000| Untracked 
| 286|0x0000000763c00000, 0x0000000763c00000, 0x0000000763e00000|  0%| F|  |TAMS 0x0000000763c00000| PB 0x0000000763c00000| Untracked 
| 287|0x0000000763e00000, 0x0000000763e00000, 0x0000000764000000|  0%| F|  |TAMS 0x0000000763e00000| PB 0x0000000763e00000| Untracked 
| 288|0x0000000764000000, 0x0000000764000000, 0x0000000764200000|  0%| F|  |TAMS 0x0000000764000000| PB 0x0000000764000000| Untracked 
| 289|0x0000000764200000, 0x0000000764200000, 0x0000000764400000|  0%| F|  |TAMS 0x0000000764200000| PB 0x0000000764200000| Untracked 
| 290|0x0000000764400000, 0x0000000764400000, 0x0000000764600000|  0%| F|  |TAMS 0x0000000764400000| PB 0x0000000764400000| Untracked 
| 291|0x0000000764600000, 0x0000000764600000, 0x0000000764800000|  0%| F|  |TAMS 0x0000000764600000| PB 0x0000000764600000| Untracked 
| 292|0x0000000764800000, 0x0000000764800000, 0x0000000764a00000|  0%| F|  |TAMS 0x0000000764800000| PB 0x0000000764800000| Untracked 
| 293|0x0000000764a00000, 0x0000000764a00000, 0x0000000764c00000|  0%| F|  |TAMS 0x0000000764a00000| PB 0x0000000764a00000| Untracked 
| 294|0x0000000764c00000, 0x0000000764c00000, 0x0000000764e00000|  0%| F|  |TAMS 0x0000000764c00000| PB 0x0000000764c00000| Untracked 
| 295|0x0000000764e00000, 0x0000000764e00000, 0x0000000765000000|  0%| F|  |TAMS 0x0000000764e00000| PB 0x0000000764e00000| Untracked 
| 296|0x0000000765000000, 0x0000000765000000, 0x0000000765200000|  0%| F|  |TAMS 0x0000000765000000| PB 0x0000000765000000| Untracked 
| 297|0x0000000765200000, 0x0000000765200000, 0x0000000765400000|  0%| F|  |TAMS 0x0000000765200000| PB 0x0000000765200000| Untracked 
| 298|0x0000000765400000, 0x0000000765400000, 0x0000000765600000|  0%| F|  |TAMS 0x0000000765400000| PB 0x0000000765400000| Untracked 
| 299|0x0000000765600000, 0x0000000765600000, 0x0000000765800000|  0%| F|  |TAMS 0x0000000765600000| PB 0x0000000765600000| Untracked 
| 300|0x0000000765800000, 0x0000000765800000, 0x0000000765a00000|  0%| F|  |TAMS 0x0000000765800000| PB 0x0000000765800000| Untracked 
| 301|0x0000000765a00000, 0x0000000765a00000, 0x0000000765c00000|  0%| F|  |TAMS 0x0000000765a00000| PB 0x0000000765a00000| Untracked 
| 302|0x0000000765c00000, 0x0000000765c00000, 0x0000000765e00000|  0%| F|  |TAMS 0x0000000765c00000| PB 0x0000000765c00000| Untracked 
| 303|0x0000000765e00000, 0x0000000765e00000, 0x0000000766000000|  0%| F|  |TAMS 0x0000000765e00000| PB 0x0000000765e00000| Untracked 
| 304|0x0000000766000000, 0x0000000766000000, 0x0000000766200000|  0%| F|  |TAMS 0x0000000766000000| PB 0x0000000766000000| Untracked 
| 305|0x0000000766200000, 0x0000000766200000, 0x0000000766400000|  0%| F|  |TAMS 0x0000000766200000| PB 0x0000000766200000| Untracked 
| 306|0x0000000766400000, 0x0000000766400000, 0x0000000766600000|  0%| F|  |TAMS 0x0000000766400000| PB 0x0000000766400000| Untracked 
| 307|0x0000000766600000, 0x0000000766600000, 0x0000000766800000|  0%| F|  |TAMS 0x0000000766600000| PB 0x0000000766600000| Untracked 
| 308|0x0000000766800000, 0x0000000766800000, 0x0000000766a00000|  0%| F|  |TAMS 0x0000000766800000| PB 0x0000000766800000| Untracked 
| 309|0x0000000766a00000, 0x0000000766a00000, 0x0000000766c00000|  0%| F|  |TAMS 0x0000000766a00000| PB 0x0000000766a00000| Untracked 
| 310|0x0000000766c00000, 0x0000000766c00000, 0x0000000766e00000|  0%| F|  |TAMS 0x0000000766c00000| PB 0x0000000766c00000| Untracked 
| 311|0x0000000766e00000, 0x0000000766e00000, 0x0000000767000000|  0%| F|  |TAMS 0x0000000766e00000| PB 0x0000000766e00000| Untracked 
| 312|0x0000000767000000, 0x0000000767000000, 0x0000000767200000|  0%| F|  |TAMS 0x0000000767000000| PB 0x0000000767000000| Untracked 
| 313|0x0000000767200000, 0x0000000767200000, 0x0000000767400000|  0%| F|  |TAMS 0x0000000767200000| PB 0x0000000767200000| Untracked 
| 314|0x0000000767400000, 0x0000000767400000, 0x0000000767600000|  0%| F|  |TAMS 0x0000000767400000| PB 0x0000000767400000| Untracked 
| 315|0x0000000767600000, 0x0000000767600000, 0x0000000767800000|  0%| F|  |TAMS 0x0000000767600000| PB 0x0000000767600000| Untracked 
| 316|0x0000000767800000, 0x0000000767800000, 0x0000000767a00000|  0%| F|  |TAMS 0x0000000767800000| PB 0x0000000767800000| Untracked 
| 317|0x0000000767a00000, 0x0000000767a00000, 0x0000000767c00000|  0%| F|  |TAMS 0x0000000767a00000| PB 0x0000000767a00000| Untracked 
| 318|0x0000000767c00000, 0x0000000767c00000, 0x0000000767e00000|  0%| F|  |TAMS 0x0000000767c00000| PB 0x0000000767c00000| Untracked 
| 319|0x0000000767e00000, 0x0000000767e00000, 0x0000000768000000|  0%| F|  |TAMS 0x0000000767e00000| PB 0x0000000767e00000| Untracked 
| 320|0x0000000768000000, 0x0000000768000000, 0x0000000768200000|  0%| F|  |TAMS 0x0000000768000000| PB 0x0000000768000000| Untracked 
| 321|0x0000000768200000, 0x0000000768200000, 0x0000000768400000|  0%| F|  |TAMS 0x0000000768200000| PB 0x0000000768200000| Untracked 
| 322|0x0000000768400000, 0x0000000768400000, 0x0000000768600000|  0%| F|  |TAMS 0x0000000768400000| PB 0x0000000768400000| Untracked 
| 323|0x0000000768600000, 0x0000000768600000, 0x0000000768800000|  0%| F|  |TAMS 0x0000000768600000| PB 0x0000000768600000| Untracked 
| 324|0x0000000768800000, 0x0000000768800000, 0x0000000768a00000|  0%| F|  |TAMS 0x0000000768800000| PB 0x0000000768800000| Untracked 
| 325|0x0000000768a00000, 0x0000000768a00000, 0x0000000768c00000|  0%| F|  |TAMS 0x0000000768a00000| PB 0x0000000768a00000| Untracked 
| 326|0x0000000768c00000, 0x0000000768c00000, 0x0000000768e00000|  0%| F|  |TAMS 0x0000000768c00000| PB 0x0000000768c00000| Untracked 
| 327|0x0000000768e00000, 0x0000000768e00000, 0x0000000769000000|  0%| F|  |TAMS 0x0000000768e00000| PB 0x0000000768e00000| Untracked 
| 328|0x0000000769000000, 0x0000000769000000, 0x0000000769200000|  0%| F|  |TAMS 0x0000000769000000| PB 0x0000000769000000| Untracked 
| 329|0x0000000769200000, 0x0000000769200000, 0x0000000769400000|  0%| F|  |TAMS 0x0000000769200000| PB 0x0000000769200000| Untracked 
| 330|0x0000000769400000, 0x0000000769400000, 0x0000000769600000|  0%| F|  |TAMS 0x0000000769400000| PB 0x0000000769400000| Untracked 
| 331|0x0000000769600000, 0x0000000769600000, 0x0000000769800000|  0%| F|  |TAMS 0x0000000769600000| PB 0x0000000769600000| Untracked 
| 332|0x0000000769800000, 0x0000000769800000, 0x0000000769a00000|  0%| F|  |TAMS 0x0000000769800000| PB 0x0000000769800000| Untracked 
| 333|0x0000000769a00000, 0x0000000769a00000, 0x0000000769c00000|  0%| F|  |TAMS 0x0000000769a00000| PB 0x0000000769a00000| Untracked 
| 334|0x0000000769c00000, 0x0000000769c00000, 0x0000000769e00000|  0%| F|  |TAMS 0x0000000769c00000| PB 0x0000000769c00000| Untracked 
| 335|0x0000000769e00000, 0x0000000769e00000, 0x000000076a000000|  0%| F|  |TAMS 0x0000000769e00000| PB 0x0000000769e00000| Untracked 
| 336|0x000000076a000000, 0x000000076a000000, 0x000000076a200000|  0%| F|  |TAMS 0x000000076a000000| PB 0x000000076a000000| Untracked 
| 337|0x000000076a200000, 0x000000076a200000, 0x000000076a400000|  0%| F|  |TAMS 0x000000076a200000| PB 0x000000076a200000| Untracked 
| 338|0x000000076a400000, 0x000000076a400000, 0x000000076a600000|  0%| F|  |TAMS 0x000000076a400000| PB 0x000000076a400000| Untracked 
| 339|0x000000076a600000, 0x000000076a600000, 0x000000076a800000|  0%| F|  |TAMS 0x000000076a600000| PB 0x000000076a600000| Untracked 
| 340|0x000000076a800000, 0x000000076a800000, 0x000000076aa00000|  0%| F|  |TAMS 0x000000076a800000| PB 0x000000076a800000| Untracked 
| 341|0x000000076aa00000, 0x000000076aa00000, 0x000000076ac00000|  0%| F|  |TAMS 0x000000076aa00000| PB 0x000000076aa00000| Untracked 
| 342|0x000000076ac00000, 0x000000076ac00000, 0x000000076ae00000|  0%| F|  |TAMS 0x000000076ac00000| PB 0x000000076ac00000| Untracked 
| 343|0x000000076ae00000, 0x000000076ae00000, 0x000000076b000000|  0%| F|  |TAMS 0x000000076ae00000| PB 0x000000076ae00000| Untracked 
| 344|0x000000076b000000, 0x000000076b000000, 0x000000076b200000|  0%| F|  |TAMS 0x000000076b000000| PB 0x000000076b000000| Untracked 
| 345|0x000000076b200000, 0x000000076b200000, 0x000000076b400000|  0%| F|  |TAMS 0x000000076b200000| PB 0x000000076b200000| Untracked 
| 346|0x000000076b400000, 0x000000076b400000, 0x000000076b600000|  0%| F|  |TAMS 0x000000076b400000| PB 0x000000076b400000| Untracked 
| 347|0x000000076b600000, 0x000000076b600000, 0x000000076b800000|  0%| F|  |TAMS 0x000000076b600000| PB 0x000000076b600000| Untracked 
| 348|0x000000076b800000, 0x000000076b800000, 0x000000076ba00000|  0%| F|  |TAMS 0x000000076b800000| PB 0x000000076b800000| Untracked 
| 349|0x000000076ba00000, 0x000000076ba00000, 0x000000076bc00000|  0%| F|  |TAMS 0x000000076ba00000| PB 0x000000076ba00000| Untracked 
| 350|0x000000076bc00000, 0x000000076bc00000, 0x000000076be00000|  0%| F|  |TAMS 0x000000076bc00000| PB 0x000000076bc00000| Untracked 
| 351|0x000000076be00000, 0x000000076be00000, 0x000000076c000000|  0%| F|  |TAMS 0x000000076be00000| PB 0x000000076be00000| Untracked 
| 352|0x000000076c000000, 0x000000076c000000, 0x000000076c200000|  0%| F|  |TAMS 0x000000076c000000| PB 0x000000076c000000| Untracked 
| 353|0x000000076c200000, 0x000000076c200000, 0x000000076c400000|  0%| F|  |TAMS 0x000000076c200000| PB 0x000000076c200000| Untracked 
| 354|0x000000076c400000, 0x000000076c400000, 0x000000076c600000|  0%| F|  |TAMS 0x000000076c400000| PB 0x000000076c400000| Untracked 
| 355|0x000000076c600000, 0x000000076c600000, 0x000000076c800000|  0%| F|  |TAMS 0x000000076c600000| PB 0x000000076c600000| Untracked 
| 356|0x000000076c800000, 0x000000076c800000, 0x000000076ca00000|  0%| F|  |TAMS 0x000000076c800000| PB 0x000000076c800000| Untracked 
| 357|0x000000076ca00000, 0x000000076ca00000, 0x000000076cc00000|  0%| F|  |TAMS 0x000000076ca00000| PB 0x000000076ca00000| Untracked 
| 358|0x000000076cc00000, 0x000000076cc00000, 0x000000076ce00000|  0%| F|  |TAMS 0x000000076cc00000| PB 0x000000076cc00000| Untracked 
| 359|0x000000076ce00000, 0x000000076ce00000, 0x000000076d000000|  0%| F|  |TAMS 0x000000076ce00000| PB 0x000000076ce00000| Untracked 
| 360|0x000000076d000000, 0x000000076d000000, 0x000000076d200000|  0%| F|  |TAMS 0x000000076d000000| PB 0x000000076d000000| Untracked 
| 361|0x000000076d200000, 0x000000076d200000, 0x000000076d400000|  0%| F|  |TAMS 0x000000076d200000| PB 0x000000076d200000| Untracked 
| 362|0x000000076d400000, 0x000000076d400000, 0x000000076d600000|  0%| F|  |TAMS 0x000000076d400000| PB 0x000000076d400000| Untracked 
| 363|0x000000076d600000, 0x000000076d600000, 0x000000076d800000|  0%| F|  |TAMS 0x000000076d600000| PB 0x000000076d600000| Untracked 
| 364|0x000000076d800000, 0x000000076d800000, 0x000000076da00000|  0%| F|  |TAMS 0x000000076d800000| PB 0x000000076d800000| Untracked 
| 365|0x000000076da00000, 0x000000076da00000, 0x000000076dc00000|  0%| F|  |TAMS 0x000000076da00000| PB 0x000000076da00000| Untracked 
| 366|0x000000076dc00000, 0x000000076dc00000, 0x000000076de00000|  0%| F|  |TAMS 0x000000076dc00000| PB 0x000000076dc00000| Untracked 
| 367|0x000000076de00000, 0x000000076de00000, 0x000000076e000000|  0%| F|  |TAMS 0x000000076de00000| PB 0x000000076de00000| Untracked 
| 368|0x000000076e000000, 0x000000076e000000, 0x000000076e200000|  0%| F|  |TAMS 0x000000076e000000| PB 0x000000076e000000| Untracked 
| 369|0x000000076e200000, 0x000000076e200000, 0x000000076e400000|  0%| F|  |TAMS 0x000000076e200000| PB 0x000000076e200000| Untracked 
| 370|0x000000076e400000, 0x000000076e400000, 0x000000076e600000|  0%| F|  |TAMS 0x000000076e400000| PB 0x000000076e400000| Untracked 
| 371|0x000000076e600000, 0x000000076e600000, 0x000000076e800000|  0%| F|  |TAMS 0x000000076e600000| PB 0x000000076e600000| Untracked 
| 372|0x000000076e800000, 0x000000076e800000, 0x000000076ea00000|  0%| F|  |TAMS 0x000000076e800000| PB 0x000000076e800000| Untracked 
| 373|0x000000076ea00000, 0x000000076ea00000, 0x000000076ec00000|  0%| F|  |TAMS 0x000000076ea00000| PB 0x000000076ea00000| Untracked 
| 374|0x000000076ec00000, 0x000000076ec00000, 0x000000076ee00000|  0%| F|  |TAMS 0x000000076ec00000| PB 0x000000076ec00000| Untracked 
| 375|0x000000076ee00000, 0x000000076ee00000, 0x000000076f000000|  0%| F|  |TAMS 0x000000076ee00000| PB 0x000000076ee00000| Untracked 
| 376|0x000000076f000000, 0x000000076f000000, 0x000000076f200000|  0%| F|  |TAMS 0x000000076f000000| PB 0x000000076f000000| Untracked 
| 377|0x000000076f200000, 0x000000076f200000, 0x000000076f400000|  0%| F|  |TAMS 0x000000076f200000| PB 0x000000076f200000| Untracked 
| 378|0x000000076f400000, 0x000000076f400000, 0x000000076f600000|  0%| F|  |TAMS 0x000000076f400000| PB 0x000000076f400000| Untracked 
| 379|0x000000076f600000, 0x000000076f600000, 0x000000076f800000|  0%| F|  |TAMS 0x000000076f600000| PB 0x000000076f600000| Untracked 
| 380|0x000000076f800000, 0x000000076f800000, 0x000000076fa00000|  0%| F|  |TAMS 0x000000076f800000| PB 0x000000076f800000| Untracked 
| 381|0x000000076fa00000, 0x000000076fa00000, 0x000000076fc00000|  0%| F|  |TAMS 0x000000076fa00000| PB 0x000000076fa00000| Untracked 
| 382|0x000000076fc00000, 0x000000076fc00000, 0x000000076fe00000|  0%| F|  |TAMS 0x000000076fc00000| PB 0x000000076fc00000| Untracked 
| 383|0x000000076fe00000, 0x000000076fe00000, 0x0000000770000000|  0%| F|  |TAMS 0x000000076fe00000| PB 0x000000076fe00000| Untracked 
| 384|0x0000000770000000, 0x0000000770000000, 0x0000000770200000|  0%| F|  |TAMS 0x0000000770000000| PB 0x0000000770000000| Untracked 
| 385|0x0000000770200000, 0x0000000770200000, 0x0000000770400000|  0%| F|  |TAMS 0x0000000770200000| PB 0x0000000770200000| Untracked 
| 386|0x0000000770400000, 0x0000000770400000, 0x0000000770600000|  0%| F|  |TAMS 0x0000000770400000| PB 0x0000000770400000| Untracked 
| 387|0x0000000770600000, 0x0000000770600000, 0x0000000770800000|  0%| F|  |TAMS 0x0000000770600000| PB 0x0000000770600000| Untracked 
| 388|0x0000000770800000, 0x0000000770800000, 0x0000000770a00000|  0%| F|  |TAMS 0x0000000770800000| PB 0x0000000770800000| Untracked 
| 389|0x0000000770a00000, 0x0000000770a00000, 0x0000000770c00000|  0%| F|  |TAMS 0x0000000770a00000| PB 0x0000000770a00000| Untracked 
| 390|0x0000000770c00000, 0x0000000770c00000, 0x0000000770e00000|  0%| F|  |TAMS 0x0000000770c00000| PB 0x0000000770c00000| Untracked 
| 391|0x0000000770e00000, 0x0000000770e00000, 0x0000000771000000|  0%| F|  |TAMS 0x0000000770e00000| PB 0x0000000770e00000| Untracked 
| 392|0x0000000771000000, 0x0000000771000000, 0x0000000771200000|  0%| F|  |TAMS 0x0000000771000000| PB 0x0000000771000000| Untracked 
| 393|0x0000000771200000, 0x0000000771200000, 0x0000000771400000|  0%| F|  |TAMS 0x0000000771200000| PB 0x0000000771200000| Untracked 
| 394|0x0000000771400000, 0x0000000771400000, 0x0000000771600000|  0%| F|  |TAMS 0x0000000771400000| PB 0x0000000771400000| Untracked 
| 395|0x0000000771600000, 0x0000000771600000, 0x0000000771800000|  0%| F|  |TAMS 0x0000000771600000| PB 0x0000000771600000| Untracked 
| 396|0x0000000771800000, 0x0000000771800000, 0x0000000771a00000|  0%| F|  |TAMS 0x0000000771800000| PB 0x0000000771800000| Untracked 
| 397|0x0000000771a00000, 0x0000000771a00000, 0x0000000771c00000|  0%| F|  |TAMS 0x0000000771a00000| PB 0x0000000771a00000| Untracked 
| 398|0x0000000771c00000, 0x0000000771c00000, 0x0000000771e00000|  0%| F|  |TAMS 0x0000000771c00000| PB 0x0000000771c00000| Untracked 
| 399|0x0000000771e00000, 0x0000000771e00000, 0x0000000772000000|  0%| F|  |TAMS 0x0000000771e00000| PB 0x0000000771e00000| Untracked 
| 400|0x0000000772000000, 0x0000000772000000, 0x0000000772200000|  0%| F|  |TAMS 0x0000000772000000| PB 0x0000000772000000| Untracked 
| 401|0x0000000772200000, 0x0000000772200000, 0x0000000772400000|  0%| F|  |TAMS 0x0000000772200000| PB 0x0000000772200000| Untracked 
| 402|0x0000000772400000, 0x0000000772400000, 0x0000000772600000|  0%| F|  |TAMS 0x0000000772400000| PB 0x0000000772400000| Untracked 
| 403|0x0000000772600000, 0x0000000772600000, 0x0000000772800000|  0%| F|  |TAMS 0x0000000772600000| PB 0x0000000772600000| Untracked 
| 404|0x0000000772800000, 0x0000000772800000, 0x0000000772a00000|  0%| F|  |TAMS 0x0000000772800000| PB 0x0000000772800000| Untracked 
| 405|0x0000000772a00000, 0x0000000772a00000, 0x0000000772c00000|  0%| F|  |TAMS 0x0000000772a00000| PB 0x0000000772a00000| Untracked 
| 406|0x0000000772c00000, 0x0000000772c00000, 0x0000000772e00000|  0%| F|  |TAMS 0x0000000772c00000| PB 0x0000000772c00000| Untracked 
| 407|0x0000000772e00000, 0x0000000772e00000, 0x0000000773000000|  0%| F|  |TAMS 0x0000000772e00000| PB 0x0000000772e00000| Untracked 
| 408|0x0000000773000000, 0x0000000773000000, 0x0000000773200000|  0%| F|  |TAMS 0x0000000773000000| PB 0x0000000773000000| Untracked 
| 409|0x0000000773200000, 0x0000000773200000, 0x0000000773400000|  0%| F|  |TAMS 0x0000000773200000| PB 0x0000000773200000| Untracked 
| 410|0x0000000773400000, 0x0000000773400000, 0x0000000773600000|  0%| F|  |TAMS 0x0000000773400000| PB 0x0000000773400000| Untracked 
| 411|0x0000000773600000, 0x0000000773600000, 0x0000000773800000|  0%| F|  |TAMS 0x0000000773600000| PB 0x0000000773600000| Untracked 
| 412|0x0000000773800000, 0x0000000773800000, 0x0000000773a00000|  0%| F|  |TAMS 0x0000000773800000| PB 0x0000000773800000| Untracked 
| 413|0x0000000773a00000, 0x0000000773a00000, 0x0000000773c00000|  0%| F|  |TAMS 0x0000000773a00000| PB 0x0000000773a00000| Untracked 
| 414|0x0000000773c00000, 0x0000000773c00000, 0x0000000773e00000|  0%| F|  |TAMS 0x0000000773c00000| PB 0x0000000773c00000| Untracked 
| 415|0x0000000773e00000, 0x0000000773e00000, 0x0000000774000000|  0%| F|  |TAMS 0x0000000773e00000| PB 0x0000000773e00000| Untracked 
| 416|0x0000000774000000, 0x0000000774000000, 0x0000000774200000|  0%| F|  |TAMS 0x0000000774000000| PB 0x0000000774000000| Untracked 
| 417|0x0000000774200000, 0x0000000774200000, 0x0000000774400000|  0%| F|  |TAMS 0x0000000774200000| PB 0x0000000774200000| Untracked 
| 418|0x0000000774400000, 0x0000000774400000, 0x0000000774600000|  0%| F|  |TAMS 0x0000000774400000| PB 0x0000000774400000| Untracked 
| 419|0x0000000774600000, 0x0000000774600000, 0x0000000774800000|  0%| F|  |TAMS 0x0000000774600000| PB 0x0000000774600000| Untracked 
| 420|0x0000000774800000, 0x0000000774800000, 0x0000000774a00000|  0%| F|  |TAMS 0x0000000774800000| PB 0x0000000774800000| Untracked 
| 421|0x0000000774a00000, 0x0000000774a00000, 0x0000000774c00000|  0%| F|  |TAMS 0x0000000774a00000| PB 0x0000000774a00000| Untracked 
| 422|0x0000000774c00000, 0x0000000774c00000, 0x0000000774e00000|  0%| F|  |TAMS 0x0000000774c00000| PB 0x0000000774c00000| Untracked 
| 423|0x0000000774e00000, 0x0000000774e00000, 0x0000000775000000|  0%| F|  |TAMS 0x0000000774e00000| PB 0x0000000774e00000| Untracked 
| 424|0x0000000775000000, 0x0000000775000000, 0x0000000775200000|  0%| F|  |TAMS 0x0000000775000000| PB 0x0000000775000000| Untracked 
| 425|0x0000000775200000, 0x0000000775200000, 0x0000000775400000|  0%| F|  |TAMS 0x0000000775200000| PB 0x0000000775200000| Untracked 
| 426|0x0000000775400000, 0x0000000775400000, 0x0000000775600000|  0%| F|  |TAMS 0x0000000775400000| PB 0x0000000775400000| Untracked 
| 427|0x0000000775600000, 0x0000000775600000, 0x0000000775800000|  0%| F|  |TAMS 0x0000000775600000| PB 0x0000000775600000| Untracked 
| 428|0x0000000775800000, 0x0000000775800000, 0x0000000775a00000|  0%| F|  |TAMS 0x0000000775800000| PB 0x0000000775800000| Untracked 
| 429|0x0000000775a00000, 0x0000000775a00000, 0x0000000775c00000|  0%| F|  |TAMS 0x0000000775a00000| PB 0x0000000775a00000| Untracked 
| 430|0x0000000775c00000, 0x0000000775c00000, 0x0000000775e00000|  0%| F|  |TAMS 0x0000000775c00000| PB 0x0000000775c00000| Untracked 
| 431|0x0000000775e00000, 0x0000000775e00000, 0x0000000776000000|  0%| F|  |TAMS 0x0000000775e00000| PB 0x0000000775e00000| Untracked 
| 432|0x0000000776000000, 0x0000000776000000, 0x0000000776200000|  0%| F|  |TAMS 0x0000000776000000| PB 0x0000000776000000| Untracked 
| 433|0x0000000776200000, 0x0000000776200000, 0x0000000776400000|  0%| F|  |TAMS 0x0000000776200000| PB 0x0000000776200000| Untracked 
| 434|0x0000000776400000, 0x0000000776400000, 0x0000000776600000|  0%| F|  |TAMS 0x0000000776400000| PB 0x0000000776400000| Untracked 
| 435|0x0000000776600000, 0x0000000776600000, 0x0000000776800000|  0%| F|  |TAMS 0x0000000776600000| PB 0x0000000776600000| Untracked 
| 436|0x0000000776800000, 0x0000000776800000, 0x0000000776a00000|  0%| F|  |TAMS 0x0000000776800000| PB 0x0000000776800000| Untracked 
| 437|0x0000000776a00000, 0x0000000776a00000, 0x0000000776c00000|  0%| F|  |TAMS 0x0000000776a00000| PB 0x0000000776a00000| Untracked 
| 438|0x0000000776c00000, 0x0000000776c00000, 0x0000000776e00000|  0%| F|  |TAMS 0x0000000776c00000| PB 0x0000000776c00000| Untracked 
| 439|0x0000000776e00000, 0x0000000776e00000, 0x0000000777000000|  0%| F|  |TAMS 0x0000000776e00000| PB 0x0000000776e00000| Untracked 
| 440|0x0000000777000000, 0x0000000777000000, 0x0000000777200000|  0%| F|  |TAMS 0x0000000777000000| PB 0x0000000777000000| Untracked 
| 441|0x0000000777200000, 0x0000000777200000, 0x0000000777400000|  0%| F|  |TAMS 0x0000000777200000| PB 0x0000000777200000| Untracked 
| 442|0x0000000777400000, 0x0000000777400000, 0x0000000777600000|  0%| F|  |TAMS 0x0000000777400000| PB 0x0000000777400000| Untracked 
| 443|0x0000000777600000, 0x0000000777600000, 0x0000000777800000|  0%| F|  |TAMS 0x0000000777600000| PB 0x0000000777600000| Untracked 
| 444|0x0000000777800000, 0x0000000777800000, 0x0000000777a00000|  0%| F|  |TAMS 0x0000000777800000| PB 0x0000000777800000| Untracked 
| 445|0x0000000777a00000, 0x0000000777a00000, 0x0000000777c00000|  0%| F|  |TAMS 0x0000000777a00000| PB 0x0000000777a00000| Untracked 
| 446|0x0000000777c00000, 0x0000000777c00000, 0x0000000777e00000|  0%| F|  |TAMS 0x0000000777c00000| PB 0x0000000777c00000| Untracked 
| 447|0x0000000777e00000, 0x0000000777e00000, 0x0000000778000000|  0%| F|  |TAMS 0x0000000777e00000| PB 0x0000000777e00000| Untracked 
| 448|0x0000000778000000, 0x0000000778000000, 0x0000000778200000|  0%| F|  |TAMS 0x0000000778000000| PB 0x0000000778000000| Untracked 
| 449|0x0000000778200000, 0x0000000778200000, 0x0000000778400000|  0%| F|  |TAMS 0x0000000778200000| PB 0x0000000778200000| Untracked 
| 450|0x0000000778400000, 0x0000000778400000, 0x0000000778600000|  0%| F|  |TAMS 0x0000000778400000| PB 0x0000000778400000| Untracked 
| 451|0x0000000778600000, 0x0000000778600000, 0x0000000778800000|  0%| F|  |TAMS 0x0000000778600000| PB 0x0000000778600000| Untracked 
| 452|0x0000000778800000, 0x0000000778800000, 0x0000000778a00000|  0%| F|  |TAMS 0x0000000778800000| PB 0x0000000778800000| Untracked 
| 453|0x0000000778a00000, 0x0000000778a00000, 0x0000000778c00000|  0%| F|  |TAMS 0x0000000778a00000| PB 0x0000000778a00000| Untracked 
| 454|0x0000000778c00000, 0x0000000778c00000, 0x0000000778e00000|  0%| F|  |TAMS 0x0000000778c00000| PB 0x0000000778c00000| Untracked 
| 455|0x0000000778e00000, 0x0000000778f00000, 0x0000000779000000| 50%| E|  |TAMS 0x0000000778e00000| PB 0x0000000778e00000| Complete 
| 456|0x0000000779000000, 0x0000000779200000, 0x0000000779200000|100%| E|CS|TAMS 0x0000000779000000| PB 0x0000000779000000| Complete 
| 457|0x0000000779200000, 0x0000000779400000, 0x0000000779400000|100%| E|CS|TAMS 0x0000000779200000| PB 0x0000000779200000| Complete 
| 458|0x0000000779400000, 0x0000000779600000, 0x0000000779600000|100%| E|CS|TAMS 0x0000000779400000| PB 0x0000000779400000| Complete 
| 459|0x0000000779600000, 0x0000000779800000, 0x0000000779800000|100%| E|CS|TAMS 0x0000000779600000| PB 0x0000000779600000| Complete 
| 460|0x0000000779800000, 0x0000000779a00000, 0x0000000779a00000|100%| E|CS|TAMS 0x0000000779800000| PB 0x0000000779800000| Complete 
| 461|0x0000000779a00000, 0x0000000779c00000, 0x0000000779c00000|100%| E|CS|TAMS 0x0000000779a00000| PB 0x0000000779a00000| Complete 
| 462|0x0000000779c00000, 0x0000000779e00000, 0x0000000779e00000|100%| E|CS|TAMS 0x0000000779c00000| PB 0x0000000779c00000| Complete 
| 463|0x0000000779e00000, 0x000000077a000000, 0x000000077a000000|100%| E|CS|TAMS 0x0000000779e00000| PB 0x0000000779e00000| Complete 
| 464|0x000000077a000000, 0x000000077a200000, 0x000000077a200000|100%| E|CS|TAMS 0x000000077a000000| PB 0x000000077a000000| Complete 
| 465|0x000000077a200000, 0x000000077a400000, 0x000000077a400000|100%| E|CS|TAMS 0x000000077a200000| PB 0x000000077a200000| Complete 
| 466|0x000000077a400000, 0x000000077a600000, 0x000000077a600000|100%| E|CS|TAMS 0x000000077a400000| PB 0x000000077a400000| Complete 
| 467|0x000000077a600000, 0x000000077a800000, 0x000000077a800000|100%| E|CS|TAMS 0x000000077a600000| PB 0x000000077a600000| Complete 
| 468|0x000000077a800000, 0x000000077aa00000, 0x000000077aa00000|100%| E|CS|TAMS 0x000000077a800000| PB 0x000000077a800000| Complete 
| 469|0x000000077aa00000, 0x000000077ac00000, 0x000000077ac00000|100%| E|CS|TAMS 0x000000077aa00000| PB 0x000000077aa00000| Complete 
| 470|0x000000077ac00000, 0x000000077ae00000, 0x000000077ae00000|100%| E|CS|TAMS 0x000000077ac00000| PB 0x000000077ac00000| Complete 
| 471|0x000000077ae00000, 0x000000077b000000, 0x000000077b000000|100%| E|CS|TAMS 0x000000077ae00000| PB 0x000000077ae00000| Complete 
| 472|0x000000077b000000, 0x000000077b200000, 0x000000077b200000|100%| E|CS|TAMS 0x000000077b000000| PB 0x000000077b000000| Complete 
| 473|0x000000077b200000, 0x000000077b400000, 0x000000077b400000|100%| E|CS|TAMS 0x000000077b200000| PB 0x000000077b200000| Complete 
| 474|0x000000077b400000, 0x000000077b600000, 0x000000077b600000|100%| E|CS|TAMS 0x000000077b400000| PB 0x000000077b400000| Complete 
| 475|0x000000077b600000, 0x000000077b800000, 0x000000077b800000|100%| E|CS|TAMS 0x000000077b600000| PB 0x000000077b600000| Complete 
| 476|0x000000077b800000, 0x000000077ba00000, 0x000000077ba00000|100%| E|CS|TAMS 0x000000077b800000| PB 0x000000077b800000| Complete 
| 477|0x000000077ba00000, 0x000000077bc00000, 0x000000077bc00000|100%| E|CS|TAMS 0x000000077ba00000| PB 0x000000077ba00000| Complete 
| 478|0x000000077bc00000, 0x000000077be00000, 0x000000077be00000|100%| E|CS|TAMS 0x000000077bc00000| PB 0x000000077bc00000| Complete 
| 479|0x000000077be00000, 0x000000077c000000, 0x000000077c000000|100%| E|CS|TAMS 0x000000077be00000| PB 0x000000077be00000| Complete 
| 480|0x000000077c000000, 0x000000077c200000, 0x000000077c200000|100%| E|CS|TAMS 0x000000077c000000| PB 0x000000077c000000| Complete 
| 481|0x000000077c200000, 0x000000077c400000, 0x000000077c400000|100%| E|CS|TAMS 0x000000077c200000| PB 0x000000077c200000| Complete 
| 482|0x000000077c400000, 0x000000077c600000, 0x000000077c600000|100%| E|CS|TAMS 0x000000077c400000| PB 0x000000077c400000| Complete 
| 483|0x000000077c600000, 0x000000077c800000, 0x000000077c800000|100%| E|CS|TAMS 0x000000077c600000| PB 0x000000077c600000| Complete 
| 484|0x000000077c800000, 0x000000077ca00000, 0x000000077ca00000|100%| E|CS|TAMS 0x000000077c800000| PB 0x000000077c800000| Complete 
| 485|0x000000077ca00000, 0x000000077cc00000, 0x000000077cc00000|100%| E|CS|TAMS 0x000000077ca00000| PB 0x000000077ca00000| Complete 
| 486|0x000000077cc00000, 0x000000077ce00000, 0x000000077ce00000|100%| E|CS|TAMS 0x000000077cc00000| PB 0x000000077cc00000| Complete 
| 487|0x000000077ce00000, 0x000000077d000000, 0x000000077d000000|100%| E|CS|TAMS 0x000000077ce00000| PB 0x000000077ce00000| Complete 
| 488|0x000000077d000000, 0x000000077d200000, 0x000000077d200000|100%| E|CS|TAMS 0x000000077d000000| PB 0x000000077d000000| Complete 
| 489|0x000000077d200000, 0x000000077d400000, 0x000000077d400000|100%| E|CS|TAMS 0x000000077d200000| PB 0x000000077d200000| Complete 
| 490|0x000000077d400000, 0x000000077d600000, 0x000000077d600000|100%| E|CS|TAMS 0x000000077d400000| PB 0x000000077d400000| Complete 
| 491|0x000000077d600000, 0x000000077d800000, 0x000000077d800000|100%| E|CS|TAMS 0x000000077d600000| PB 0x000000077d600000| Complete 
| 492|0x000000077d800000, 0x000000077da00000, 0x000000077da00000|100%| E|CS|TAMS 0x000000077d800000| PB 0x000000077d800000| Complete 
| 493|0x000000077da00000, 0x000000077dc00000, 0x000000077dc00000|100%| E|CS|TAMS 0x000000077da00000| PB 0x000000077da00000| Complete 
| 494|0x000000077dc00000, 0x000000077de00000, 0x000000077de00000|100%| E|CS|TAMS 0x000000077dc00000| PB 0x000000077dc00000| Complete 
| 495|0x000000077de00000, 0x000000077e000000, 0x000000077e000000|100%| E|CS|TAMS 0x000000077de00000| PB 0x000000077de00000| Complete 
| 496|0x000000077e000000, 0x000000077e200000, 0x000000077e200000|100%| E|CS|TAMS 0x000000077e000000| PB 0x000000077e000000| Complete 
| 497|0x000000077e200000, 0x000000077e400000, 0x000000077e400000|100%| E|CS|TAMS 0x000000077e200000| PB 0x000000077e200000| Complete 
| 498|0x000000077e400000, 0x000000077e600000, 0x000000077e600000|100%| E|CS|TAMS 0x000000077e400000| PB 0x000000077e400000| Complete 
| 499|0x000000077e600000, 0x000000077e800000, 0x000000077e800000|100%| E|CS|TAMS 0x000000077e600000| PB 0x000000077e600000| Complete 
| 500|0x000000077e800000, 0x000000077ea00000, 0x000000077ea00000|100%| E|CS|TAMS 0x000000077e800000| PB 0x000000077e800000| Complete 
| 501|0x000000077ea00000, 0x000000077ec00000, 0x000000077ec00000|100%| E|CS|TAMS 0x000000077ea00000| PB 0x000000077ea00000| Complete 
| 502|0x000000077ec00000, 0x000000077ee00000, 0x000000077ee00000|100%| E|CS|TAMS 0x000000077ec00000| PB 0x000000077ec00000| Complete 
| 503|0x000000077ee00000, 0x000000077f000000, 0x000000077f000000|100%| E|CS|TAMS 0x000000077ee00000| PB 0x000000077ee00000| Complete 
| 504|0x000000077f000000, 0x000000077f200000, 0x000000077f200000|100%| E|CS|TAMS 0x000000077f000000| PB 0x000000077f000000| Complete 
| 505|0x000000077f200000, 0x000000077f400000, 0x000000077f400000|100%| E|CS|TAMS 0x000000077f200000| PB 0x000000077f200000| Complete 
| 506|0x000000077f400000, 0x000000077f600000, 0x000000077f600000|100%| E|CS|TAMS 0x000000077f400000| PB 0x000000077f400000| Complete 
| 507|0x000000077f600000, 0x000000077f800000, 0x000000077f800000|100%| E|CS|TAMS 0x000000077f600000| PB 0x000000077f600000| Complete 
| 508|0x000000077f800000, 0x000000077fa00000, 0x000000077fa00000|100%| E|CS|TAMS 0x000000077f800000| PB 0x000000077f800000| Complete 
| 509|0x000000077fa00000, 0x000000077fc00000, 0x000000077fc00000|100%| E|CS|TAMS 0x000000077fa00000| PB 0x000000077fa00000| Complete 
| 510|0x000000077fc00000, 0x000000077fe00000, 0x000000077fe00000|100%| E|CS|TAMS 0x000000077fc00000| PB 0x000000077fc00000| Complete 
| 511|0x000000077fe00000, 0x0000000780000000, 0x0000000780000000|100%| E|CS|TAMS 0x000000077fe00000| PB 0x000000077fe00000| Complete 
| 512|0x0000000780000000, 0x0000000780200000, 0x0000000780200000|100%| E|CS|TAMS 0x0000000780000000| PB 0x0000000780000000| Complete 
| 513|0x0000000780200000, 0x0000000780400000, 0x0000000780400000|100%| E|CS|TAMS 0x0000000780200000| PB 0x0000000780200000| Complete 
| 514|0x0000000780400000, 0x0000000780600000, 0x0000000780600000|100%| E|CS|TAMS 0x0000000780400000| PB 0x0000000780400000| Complete 
| 515|0x0000000780600000, 0x0000000780800000, 0x0000000780800000|100%| E|CS|TAMS 0x0000000780600000| PB 0x0000000780600000| Complete 
| 516|0x0000000780800000, 0x0000000780a00000, 0x0000000780a00000|100%| E|CS|TAMS 0x0000000780800000| PB 0x0000000780800000| Complete 
| 517|0x0000000780a00000, 0x0000000780c00000, 0x0000000780c00000|100%| E|CS|TAMS 0x0000000780a00000| PB 0x0000000780a00000| Complete 
| 518|0x0000000780c00000, 0x0000000780e00000, 0x0000000780e00000|100%| E|CS|TAMS 0x0000000780c00000| PB 0x0000000780c00000| Complete 
| 519|0x0000000780e00000, 0x0000000781000000, 0x0000000781000000|100%| E|CS|TAMS 0x0000000780e00000| PB 0x0000000780e00000| Complete 
| 520|0x0000000781000000, 0x0000000781200000, 0x0000000781200000|100%| E|CS|TAMS 0x0000000781000000| PB 0x0000000781000000| Complete 
| 521|0x0000000781200000, 0x0000000781400000, 0x0000000781400000|100%| E|CS|TAMS 0x0000000781200000| PB 0x0000000781200000| Complete 
| 522|0x0000000781400000, 0x0000000781600000, 0x0000000781600000|100%| E|CS|TAMS 0x0000000781400000| PB 0x0000000781400000| Complete 
| 523|0x0000000781600000, 0x0000000781800000, 0x0000000781800000|100%| E|CS|TAMS 0x0000000781600000| PB 0x0000000781600000| Complete 
| 524|0x0000000781800000, 0x0000000781a00000, 0x0000000781a00000|100%| E|CS|TAMS 0x0000000781800000| PB 0x0000000781800000| Complete 
| 525|0x0000000781a00000, 0x0000000781c00000, 0x0000000781c00000|100%| E|CS|TAMS 0x0000000781a00000| PB 0x0000000781a00000| Complete 
| 526|0x0000000781c00000, 0x0000000781e00000, 0x0000000781e00000|100%| E|CS|TAMS 0x0000000781c00000| PB 0x0000000781c00000| Complete 
| 527|0x0000000781e00000, 0x0000000782000000, 0x0000000782000000|100%| E|CS|TAMS 0x0000000781e00000| PB 0x0000000781e00000| Complete 
| 528|0x0000000782000000, 0x0000000782200000, 0x0000000782200000|100%| E|CS|TAMS 0x0000000782000000| PB 0x0000000782000000| Complete 
| 529|0x0000000782200000, 0x0000000782400000, 0x0000000782400000|100%| E|CS|TAMS 0x0000000782200000| PB 0x0000000782200000| Complete 
| 530|0x0000000782400000, 0x0000000782600000, 0x0000000782600000|100%| E|CS|TAMS 0x0000000782400000| PB 0x0000000782400000| Complete 
| 531|0x0000000782600000, 0x0000000782800000, 0x0000000782800000|100%| E|CS|TAMS 0x0000000782600000| PB 0x0000000782600000| Complete 
| 532|0x0000000782800000, 0x0000000782a00000, 0x0000000782a00000|100%| E|CS|TAMS 0x0000000782800000| PB 0x0000000782800000| Complete 
| 533|0x0000000782a00000, 0x0000000782c00000, 0x0000000782c00000|100%| E|CS|TAMS 0x0000000782a00000| PB 0x0000000782a00000| Complete 
| 534|0x0000000782c00000, 0x0000000782e00000, 0x0000000782e00000|100%| E|CS|TAMS 0x0000000782c00000| PB 0x0000000782c00000| Complete 
| 535|0x0000000782e00000, 0x0000000783000000, 0x0000000783000000|100%| E|CS|TAMS 0x0000000782e00000| PB 0x0000000782e00000| Complete 
| 536|0x0000000783000000, 0x0000000783200000, 0x0000000783200000|100%| E|CS|TAMS 0x0000000783000000| PB 0x0000000783000000| Complete 
| 537|0x0000000783200000, 0x0000000783400000, 0x0000000783400000|100%| E|CS|TAMS 0x0000000783200000| PB 0x0000000783200000| Complete 
| 538|0x0000000783400000, 0x0000000783600000, 0x0000000783600000|100%| E|CS|TAMS 0x0000000783400000| PB 0x0000000783400000| Complete 
| 539|0x0000000783600000, 0x0000000783800000, 0x0000000783800000|100%| E|CS|TAMS 0x0000000783600000| PB 0x0000000783600000| Complete 
| 540|0x0000000783800000, 0x0000000783a00000, 0x0000000783a00000|100%| E|CS|TAMS 0x0000000783800000| PB 0x0000000783800000| Complete 
| 541|0x0000000783a00000, 0x0000000783c00000, 0x0000000783c00000|100%| E|CS|TAMS 0x0000000783a00000| PB 0x0000000783a00000| Complete 
| 542|0x0000000783c00000, 0x0000000783e00000, 0x0000000783e00000|100%| E|CS|TAMS 0x0000000783c00000| PB 0x0000000783c00000| Complete 
| 543|0x0000000783e00000, 0x0000000784000000, 0x0000000784000000|100%| E|CS|TAMS 0x0000000783e00000| PB 0x0000000783e00000| Complete 
| 544|0x0000000784000000, 0x0000000784200000, 0x0000000784200000|100%| E|CS|TAMS 0x0000000784000000| PB 0x0000000784000000| Complete 
| 545|0x0000000784200000, 0x0000000784400000, 0x0000000784400000|100%| E|CS|TAMS 0x0000000784200000| PB 0x0000000784200000| Complete 
| 546|0x0000000784400000, 0x0000000784600000, 0x0000000784600000|100%| E|CS|TAMS 0x0000000784400000| PB 0x0000000784400000| Complete 
| 547|0x0000000784600000, 0x0000000784800000, 0x0000000784800000|100%| E|CS|TAMS 0x0000000784600000| PB 0x0000000784600000| Complete 
| 548|0x0000000784800000, 0x0000000784a00000, 0x0000000784a00000|100%| E|CS|TAMS 0x0000000784800000| PB 0x0000000784800000| Complete 
| 549|0x0000000784a00000, 0x0000000784c00000, 0x0000000784c00000|100%| E|CS|TAMS 0x0000000784a00000| PB 0x0000000784a00000| Complete 
| 550|0x0000000784c00000, 0x0000000784e00000, 0x0000000784e00000|100%| E|CS|TAMS 0x0000000784c00000| PB 0x0000000784c00000| Complete 
| 551|0x0000000784e00000, 0x0000000785000000, 0x0000000785000000|100%| E|CS|TAMS 0x0000000784e00000| PB 0x0000000784e00000| Complete 
| 552|0x0000000785000000, 0x0000000785200000, 0x0000000785200000|100%| E|CS|TAMS 0x0000000785000000| PB 0x0000000785000000| Complete 
| 553|0x0000000785200000, 0x0000000785400000, 0x0000000785400000|100%| E|CS|TAMS 0x0000000785200000| PB 0x0000000785200000| Complete 
| 554|0x0000000785400000, 0x0000000785600000, 0x0000000785600000|100%| E|CS|TAMS 0x0000000785400000| PB 0x0000000785400000| Complete 
| 555|0x0000000785600000, 0x0000000785800000, 0x0000000785800000|100%| E|CS|TAMS 0x0000000785600000| PB 0x0000000785600000| Complete 
| 556|0x0000000785800000, 0x0000000785a00000, 0x0000000785a00000|100%| E|CS|TAMS 0x0000000785800000| PB 0x0000000785800000| Complete 
| 557|0x0000000785a00000, 0x0000000785c00000, 0x0000000785c00000|100%| E|CS|TAMS 0x0000000785a00000| PB 0x0000000785a00000| Complete 
| 558|0x0000000785c00000, 0x0000000785e00000, 0x0000000785e00000|100%| E|CS|TAMS 0x0000000785c00000| PB 0x0000000785c00000| Complete 
| 559|0x0000000785e00000, 0x0000000786000000, 0x0000000786000000|100%| E|CS|TAMS 0x0000000785e00000| PB 0x0000000785e00000| Complete 
| 560|0x0000000786000000, 0x0000000786200000, 0x0000000786200000|100%| E|CS|TAMS 0x0000000786000000| PB 0x0000000786000000| Complete 
| 561|0x0000000786200000, 0x0000000786400000, 0x0000000786400000|100%| E|CS|TAMS 0x0000000786200000| PB 0x0000000786200000| Complete 
| 562|0x0000000786400000, 0x0000000786600000, 0x0000000786600000|100%| E|CS|TAMS 0x0000000786400000| PB 0x0000000786400000| Complete 
| 563|0x0000000786600000, 0x0000000786800000, 0x0000000786800000|100%| E|CS|TAMS 0x0000000786600000| PB 0x0000000786600000| Complete 
| 564|0x0000000786800000, 0x0000000786a00000, 0x0000000786a00000|100%| E|CS|TAMS 0x0000000786800000| PB 0x0000000786800000| Complete 
| 565|0x0000000786a00000, 0x0000000786c00000, 0x0000000786c00000|100%| E|CS|TAMS 0x0000000786a00000| PB 0x0000000786a00000| Complete 
| 566|0x0000000786c00000, 0x0000000786e00000, 0x0000000786e00000|100%| E|CS|TAMS 0x0000000786c00000| PB 0x0000000786c00000| Complete 
| 567|0x0000000786e00000, 0x0000000787000000, 0x0000000787000000|100%| E|CS|TAMS 0x0000000786e00000| PB 0x0000000786e00000| Complete 
| 568|0x0000000787000000, 0x0000000787200000, 0x0000000787200000|100%| E|CS|TAMS 0x0000000787000000| PB 0x0000000787000000| Complete 
| 569|0x0000000787200000, 0x0000000787400000, 0x0000000787400000|100%| E|CS|TAMS 0x0000000787200000| PB 0x0000000787200000| Complete 
| 570|0x0000000787400000, 0x0000000787600000, 0x0000000787600000|100%| E|CS|TAMS 0x0000000787400000| PB 0x0000000787400000| Complete 
| 571|0x0000000787600000, 0x0000000787800000, 0x0000000787800000|100%| E|CS|TAMS 0x0000000787600000| PB 0x0000000787600000| Complete 
| 572|0x0000000787800000, 0x0000000787a00000, 0x0000000787a00000|100%| E|CS|TAMS 0x0000000787800000| PB 0x0000000787800000| Complete 
| 573|0x0000000787a00000, 0x0000000787c00000, 0x0000000787c00000|100%| E|CS|TAMS 0x0000000787a00000| PB 0x0000000787a00000| Complete 
| 574|0x0000000787c00000, 0x0000000787e00000, 0x0000000787e00000|100%| E|CS|TAMS 0x0000000787c00000| PB 0x0000000787c00000| Complete 
| 575|0x0000000787e00000, 0x0000000788000000, 0x0000000788000000|100%| E|CS|TAMS 0x0000000787e00000| PB 0x0000000787e00000| Complete 
| 576|0x0000000788000000, 0x0000000788200000, 0x0000000788200000|100%| E|CS|TAMS 0x0000000788000000| PB 0x0000000788000000| Complete 
| 577|0x0000000788200000, 0x0000000788400000, 0x0000000788400000|100%| E|CS|TAMS 0x0000000788200000| PB 0x0000000788200000| Complete 
| 578|0x0000000788400000, 0x0000000788600000, 0x0000000788600000|100%| E|CS|TAMS 0x0000000788400000| PB 0x0000000788400000| Complete 
| 579|0x0000000788600000, 0x0000000788800000, 0x0000000788800000|100%| E|CS|TAMS 0x0000000788600000| PB 0x0000000788600000| Complete 
| 580|0x0000000788800000, 0x0000000788a00000, 0x0000000788a00000|100%| E|CS|TAMS 0x0000000788800000| PB 0x0000000788800000| Complete 
| 581|0x0000000788a00000, 0x0000000788c00000, 0x0000000788c00000|100%| E|CS|TAMS 0x0000000788a00000| PB 0x0000000788a00000| Complete 
| 582|0x0000000788c00000, 0x0000000788e00000, 0x0000000788e00000|100%| E|CS|TAMS 0x0000000788c00000| PB 0x0000000788c00000| Complete 
| 583|0x0000000788e00000, 0x0000000789000000, 0x0000000789000000|100%| E|CS|TAMS 0x0000000788e00000| PB 0x0000000788e00000| Complete 
| 584|0x0000000789000000, 0x0000000789200000, 0x0000000789200000|100%| E|CS|TAMS 0x0000000789000000| PB 0x0000000789000000| Complete 
| 585|0x0000000789200000, 0x0000000789400000, 0x0000000789400000|100%| E|CS|TAMS 0x0000000789200000| PB 0x0000000789200000| Complete 
| 586|0x0000000789400000, 0x0000000789600000, 0x0000000789600000|100%| E|CS|TAMS 0x0000000789400000| PB 0x0000000789400000| Complete 
| 587|0x0000000789600000, 0x0000000789800000, 0x0000000789800000|100%| E|CS|TAMS 0x0000000789600000| PB 0x0000000789600000| Complete 
| 588|0x0000000789800000, 0x0000000789a00000, 0x0000000789a00000|100%| E|CS|TAMS 0x0000000789800000| PB 0x0000000789800000| Complete 
| 589|0x0000000789a00000, 0x0000000789c00000, 0x0000000789c00000|100%| E|CS|TAMS 0x0000000789a00000| PB 0x0000000789a00000| Complete 
| 590|0x0000000789c00000, 0x0000000789e00000, 0x0000000789e00000|100%| E|CS|TAMS 0x0000000789c00000| PB 0x0000000789c00000| Complete 
| 591|0x0000000789e00000, 0x000000078a000000, 0x000000078a000000|100%| E|CS|TAMS 0x0000000789e00000| PB 0x0000000789e00000| Complete 
| 592|0x000000078a000000, 0x000000078a200000, 0x000000078a200000|100%| E|  |TAMS 0x000000078a000000| PB 0x000000078a000000| Complete 
| 593|0x000000078a200000, 0x000000078a400000, 0x000000078a400000|100%| E|CS|TAMS 0x000000078a200000| PB 0x000000078a200000| Complete 
| 594|0x000000078a400000, 0x000000078a600000, 0x000000078a600000|100%| E|CS|TAMS 0x000000078a400000| PB 0x000000078a400000| Complete 
| 595|0x000000078a600000, 0x000000078a800000, 0x000000078a800000|100%| S|CS|TAMS 0x000000078a600000| PB 0x000000078a600000| Complete 
| 596|0x000000078a800000, 0x000000078aa00000, 0x000000078aa00000|100%| S|CS|TAMS 0x000000078a800000| PB 0x000000078a800000| Complete 
| 597|0x000000078aa00000, 0x000000078ac00000, 0x000000078ac00000|100%| S|CS|TAMS 0x000000078aa00000| PB 0x000000078aa00000| Complete 
| 598|0x000000078ac00000, 0x000000078ae00000, 0x000000078ae00000|100%| S|CS|TAMS 0x000000078ac00000| PB 0x000000078ac00000| Complete 
| 599|0x000000078ae00000, 0x000000078b000000, 0x000000078b000000|100%| S|CS|TAMS 0x000000078ae00000| PB 0x000000078ae00000| Complete 
| 600|0x000000078b000000, 0x000000078b200000, 0x000000078b200000|100%| E|CS|TAMS 0x000000078b000000| PB 0x000000078b000000| Complete 
| 601|0x000000078b200000, 0x000000078b400000, 0x000000078b400000|100%| E|CS|TAMS 0x000000078b200000| PB 0x000000078b200000| Complete 
| 602|0x000000078b400000, 0x000000078b600000, 0x000000078b600000|100%| E|CS|TAMS 0x000000078b400000| PB 0x000000078b400000| Complete 
| 603|0x000000078b600000, 0x000000078b800000, 0x000000078b800000|100%| E|CS|TAMS 0x000000078b600000| PB 0x000000078b600000| Complete 
| 604|0x000000078b800000, 0x000000078ba00000, 0x000000078ba00000|100%| E|CS|TAMS 0x000000078b800000| PB 0x000000078b800000| Complete 
| 605|0x000000078ba00000, 0x000000078bc00000, 0x000000078bc00000|100%| E|CS|TAMS 0x000000078ba00000| PB 0x000000078ba00000| Complete 
| 606|0x000000078bc00000, 0x000000078be00000, 0x000000078be00000|100%| E|CS|TAMS 0x000000078bc00000| PB 0x000000078bc00000| Complete 
| 607|0x000000078be00000, 0x000000078c000000, 0x000000078c000000|100%| E|CS|TAMS 0x000000078be00000| PB 0x000000078be00000| Complete 
| 608|0x000000078c000000, 0x000000078c200000, 0x000000078c200000|100%| E|CS|TAMS 0x000000078c000000| PB 0x000000078c000000| Complete 
| 609|0x000000078c200000, 0x000000078c400000, 0x000000078c400000|100%| E|CS|TAMS 0x000000078c200000| PB 0x000000078c200000| Complete 
| 610|0x000000078c400000, 0x000000078c600000, 0x000000078c600000|100%| E|CS|TAMS 0x000000078c400000| PB 0x000000078c400000| Complete 
| 611|0x000000078c600000, 0x000000078c800000, 0x000000078c800000|100%| E|CS|TAMS 0x000000078c600000| PB 0x000000078c600000| Complete 
| 612|0x000000078c800000, 0x000000078ca00000, 0x000000078ca00000|100%| E|CS|TAMS 0x000000078c800000| PB 0x000000078c800000| Complete 
| 613|0x000000078ca00000, 0x000000078cc00000, 0x000000078cc00000|100%| E|CS|TAMS 0x000000078ca00000| PB 0x000000078ca00000| Complete 
| 614|0x000000078cc00000, 0x000000078ce00000, 0x000000078ce00000|100%| E|CS|TAMS 0x000000078cc00000| PB 0x000000078cc00000| Complete 
| 615|0x000000078ce00000, 0x000000078d000000, 0x000000078d000000|100%| E|CS|TAMS 0x000000078ce00000| PB 0x000000078ce00000| Complete 
| 616|0x000000078d000000, 0x000000078d200000, 0x000000078d200000|100%| E|CS|TAMS 0x000000078d000000| PB 0x000000078d000000| Complete 
| 617|0x000000078d200000, 0x000000078d400000, 0x000000078d400000|100%| E|CS|TAMS 0x000000078d200000| PB 0x000000078d200000| Complete 
| 618|0x000000078d400000, 0x000000078d600000, 0x000000078d600000|100%| E|CS|TAMS 0x000000078d400000| PB 0x000000078d400000| Complete 
| 619|0x000000078d600000, 0x000000078d800000, 0x000000078d800000|100%| E|CS|TAMS 0x000000078d600000| PB 0x000000078d600000| Complete 
| 620|0x000000078d800000, 0x000000078da00000, 0x000000078da00000|100%| E|CS|TAMS 0x000000078d800000| PB 0x000000078d800000| Complete 
| 621|0x000000078da00000, 0x000000078dc00000, 0x000000078dc00000|100%| E|CS|TAMS 0x000000078da00000| PB 0x000000078da00000| Complete 
| 622|0x000000078dc00000, 0x000000078de00000, 0x000000078de00000|100%| E|CS|TAMS 0x000000078dc00000| PB 0x000000078dc00000| Complete 
| 623|0x000000078de00000, 0x000000078e000000, 0x000000078e000000|100%| E|CS|TAMS 0x000000078de00000| PB 0x000000078de00000| Complete 
| 624|0x000000078e000000, 0x000000078e200000, 0x000000078e200000|100%| E|CS|TAMS 0x000000078e000000| PB 0x000000078e000000| Complete 
| 625|0x000000078e200000, 0x000000078e400000, 0x000000078e400000|100%| E|CS|TAMS 0x000000078e200000| PB 0x000000078e200000| Complete 
| 626|0x000000078e400000, 0x000000078e600000, 0x000000078e600000|100%| E|CS|TAMS 0x000000078e400000| PB 0x000000078e400000| Complete 
| 627|0x000000078e600000, 0x000000078e800000, 0x000000078e800000|100%| E|CS|TAMS 0x000000078e600000| PB 0x000000078e600000| Complete 
| 628|0x000000078e800000, 0x000000078ea00000, 0x000000078ea00000|100%| E|CS|TAMS 0x000000078e800000| PB 0x000000078e800000| Complete 
| 629|0x000000078ea00000, 0x000000078ec00000, 0x000000078ec00000|100%| E|CS|TAMS 0x000000078ea00000| PB 0x000000078ea00000| Complete 
| 630|0x000000078ec00000, 0x000000078ee00000, 0x000000078ee00000|100%| E|CS|TAMS 0x000000078ec00000| PB 0x000000078ec00000| Complete 
| 631|0x000000078ee00000, 0x000000078f000000, 0x000000078f000000|100%| E|CS|TAMS 0x000000078ee00000| PB 0x000000078ee00000| Complete 
| 632|0x000000078f000000, 0x000000078f200000, 0x000000078f200000|100%| E|CS|TAMS 0x000000078f000000| PB 0x000000078f000000| Complete 
| 633|0x000000078f200000, 0x000000078f400000, 0x000000078f400000|100%| E|CS|TAMS 0x000000078f200000| PB 0x000000078f200000| Complete 
| 634|0x000000078f400000, 0x000000078f600000, 0x000000078f600000|100%| E|CS|TAMS 0x000000078f400000| PB 0x000000078f400000| Complete 
| 635|0x000000078f600000, 0x000000078f800000, 0x000000078f800000|100%| E|CS|TAMS 0x000000078f600000| PB 0x000000078f600000| Complete 
| 636|0x000000078f800000, 0x000000078fa00000, 0x000000078fa00000|100%| E|CS|TAMS 0x000000078f800000| PB 0x000000078f800000| Complete 
| 637|0x000000078fa00000, 0x000000078fc00000, 0x000000078fc00000|100%| E|CS|TAMS 0x000000078fa00000| PB 0x000000078fa00000| Complete 
| 638|0x000000078fc00000, 0x000000078fe00000, 0x000000078fe00000|100%| E|CS|TAMS 0x000000078fc00000| PB 0x000000078fc00000| Complete 
| 639|0x000000078fe00000, 0x0000000790000000, 0x0000000790000000|100%| E|CS|TAMS 0x000000078fe00000| PB 0x000000078fe00000| Complete 
| 640|0x0000000790000000, 0x0000000790200000, 0x0000000790200000|100%| E|CS|TAMS 0x0000000790000000| PB 0x0000000790000000| Complete 
| 641|0x0000000790200000, 0x0000000790400000, 0x0000000790400000|100%| E|CS|TAMS 0x0000000790200000| PB 0x0000000790200000| Complete 
| 642|0x0000000790400000, 0x0000000790600000, 0x0000000790600000|100%| E|CS|TAMS 0x0000000790400000| PB 0x0000000790400000| Complete 
| 643|0x0000000790600000, 0x0000000790800000, 0x0000000790800000|100%| E|CS|TAMS 0x0000000790600000| PB 0x0000000790600000| Complete 
| 644|0x0000000790800000, 0x0000000790a00000, 0x0000000790a00000|100%| E|CS|TAMS 0x0000000790800000| PB 0x0000000790800000| Complete 
| 645|0x0000000790a00000, 0x0000000790c00000, 0x0000000790c00000|100%| E|CS|TAMS 0x0000000790a00000| PB 0x0000000790a00000| Complete 
| 646|0x0000000790c00000, 0x0000000790e00000, 0x0000000790e00000|100%| E|CS|TAMS 0x0000000790c00000| PB 0x0000000790c00000| Complete 
| 647|0x0000000790e00000, 0x0000000791000000, 0x0000000791000000|100%| E|CS|TAMS 0x0000000790e00000| PB 0x0000000790e00000| Complete 
| 648|0x0000000791000000, 0x0000000791200000, 0x0000000791200000|100%| E|CS|TAMS 0x0000000791000000| PB 0x0000000791000000| Complete 
| 649|0x0000000791200000, 0x0000000791400000, 0x0000000791400000|100%| E|CS|TAMS 0x0000000791200000| PB 0x0000000791200000| Complete 
| 650|0x0000000791400000, 0x0000000791600000, 0x0000000791600000|100%| E|CS|TAMS 0x0000000791400000| PB 0x0000000791400000| Complete 
| 651|0x0000000791600000, 0x0000000791800000, 0x0000000791800000|100%| E|CS|TAMS 0x0000000791600000| PB 0x0000000791600000| Complete 
| 652|0x0000000791800000, 0x0000000791a00000, 0x0000000791a00000|100%| E|CS|TAMS 0x0000000791800000| PB 0x0000000791800000| Complete 
| 653|0x0000000791a00000, 0x0000000791c00000, 0x0000000791c00000|100%| E|CS|TAMS 0x0000000791a00000| PB 0x0000000791a00000| Complete 
| 654|0x0000000791c00000, 0x0000000791e00000, 0x0000000791e00000|100%| E|CS|TAMS 0x0000000791c00000| PB 0x0000000791c00000| Complete 
| 655|0x0000000791e00000, 0x0000000792000000, 0x0000000792000000|100%| E|CS|TAMS 0x0000000791e00000| PB 0x0000000791e00000| Complete 
| 656|0x0000000792000000, 0x0000000792200000, 0x0000000792200000|100%| E|CS|TAMS 0x0000000792000000| PB 0x0000000792000000| Complete 
| 657|0x0000000792200000, 0x0000000792400000, 0x0000000792400000|100%| E|CS|TAMS 0x0000000792200000| PB 0x0000000792200000| Complete 
| 658|0x0000000792400000, 0x0000000792600000, 0x0000000792600000|100%| E|CS|TAMS 0x0000000792400000| PB 0x0000000792400000| Complete 
| 659|0x0000000792600000, 0x0000000792800000, 0x0000000792800000|100%| E|CS|TAMS 0x0000000792600000| PB 0x0000000792600000| Complete 
| 660|0x0000000792800000, 0x0000000792a00000, 0x0000000792a00000|100%| E|CS|TAMS 0x0000000792800000| PB 0x0000000792800000| Complete 
| 661|0x0000000792a00000, 0x0000000792c00000, 0x0000000792c00000|100%| E|CS|TAMS 0x0000000792a00000| PB 0x0000000792a00000| Complete 
| 662|0x0000000792c00000, 0x0000000792e00000, 0x0000000792e00000|100%| E|CS|TAMS 0x0000000792c00000| PB 0x0000000792c00000| Complete 
| 663|0x0000000792e00000, 0x0000000793000000, 0x0000000793000000|100%| E|CS|TAMS 0x0000000792e00000| PB 0x0000000792e00000| Complete 
| 664|0x0000000793000000, 0x0000000793200000, 0x0000000793200000|100%| E|CS|TAMS 0x0000000793000000| PB 0x0000000793000000| Complete 
| 665|0x0000000793200000, 0x0000000793400000, 0x0000000793400000|100%| E|CS|TAMS 0x0000000793200000| PB 0x0000000793200000| Complete 
| 666|0x0000000793400000, 0x0000000793600000, 0x0000000793600000|100%| E|CS|TAMS 0x0000000793400000| PB 0x0000000793400000| Complete 
| 667|0x0000000793600000, 0x0000000793800000, 0x0000000793800000|100%| E|CS|TAMS 0x0000000793600000| PB 0x0000000793600000| Complete 
| 668|0x0000000793800000, 0x0000000793a00000, 0x0000000793a00000|100%| E|CS|TAMS 0x0000000793800000| PB 0x0000000793800000| Complete 
| 669|0x0000000793a00000, 0x0000000793c00000, 0x0000000793c00000|100%| E|CS|TAMS 0x0000000793a00000| PB 0x0000000793a00000| Complete 
| 670|0x0000000793c00000, 0x0000000793e00000, 0x0000000793e00000|100%| E|CS|TAMS 0x0000000793c00000| PB 0x0000000793c00000| Complete 
| 671|0x0000000793e00000, 0x0000000794000000, 0x0000000794000000|100%| E|CS|TAMS 0x0000000793e00000| PB 0x0000000793e00000| Complete 
| 672|0x0000000794000000, 0x0000000794200000, 0x0000000794200000|100%| E|CS|TAMS 0x0000000794000000| PB 0x0000000794000000| Complete 
| 673|0x0000000794200000, 0x0000000794400000, 0x0000000794400000|100%| E|CS|TAMS 0x0000000794200000| PB 0x0000000794200000| Complete 
| 674|0x0000000794400000, 0x0000000794600000, 0x0000000794600000|100%| E|CS|TAMS 0x0000000794400000| PB 0x0000000794400000| Complete 
| 675|0x0000000794600000, 0x0000000794800000, 0x0000000794800000|100%| E|CS|TAMS 0x0000000794600000| PB 0x0000000794600000| Complete 
| 676|0x0000000794800000, 0x0000000794a00000, 0x0000000794a00000|100%| E|CS|TAMS 0x0000000794800000| PB 0x0000000794800000| Complete 
| 677|0x0000000794a00000, 0x0000000794c00000, 0x0000000794c00000|100%| E|CS|TAMS 0x0000000794a00000| PB 0x0000000794a00000| Complete 
| 678|0x0000000794c00000, 0x0000000794e00000, 0x0000000794e00000|100%| E|CS|TAMS 0x0000000794c00000| PB 0x0000000794c00000| Complete 
| 679|0x0000000794e00000, 0x0000000795000000, 0x0000000795000000|100%| E|CS|TAMS 0x0000000794e00000| PB 0x0000000794e00000| Complete 
| 680|0x0000000795000000, 0x0000000795200000, 0x0000000795200000|100%| E|CS|TAMS 0x0000000795000000| PB 0x0000000795000000| Complete 
| 681|0x0000000795200000, 0x0000000795400000, 0x0000000795400000|100%| E|CS|TAMS 0x0000000795200000| PB 0x0000000795200000| Complete 
| 682|0x0000000795400000, 0x0000000795600000, 0x0000000795600000|100%| E|CS|TAMS 0x0000000795400000| PB 0x0000000795400000| Complete 
| 683|0x0000000795600000, 0x0000000795800000, 0x0000000795800000|100%| E|CS|TAMS 0x0000000795600000| PB 0x0000000795600000| Complete 
| 684|0x0000000795800000, 0x0000000795a00000, 0x0000000795a00000|100%| E|CS|TAMS 0x0000000795800000| PB 0x0000000795800000| Complete 
| 685|0x0000000795a00000, 0x0000000795c00000, 0x0000000795c00000|100%| E|CS|TAMS 0x0000000795a00000| PB 0x0000000795a00000| Complete 
| 686|0x0000000795c00000, 0x0000000795e00000, 0x0000000795e00000|100%| E|CS|TAMS 0x0000000795c00000| PB 0x0000000795c00000| Complete 
|1527|0x00000007fee00000, 0x00000007ff000000, 0x00000007ff000000|100%| E|CS|TAMS 0x00000007fee00000| PB 0x00000007fee00000| Complete 
|1528|0x00000007ff000000, 0x00000007ff200000, 0x00000007ff200000|100%| E|CS|TAMS 0x00000007ff000000| PB 0x00000007ff000000| Complete 
|1529|0x00000007ff200000, 0x00000007ff400000, 0x00000007ff400000|100%| O|  |TAMS 0x00000007ff200000| PB 0x00000007ff200000| Untracked 
|1530|0x00000007ff400000, 0x00000007ff600000, 0x00000007ff600000|100%| O|  |TAMS 0x00000007ff400000| PB 0x00000007ff400000| Untracked 
|1531|0x00000007ff600000, 0x00000007ff800000, 0x00000007ff800000|100%| E|CS|TAMS 0x00000007ff600000| PB 0x00000007ff600000| Complete 
|1532|0x00000007ff800000, 0x00000007ffa00000, 0x00000007ffa00000|100%| O|  |TAMS 0x00000007ff800000| PB 0x00000007ff800000| Untracked 
|1533|0x00000007ffa00000, 0x00000007ffc00000, 0x00000007ffc00000|100%| O|  |TAMS 0x00000007ffa00000| PB 0x00000007ffa00000| Untracked 
|1534|0x00000007ffc00000, 0x00000007ffe00000, 0x00000007ffe00000|100%| E|CS|TAMS 0x00000007ffc00000| PB 0x00000007ffc00000| Complete 
|1535|0x00000007ffe00000, 0x0000000800000000, 0x0000000800000000|100%| O|  |TAMS 0x00000007ffe00000| PB 0x00000007ffe00000| Untracked 

Card table byte_map: [0x0000027e722e0000,0x0000027e728e0000] _byte_map_base: 0x0000027e6e8e0000

Marking Bits: (CMBitMap*) 0x0000027e5eee0170
 Bits: [0x0000027e728e0000, 0x0000027e758e0000)

Polling page: 0x0000027e5d670000

Metaspace:

Usage:
  Non-class:    135.71 MB used.
      Class:     21.18 MB used.
       Both:    156.90 MB used.

Virtual space:
  Non-class space:      192.00 MB reserved,     136.94 MB ( 71%) committed,  3 nodes.
      Class space:        1.00 GB reserved,      22.38 MB (  2%) committed,  1 nodes.
             Both:        1.19 GB reserved,     159.31 MB ( 13%) committed. 

Chunk freelists:
   Non-Class:  6.25 MB
       Class:  9.52 MB
        Both:  15.77 MB

MaxMetaspaceSize: unlimited
CompressedClassSpaceSize: 1.00 GB
Initial GC threshold: 21.00 MB
Current GC threshold: 255.75 MB
CDS: off
 - commit_granule_bytes: 65536.
 - commit_granule_words: 8192.
 - virtual_space_node_default_size: 8388608.
 - enlarge_chunks_in_place: 1.
 - use_allocation_guard: 0.


Internal statistics:

num_allocs_failed_limit: 9.
num_arena_births: 4806.
num_arena_deaths: 132.
num_vsnodes_births: 4.
num_vsnodes_deaths: 0.
num_space_committed: 2548.
num_space_uncommitted: 0.
num_chunks_returned_to_freelist: 202.
num_chunks_taken_from_freelist: 11829.
num_chunk_merges: 89.
num_chunk_splits: 7719.
num_chunks_enlarged: 4904.
num_inconsistent_stats: 0.

CodeHeap 'non-profiled nmethods': size=120000Kb used=25603Kb max_used=25603Kb free=94396Kb
 bounds [0x0000027e69b10000, 0x0000027e6b420000, 0x0000027e71040000]
CodeHeap 'profiled nmethods': size=120000Kb used=51855Kb max_used=51855Kb free=68144Kb
 bounds [0x0000027e62040000, 0x0000027e652f0000, 0x0000027e69570000]
CodeHeap 'non-nmethods': size=5760Kb used=3053Kb max_used=3133Kb free=2706Kb
 bounds [0x0000027e69570000, 0x0000027e69890000, 0x0000027e69b10000]
 total_blobs=26417 nmethods=25300 adapters=1019
 compilation: enabled
              stopped_count=0, restarted_count=0
 full_count=0

Compilation events (20 events):
Event: 319.466 Thread 0x0000027e787cb1e0 35386       4       org.gradle.cache.internal.ExclusiveCacheAccessingWorker$$Lambda/0x000000080060a2b0::call (10 bytes)
Event: 319.486 Thread 0x0000027e787ca440 35388       3       java.nio.file.FileTreeWalker$DirectoryNode::<init> (30 bytes)
Event: 319.486 Thread 0x0000027e787ca440 nmethod 35388 0x0000027e652b2810 code [0x0000027e652b29e0, 0x0000027e652b2da8]
Event: 319.512 Thread 0x0000027e787ca440 35394       3       org.gradle.util.internal.DeferredUtil::unpack (8 bytes)
Event: 320.506 Thread 0x0000027e787ca440 nmethod 35394 0x0000027e652b2e90 code [0x0000027e652b3040, 0x0000027e652b3168]
Event: 320.506 Thread 0x0000027e787ca440 35397       3       com.google.common.collect.RegularImmutableBiMap::get (13 bytes)
Event: 320.507 Thread 0x0000027e787ca440 nmethod 35397 0x0000027e652b3210 code [0x0000027e652b33c0, 0x0000027e652b3510]
Event: 320.507 Thread 0x0000027e787ca440 35396       3       com.google.common.collect.ImmutableMultimap$1::<init> (39 bytes)
Event: 320.507 Thread 0x0000027e787ca440 nmethod 35396 0x0000027e652b3590 code [0x0000027e652b3780, 0x0000027e652b3d08]
Event: 320.507 Thread 0x0000027e787ca440 35399       3       org.gradle.internal.scripts.ScriptOriginUtil::getOriginClassIdentifier (54 bytes)
Event: 320.508 Thread 0x0000027e787ca440 nmethod 35399 0x0000027e652b3f10 code [0x0000027e652b41a0, 0x0000027e652b4c40]
Event: 320.508 Thread 0x0000027e787ca440 35395       1       org.gradle.execution.plan.ValuedVfsHierarchy::getChildren (5 bytes)
Event: 320.508 Thread 0x0000027e787ca440 nmethod 35395 0x0000027e6b3fac10 code [0x0000027e6b3fada0, 0x0000027e6b3fae70]
Event: 320.508 Thread 0x0000027e787ca440 35398       1       org.gradle.api.internal.tasks.TaskExecutionOutcome::getMessage (5 bytes)
Event: 320.508 Thread 0x0000027e787ca440 nmethod 35398 0x0000027e6b3faf10 code [0x0000027e6b3fb0a0, 0x0000027e6b3fb170]
Event: 320.513 Thread 0x0000027e787cb1e0 nmethod 35386 0x0000027e6b3fb210 code [0x0000027e6b3fb5c0, 0x0000027e6b3fd320]
Event: 320.513 Thread 0x0000027e787cb1e0 35387       4       org.gradle.cache.internal.AsyncCacheAccessDecoratedCache$$Lambda/0x000000080060a078::get (12 bytes)
Event: 320.516 Thread 0x0000027e787ca440 35400       3       org.gradle.internal.snapshot.impl.FilteredTrackingMerkleDirectorySnapshotBuilder::<init> (41 bytes)
Event: 320.517 Thread 0x0000027e787ca440 nmethod 35400 0x0000027e652b4f90 code [0x0000027e652b51c0, 0x0000027e652b5c68]
Event: 320.526 Thread 0x0000027e787ca440 35402       3       org.gradle.internal.snapshot.SnapshotUtil::getRootHashes (33 bytes)

GC Heap History (20 events):
Event: 34.423 GC heap before
{Heap before GC invocations=91 (full 0):
 garbage-first heap   total 1425408K, used 1245555K [0x0000000740000000, 0x0000000800000000)
  region size 2048K, 417 young (854016K), 26 survivors (53248K)
 Metaspace       used 149767K, committed 152192K, reserved 1245184K
  class space    used 20326K, committed 21568K, reserved 1048576K
}
Event: 34.454 GC heap after
{Heap after GC invocations=92 (full 0):
 garbage-first heap   total 1425408K, used 471109K [0x0000000740000000, 0x0000000800000000)
  region size 2048K, 38 young (77824K), 38 survivors (77824K)
 Metaspace       used 149767K, committed 152192K, reserved 1245184K
  class space    used 20326K, committed 21568K, reserved 1048576K
}
Event: 35.307 GC heap before
{Heap before GC invocations=92 (full 0):
 garbage-first heap   total 1425408K, used 1245253K [0x0000000740000000, 0x0000000800000000)
  region size 2048K, 417 young (854016K), 38 survivors (77824K)
 Metaspace       used 152820K, committed 155264K, reserved 1245184K
  class space    used 20792K, committed 22016K, reserved 1048576K
}
Event: 35.337 GC heap after
{Heap after GC invocations=93 (full 0):
 garbage-first heap   total 1425408K, used 472622K [0x0000000740000000, 0x0000000800000000)
  region size 2048K, 31 young (63488K), 31 survivors (63488K)
 Metaspace       used 152820K, committed 155264K, reserved 1245184K
  class space    used 20792K, committed 22016K, reserved 1048576K
}
Event: 35.794 GC heap before
{Heap before GC invocations=93 (full 0):
 garbage-first heap   total 1425408K, used 1261102K [0x0000000740000000, 0x0000000800000000)
  region size 2048K, 417 young (854016K), 31 survivors (63488K)
 Metaspace       used 152928K, committed 155328K, reserved 1245184K
  class space    used 20804K, committed 22016K, reserved 1048576K
}
Event: 35.819 GC heap after
{Heap after GC invocations=94 (full 0):
 garbage-first heap   total 1425408K, used 473170K [0x0000000740000000, 0x0000000800000000)
  region size 2048K, 29 young (59392K), 29 survivors (59392K)
 Metaspace       used 152928K, committed 155328K, reserved 1245184K
  class space    used 20804K, committed 22016K, reserved 1048576K
}
Event: 36.169 GC heap before
{Heap before GC invocations=94 (full 0):
 garbage-first heap   total 1425408K, used 1265746K [0x0000000740000000, 0x0000000800000000)
  region size 2048K, 417 young (854016K), 29 survivors (59392K)
 Metaspace       used 152952K, committed 155392K, reserved 1245184K
  class space    used 20805K, committed 22016K, reserved 1048576K
}
Event: 36.192 GC heap after
{Heap after GC invocations=95 (full 0):
 garbage-first heap   total 1425408K, used 475218K [0x0000000740000000, 0x0000000800000000)
  region size 2048K, 30 young (61440K), 30 survivors (61440K)
 Metaspace       used 152952K, committed 155392K, reserved 1245184K
  class space    used 20805K, committed 22016K, reserved 1048576K
}
Event: 36.483 GC heap before
{Heap before GC invocations=95 (full 0):
 garbage-first heap   total 1425408K, used 1265746K [0x0000000740000000, 0x0000000800000000)
  region size 2048K, 417 young (854016K), 30 survivors (61440K)
 Metaspace       used 152969K, committed 155392K, reserved 1245184K
  class space    used 20805K, committed 22016K, reserved 1048576K
}
Event: 36.510 GC heap after
{Heap after GC invocations=96 (full 0):
 garbage-first heap   total 1425408K, used 479010K [0x0000000740000000, 0x0000000800000000)
  region size 2048K, 30 young (61440K), 30 survivors (61440K)
 Metaspace       used 152969K, committed 155392K, reserved 1245184K
  class space    used 20805K, committed 22016K, reserved 1048576K
}
Event: 36.863 GC heap before
{Heap before GC invocations=96 (full 0):
 garbage-first heap   total 1425408K, used 1271586K [0x0000000740000000, 0x0000000800000000)
  region size 2048K, 417 young (854016K), 30 survivors (61440K)
 Metaspace       used 152995K, committed 155392K, reserved 1245184K
  class space    used 20809K, committed 22016K, reserved 1048576K
}
Event: 36.889 GC heap after
{Heap after GC invocations=97 (full 0):
 garbage-first heap   total 1425408K, used 483837K [0x0000000740000000, 0x0000000800000000)
  region size 2048K, 27 young (55296K), 27 survivors (55296K)
 Metaspace       used 152995K, committed 155392K, reserved 1245184K
  class space    used 20809K, committed 22016K, reserved 1048576K
}
Event: 37.380 GC heap before
{Heap before GC invocations=97 (full 0):
 garbage-first heap   total 1425408K, used 1280509K [0x0000000740000000, 0x0000000800000000)
  region size 2048K, 417 young (854016K), 27 survivors (55296K)
 Metaspace       used 153052K, committed 155456K, reserved 1245184K
  class space    used 20814K, committed 22016K, reserved 1048576K
}
Event: 37.406 GC heap after
{Heap after GC invocations=98 (full 0):
 garbage-first heap   total 1425408K, used 487933K [0x0000000740000000, 0x0000000800000000)
  region size 2048K, 29 young (59392K), 29 survivors (59392K)
 Metaspace       used 153052K, committed 155456K, reserved 1245184K
  class space    used 20814K, committed 22016K, reserved 1048576K
}
Event: 37.807 GC heap before
{Heap before GC invocations=98 (full 0):
 garbage-first heap   total 1425408K, used 1282557K [0x0000000740000000, 0x0000000800000000)
  region size 2048K, 417 young (854016K), 29 survivors (59392K)
 Metaspace       used 153061K, committed 155456K, reserved 1245184K
  class space    used 20814K, committed 22016K, reserved 1048576K
}
Event: 37.833 GC heap after
{Heap after GC invocations=99 (full 0):
 garbage-first heap   total 1425408K, used 491005K [0x0000000740000000, 0x0000000800000000)
  region size 2048K, 30 young (61440K), 30 survivors (61440K)
 Metaspace       used 153061K, committed 155456K, reserved 1245184K
  class space    used 20814K, committed 22016K, reserved 1048576K
}
Event: 40.851 GC heap before
{Heap before GC invocations=99 (full 0):
 garbage-first heap   total 1425408K, used 1285629K [0x0000000740000000, 0x0000000800000000)
  region size 2048K, 417 young (854016K), 30 survivors (61440K)
 Metaspace       used 154456K, committed 156928K, reserved 1245184K
  class space    used 20996K, committed 22272K, reserved 1048576K
}
Event: 40.894 GC heap after
{Heap after GC invocations=100 (full 0):
 garbage-first heap   total 1425408K, used 554991K [0x0000000740000000, 0x0000000800000000)
  region size 2048K, 46 young (94208K), 46 survivors (94208K)
 Metaspace       used 154456K, committed 156928K, reserved 1245184K
  class space    used 20996K, committed 22272K, reserved 1048576K
}
Event: 41.103 GC heap before
{Heap before GC invocations=100 (full 0):
 garbage-first heap   total 1425408K, used 739311K [0x0000000740000000, 0x0000000800000000)
  region size 2048K, 137 young (280576K), 46 survivors (94208K)
 Metaspace       used 154507K, committed 156992K, reserved 1245184K
  class space    used 21005K, committed 22272K, reserved 1048576K
}
Event: 41.117 GC heap after
{Heap after GC invocations=101 (full 0):
 garbage-first heap   total 1425408K, used 510720K [0x0000000740000000, 0x0000000800000000)
  region size 2048K, 5 young (10240K), 5 survivors (10240K)
 Metaspace       used 154507K, committed 156992K, reserved 1245184K
  class space    used 21005K, committed 22272K, reserved 1048576K
}

Dll operation events (3 events):
Event: 0.009 Loaded shared library C:\Program Files\Android\Android Studio1\jbr\bin\java.dll
Event: 0.014 Loaded shared library C:\Program Files\Android\Android Studio1\jbr\bin\zip.dll
Event: 0.485 Loaded shared library C:\Program Files\Android\Android Studio1\jbr\bin\verify.dll

Deoptimization events (20 events):
Event: 318.617 Thread 0x0000027e01b7ad50 DEOPT PACKING pc=0x0000027e6a39b670 sp=0x00000081eb8fe3a0
Event: 318.617 Thread 0x0000027e01b7ad50 DEOPT UNPACKING pc=0x0000027e695c46a2 sp=0x00000081eb8fe1e8 mode 2
Event: 319.094 Thread 0x0000027e027dd3f0 Uncommon trap: trap_request=0xffffff45 fr.pc=0x0000027e6a87b0e0 relative=0x00000000000001a0
Event: 319.094 Thread 0x0000027e027dd3f0 Uncommon trap: reason=unstable_if action=reinterpret pc=0x0000027e6a87b0e0 method=java.util.BitSet.set(II)V @ 48 c2
Event: 319.094 Thread 0x0000027e027dd3f0 DEOPT PACKING pc=0x0000027e6a87b0e0 sp=0x00000081ee7fadb0
Event: 319.094 Thread 0x0000027e027dd3f0 DEOPT UNPACKING pc=0x0000027e695c46a2 sp=0x00000081ee7fad40 mode 2
Event: 319.191 Thread 0x0000027e027dd3f0 DEOPT PACKING pc=0x0000027e62a2da5b sp=0x00000081ee7fb400
Event: 319.191 Thread 0x0000027e027dd3f0 DEOPT UNPACKING pc=0x0000027e695c4e42 sp=0x00000081ee7fa8a8 mode 0
Event: 319.242 Thread 0x0000027e0ee93440 Uncommon trap: trap_request=0xffffff45 fr.pc=0x0000027e69ed1d20 relative=0x0000000000000180
Event: 319.242 Thread 0x0000027e0ee93440 Uncommon trap: reason=unstable_if action=reinterpret pc=0x0000027e69ed1d20 method=java.util.concurrent.locks.ReentrantLock$Sync.tryLock()Z @ 34 c2
Event: 319.242 Thread 0x0000027e0ee93440 DEOPT PACKING pc=0x0000027e69ed1d20 sp=0x00000081ef8fe750
Event: 319.242 Thread 0x0000027e0ee93440 DEOPT UNPACKING pc=0x0000027e695c46a2 sp=0x00000081ef8fe6f0 mode 2
Event: 319.280 Thread 0x0000027e027dd3f0 Uncommon trap: trap_request=0xffffffde fr.pc=0x0000027e6a873b98 relative=0x0000000000000498
Event: 319.280 Thread 0x0000027e027dd3f0 Uncommon trap: reason=class_check action=maybe_recompile pc=0x0000027e6a873b98 method=java.util.LinkedList$LLSpliterator.tryAdvance(Ljava/util/function/Consumer;)Z @ 53 c2
Event: 319.280 Thread 0x0000027e027dd3f0 DEOPT PACKING pc=0x0000027e6a873b98 sp=0x00000081ee7fc5f0
Event: 319.280 Thread 0x0000027e027dd3f0 DEOPT UNPACKING pc=0x0000027e695c46a2 sp=0x00000081ee7fc5a8 mode 2
Event: 319.280 Thread 0x0000027e027dd3f0 Uncommon trap: trap_request=0xffffff45 fr.pc=0x0000027e6a8737bc relative=0x00000000000000bc
Event: 319.280 Thread 0x0000027e027dd3f0 Uncommon trap: reason=unstable_if action=reinterpret pc=0x0000027e6a8737bc method=java.util.LinkedList$LLSpliterator.tryAdvance(Ljava/util/function/Consumer;)Z @ 16 c2
Event: 319.282 Thread 0x0000027e027dd3f0 DEOPT PACKING pc=0x0000027e6a8737bc sp=0x00000081ee7fc5f0
Event: 319.282 Thread 0x0000027e027dd3f0 DEOPT UNPACKING pc=0x0000027e695c46a2 sp=0x00000081ee7fc5b0 mode 2

Classes loaded (20 events):
Event: 42.455 Loading class jdk/jfr/FlightRecorderListener done
Event: 42.455 Loading class jdk/management/jfr/FlightRecorderMXBeanImpl$MXBeanListener done
Event: 42.455 Loading class javax/management/ListenerNotFoundException
Event: 42.455 Loading class javax/management/ListenerNotFoundException done
Event: 42.457 Loading class com/sun/jmx/mbeanserver/StandardMBeanSupport
Event: 42.457 Loading class com/sun/jmx/mbeanserver/StandardMBeanSupport done
Event: 42.457 Loading class com/sun/jmx/mbeanserver/StandardMBeanIntrospector
Event: 42.457 Loading class com/sun/jmx/mbeanserver/StandardMBeanIntrospector done
Event: 42.458 Loading class sun/reflect/misc/MethodUtil
Event: 42.458 Loading class sun/reflect/misc/MethodUtil done
Event: 42.458 Loading class sun/reflect/misc/MethodUtil$1
Event: 42.458 Loading class sun/reflect/misc/MethodUtil$1 done
Event: 42.494 Loading class java/nio/file/StandardCopyOption
Event: 42.494 Loading class java/nio/file/StandardCopyOption done
Event: 42.494 Loading class sun/nio/fs/WindowsFileCopy
Event: 42.494 Loading class sun/nio/fs/WindowsFileCopy done
Event: 42.573 Loading class java/util/concurrent/CompletableFuture$AsyncRun
Event: 42.573 Loading class java/util/concurrent/CompletableFuture$AsyncRun done
Event: 316.312 Loading class jdk/internal/math/FormattedFPDecimal
Event: 316.312 Loading class jdk/internal/math/FormattedFPDecimal done

Classes unloaded (20 events):
Event: 23.660 Thread 0x0000027e785dd8d0 Unloading class 0x0000000801325000 'java/lang/invoke/LambdaForm$DMH+0x0000000801325000'
Event: 23.660 Thread 0x0000027e785dd8d0 Unloading class 0x0000000801324c00 'java/lang/invoke/LambdaForm$DMH+0x0000000801324c00'
Event: 23.660 Thread 0x0000027e785dd8d0 Unloading class 0x0000000801324400 'java/lang/invoke/LambdaForm$DMH+0x0000000801324400'
Event: 23.660 Thread 0x0000027e785dd8d0 Unloading class 0x0000000801324800 'java/lang/invoke/LambdaForm$DMH+0x0000000801324800'
Event: 28.519 Thread 0x0000027e785dd8d0 Unloading class 0x0000000801402400 'java/lang/invoke/LambdaForm$DMH+0x0000000801402400'
Event: 28.519 Thread 0x0000027e785dd8d0 Unloading class 0x0000000801402c00 'java/lang/invoke/LambdaForm$DMH+0x0000000801402c00'
Event: 28.519 Thread 0x0000027e785dd8d0 Unloading class 0x0000000801401400 'java/lang/invoke/LambdaForm$DMH+0x0000000801401400'
Event: 28.519 Thread 0x0000027e785dd8d0 Unloading class 0x0000000801401800 'java/lang/invoke/LambdaForm$DMH+0x0000000801401800'
Event: 28.519 Thread 0x0000027e785dd8d0 Unloading class 0x0000000801400800 'java/lang/invoke/LambdaForm$DMH+0x0000000801400800'
Event: 28.519 Thread 0x0000027e785dd8d0 Unloading class 0x0000000801401c00 'java/lang/invoke/LambdaForm$DMH+0x0000000801401c00'
Event: 28.519 Thread 0x0000027e785dd8d0 Unloading class 0x0000000801401000 'java/lang/invoke/LambdaForm$DMH+0x0000000801401000'
Event: 28.519 Thread 0x0000027e785dd8d0 Unloading class 0x0000000801402800 'java/lang/invoke/LambdaForm$DMH+0x0000000801402800'
Event: 28.519 Thread 0x0000027e785dd8d0 Unloading class 0x0000000801402000 'java/lang/invoke/LambdaForm$DMH+0x0000000801402000'
Event: 28.519 Thread 0x0000027e785dd8d0 Unloading class 0x0000000801400c00 'java/lang/invoke/LambdaForm$DMH+0x0000000801400c00'
Event: 28.519 Thread 0x0000027e785dd8d0 Unloading class 0x0000000801400400 'java/lang/invoke/LambdaForm$DMH+0x0000000801400400'
Event: 41.312 Thread 0x0000027e785dd8d0 Unloading class 0x00000008014a4400 'java/lang/invoke/LambdaForm$DMH+0x00000008014a4400'
Event: 41.312 Thread 0x0000027e785dd8d0 Unloading class 0x000000080149c800 'java/lang/invoke/LambdaForm$DMH+0x000000080149c800'
Event: 41.312 Thread 0x0000027e785dd8d0 Unloading class 0x000000080149c400 'java/lang/invoke/LambdaForm$DMH+0x000000080149c400'
Event: 41.312 Thread 0x0000027e785dd8d0 Unloading class 0x0000000801460000 'java/lang/invoke/LambdaForm$DMH+0x0000000801460000'
Event: 41.312 Thread 0x0000027e785dd8d0 Unloading class 0x0000000801460400 'java/lang/invoke/LambdaForm$DMH+0x0000000801460400'

Classes redefined (0 events):
No events

Internal exceptions (20 events):
Event: 319.286 Thread 0x0000027e027dd3f0 Exception <a 'sun/nio/fs/WindowsException'{0x000000077b560648}> (0x000000077b560648) 
thrown [s\src\hotspot\share\prims\jni.cpp, line 535]
Event: 319.286 Thread 0x0000027e027dd3f0 Exception <a 'sun/nio/fs/WindowsException'{0x000000077b561728}> (0x000000077b561728) 
thrown [s\src\hotspot\share\prims\jni.cpp, line 535]
Event: 319.291 Thread 0x0000027e027dd3f0 Exception <a 'sun/nio/fs/WindowsException'{0x000000077b563aa8}> (0x000000077b563aa8) 
thrown [s\src\hotspot\share\prims\jni.cpp, line 535]
Event: 319.291 Thread 0x0000027e027dd3f0 Exception <a 'sun/nio/fs/WindowsException'{0x000000077b564b88}> (0x000000077b564b88) 
thrown [s\src\hotspot\share\prims\jni.cpp, line 535]
Event: 319.293 Thread 0x0000027e027dd3f0 Exception <a 'sun/nio/fs/WindowsException'{0x000000077b566e50}> (0x000000077b566e50) 
thrown [s\src\hotspot\share\prims\jni.cpp, line 535]
Event: 319.294 Thread 0x0000027e027dd3f0 Exception <a 'sun/nio/fs/WindowsException'{0x000000077b567f10}> (0x000000077b567f10) 
thrown [s\src\hotspot\share\prims\jni.cpp, line 535]
Event: 319.295 Thread 0x0000027e027dd3f0 Exception <a 'sun/nio/fs/WindowsException'{0x000000077b56a1f8}> (0x000000077b56a1f8) 
thrown [s\src\hotspot\share\prims\jni.cpp, line 535]
Event: 319.296 Thread 0x0000027e027dd3f0 Exception <a 'sun/nio/fs/WindowsException'{0x000000077b56b2c8}> (0x000000077b56b2c8) 
thrown [s\src\hotspot\share\prims\jni.cpp, line 535]
Event: 319.298 Thread 0x0000027e027dd3f0 Exception <a 'sun/nio/fs/WindowsException'{0x000000077b56c378}> (0x000000077b56c378) 
thrown [s\src\hotspot\share\prims\jni.cpp, line 535]
Event: 319.386 Thread 0x0000027e038a6ed0 Exception <a 'sun/nio/fs/WindowsException'{0x000000077a6a19f8}> (0x000000077a6a19f8) 
thrown [s\src\hotspot\share\prims\jni.cpp, line 535]
Event: 319.387 Thread 0x0000027e038a6ed0 Exception <a 'sun/nio/fs/WindowsException'{0x000000077a6a2a38}> (0x000000077a6a2a38) 
thrown [s\src\hotspot\share\prims\jni.cpp, line 535]
Event: 319.388 Thread 0x0000027e038a6ed0 Exception <a 'sun/nio/fs/WindowsException'{0x000000077a6a3a78}> (0x000000077a6a3a78) 
thrown [s\src\hotspot\share\prims\jni.cpp, line 535]
Event: 319.407 Thread 0x0000027e027dd3f0 Exception <a 'sun/nio/fs/WindowsException'{0x000000077a205cd8}> (0x000000077a205cd8) 
thrown [s\src\hotspot\share\prims\jni.cpp, line 535]
Event: 319.408 Thread 0x0000027e027dd3f0 Exception <a 'sun/nio/fs/WindowsException'{0x000000077a206dd8}> (0x000000077a206dd8) 
thrown [s\src\hotspot\share\prims\jni.cpp, line 535]
Event: 319.409 Thread 0x0000027e027dd3f0 Exception <a 'sun/nio/fs/WindowsException'{0x000000077a209270}> (0x000000077a209270) 
thrown [s\src\hotspot\share\prims\jni.cpp, line 535]
Event: 319.410 Thread 0x0000027e027dd3f0 Exception <a 'sun/nio/fs/WindowsException'{0x000000077a20a380}> (0x000000077a20a380) 
thrown [s\src\hotspot\share\prims\jni.cpp, line 535]
Event: 319.410 Thread 0x0000027e027dd3f0 Exception <a 'sun/nio/fs/WindowsException'{0x000000077a20c760}> (0x000000077a20c760) 
thrown [s\src\hotspot\share\prims\jni.cpp, line 535]
Event: 319.411 Thread 0x0000027e027dd3f0 Exception <a 'sun/nio/fs/WindowsException'{0x000000077a20d850}> (0x000000077a20d850) 
thrown [s\src\hotspot\share\prims\jni.cpp, line 535]
Event: 319.412 Thread 0x0000027e027dd3f0 Exception <a 'sun/nio/fs/WindowsException'{0x000000077a20fca8}> (0x000000077a20fca8) 
thrown [s\src\hotspot\share\prims\jni.cpp, line 535]
Event: 319.412 Thread 0x0000027e027dd3f0 Exception <a 'sun/nio/fs/WindowsException'{0x000000077a210da8}> (0x000000077a210da8) 
thrown [s\src\hotspot\share\prims\jni.cpp, line 535]

ZGC Phase Switch (0 events):
No events

VM Operations (20 events):
Event: 259.468 Executing VM operation: Cleanup
Event: 259.468 Executing VM operation: Cleanup done
Event: 282.685 Executing VM operation: Cleanup
Event: 282.685 Executing VM operation: Cleanup done
Event: 316.978 Executing VM operation: Cleanup
Event: 317.013 Executing VM operation: Cleanup done
Event: 317.440 Executing VM operation: ICBufferFull
Event: 317.440 Executing VM operation: ICBufferFull done
Event: 317.873 Executing VM operation: ICBufferFull
Event: 317.873 Executing VM operation: ICBufferFull done
Event: 318.416 Executing VM operation: ICBufferFull
Event: 318.416 Executing VM operation: ICBufferFull done
Event: 318.617 Executing VM operation: ICBufferFull
Event: 318.617 Executing VM operation: ICBufferFull done
Event: 319.352 Executing VM operation: ICBufferFull
Event: 319.352 Executing VM operation: ICBufferFull done
Event: 320.365 Executing VM operation: Cleanup
Event: 320.365 Executing VM operation: Cleanup done
Event: 321.368 Executing VM operation: Cleanup
Event: 321.368 Executing VM operation: Cleanup done

Memory protections (0 events):
No events

Nmethod flushes (20 events):
Event: 41.324 Thread 0x0000027e785dd8d0 flushing  nmethod 0x0000027e63a85810
Event: 41.324 Thread 0x0000027e785dd8d0 flushing  nmethod 0x0000027e63b33d90
Event: 41.324 Thread 0x0000027e785dd8d0 flushing  nmethod 0x0000027e63bf4510
Event: 41.324 Thread 0x0000027e785dd8d0 flushing  nmethod 0x0000027e63bf7890
Event: 41.324 Thread 0x0000027e785dd8d0 flushing  nmethod 0x0000027e63c7d290
Event: 41.324 Thread 0x0000027e785dd8d0 flushing  nmethod 0x0000027e63c7dc90
Event: 41.324 Thread 0x0000027e785dd8d0 flushing  nmethod 0x0000027e63d40010
Event: 41.324 Thread 0x0000027e785dd8d0 flushing  nmethod 0x0000027e63d40c90
Event: 41.324 Thread 0x0000027e785dd8d0 flushing  nmethod 0x0000027e63d41710
Event: 41.324 Thread 0x0000027e785dd8d0 flushing  nmethod 0x0000027e63d41d10
Event: 41.324 Thread 0x0000027e785dd8d0 flushing  nmethod 0x0000027e63d42410
Event: 41.324 Thread 0x0000027e785dd8d0 flushing  nmethod 0x0000027e63e4f290
Event: 41.324 Thread 0x0000027e785dd8d0 flushing  nmethod 0x0000027e63ff7d10
Event: 41.324 Thread 0x0000027e785dd8d0 flushing  nmethod 0x0000027e644c9790
Event: 41.324 Thread 0x0000027e785dd8d0 flushing  nmethod 0x0000027e644ca390
Event: 41.324 Thread 0x0000027e785dd8d0 flushing  nmethod 0x0000027e644cad10
Event: 41.324 Thread 0x0000027e785dd8d0 flushing  nmethod 0x0000027e6451c510
Event: 41.324 Thread 0x0000027e785dd8d0 flushing  nmethod 0x0000027e646b5890
Event: 41.324 Thread 0x0000027e785dd8d0 flushing  nmethod 0x0000027e646b6d10
Event: 41.324 Thread 0x0000027e785dd8d0 flushing  nmethod 0x0000027e646b7c90

Events (20 events):
Event: 318.642 Thread 0x0000027e0ee91a00 Thread added: 0x0000027e0a4bc240
Event: 319.071 Thread 0x0000027e7d3605f0 Thread exited: 0x0000027e7d3605f0
Event: 319.185 Thread 0x0000027e787ca440 Thread added: 0x0000027e787cb1e0
Event: 319.190 Thread 0x0000027e027dd3f0 Thread added: 0x0000027e0ee92720
Event: 319.190 Thread 0x0000027e027dd3f0 Thread added: 0x0000027e0ee92db0
Event: 319.190 Thread 0x0000027e027dd3f0 Thread added: 0x0000027e0ee93440
Event: 319.190 Thread 0x0000027e027dd3f0 Thread added: 0x0000027e0ee93ad0
Event: 319.191 Thread 0x0000027e027dd3f0 Thread added: 0x0000027e0d968000
Event: 319.191 Thread 0x0000027e027dd3f0 Thread added: 0x0000027e0d968690
Event: 319.192 Thread 0x0000027e027dd3f0 Thread added: 0x0000027e0d968d20
Event: 319.192 Thread 0x0000027e027dd3f0 Thread added: 0x0000027e0d9693b0
Event: 319.192 Thread 0x0000027e027dd3f0 Thread added: 0x0000027e09050d30
Event: 319.192 Thread 0x0000027e027dd3f0 Thread added: 0x0000027e090506a0
Event: 319.193 Thread 0x0000027e027dd3f0 Thread added: 0x0000027e09050010
Event: 319.316 Thread 0x0000027e027dd3f0 Thread added: 0x0000027e038a6ed0
Event: 319.385 Thread 0x0000027e027dd3f0 Thread added: 0x0000027e038a8910
Event: 319.415 Thread 0x0000027e027dd3f0 Thread added: 0x0000027e038a8fa0
Event: 319.418 Thread 0x0000027e038a6ed0 Thread added: 0x0000027e0aa1f240
Event: 319.418 Thread 0x0000027e038a6ed0 Thread added: 0x0000027e0aa1f8d0
Event: 321.431 Thread 0x0000027e038a8910 Thread exited: 0x0000027e038a8910


Dynamic libraries:
0x00007ff641a70000 - 0x00007ff641a7a000 	C:\Program Files\Android\Android Studio1\jbr\bin\java.exe
0x00007ffc01ce0000 - 0x00007ffc01f43000 	C:\WINDOWS\SYSTEM32\ntdll.dll
0x00007ffc00850000 - 0x00007ffc00917000 	C:\WINDOWS\System32\KERNEL32.DLL
0x00007ffbff310000 - 0x00007ffbff6d7000 	C:\WINDOWS\System32\KERNELBASE.dll
0x00007ffbff850000 - 0x00007ffbff99c000 	C:\WINDOWS\System32\ucrtbase.dll
0x00007ffbeb340000 - 0x00007ffbeb35b000 	C:\Program Files\Android\Android Studio1\jbr\bin\VCRUNTIME140.dll
0x00007ffbd8d70000 - 0x00007ffbd8d88000 	C:\Program Files\Android\Android Studio1\jbr\bin\jli.dll
0x00007ffc00920000 - 0x00007ffc00ae9000 	C:\WINDOWS\System32\USER32.dll
0x00007ffbff790000 - 0x00007ffbff7b7000 	C:\WINDOWS\System32\win32u.dll
0x00007ffbe97b0000 - 0x00007ffbe9a40000 	C:\WINDOWS\WinSxS\amd64_microsoft.windows.common-controls_6595b64144ccf1df_6.0.26100.3037_none_3e09262ce333c378\COMCTL32.dll
0x00007ffc01bb0000 - 0x00007ffc01bda000 	C:\WINDOWS\System32\GDI32.dll
0x00007ffbff1e0000 - 0x00007ffbff30b000 	C:\WINDOWS\System32\gdi32full.dll
0x00007ffbff6e0000 - 0x00007ffbff783000 	C:\WINDOWS\System32\msvcp_win.dll
0x00007ffc011d0000 - 0x00007ffc01279000 	C:\WINDOWS\System32\msvcrt.dll
0x00007ffbffc40000 - 0x00007ffbffc6f000 	C:\WINDOWS\System32\IMM32.DLL
0x00007ffbfcb30000 - 0x00007ffbfcb3c000 	C:\Program Files\Android\Android Studio1\jbr\bin\vcruntime140_1.dll
0x00007ffbb7740000 - 0x00007ffbb77cd000 	C:\Program Files\Android\Android Studio1\jbr\bin\msvcp140.dll
0x00007ffb5f130000 - 0x00007ffb5fdbb000 	C:\Program Files\Android\Android Studio1\jbr\bin\server\jvm.dll
0x00007ffc01be0000 - 0x00007ffc01c94000 	C:\WINDOWS\System32\ADVAPI32.dll
0x00007ffc007a0000 - 0x00007ffc00846000 	C:\WINDOWS\System32\sechost.dll
0x00007ffc00e10000 - 0x00007ffc00f26000 	C:\WINDOWS\System32\RPCRT4.dll
0x00007ffbffbb0000 - 0x00007ffbffc24000 	C:\WINDOWS\System32\WS2_32.dll
0x00007ffbf7240000 - 0x00007ffbf7276000 	C:\WINDOWS\SYSTEM32\WINMM.dll
0x00007ffbfcbf0000 - 0x00007ffbfcbfb000 	C:\WINDOWS\SYSTEM32\VERSION.dll
0x00007ffbfd780000 - 0x00007ffbfd7ce000 	C:\WINDOWS\SYSTEM32\POWRPROF.dll
0x00007ffbfd7e0000 - 0x00007ffbfd7f4000 	C:\WINDOWS\SYSTEM32\UMPDC.dll
0x00007ffbfdfc0000 - 0x00007ffbfdfda000 	C:\WINDOWS\SYSTEM32\kernel.appcore.dll
0x00007ffbfbbf0000 - 0x00007ffbfbbfa000 	C:\Program Files\Android\Android Studio1\jbr\bin\jimage.dll
0x00007ffbf4260000 - 0x00007ffbf44a1000 	C:\WINDOWS\SYSTEM32\DBGHELP.DLL
0x00007ffc017c0000 - 0x00007ffc01b3e000 	C:\WINDOWS\System32\combase.dll
0x00007ffc00d30000 - 0x00007ffc00e06000 	C:\WINDOWS\System32\OLEAUT32.dll
0x00007ffbe7060000 - 0x00007ffbe7099000 	C:\WINDOWS\SYSTEM32\dbgcore.DLL
0x00007ffbff080000 - 0x00007ffbff119000 	C:\WINDOWS\System32\bcryptPrimitives.dll
0x00007ffbe4960000 - 0x00007ffbe496e000 	C:\Program Files\Android\Android Studio1\jbr\bin\instrument.dll
0x00007ffbeb250000 - 0x00007ffbeb270000 	C:\Program Files\Android\Android Studio1\jbr\bin\java.dll
0x00007ffbeb200000 - 0x00007ffbeb218000 	C:\Program Files\Android\Android Studio1\jbr\bin\zip.dll
0x00007ffc00090000 - 0x00007ffc00794000 	C:\WINDOWS\System32\SHELL32.dll
0x00007ffbfce70000 - 0x00007ffbfd6a7000 	C:\WINDOWS\SYSTEM32\windows.storage.dll
0x00007ffc010d0000 - 0x00007ffc011b9000 	C:\WINDOWS\System32\SHCORE.dll
0x00007ffc00cd0000 - 0x00007ffc00d2d000 	C:\WINDOWS\System32\shlwapi.dll
0x00007ffbfef90000 - 0x00007ffbfefbe000 	C:\WINDOWS\SYSTEM32\profapi.dll
0x00007ffbf46b0000 - 0x00007ffbf46c0000 	C:\Program Files\Android\Android Studio1\jbr\bin\net.dll
0x00007ffbf8370000 - 0x00007ffbf848e000 	C:\WINDOWS\SYSTEM32\WINHTTP.dll
0x00007ffbfe4d0000 - 0x00007ffbfe53a000 	C:\WINDOWS\system32\mswsock.dll
0x00007ffbe87e0000 - 0x00007ffbe87f6000 	C:\Program Files\Android\Android Studio1\jbr\bin\nio.dll
0x00007ffbeb1c0000 - 0x00007ffbeb1d0000 	C:\Program Files\Android\Android Studio1\jbr\bin\verify.dll
0x00007ffbe83b0000 - 0x00007ffbe83d7000 	C:\Users\vfxno\.gradle\native\1def1411415f61bf3af743bc5b6707747c0891f09f0c88961ee8f79bc544acac\windows-amd64\native-platform.dll
0x00007ffb991d0000 - 0x00007ffb99248000 	C:\Users\vfxno\.gradle\native\0.2.7\x86_64-windows-gnu\gradle-fileevents.dll
0x00007ffbec5d0000 - 0x00007ffbec5d9000 	C:\Program Files\Android\Android Studio1\jbr\bin\management.dll
0x00007ffbeb380000 - 0x00007ffbeb38b000 	C:\Program Files\Android\Android Studio1\jbr\bin\management_ext.dll
0x00007ffbffc30000 - 0x00007ffbffc38000 	C:\WINDOWS\System32\PSAPI.DLL
0x00007ffbfdaa0000 - 0x00007ffbfdad2000 	C:\WINDOWS\SYSTEM32\IPHLPAPI.DLL
0x00007ffc00080000 - 0x00007ffc0008a000 	C:\WINDOWS\System32\NSI.dll
0x00007ffbf0830000 - 0x00007ffbf0839000 	C:\Program Files\Android\Android Studio1\jbr\bin\extnet.dll
0x00007ffbfe770000 - 0x00007ffbfe78c000 	C:\WINDOWS\SYSTEM32\CRYPTSP.dll
0x00007ffbfdf30000 - 0x00007ffbfdf68000 	C:\WINDOWS\system32\rsaenh.dll
0x00007ffbfe570000 - 0x00007ffbfe59b000 	C:\WINDOWS\SYSTEM32\USERENV.dll
0x00007ffbfe9b0000 - 0x00007ffbfe9d6000 	C:\WINDOWS\SYSTEM32\bcrypt.dll
0x00007ffbfe790000 - 0x00007ffbfe79c000 	C:\WINDOWS\SYSTEM32\CRYPTBASE.dll
0x00007ffbfbb60000 - 0x00007ffbfbb68000 	C:\WINDOWS\system32\wshunix.dll

dbghelp: loaded successfully - version: 4.0.5 - missing functions: none
symbol engine: initialized successfully - sym options: 0x614 - pdb path: .;C:\Program Files\Android\Android Studio1\jbr\bin;C:\WINDOWS\SYSTEM32;C:\WINDOWS\WinSxS\amd64_microsoft.windows.common-controls_6595b64144ccf1df_6.0.26100.3037_none_3e09262ce333c378;C:\Program Files\Android\Android Studio1\jbr\bin\server;C:\Users\vfxno\.gradle\native\1def1411415f61bf3af743bc5b6707747c0891f09f0c88961ee8f79bc544acac\windows-amd64;C:\Users\vfxno\.gradle\native\0.2.7\x86_64-windows-gnu

VM Arguments:
jvm_args: --add-opens=java.base/java.lang=ALL-UNNAMED --add-opens=java.base/java.lang.invoke=ALL-UNNAMED --add-opens=java.base/java.util=ALL-UNNAMED --add-opens=java.prefs/java.util.prefs=ALL-UNNAMED --add-exports=jdk.compiler/com.sun.tools.javac.api=ALL-UNNAMED --add-exports=jdk.compiler/com.sun.tools.javac.util=ALL-UNNAMED --add-opens=java.base/java.util=ALL-UNNAMED --add-opens=java.prefs/java.util.prefs=ALL-UNNAMED --add-opens=java.base/java.nio.charset=ALL-UNNAMED --add-opens=java.base/java.net=ALL-UNNAMED --add-opens=java.base/java.util.concurrent.atomic=ALL-UNNAMED --add-opens=java.xml/javax.xml.namespace=ALL-UNNAMED -Xmx3072m -Dfile.encoding=UTF-8 -Duser.country=GB -Duser.language=en -Duser.variant -javaagent:C:\Users\vfxno\.gradle\wrapper\dists\gradle-8.13-bin\5xuhj0ry160q40clulazy9h7d\gradle-8.13\lib\agents\gradle-instrumentation-agent-8.13.jar 
java_command: org.gradle.launcher.daemon.bootstrap.GradleDaemon 8.13
java_class_path (initial): C:\Users\vfxno\.gradle\wrapper\dists\gradle-8.13-bin\5xuhj0ry160q40clulazy9h7d\gradle-8.13\lib\gradle-daemon-main-8.13.jar
Launcher Type: SUN_STANDARD

[Global flags]
     intx CICompilerCount                          = 4                                         {product} {ergonomic}
     uint ConcGCThreads                            = 3                                         {product} {ergonomic}
     uint G1ConcRefinementThreads                  = 10                                        {product} {ergonomic}
   size_t G1HeapRegionSize                         = 2097152                                   {product} {ergonomic}
    uintx GCDrainStackTargetSize                   = 64                                        {product} {ergonomic}
   size_t InitialHeapSize                          = 264241152                                 {product} {ergonomic}
   size_t MarkStackSize                            = 4194304                                   {product} {ergonomic}
   size_t MaxHeapSize                              = 3221225472                                {product} {command line}
   size_t MaxNewSize                               = 1931476992                                {product} {ergonomic}
   size_t MinHeapDeltaBytes                        = 2097152                                   {product} {ergonomic}
   size_t MinHeapSize                              = 8388608                                   {product} {ergonomic}
    uintx NonNMethodCodeHeapSize                   = 5839372                                {pd product} {ergonomic}
    uintx NonProfiledCodeHeapSize                  = 122909434                              {pd product} {ergonomic}
    uintx ProfiledCodeHeapSize                     = 122909434                              {pd product} {ergonomic}
    uintx ReservedCodeCacheSize                    = 251658240                              {pd product} {ergonomic}
     bool SegmentedCodeCache                       = true                                      {product} {ergonomic}
   size_t SoftMaxHeapSize                          = 3221225472                             {manageable} {ergonomic}
     bool UseCompressedOops                        = true                           {product lp64_product} {ergonomic}
     bool UseG1GC                                  = true                                      {product} {ergonomic}
     bool UseLargePagesIndividualAllocation        = false                                  {pd product} {ergonomic}

Logging:
Log output configuration:
 #0: stdout all=warning uptime,level,tags foldmultilines=false
 #1: stderr all=off uptime,level,tags foldmultilines=false

Environment Variables:
PATH=C:\VulkanSDK\1.4.309.0\Bin;C:\ProgramData\Scoop\GlobalScoopApps\shims;C:\WINDOWS\system32;C:\WINDOWS;C:\WINDOWS\System32\Wbem;C:\WINDOWS\System32\WindowsPowerShell\v1.0\;C:\WINDOWS\System32\OpenSSH\;C:\Program Files\NVIDIA Corporation\NVIDIA app\NvDLISR;C:\Program Files (x86)\NVIDIA Corporation\PhysX\Common;C:\Program Files\dotnet\;C:\ProgramData\Scoop\shims;C:\ProgramData\chocolatey\bin;C:\Program Files\Sunshine;C:\Program Files\Sunshine\tools;C:\Users\vfxno\AppData\Local\Programs\Python\Python313\Scripts\;C:\Users\vfxno\AppData\Local\Programs\Python\Python313\;C:\VulkanSDK\1.4.309.0\Bin;C:\Users\vfxno\AppData\Local\Programs\Eclipse Adoptium\jdk-21.0.6.7-hotspot\bin;C:\Users\vfxno\AppData\Local\Microsoft\WindowsApps;C:\Users\vfxno\AppData\Local\Programs\Microsoft VS Code\bin;C:\VulkanSDK;C:\VulkanSDK\1.4.309.0\Bin;C:\Users\vfxno\Documents\New folder
USERNAME=vfxno
OS=Windows_NT
PROCESSOR_IDENTIFIER=AMD64 Family 25 Model 80 Stepping 0, AuthenticAMD
TMP=C:\Users\vfxno\AppData\Local\Temp
TEMP=C:\Users\vfxno\AppData\Local\Temp




Periodic native trim disabled

JNI global refs:
JNI global refs: 31, weak refs: 3

JNI global refs memory usage: 835, weak refs: 833

Process memory usage:
Resident Set Size: 1768716K (10% of 16483144K total physical memory with 1248276K free physical memory)

OOME stack traces (most recent first):
Classloader memory used:
Loader org.gradle.internal.classloader.VisitableURLClassLoader$InstrumentingVisitableURLClassLoader: 71112K
Loader org.gradle.internal.classloader.VisitableURLClassLoader                         : 43734K
Loader bootstrap                                                                       : 32075K
Loader org.gradle.initialization.MixInLegacyTypesClassLoader                           : 12201K
Loader jdk.internal.loader.ClassLoaders$PlatformClassLoader                            : 522K
Loader jdk.internal.reflect.DelegatingClassLoader                                      : 395K
Loader org.gradle.groovy.scripts.internal.DefaultScriptCompilationHandler$ScriptClassLoader: 341K
Loader jdk.internal.loader.ClassLoaders$AppClassLoader                                 : 235K
Loader org.codehaus.groovy.runtime.callsite.CallSiteClassLoader                        : 50144B
Loader sun.reflect.misc.MethodUtil                                                     : 2992B

Classes loaded by more than one classloader:
Class com.google.common.io.LineReader                                                 : loaded 2 times (x 68B)
Class com.google.common.base.PairwiseEquivalence                                      : loaded 2 times (x 79B)
Class com.google.common.base.Equivalence$Identity                                     : loaded 2 times (x 78B)
Class com.google.common.collect.RegularImmutableMap$KeySet                            : loaded 2 times (x 148B)
Class org.gradle.internal.classloader.FilteringClassLoader                            : loaded 2 times (x 101B)
Class com.google.common.collect.SortedSetMultimap                                     : loaded 2 times (x 66B)
Class com.google.common.cache.LocalCache$ValueIterator                                : loaded 2 times (x 82B)
Class [Lcom.google.common.collect.MapMakerInternalMap$Segment;                        : loaded 2 times (x 65B)
Class [Lcom.google.common.base.AbstractIterator$State;                                : loaded 2 times (x 65B)
Class com.google.common.io.FileWriteMode                                              : loaded 2 times (x 75B)
Class com.google.common.base.CharMatcher$IsEither                                     : loaded 2 times (x 107B)
Class org.gradle.internal.classloader.ClassLoaderHierarchy                            : loaded 2 times (x 66B)
Class [Lcom.google.common.cache.RemovalCause;                                         : loaded 2 times (x 65B)
Class com.google.common.collect.AbstractMapBasedMultimap$WrappedCollection            : loaded 2 times (x 120B)
Class com.google.common.collect.ImmutableEnumSet                                      : loaded 2 times (x 142B)
Class com.google.common.util.concurrent.ExecutionError                                : loaded 2 times (x 78B)
Class com.google.common.collect.ImmutableList$1                                       : loaded 2 times (x 93B)
Class org.gradle.api.internal.classpath.ManifestUtil                                  : loaded 2 times (x 67B)
Class com.google.common.io.ByteArrayDataOutput                                        : loaded 2 times (x 66B)
Class com.google.common.collect.RegularImmutableMap                                   : loaded 2 times (x 117B)
Class com.google.common.collect.ImmutableMap$MapViewOfValuesAsSingletonSets           : loaded 2 times (x 122B)
Class com.google.common.reflect.TypeCapture                                           : loaded 2 times (x 67B)
Class com.google.common.cache.LocalCache$Values                                       : loaded 2 times (x 114B)
Class [Lorg.objectweb.asm.Symbol;                                                     : loaded 2 times (x 65B)
Class org.objectweb.asm.ClassVisitor                                                  : loaded 2 times (x 84B)
Class com.google.common.collect.UnmodifiableListIterator                              : loaded 2 times (x 91B)
Class com.google.common.collect.MapMakerInternalMap$StrongKeyDummyValueEntry$LinkedStrongKeyDummyValueEntry: loaded 2 times (x 78B)
Class com.google.common.collect.MapMakerInternalMap$Strength                          : loaded 2 times (x 76B)
Class com.google.common.base.Platform$JdkPatternCompiler                              : loaded 2 times (x 71B)
Class org.objectweb.asm.MethodTooLargeException                                       : loaded 2 times (x 79B)
Class [Lcom.google.common.cache.CacheBuilder$OneWeigher;                              : loaded 2 times (x 65B)
Class com.google.common.base.Suppliers                                                : loaded 2 times (x 67B)
Class org.gradle.internal.classloader.DefaultClassLoaderFactory                       : loaded 2 times (x 78B)
Class com.google.common.base.CharMatcher$None                                         : loaded 2 times (x 108B)
Class org.apache.commons.io.file.PathUtils                                            : loaded 2 times (x 67B)
Class com.google.common.io.ByteSource$ConcatenatedByteSource                          : loaded 2 times (x 81B)
Class [Lcom.google.common.collect.AbstractIterator$State;                             : loaded 2 times (x 65B)
Class org.gradle.internal.classloader.ClassLoaderVisitor                              : loaded 2 times (x 72B)
Class [Lcom.google.common.collect.ImmutableMapEntry;                                  : loaded 2 times (x 65B)
Class org.gradle.api.internal.classpath.EffectiveClassPath                            : loaded 2 times (x 86B)
Class com.google.common.collect.CollectSpliterators$1WithCharacteristics              : loaded 2 times (x 86B)
Class com.google.common.collect.ImmutableRangeSet                                     : loaded 2 times (x 111B)
Class [Lorg.apache.commons.io.StandardLineSeparator;                                  : loaded 2 times (x 65B)
Class org.apache.commons.io.output.StringBuilderWriter                                : loaded 2 times (x 96B)
Class com.google.common.collect.ListMultimap                                          : loaded 2 times (x 66B)
Class com.google.common.collect.ImmutableEnumMap                                      : loaded 2 times (x 122B)
Class com.google.common.base.Splitter                                                 : loaded 2 times (x 68B)
Class com.google.common.collect.Sets$1                                                : loaded 2 times (x 135B)
Class org.objectweb.asm.AnnotationVisitor                                             : loaded 2 times (x 74B)
Class org.gradle.api.internal.DefaultClassPathProvider                                : loaded 2 times (x 72B)
Class [Lcom.google.common.base.Function;                                              : loaded 2 times (x 65B)
Class com.google.common.collect.MapMakerInternalMap$Strength$1                        : loaded 2 times (x 76B)
Class com.google.common.collect.Maps$ViewCachingAbstractMap                           : loaded 2 times (x 121B)
Class com.google.common.io.CharSource$ConcatenatedCharSource                          : loaded 2 times (x 82B)
Class com.google.common.collect.Sets$2                                                : loaded 2 times (x 135B)
Class [Lorg.gradle.api.internal.ClassPathProvider;                                    : loaded 2 times (x 65B)
Class org.gradle.api.internal.ClassPathProvider                                       : loaded 2 times (x 66B)
Class com.google.common.reflect.Types$ClassOwnership$1                                : loaded 2 times (x 76B)
Class com.google.common.collect.MapMakerInternalMap$Strength$2                        : loaded 2 times (x 76B)
Class com.google.common.base.AbstractIterator$State                                   : loaded 2 times (x 75B)
Class [Lorg.objectweb.asm.AnnotationVisitor;                                          : loaded 2 times (x 65B)
Class com.google.common.collect.Sets$3                                                : loaded 2 times (x 135B)
Class com.google.common.util.concurrent.AbstractFuture$SafeAtomicHelper               : loaded 2 times (x 75B)
Class com.google.common.cache.LocalCache$LocalLoadingCache                            : loaded 2 times (x 130B)
Class org.gradle.internal.service.UnknownServiceException                             : loaded 2 times (x 79B)
Class com.google.common.reflect.Types$ClassOwnership$2                                : loaded 2 times (x 76B)
Class com.google.common.reflect.TypeResolver                                          : loaded 2 times (x 68B)
Class com.google.common.collect.MapMakerInternalMap$StrongValueEntry                  : loaded 2 times (x 66B)
Class com.google.common.io.ByteArrayDataInput                                         : loaded 2 times (x 66B)
Class com.google.common.collect.Sets$4                                                : loaded 2 times (x 135B)
Class org.objectweb.asm.ModuleVisitor                                                 : loaded 2 times (x 77B)
Class com.google.common.cache.LocalCache$Strength$1                                   : loaded 2 times (x 77B)
Class com.google.common.reflect.Types$ClassOwnership$3                                : loaded 2 times (x 67B)
Class com.google.common.collect.Collections2$FilteredCollection                       : loaded 2 times (x 115B)
Class org.apache.commons.io.output.QueueOutputStream                                  : loaded 2 times (x 83B)
Class com.google.common.util.concurrent.SettableFuture                                : loaded 2 times (x 110B)
Class com.google.common.cache.LocalCache$Strength$2                                   : loaded 2 times (x 77B)
Class [Lcom.google.common.collect.Maps$EntryFunction;                                 : loaded 2 times (x 65B)
Class com.google.common.collect.TransformedIterator                                   : loaded 2 times (x 76B)
Class com.google.common.collect.Interners$InternerImpl                                : loaded 2 times (x 71B)
Class com.google.common.base.Splitter$1                                               : loaded 2 times (x 73B)
Class com.google.common.collect.Interner                                              : loaded 2 times (x 66B)
Class com.google.common.io.ByteStreams                                                : loaded 2 times (x 67B)
Class com.google.common.cache.LocalCache$Strength$3                                   : loaded 2 times (x 77B)
Class com.google.common.collect.MapDifference                                         : loaded 2 times (x 66B)
Class com.google.common.reflect.Invokable                                             : loaded 2 times (x 99B)
Class com.google.common.collect.MapMaker$Dummy                                        : loaded 2 times (x 75B)
Class org.objectweb.asm.FieldWriter                                                   : loaded 2 times (x 74B)
Class com.google.common.cache.CacheBuilder$NullListener                               : loaded 2 times (x 78B)
Class org.gradle.internal.classpath.TransformedClassPath                              : loaded 2 times (x 92B)
Class org.gradle.internal.classloader.InstrumentingClassLoader                        : loaded 2 times (x 66B)
Class com.google.common.reflect.Types$ParameterizedTypeImpl                           : loaded 2 times (x 77B)
Class com.google.common.collect.Maps$IteratorBasedAbstractMap$1                       : loaded 2 times (x 134B)
Class com.google.common.collect.ImmutableRangeSet$AsSet                               : loaded 2 times (x 296B)
Class org.apache.commons.io.output.UnsynchronizedByteArrayOutputStream                : loaded 2 times (x 98B)
Class com.google.common.collect.ImmutableListMultimap                                 : loaded 2 times (x 172B)
Class com.google.common.cache.CacheLoader$FunctionToCacheLoader                       : loaded 2 times (x 71B)
Class com.google.common.collect.Iterators$ArrayItr                                    : loaded 2 times (x 93B)
Class com.google.common.collect.ImmutableCollection$Builder                           : loaded 2 times (x 72B)
Class com.google.common.reflect.TypeResolver$TypeVariableKey                          : loaded 2 times (x 68B)
Class org.apache.commons.io.output.ByteArrayOutputStream                              : loaded 2 times (x 98B)
Class com.google.common.collect.EmptyImmutableListMultimap                            : loaded 2 times (x 172B)
Class com.google.common.collect.BaseImmutableMultimap                                 : loaded 2 times (x 119B)
Class com.google.common.base.Joiner                                                   : loaded 2 times (x 75B)
Class com.google.common.base.MoreObjects                                              : loaded 2 times (x 67B)
Class com.google.common.collect.Platform                                              : loaded 2 times (x 67B)
Class [Lorg.objectweb.asm.Type;                                                       : loaded 2 times (x 65B)
Class com.google.common.collect.UnmodifiableIterator                                  : loaded 2 times (x 76B)
Class org.gradle.internal.service.ServiceLocator                                      : loaded 2 times (x 66B)
Class org.apache.commons.io.FileExistsException                                       : loaded 2 times (x 78B)
Class com.google.common.base.Ascii                                                    : loaded 2 times (x 67B)
Class com.google.common.collect.SingletonImmutableBiMap                               : loaded 2 times (x 139B)
Class com.google.common.cache.LocalCache$1                                            : loaded 2 times (x 85B)
Class com.google.common.collect.AbstractMapEntry                                      : loaded 2 times (x 77B)
Class com.google.common.reflect.TypeToken$SimpleTypeToken                             : loaded 2 times (x 69B)
Class com.google.common.collect.AbstractSetMultimap                                   : loaded 2 times (x 170B)
Class com.google.common.collect.MapMakerInternalMap$AbstractStrongKeyEntry            : loaded 2 times (x 76B)
Class com.google.common.io.CharSource$StringCharSource                                : loaded 2 times (x 82B)
Class com.google.common.io.ByteSource$ByteArrayByteSource                             : loaded 2 times (x 81B)
Class com.google.common.collect.Sets$ImprovedAbstractSet                              : loaded 2 times (x 131B)
Class com.google.common.collect.ImmutableList$Builder                                 : loaded 2 times (x 73B)
Class com.google.common.collect.AbstractMultimap                                      : loaded 2 times (x 119B)
Class com.google.common.cache.LocalCache$2                                            : loaded 2 times (x 138B)
Class build_abd1rxf08fd2c6xl7rrzas6og$_run_closure1                                   : loaded 2 times (x 135B)
Class com.google.common.collect.ImmutableRangeSet$1                                   : loaded 2 times (x 206B)
Class com.google.common.util.concurrent.AbstractFuture$UnsafeAtomicHelper$1           : loaded 2 times (x 72B)
Class com.google.common.collect.RegularImmutableAsList                                : loaded 2 times (x 213B)
Class com.google.common.collect.Range                                                 : loaded 2 times (x 83B)
Class com.google.common.base.Optional                                                 : loaded 2 times (x 76B)
Class com.google.common.util.concurrent.AbstractFuture$Trusted                        : loaded 2 times (x 66B)
Class com.google.common.collect.Iterators                                             : loaded 2 times (x 67B)
Class com.google.common.io.ByteSink$AsCharSink                                        : loaded 2 times (x 76B)
Class com.google.common.collect.Lists$StringAsImmutableList                           : loaded 2 times (x 203B)
Class com.google.common.util.concurrent.UncheckedExecutionException                   : loaded 2 times (x 78B)
Class org.gradle.internal.InternalTransformer                                         : loaded 2 times (x 66B)
Class com.google.common.collect.AbstractMapBasedMultimap$KeySet$1                     : loaded 2 times (x 78B)
Class org.objectweb.asm.ClassWriter                                                   : loaded 2 times (x 102B)
Class com.google.common.cache.CacheLoader$UnsupportedLoadingOperationException        : loaded 2 times (x 78B)
Class com.google.common.base.CharMatcher$And                                          : loaded 2 times (x 108B)
Class org.gradle.internal.classloader.ClasspathUtil$1                                 : loaded 2 times (x 72B)
Class com.google.common.base.Objects                                                  : loaded 2 times (x 67B)
Class com.google.common.collect.FluentIterable$1                                      : loaded 2 times (x 77B)
Class org.objectweb.asm.FieldVisitor                                                  : loaded 2 times (x 73B)
Class com.google.common.collect.IndexedImmutableSet                                   : loaded 2 times (x 148B)
Class com.google.common.collect.ImmutableMap$1                                        : loaded 2 times (x 77B)
Class com.google.common.collect.BiMap                                                 : loaded 2 times (x 66B)
Class org.gradle.api.internal.classpath.DefaultModuleRegistry$DefaultModule           : loaded 2 times (x 82B)
Class com.google.common.reflect.Reflection                                            : loaded 2 times (x 67B)
Class com.google.common.base.Absent                                                   : loaded 2 times (x 76B)
Class com.google.common.collect.FluentIterable$2                                      : loaded 2 times (x 77B)
Class com.google.common.primitives.Ints                                               : loaded 2 times (x 67B)
Class com.google.common.collect.AbstractIterator                                      : loaded 2 times (x 78B)
Class com.google.common.collect.FluentIterable$3                                      : loaded 2 times (x 77B)
Class com.google.common.collect.ObjectArrays                                          : loaded 2 times (x 67B)
Class com.google.common.collect.Multiset                                              : loaded 2 times (x 66B)
Class com.google.common.collect.ArrayListMultimapGwtSerializationDependencies         : loaded 2 times (x 168B)
Class com.google.common.collect.AbstractIndexedListIterator                           : loaded 2 times (x 92B)
Class com.google.common.math.MathPreconditions                                        : loaded 2 times (x 67B)
Class org.apache.commons.io.output.NullOutputStream                                   : loaded 2 times (x 81B)
Class com.google.common.collect.ImmutableMapEntrySet                                  : loaded 2 times (x 148B)
Class org.gradle.api.internal.classpath.Module                                        : loaded 2 times (x 66B)
Class com.google.common.cache.Weigher                                                 : loaded 2 times (x 66B)
Class org.gradle.api.internal.classpath.UnknownModuleException                        : loaded 2 times (x 78B)
Class com.google.common.base.Stopwatch                                                : loaded 2 times (x 68B)
Class com.google.common.cache.LocalCache$Strength                                     : loaded 2 times (x 77B)
Class com.google.common.cache.Cache                                                   : loaded 2 times (x 66B)
Class org.apache.commons.io.filefilter.IOFileFilter                                   : loaded 2 times (x 66B)
Class com.google.common.io.AppendableWriter                                           : loaded 2 times (x 96B)
Class com.google.common.base.NullnessCasts                                            : loaded 2 times (x 67B)
Class com.google.common.io.Files$2                                                    : loaded 2 times (x 72B)
Class com.google.common.util.concurrent.AbstractFuture$Cancellation                   : loaded 2 times (x 68B)
Class com.google.common.collect.ImmutableMap$Builder                                  : loaded 2 times (x 78B)
Class com.google.common.collect.Maps$EntryFunction$1                                  : loaded 2 times (x 87B)
Class com.google.common.collect.AbstractMapBasedMultimap$WrappedCollection$WrappedIterator: loaded 2 times (x 80B)
Class com.google.common.base.Present                                                  : loaded 2 times (x 77B)
Class com.google.common.cache.RemovalListener                                         : loaded 2 times (x 66B)
Class org.gradle.api.internal.DefaultClassPathRegistry                                : loaded 2 times (x 72B)
Class com.google.common.reflect.Invokable$ConstructorInvokable                        : loaded 2 times (x 103B)
Class com.google.common.collect.Maps$EntryFunction$2                                  : loaded 2 times (x 87B)
Class org.apache.commons.io.file.DeleteOption                                         : loaded 2 times (x 66B)
Class com.google.common.collect.ImmutableMultimap$Keys                                : loaded 2 times (x 162B)
Class com.google.common.primitives.IntsMethodsForWeb                                  : loaded 2 times (x 67B)
Class com.google.common.collect.Multimap                                              : loaded 2 times (x 66B)
Class org.gradle.api.internal.ClassPathRegistry                                       : loaded 2 times (x 66B)
Class org.gradle.internal.classpath.DefaultClassPath$ImmutableUniqueList              : loaded 2 times (x 195B)
Class com.google.common.reflect.TypeToken                                             : loaded 2 times (x 69B)
Class com.google.common.collect.MapMakerInternalMap$Segment                           : loaded 2 times (x 138B)
Class org.apache.commons.io.IOUtils                                                   : loaded 2 times (x 67B)
Class com.google.common.base.ExtraObjectsMethodsForWeb                                : loaded 2 times (x 67B)
Class com.google.common.collect.NullnessCasts                                         : loaded 2 times (x 67B)
Class com.google.common.cache.RemovalCause                                            : loaded 2 times (x 76B)
Class com.google.common.io.ByteSink                                                   : loaded 2 times (x 72B)
Class com.google.common.cache.CacheBuilder                                            : loaded 2 times (x 68B)
Class com.google.common.collect.SingletonImmutableList                                : loaded 2 times (x 203B)
Class org.gradle.internal.classpath.ClassPath                                         : loaded 2 times (x 66B)
Class org.gradle.api.UncheckedIOException                                             : loaded 2 times (x 78B)
Class [Lcom.google.common.reflect.Types$JavaVersion;                                  : loaded 2 times (x 65B)
Class com.google.common.collect.Interners$InternerBuilder                             : loaded 2 times (x 72B)
Class com.google.common.io.Files$FileByteSource                                       : loaded 2 times (x 81B)
Class com.google.common.base.JdkPattern                                               : loaded 2 times (x 71B)
Class com.google.common.collect.ImmutableList$ReverseImmutableList                    : loaded 2 times (x 205B)
Class com.google.common.io.CharStreams$NullWriter                                     : loaded 2 times (x 95B)
Class com.google.common.io.CharSource$CharSequenceCharSource                          : loaded 2 times (x 82B)
Class org.objectweb.asm.SymbolTable$Entry                                             : loaded 2 times (x 70B)
Class com.google.common.util.concurrent.AbstractFuture$AtomicHelper                   : loaded 2 times (x 74B)
Class org.objectweb.asm.Edge                                                          : loaded 2 times (x 68B)
Class com.google.common.base.Suppliers$SupplierOfInstance                             : loaded 2 times (x 75B)
Class com.google.common.collect.Iterators$1                                           : loaded 2 times (x 77B)
Class com.google.common.reflect.TypeToken$1                                           : loaded 2 times (x 106B)
Class com.google.common.cache.LocalCache$ComputingValueReference                      : loaded 2 times (x 92B)
Class com.google.common.collect.SingletonImmutableSet                                 : loaded 2 times (x 142B)
Class com.google.common.collect.ImmutableMap$IteratorBasedImmutableMap                : loaded 2 times (x 122B)
Class com.google.common.reflect.TypeToken$2                                           : loaded 2 times (x 106B)
Class com.google.common.cache.LocalCache$Segment                                      : loaded 2 times (x 150B)
Class com.google.common.collect.SortedIterable                                        : loaded 2 times (x 66B)
Class com.google.common.collect.AbstractListMultimap                                  : loaded 2 times (x 168B)
Class [Lorg.objectweb.asm.SymbolTable$Entry;                                          : loaded 2 times (x 65B)
Class com.google.common.cache.CacheLoader                                             : loaded 2 times (x 70B)
Class com.google.common.collect.Iterators$4                                           : loaded 2 times (x 78B)
Class com.google.common.collect.ImmutableBiMap                                        : loaded 2 times (x 139B)
Class org.gradle.internal.installation.GradleInstallation$1                           : loaded 2 times (x 71B)
Class org.gradle.api.internal.classpath.ModuleRegistry                                : loaded 2 times (x 66B)
Class com.google.common.base.Splitter$SplittingIterator                               : loaded 2 times (x 80B)
Class org.apache.commons.io.output.NullWriter                                         : loaded 2 times (x 95B)
Class com.google.common.util.concurrent.internal.InternalFutureFailureAccess          : loaded 2 times (x 68B)
Class com.google.common.collect.Iterators$5                                           : loaded 2 times (x 78B)
Class com.google.common.collect.ImmutableSet$JdkBackedSetBuilderImpl                  : loaded 2 times (x 72B)
Class build_abd1rxf08fd2c6xl7rrzas6og                                                 : loaded 2 times (x 176B)
Class com.google.common.collect.Iterators$6                                           : loaded 2 times (x 77B)
Class com.google.common.collect.ImmutableMultimap$Values                              : loaded 2 times (x 122B)
Class com.google.common.util.concurrent.AbstractFuture$UnsafeAtomicHelper             : loaded 2 times (x 74B)
Class com.google.common.cache.LocalCache$LocalManualCache$1                           : loaded 2 times (x 71B)
Class com.google.common.base.CharMatcher$ForPredicate                                 : loaded 2 times (x 108B)
Class com.google.common.collect.Multimaps$CustomSetMultimap                           : loaded 2 times (x 174B)
Class com.google.common.base.CharMatcher$AnyOf                                        : loaded 2 times (x 108B)
Class com.google.common.collect.ImmutableCollection                                   : loaded 2 times (x 121B)
Class org.gradle.api.internal.classpath.DefaultModuleRegistry                         : loaded 2 times (x 82B)
Class com.google.common.collect.Lists                                                 : loaded 2 times (x 67B)
Class com.google.common.util.concurrent.ListenableFuture                              : loaded 2 times (x 66B)
Class com.google.common.cache.ReferenceEntry                                          : loaded 2 times (x 66B)
Class com.google.common.base.Converter                                                : loaded 2 times (x 86B)
Class com.google.common.collect.ImmutableSet$CachingAsList                            : loaded 2 times (x 144B)
Class com.google.common.collect.AbstractMapBasedMultimap                              : loaded 2 times (x 135B)
Class com.google.common.util.concurrent.AbstractFuture                                : loaded 2 times (x 102B)
Class com.google.common.base.FunctionalEquivalence                                    : loaded 2 times (x 79B)
Class com.google.common.collect.Iterators$9                                           : loaded 2 times (x 77B)
Class com.google.common.collect.ImmutableAsList                                       : loaded 2 times (x 205B)
Class com.google.common.reflect.TypeResolver$TypeTable                                : loaded 2 times (x 69B)
Class com.google.common.io.CharStreams                                                : loaded 2 times (x 67B)
Class com.google.common.collect.ImmutableMultiset                                     : loaded 2 times (x 159B)
Class org.objectweb.asm.RecordComponentVisitor                                        : loaded 2 times (x 73B)
Class com.google.common.cache.CacheLoader$SupplierToCacheLoader                       : loaded 2 times (x 71B)
Class com.google.common.reflect.TypeResolver$TypeTable$1                              : loaded 2 times (x 69B)
Class com.google.common.collect.Maps$EntryTransformer                                 : loaded 2 times (x 66B)
Class org.gradle.internal.service.ServiceLookupException                              : loaded 2 times (x 78B)
Class com.google.common.collect.ImmutableSortedSet                                    : loaded 2 times (x 296B)
Class [Lcom.google.common.cache.LocalCache$EntryFactory;                              : loaded 2 times (x 65B)
Class org.gradle.internal.classloader.ClassLoaderFactory                              : loaded 2 times (x 66B)
Class org.apache.commons.io.CloseableURLConnection                                    : loaded 2 times (x 112B)
Class com.google.common.base.CommonPattern                                            : loaded 2 times (x 70B)
Class com.google.common.cache.LocalCache$LocalManualCache                             : loaded 2 times (x 95B)
Class com.google.common.base.CharMatcher$IsNot                                        : loaded 2 times (x 107B)
Class org.gradle.internal.service.CachingServiceLocator                               : loaded 2 times (x 78B)
Class com.google.common.collect.RegularImmutableSortedSet                             : loaded 2 times (x 296B)
Class com.google.common.collect.AbstractMapBasedMultimap$KeySet                       : loaded 2 times (x 133B)
Class com.google.common.math.IntMath                                                  : loaded 2 times (x 67B)
Class com.google.common.reflect.Types$TypeVariableInvocationHandler                   : loaded 2 times (x 71B)
Class com.google.common.collect.MapMakerInternalMap$InternalEntry                     : loaded 2 times (x 66B)
Class com.google.common.collect.ImmutableMapEntry                                     : loaded 2 times (x 81B)
Class com.google.common.base.Predicates                                               : loaded 2 times (x 67B)
Class com.google.common.collect.ImmutableMultimap                                     : loaded 2 times (x 143B)
Class com.google.common.base.Equivalence                                              : loaded 2 times (x 78B)
Class com.google.common.base.Function                                                 : loaded 2 times (x 66B)
Class com.google.common.collect.ImmutableMapEntry$NonTerminalImmutableMapEntry        : loaded 2 times (x 81B)
Class com.google.common.collect.IndexedImmutableSet$1                                 : loaded 2 times (x 209B)
Class org.apache.commons.io.output.AbstractByteArrayOutputStream                      : loaded 2 times (x 98B)
Class com.google.common.cache.CacheBuilder$OneWeigher                                 : loaded 2 times (x 78B)
Class com.google.common.collect.RegularImmutableList                                  : loaded 2 times (x 209B)
Class com.google.common.reflect.Types$ClassOwnership$1LocalClass                      : loaded 2 times (x 67B)
Class com.google.common.collect.Maps$EntryFunction                                    : loaded 2 times (x 87B)
Class org.gradle.internal.classloader.ClasspathUtil                                   : loaded 2 times (x 67B)
Class com.google.common.base.Charsets                                                 : loaded 2 times (x 67B)
Class com.google.common.util.concurrent.Uninterruptibles                              : loaded 2 times (x 67B)
Class com.google.common.collect.AbstractMapBasedMultimap$WrappedSet                   : loaded 2 times (x 138B)
Class com.google.common.io.CharSource                                                 : loaded 2 times (x 81B)
Class com.google.common.collect.Maps                                                  : loaded 2 times (x 67B)
Class org.gradle.api.specs.Spec                                                       : loaded 2 times (x 66B)
Class com.google.common.reflect.Types$JavaVersion                                     : loaded 2 times (x 79B)
Class com.google.common.collect.MapMaker                                              : loaded 2 times (x 68B)
Class org.apache.commons.io.file.PathFilter                                           : loaded 2 times (x 66B)
Class [Lcom.google.common.collect.ImmutableEntry;                                     : loaded 2 times (x 65B)
Class com.google.common.collect.Sets$3$1                                              : loaded 2 times (x 78B)
Class com.google.common.cache.LocalCache$LoadingValueReference                        : loaded 2 times (x 92B)
Class com.google.common.reflect.Invokable$MethodInvokable                             : loaded 2 times (x 103B)
Class com.google.common.collect.MapMakerInternalMap$StrongKeyDummyValueEntry          : loaded 2 times (x 78B)
Class com.google.common.io.LineReader$1                                               : loaded 2 times (x 71B)
Class com.google.common.collect.CollectSpliterators                                   : loaded 2 times (x 67B)
Class com.google.common.collect.AbstractMapBasedMultimap$AsMap                        : loaded 2 times (x 124B)
Class com.google.common.base.Platform                                                 : loaded 2 times (x 67B)
Class com.google.common.collect.AbstractMapBasedMultimap$WrappedList                  : loaded 2 times (x 201B)
Class [Lorg.objectweb.asm.AnnotationWriter;                                           : loaded 2 times (x 65B)
Class com.google.common.collect.Maps$8                                                : loaded 2 times (x 78B)
Class com.google.common.base.Predicates$CompositionPredicate                          : loaded 2 times (x 84B)
Class com.google.common.collect.ImmutableRangeSet$Builder                             : loaded 2 times (x 73B)
Class com.google.common.collect.Sets$SetView                                          : loaded 2 times (x 134B)
Class com.google.common.cache.LocalCache$StrongValueReference                         : loaded 2 times (x 86B)
Class com.google.common.util.concurrent.AbstractFuture$SynchronizedHelper             : loaded 2 times (x 74B)
Class com.google.common.graph.SuccessorsFunction                                      : loaded 2 times (x 66B)
Class org.objectweb.asm.Type                                                          : loaded 2 times (x 68B)
Class org.gradle.internal.classloader.VisitableURLClassLoader$InstrumentingVisitableURLClassLoader: loaded 2 times (x 119B)
Class com.google.common.collect.MapMakerInternalMap$StrongKeyDummyValueEntry$Helper   : loaded 2 times (x 75B)
Class org.apache.commons.io.FileUtils                                                 : loaded 2 times (x 67B)
Class com.google.common.io.Files$FileByteSink                                         : loaded 2 times (x 73B)
Class org.objectweb.asm.ByteVector                                                    : loaded 2 times (x 75B)
Class [Lcom.google.common.cache.CacheBuilder$NullListener;                            : loaded 2 times (x 65B)
Class com.google.common.math.IntMath$1                                                : loaded 2 times (x 67B)
Class org.gradle.internal.classloader.VisitableURLClassLoader$Spec                    : loaded 2 times (x 70B)
Class org.gradle.internal.classpath.DefaultClassPath                                  : loaded 2 times (x 86B)
Class com.google.common.reflect.Types$ClassOwnership                                  : loaded 2 times (x 76B)
Class com.google.common.base.AbstractIterator                                         : loaded 2 times (x 76B)
Class org.objectweb.asm.Symbol                                                        : loaded 2 times (x 69B)
Class com.google.common.collect.Sets$FilteredSet                                      : loaded 2 times (x 133B)
Class com.google.common.io.Java8Compatibility                                         : loaded 2 times (x 67B)
Class com.google.common.io.Closer                                                     : loaded 2 times (x 74B)
Class com.google.common.base.CharMatcher$Ascii                                        : loaded 2 times (x 108B)
Class com.google.common.base.CharMatcher$BitSetMatcher                                : loaded 2 times (x 108B)
Class com.google.common.collect.RegularImmutableMap$Values                            : loaded 2 times (x 203B)
Class com.google.common.collect.ImmutableSet                                          : loaded 2 times (x 141B)
Class org.gradle.internal.classloader.ClassLoaderSpec                                 : loaded 2 times (x 67B)
Class com.google.common.io.ByteSource$EmptyByteSource                                 : loaded 2 times (x 81B)
Class org.objectweb.asm.AnnotationWriter                                              : loaded 2 times (x 75B)
Class com.google.common.cache.CacheStats                                              : loaded 2 times (x 67B)
Class com.google.common.collect.Interners                                             : loaded 2 times (x 67B)
Class com.google.common.collect.ImmutableMultisetGwtSerializationDependencies         : loaded 2 times (x 121B)
Class com.google.common.io.Closer$Suppressor                                          : loaded 2 times (x 66B)
Class [Lcom.google.common.base.Predicate;                                             : loaded 2 times (x 65B)
Class com.google.common.io.LineProcessor                                              : loaded 2 times (x 66B)
Class org.objectweb.asm.RecordComponentWriter                                         : loaded 2 times (x 74B)
Class com.google.common.util.concurrent.AbstractFuture$Listener                       : loaded 2 times (x 68B)
Class com.google.common.base.CharMatcher$Or                                           : loaded 2 times (x 108B)
Class org.objectweb.asm.Attribute                                                     : loaded 2 times (x 73B)
Class com.google.common.base.Supplier                                                 : loaded 2 times (x 66B)
Class org.gradle.internal.classloader.VisitableURLClassLoader                         : loaded 2 times (x 113B)
Class com.google.common.io.CharSource$AsByteSource                                    : loaded 2 times (x 81B)
Class com.google.common.collect.ImmutableList$SerializedForm                          : loaded 2 times (x 69B)
Class com.google.common.util.concurrent.AbstractFuture$Waiter                         : loaded 2 times (x 68B)
Class org.gradle.internal.Cast                                                        : loaded 2 times (x 67B)
Class org.gradle.api.Action                                                           : loaded 2 times (x 66B)
Class com.google.common.collect.MapMakerInternalMap                                   : loaded 2 times (x 157B)
Class com.google.common.base.Strings                                                  : loaded 2 times (x 67B)
Class com.google.common.collect.Sets                                                  : loaded 2 times (x 67B)
Class org.objectweb.asm.Handler                                                       : loaded 2 times (x 68B)
Class com.google.common.base.Ticker                                                   : loaded 2 times (x 68B)
Class com.google.common.base.CharMatcher$FastMatcher                                  : loaded 2 times (x 107B)
Class com.google.common.cache.RemovalCause$1                                          : loaded 2 times (x 76B)
Class [Lcom.google.common.cache.LocalCache$Segment;                                   : loaded 2 times (x 65B)
Class [Lcom.google.common.cache.LocalCache$Strength;                                  : loaded 2 times (x 65B)
Class com.google.common.cache.CacheBuilder$1                                          : loaded 2 times (x 81B)
Class com.google.common.base.Predicate                                                : loaded 2 times (x 66B)
Class com.google.common.collect.ImmutableMap                                          : loaded 2 times (x 116B)
Class org.gradle.internal.classpath.DefaultClassPath$ImmutableUniqueList$Builder      : loaded 2 times (x 71B)
Class com.google.common.cache.RemovalCause$2                                          : loaded 2 times (x 76B)
Class com.google.common.collect.AbstractRangeSet                                      : loaded 2 times (x 110B)
Class com.google.common.collect.MapMakerInternalMap$WeakValueReference                : loaded 2 times (x 66B)
Class com.google.common.cache.LocalCache                                              : loaded 2 times (x 183B)
Class com.google.common.cache.CacheBuilder$2                                          : loaded 2 times (x 75B)
Class com.google.common.base.CharMatcher$NegatedFastMatcher                           : loaded 2 times (x 109B)
Class com.google.common.cache.RemovalCause$3                                          : loaded 2 times (x 76B)
Class com.google.common.collect.ArrayListMultimap                                     : loaded 2 times (x 168B)
Class com.google.common.cache.CacheBuilder$3                                          : loaded 2 times (x 68B)
Class [Lcom.google.common.collect.AbstractMapEntry;                                   : loaded 2 times (x 65B)
Class com.google.common.collect.ImmutableEntry                                        : loaded 2 times (x 78B)
Class org.gradle.api.GradleException                                                  : loaded 2 times (x 78B)
Class com.google.common.cache.RemovalCause$4                                          : loaded 2 times (x 76B)
Class org.apache.commons.io.StandardLineSeparator                                     : loaded 2 times (x 75B)
Class com.google.common.base.Suppliers$MemoizingSupplier                              : loaded 2 times (x 75B)
Class com.google.common.io.CharSource$EmptyCharSource                                 : loaded 2 times (x 82B)
Class com.google.common.collect.ForwardingMap                                         : loaded 2 times (x 128B)
Class com.google.common.collect.CollectPreconditions                                  : loaded 2 times (x 67B)
Class com.google.common.cache.RemovalCause$5                                          : loaded 2 times (x 76B)
Class com.google.common.collect.Maps$AbstractFilteredMap                              : loaded 2 times (x 123B)
Class [Lcom.google.common.collect.MapMakerInternalMap$Strength;                       : loaded 2 times (x 65B)
Class [Lcom.google.common.io.FileWriteMode;                                           : loaded 2 times (x 65B)
Class com.google.common.collect.SortedMapDifference                                   : loaded 2 times (x 66B)
Class com.google.common.cache.LocalCache$HashIterator                                 : loaded 2 times (x 82B)
Class com.google.common.collect.MapMakerInternalMap$StrongKeyDummyValueSegment        : loaded 2 times (x 138B)
Class com.google.common.collect.Iterables$4                                           : loaded 2 times (x 77B)
Class com.google.common.io.Files                                                      : loaded 2 times (x 67B)
Class com.google.common.cache.LocalCache$EntryFactory                                 : loaded 2 times (x 79B)
Class com.google.common.reflect.Types$NativeTypeVariableEquals                        : loaded 2 times (x 67B)
Class com.google.common.reflect.TypeParameter                                         : loaded 2 times (x 68B)
Class com.google.common.collect.Iterables$5                                           : loaded 2 times (x 77B)
Class [Lcom.google.common.collect.MapMaker$Dummy;                                     : loaded 2 times (x 65B)
Class com.google.common.base.CharMatcher$Whitespace                                   : loaded 2 times (x 108B)
Class com.google.common.base.Splitter$1$1                                             : loaded 2 times (x 82B)
Class com.google.common.cache.LocalCache$AbstractReferenceEntry                       : loaded 2 times (x 103B)
Class org.gradle.internal.IoActions                                                   : loaded 2 times (x 67B)
Class com.google.common.collect.ImmutableMapKeySet                                    : loaded 2 times (x 148B)
Class com.google.common.collect.ImmutableRangeSet$ComplementRanges                    : loaded 2 times (x 203B)
Class org.objectweb.asm.SymbolTable                                                   : loaded 2 times (x 68B)
Class com.google.common.cache.CacheLoader$InvalidCacheLoadException                   : loaded 2 times (x 78B)
Class com.google.common.collect.ImmutableSet$RegularSetBuilderImpl                    : loaded 2 times (x 73B)
Class org.gradle.internal.classloader.SystemClassLoaderSpec                           : loaded 2 times (x 67B)
Class com.google.common.collect.FluentIterable                                        : loaded 2 times (x 77B)
Class com.google.common.cache.LocalCache$StrongEntry                                  : loaded 2 times (x 104B)
Class com.google.common.util.concurrent.AbstractFuture$TrustedFuture                  : loaded 2 times (x 110B)
Class com.google.common.cache.LoadingCache                                            : loaded 2 times (x 66B)
Class com.google.common.base.Suppliers$NonSerializableMemoizingSupplier               : loaded 2 times (x 75B)
Class com.google.common.io.ByteStreams$LimitedInputStream                             : loaded 2 times (x 88B)
Class org.objectweb.asm.MethodWriter                                                  : loaded 2 times (x 102B)
Class [Lcom.google.common.cache.Weigher;                                              : loaded 2 times (x 65B)
Class com.google.common.collect.RegularImmutableMap$BucketOverflowException           : loaded 2 times (x 78B)
Class com.google.common.collect.ImmutableMultimap$1                                   : loaded 2 times (x 78B)
Class com.google.common.collect.AbstractMapBasedMultimap$RandomAccessWrappedList      : loaded 2 times (x 201B)
Class com.google.common.reflect.Types$JavaVersion$1                                   : loaded 2 times (x 79B)
Class com.google.common.collect.ImmutableMultimap$2                                   : loaded 2 times (x 77B)
Class com.google.common.collect.AbstractIterator$State                                : loaded 2 times (x 75B)
Class com.google.common.collect.RegularImmutableBiMap                                 : loaded 2 times (x 145B)
Class com.google.common.cache.LocalCache$ValueReference                               : loaded 2 times (x 66B)
Class com.google.common.base.CharMatcher$Is                                           : loaded 2 times (x 107B)
Class com.google.common.base.CharMatcher$Negated                                      : loaded 2 times (x 109B)
Class com.google.common.reflect.Types$JavaVersion$2                                   : loaded 2 times (x 79B)
Class com.google.common.reflect.Types                                                 : loaded 2 times (x 67B)
Class com.google.common.hash.PrimitiveSink                                            : loaded 2 times (x 66B)
Class com.google.common.base.PatternCompiler                                          : loaded 2 times (x 66B)
Class com.google.common.util.concurrent.AbstractFuture$Failure                        : loaded 2 times (x 68B)
Class com.google.common.base.Equivalence$Equals                                       : loaded 2 times (x 78B)
Class com.google.common.collect.Hashing                                               : loaded 2 times (x 67B)
Class com.google.common.base.Preconditions                                            : loaded 2 times (x 67B)
Class com.google.common.reflect.Types$JavaVersion$3                                   : loaded 2 times (x 79B)
Class [Lorg.apache.commons.io.file.DeleteOption;                                      : loaded 2 times (x 65B)
Class com.google.common.io.CharSink                                                   : loaded 2 times (x 75B)
Class com.google.common.base.Joiner$1                                                 : loaded 2 times (x 76B)
Class org.objectweb.asm.Label                                                         : loaded 2 times (x 69B)
Class org.objectweb.asm.CurrentFrame                                                  : loaded 2 times (x 69B)
Class org.objectweb.asm.ClassTooLargeException                                        : loaded 2 times (x 79B)
Class com.google.common.base.CharMatcher                                              : loaded 2 times (x 107B)
Class com.google.common.collect.PeekingIterator                                       : loaded 2 times (x 66B)
Class com.google.common.reflect.Types$JavaVersion$4                                   : loaded 2 times (x 79B)
Class com.google.common.collect.Maps$IteratorBasedAbstractMap                         : loaded 2 times (x 121B)
Class com.google.common.collect.RangeGwtSerializationDependencies                     : loaded 2 times (x 67B)
Class com.google.common.collect.Table                                                 : loaded 2 times (x 66B)
Class com.google.common.collect.MapMakerInternalMap$InternalEntryHelper               : loaded 2 times (x 66B)
Class com.google.common.io.ByteSource$AsCharSource                                    : loaded 2 times (x 82B)
Class com.google.common.base.Joiner$2                                                 : loaded 2 times (x 75B)
Class org.objectweb.asm.Frame                                                         : loaded 2 times (x 69B)
Class org.objectweb.asm.MethodVisitor                                                 : loaded 2 times (x 101B)
Class com.google.common.cache.LocalCache$EntryFactory$1                               : loaded 2 times (x 79B)
Class [Lcom.google.common.cache.RemovalListener;                                      : loaded 2 times (x 65B)
Class com.google.common.base.CharMatcher$1                                            : loaded 2 times (x 109B)
Class com.google.common.base.CharMatcher$NamedFastMatcher                             : loaded 2 times (x 108B)
Class com.google.common.reflect.Types$JavaVersion$5                                   : loaded 2 times (x 67B)
Class [Lcom.google.common.reflect.Types$ClassOwnership;                               : loaded 2 times (x 65B)
Class com.google.common.collect.RangeSet                                              : loaded 2 times (x 66B)
Class com.google.common.cache.LocalCache$EntryFactory$2                               : loaded 2 times (x 79B)
Class org.gradle.api.internal.classpath.GlobalCacheRootsProvider                      : loaded 2 times (x 66B)
Class com.google.common.collect.Multimaps                                             : loaded 2 times (x 67B)
Class com.google.common.collect.CollectCollectors                                     : loaded 2 times (x 67B)
Class org.objectweb.asm.ModuleWriter                                                  : loaded 2 times (x 78B)
Class com.google.common.cache.LocalCache$EntryFactory$3                               : loaded 2 times (x 79B)
Class com.google.common.base.Ticker$1                                                 : loaded 2 times (x 68B)
Class com.google.common.collect.Maps$BiMapConverter                                   : loaded 2 times (x 86B)
Class com.google.common.collect.ImmutableMapEntrySet$RegularEntrySet                  : loaded 2 times (x 148B)
Class com.google.common.collect.SetMultimap                                           : loaded 2 times (x 66B)
Class com.google.common.collect.CollectSpliterators$1                                 : loaded 2 times (x 86B)
Class com.google.common.cache.LocalCache$EntryFactory$4                               : loaded 2 times (x 79B)
Class com.google.common.base.CharMatcher$InRange                                      : loaded 2 times (x 107B)
Class com.google.common.collect.ImmutableSet$Builder                                  : loaded 2 times (x 81B)
Class com.google.common.io.ByteStreams$1                                              : loaded 2 times (x 81B)
Class com.google.common.cache.LocalCache$EntryFactory$5                               : loaded 2 times (x 79B)
Class org.apache.commons.io.output.AppendableWriter                                   : loaded 2 times (x 96B)
Class com.google.common.cache.LocalCache$EntryFactory$6                               : loaded 2 times (x 79B)
Class org.gradle.internal.installation.CurrentGradleInstallationLocator               : loaded 2 times (x 67B)
Class org.apache.commons.io.output.ThresholdingOutputStream                           : loaded 2 times (x 91B)
Class com.google.common.collect.ImmutableMultimap$Builder                             : loaded 2 times (x 82B)
Class com.google.common.io.ByteSource$SlicedByteSource                                : loaded 2 times (x 81B)
Class com.google.common.collect.Maps$KeySet                                           : loaded 2 times (x 133B)
Class com.google.common.cache.LocalCache$EntryFactory$7                               : loaded 2 times (x 79B)
Class com.google.common.collect.ImmutableSet$EmptySetBuilderImpl                      : loaded 2 times (x 72B)
Class com.google.common.collect.ImmutableList                                         : loaded 2 times (x 202B)
Class org.gradle.internal.service.DefaultServiceLocator                               : loaded 2 times (x 79B)
Class com.google.common.collect.ImmutableMultimap$EntryCollection                     : loaded 2 times (x 124B)
Class com.google.common.collect.Maps$EntrySet                                         : loaded 2 times (x 132B)
Class com.google.common.cache.LocalCache$EntryFactory$8                               : loaded 2 times (x 79B)
Class com.google.common.collect.ImmutableSet$SetBuilderImpl                           : loaded 2 times (x 72B)
Class org.gradle.internal.installation.CurrentGradleInstallation                      : loaded 2 times (x 69B)
Class com.google.common.cache.CacheLoader$1                                           : loaded 2 times (x 71B)
Class com.google.common.collect.ForwardingObject                                      : loaded 2 times (x 68B)
Class com.google.common.collect.ImmutableList$SubList                                 : loaded 2 times (x 205B)
Class org.gradle.util.internal.GUtil                                                  : loaded 2 times (x 67B)
Class com.google.common.io.ByteSource                                                 : loaded 2 times (x 80B)
Class com.google.common.util.concurrent.AbstractFuture$SetFuture                      : loaded 2 times (x 71B)
Class com.google.common.cache.AbstractCache$StatsCounter                              : loaded 2 times (x 66B)
Class com.google.common.reflect.Types$TypeVariableImpl                                : loaded 2 times (x 68B)
Class com.google.common.collect.MapMakerInternalMap$1                                 : loaded 2 times (x 79B)
Class com.google.common.io.LineBuffer                                                 : loaded 2 times (x 71B)
Class com.google.common.collect.Iterators$MergingIterator                             : loaded 2 times (x 77B)
Class com.google.common.collect.RegularImmutableSet                                   : loaded 2 times (x 145B)
Class org.gradle.internal.installation.GradleInstallation                             : loaded 2 times (x 71B)
Class com.google.common.base.Splitter$Strategy                                        : loaded 2 times (x 66B)
Class com.google.common.collect.Iterables                                             : loaded 2 times (x 67B)

---------------  S Y S T E M  ---------------

OS:
 Windows 11 , 64 bit Build 26100 (10.0.26100.3037)
OS uptime: 7 days 2:40 hours
Hyper-V role detected

CPU: total 12 (initial active 12) (12 cores per cpu, 2 threads per core) family 25 model 80 stepping 0 microcode 0xa500011, cx8, cmov, fxsr, ht, mmx, 3dnowpref, sse, sse2, sse3, ssse3, sse4a, sse4.1, sse4.2, popcnt, lzcnt, tsc, tscinvbit, avx, avx2, aes, erms, clmul, bmi1, bmi2, adx, sha, fma, vzeroupper, clflush, clflushopt, hv, rdtscp, rdpid, fsrm, f16c, cet_ss
Processor Information for the first 12 processors :
  Max Mhz: 3300, Current Mhz: 3300, Mhz Limit: 3300

Memory: 4k page, system-wide physical 16096M (3155M free)
TotalPageFile size 24096M (AvailPageFile size 2129M)
current process WorkingSet (physical memory assigned to process): 1735M, peak: 1906M
current process commit charge ("private bytes"): 1912M, peak: 1955M

vm_info: OpenJDK 64-Bit Server VM (21.0.6+-13391695-b895.109) for windows-amd64 JRE (21.0.6+-13391695-b895.109), built on 2025-04-22T21:19:17Z by "builder" with MS VC++ 16.10 / 16.11 (VS2019)

END.
