#
# There is insufficient memory for the Java Runtime Environment to continue.
# Native memory allocation (malloc) failed to allocate 2121776 bytes. Error detail: Chunk::new
# Possible reasons:
#   The system is out of physical RAM or swap space
#   This process is running with CompressedOops enabled, and the Java Heap may be blocking the growth of the native heap
# Possible solutions:
#   Reduce memory load on the system
#   Increase physical memory or swap space
#   Check if swap backing store is full
#   Decrease Java heap size (-Xmx/-Xms)
#   Decrease number of Java threads
#   Decrease Java thread stack sizes (-Xss)
#   Set larger code cache with -XX:ReservedCodeCacheSize=
#   JVM is running with Zero Based Compressed Oops mode in which the Java heap is
#     placed in the first 32GB address space. The Java Heap base address is the
#     maximum limit for the native heap growth. Please use -XX:HeapBaseMinAddress
#     to set the Java Heap base and to place the Java Heap above 32GB virtual address.
# This output file may be truncated or incomplete.
#
#  Out of Memory Error (arena.cpp:168), pid=15328, tid=21396
#
# JRE version: OpenJDK Runtime Environment Temurin-21.0.6+7 (21.0.6+7) (build 21.0.6+7-LTS)
# Java VM: OpenJDK 64-Bit Server VM Temurin-21.0.6+7 (21.0.6+7-LTS, mixed mode, sharing, tiered, compressed oops, compressed class ptrs, g1 gc, windows-amd64)
# No core dump will be written. Minidumps are not enabled by default on client versions of Windows
#

---------------  S U M M A R Y ------------

Command Line: --add-opens=java.base/java.lang=ALL-UNNAMED --add-opens=java.base/java.lang.invoke=ALL-UNNAMED --add-opens=java.base/java.util=ALL-UNNAMED --add-opens=java.prefs/java.util.prefs=ALL-UNNAMED --add-exports=jdk.compiler/com.sun.tools.javac.api=ALL-UNNAMED --add-exports=jdk.compiler/com.sun.tools.javac.util=ALL-UNNAMED --add-opens=java.base/java.util=ALL-UNNAMED --add-opens=java.prefs/java.util.prefs=ALL-UNNAMED --add-opens=java.base/java.nio.charset=ALL-UNNAMED --add-opens=java.base/java.net=ALL-UNNAMED --add-opens=java.base/java.util.concurrent.atomic=ALL-UNNAMED --add-opens=java.xml/javax.xml.namespace=ALL-UNNAMED -Xmx3072m -Dfile.encoding=UTF-8 -Duser.country=GB -Duser.language=en -Duser.variant -javaagent:C:\Users\vfxno\.gradle\wrapper\dists\gradle-8.13-bin\5xuhj0ry160q40clulazy9h7d\gradle-8.13\lib\agents\gradle-instrumentation-agent-8.13.jar org.gradle.launcher.daemon.bootstrap.GradleDaemon 8.13

Host: AMD Ryzen 5 5600H with Radeon Graphics         , 12 cores, 15G,  Windows 11 , 64 bit Build 26100 (10.0.26100.3037)
Time: Mon Jul 28 14:05:40 2025 W. Europe Summer Time elapsed time: 44.188348 seconds (0d 0h 0m 44s)

---------------  T H R E A D  ---------------

Current thread (0x0000015bdd1bb780):  JavaThread "C2 CompilerThread1" daemon [_thread_in_native, id=21396, stack(0x0000004d2eb00000,0x0000004d2ec00000) (1024K)]


Current CompileTask:
C2:44188 38460 %     4       com.android.tools.r8.internal.de::a @ 2725 (4509 bytes)

Stack: [0x0000004d2eb00000,0x0000004d2ec00000]
Native frames: (J=compiled Java code, j=interpreted, Vv=VM code, C=native code)
V  [jvm.dll+0x6cdee9]
V  [jvm.dll+0x8a83d1]
V  [jvm.dll+0x8aa8fe]
V  [jvm.dll+0x8aafe3]
V  [jvm.dll+0x27f706]
V  [jvm.dll+0xc500d]
V  [jvm.dll+0xc5543]
V  [jvm.dll+0x3b6752]
V  [jvm.dll+0x1e0009]
V  [jvm.dll+0x247b42]
V  [jvm.dll+0x246fcf]
V  [jvm.dll+0x1c75ee]
V  [jvm.dll+0x25685a]
V  [jvm.dll+0x254dfa]
V  [jvm.dll+0x3f0256]
V  [jvm.dll+0x851f8b]
V  [jvm.dll+0x6cc5ed]
C  [ucrtbase.dll+0x37b0]
C  [KERNEL32.DLL+0x2e8d7]
C  [ntdll.dll+0xbbf2c]


---------------  P R O C E S S  ---------------

Threads class SMR info:
_java_thread_list=0x0000015be4d24b80, length=238, elements={
0x0000015bf21e0780, 0x0000015bfee08d70, 0x0000015bfee0b4e0, 0x0000015bfee0fff0,
0x0000015bfee12d90, 0x0000015bfee17400, 0x0000015bfee20a80, 0x0000015bfee22e90,
0x0000015bfee23530, 0x0000015bff774c10, 0x0000015bff8e05e0, 0x0000015bd7659710,
0x0000015bd78b1c60, 0x0000015bd7a421e0, 0x0000015bd7ab4f00, 0x0000015bd79bb0e0,
0x0000015bd7b1eef0, 0x0000015bd7a1dc50, 0x0000015bd7cb8be0, 0x0000015bd7ad3f20,
0x0000015bd7ad45b0, 0x0000015bd7ad4c40, 0x0000015bd7ad52d0, 0x0000015bd7ad24e0,
0x0000015bd7ad2b70, 0x0000015bd7ad1e50, 0x0000015bd7ad3890, 0x0000015bd7ad3200,
0x0000015bd828f840, 0x0000015bd828fed0, 0x0000015bd8290560, 0x0000015bd8291280,
0x0000015bd8292cc0, 0x0000015bd8290bf0, 0x0000015bd8291fa0, 0x0000015bd8294700,
0x0000015bd8292630, 0x0000015bd8296140, 0x0000015bd8294d90, 0x0000015bd8295ab0,
0x0000015bd82967d0, 0x0000015bd8293350, 0x0000015bd8296e60, 0x0000015bd82939e0,
0x0000015bd8294070, 0x0000015bdbb112a0, 0x0000015bdbb0f860, 0x0000015bdbb0fef0,
0x0000015bdbb10c10, 0x0000015bdbb10580, 0x0000015bdbb11930, 0x0000015bdbb11fc0,
0x0000015bdbb0f1d0, 0x0000015bdbb0eb40, 0x0000015bdbb12ce0, 0x0000015bdbb15440,
0x0000015bdbb13a00, 0x0000015bdbb14090, 0x0000015bdbb15ad0, 0x0000015bdbb12650,
0x0000015bdbb16160, 0x0000015bdbb14720, 0x0000015bdbb14db0, 0x0000015bdbb13370,
0x0000015bdc2e4490, 0x0000015bdc2e51b0, 0x0000015bdc2e23c0, 0x0000015bdc2e4b20,
0x0000015bdc2e3e00, 0x0000015bdc2e5840, 0x0000015bdc2e2a50, 0x0000015bdc2e5ed0,
0x0000015bdc2e6bf0, 0x0000015bddaf1cf0, 0x0000015bddaf5170, 0x0000015bddaf5800,
0x0000015bddaf2a10, 0x0000015bddaf2380, 0x0000015bddaf5e90, 0x0000015bddaf30a0,
0x0000015bddaf6520, 0x0000015bddaf6bb0, 0x0000015bddaf4450, 0x0000015bddaf7240,
0x0000015bddaf3dc0, 0x0000015bddaf7f60, 0x0000015bddaf78d0, 0x0000015bddaf85f0,
0x0000015bddaf8c80, 0x0000015bd86af200, 0x0000015bd86af890, 0x0000015bd86aff20,
0x0000015bd86b05b0, 0x0000015bd86ad130, 0x0000015bd86b2680, 0x0000015bd86b0c40,
0x0000015bd86b1960, 0x0000015bd86b12d0, 0x0000015bd86b1ff0, 0x0000015bddaf4ae0,
0x0000015bdb190e00, 0x0000015bdb193bf0, 0x0000015bdb194910, 0x0000015bdb194fa0,
0x0000015bdb195630, 0x0000015bdb195cc0, 0x0000015bdb192840, 0x0000015bdb196350,
0x0000015bdb192ed0, 0x0000015bdb1969e0, 0x0000015bdb197070, 0x0000015bdb197700,
0x0000015bdb197d90, 0x0000015bdb198420, 0x0000015bd91823e0, 0x0000015bd9180310,
0x0000015bd91809a0, 0x0000015bd91816c0, 0x0000015bd9182a70, 0x0000015bd9183100,
0x0000015bd917fc80, 0x0000015bd9181d50, 0x0000015bd9181030, 0x0000015bd9186580,
0x0000015bd9183e20, 0x0000015bd9184b40, 0x0000015bd9186c10, 0x0000015bd9183790,
0x0000015bd91872a0, 0x0000015bd91844b0, 0x0000015bd91851d0, 0x0000015bd9185860,
0x0000015bdb8ba9f0, 0x0000015bdb8ba360, 0x0000015bdb8b9640, 0x0000015bdb8bb710,
0x0000015bdb8bbda0, 0x0000015bdb8bc430, 0x0000015bdb8b8fb0, 0x0000015bdb8bff40,
0x0000015bdb8bcac0, 0x0000015bdb8be500, 0x0000015bdb8bf8b0, 0x0000015bdb8bde70,
0x0000015bdb8c05d0, 0x0000015bdb8bd150, 0x0000015bdb8bd7e0, 0x0000015bdb193560,
0x0000015bdb191490, 0x0000015bdb191b20, 0x0000015bdb1921b0, 0x0000015bd86ab6f0,
0x0000015bd8295420, 0x0000015bddab5540, 0x0000015bddab2de0, 0x0000015bddab3b00,
0x0000015bddab20c0, 0x0000015bddab4820, 0x0000015bddab2750, 0x0000015bddab4190,
0x0000015bddab6260, 0x0000015bddab5bd0, 0x0000015bddab68f0, 0x0000015bddab3470,
0x0000015bddaba400, 0x0000015bddab9d70, 0x0000015bddab96e0, 0x0000015bddab7ca0,
0x0000015bddab8330, 0x0000015bddabd880, 0x0000015bddabb120, 0x0000015bddabc4d0,
0x0000015bddabb7b0, 0x0000015bddabdf10, 0x0000015bddabbe40, 0x0000015bddabcb60,
0x0000015bddabaa90, 0x0000015bddac0670, 0x0000015bddabd1f0, 0x0000015bddabe5a0,
0x0000015bddabec30, 0x0000015bddabffe0, 0x0000015bddac1390, 0x0000015bddabf2c0,
0x0000015bddabf950, 0x0000015bddac0d00, 0x0000015bdb194280, 0x0000015bdb8beb90,
0x0000015bdaab56f0, 0x0000015bdaab6410, 0x0000015bdaab6aa0, 0x0000015bdaab77c0,
0x0000015bdaac1bd0, 0x0000015bdaac2260, 0x0000015bdaac28f0, 0x0000015bdaac2f80,
0x0000015bda4c0090, 0x0000015bdd1bb780, 0x0000015bdd1bd2c0, 0x0000015bda4c0db0,
0x0000015bda4c0720, 0x0000015bda4c1ad0, 0x0000015bda4c2160, 0x0000015bda4c1440,
0x0000015bda4bece0, 0x0000015bda4c27f0, 0x0000015bda4bf370, 0x0000015bda4c3510,
0x0000015bda4c6300, 0x0000015bda4c3ba0, 0x0000015bda4c2e80, 0x0000015bddae4e90,
0x0000015bddae4800, 0x0000015bddae20a0, 0x0000015bddadf2b0, 0x0000015bddadffd0,
0x0000015bddae0660, 0x0000015bddae0cf0, 0x0000015bddae1380, 0x0000015bddade590,
0x0000015bddadec20, 0x0000015bddae5520, 0x0000015bddae3450, 0x0000015bddae5bb0,
0x0000015bddae2730, 0x0000015bddae6240, 0x0000015be3e35d30, 0x0000015be48fad80,
0x0000015be367bf10, 0x0000015be482dae0, 0x0000015bd9f9a5e0, 0x0000015be48fb410,
0x0000015be3e51b70, 0x0000015be34195e0, 0x0000015bdb639310, 0x0000015be5fe1250,
0x0000015be5ff5f60, 0x0000015be3e4e6f0
}

Java Threads: ( => current thread )
  0x0000015bf21e0780 JavaThread "main"                              [_thread_blocked, id=5892, stack(0x0000004d2d900000,0x0000004d2da00000) (1024K)]
  0x0000015bfee08d70 JavaThread "Reference Handler"          daemon [_thread_blocked, id=10416, stack(0x0000004d2e100000,0x0000004d2e200000) (1024K)]
  0x0000015bfee0b4e0 JavaThread "Finalizer"                  daemon [_thread_blocked, id=18732, stack(0x0000004d2e200000,0x0000004d2e300000) (1024K)]
  0x0000015bfee0fff0 JavaThread "Signal Dispatcher"          daemon [_thread_blocked, id=364, stack(0x0000004d2e300000,0x0000004d2e400000) (1024K)]
  0x0000015bfee12d90 JavaThread "Attach Listener"            daemon [_thread_blocked, id=13240, stack(0x0000004d2e400000,0x0000004d2e500000) (1024K)]
  0x0000015bfee17400 JavaThread "Service Thread"             daemon [_thread_blocked, id=10340, stack(0x0000004d2e500000,0x0000004d2e600000) (1024K)]
  0x0000015bfee20a80 JavaThread "Monitor Deflation Thread"   daemon [_thread_blocked, id=20804, stack(0x0000004d2e600000,0x0000004d2e700000) (1024K)]
  0x0000015bfee22e90 JavaThread "C2 CompilerThread0"         daemon [_thread_in_native, id=17328, stack(0x0000004d2e700000,0x0000004d2e800000) (1024K)]
  0x0000015bfee23530 JavaThread "C1 CompilerThread0"         daemon [_thread_blocked, id=8596, stack(0x0000004d2e800000,0x0000004d2e900000) (1024K)]
  0x0000015bff774c10 JavaThread "Common-Cleaner"             daemon [_thread_blocked, id=12892, stack(0x0000004d2e900000,0x0000004d2ea00000) (1024K)]
  0x0000015bff8e05e0 JavaThread "Notification Thread"        daemon [_thread_blocked, id=21240, stack(0x0000004d2ea00000,0x0000004d2eb00000) (1024K)]
  0x0000015bd7659710 JavaThread "Daemon health stats"               [_thread_blocked, id=12972, stack(0x0000004d2f200000,0x0000004d2f300000) (1024K)]
  0x0000015bd78b1c60 JavaThread "Incoming local TCP Connector on port 64110"        [_thread_in_native, id=21080, stack(0x0000004d2f300000,0x0000004d2f400000) (1024K)]
  0x0000015bd7a421e0 JavaThread "Daemon periodic checks"            [_thread_blocked, id=13580, stack(0x0000004d2f800000,0x0000004d2f900000) (1024K)]
  0x0000015bd7ab4f00 JavaThread "Daemon"                            [_thread_blocked, id=17764, stack(0x0000004d2f900000,0x0000004d2fa00000) (1024K)]
  0x0000015bd79bb0e0 JavaThread "Handler for socket connection from /127.0.0.1:64110 to /127.0.0.1:64111"        [_thread_in_native, id=21252, stack(0x0000004d2fa00000,0x0000004d2fb00000) (1024K)]
  0x0000015bd7b1eef0 JavaThread "Cancel handler"                    [_thread_blocked, id=21000, stack(0x0000004d2fb00000,0x0000004d2fc00000) (1024K)]
  0x0000015bd7a1dc50 JavaThread "Daemon worker"                     [_thread_blocked, id=16676, stack(0x0000004d2fc00000,0x0000004d2fd00000) (1024K)]
  0x0000015bd7cb8be0 JavaThread "Asynchronous log dispatcher for DefaultDaemonConnection: socket connection from /127.0.0.1:64110 to /127.0.0.1:64111"        [_thread_blocked, id=1808, stack(0x0000004d2fd00000,0x0000004d2fe00000) (1024K)]
  0x0000015bd7ad3f20 JavaThread "Stdin handler"                     [_thread_blocked, id=7808, stack(0x0000004d2fe00000,0x0000004d2ff00000) (1024K)]
  0x0000015bd7ad45b0 JavaThread "Daemon client event forwarder"        [_thread_blocked, id=7248, stack(0x0000004d2ff00000,0x0000004d30000000) (1024K)]
  0x0000015bd7ad4c40 JavaThread "Cache worker for journal cache (C:\Users\vfxno\.gradle\caches\journal-1)"        [_thread_blocked, id=19340, stack(0x0000004d30000000,0x0000004d30100000) (1024K)]
  0x0000015bd7ad52d0 JavaThread "File lock request listener"        [_thread_in_native, id=19512, stack(0x0000004d30100000,0x0000004d30200000) (1024K)]
  0x0000015bd7ad24e0 JavaThread "Cache worker for file hash cache (C:\Users\vfxno\.gradle\caches\8.13\fileHashes)"        [_thread_blocked, id=12588, stack(0x0000004d30200000,0x0000004d30300000) (1024K)]
  0x0000015bd7ad2b70 JavaThread "Cache worker for file hash cache (C:\Users\vfxno\Downloads\moonlight-android\.gradle\8.13\fileHashes)"        [_thread_blocked, id=11312, stack(0x0000004d30500000,0x0000004d30600000) (1024K)]
  0x0000015bd7ad1e50 JavaThread "Cache worker for Build Output Cleanup Cache (C:\Users\vfxno\Downloads\moonlight-android\.gradle\buildOutputCleanup)"        [_thread_blocked, id=19408, stack(0x0000004d30600000,0x0000004d30700000) (1024K)]
  0x0000015bd7ad3890 JavaThread "File watcher server"        daemon [_thread_in_native, id=1696, stack(0x0000004d30700000,0x0000004d30800000) (1024K)]
  0x0000015bd7ad3200 JavaThread "File watcher consumer"      daemon [_thread_blocked, id=13456, stack(0x0000004d30800000,0x0000004d30900000) (1024K)]
  0x0000015bd828f840 JavaThread "jar transforms"                    [_thread_blocked, id=7948, stack(0x0000004d30900000,0x0000004d30a00000) (1024K)]
  0x0000015bd828fed0 JavaThread "jar transforms Thread 2"           [_thread_blocked, id=228, stack(0x0000004d30a00000,0x0000004d30b00000) (1024K)]
  0x0000015bd8290560 JavaThread "Cache worker for checksums cache (C:\Users\vfxno\Downloads\moonlight-android\.gradle\8.13\checksums)"        [_thread_blocked, id=21320, stack(0x0000004d30b00000,0x0000004d30c00000) (1024K)]
  0x0000015bd8291280 JavaThread "Cache worker for file content cache (C:\Users\vfxno\.gradle\caches\8.13\fileContent)"        [_thread_blocked, id=11568, stack(0x0000004d30c00000,0x0000004d30d00000) (1024K)]
  0x0000015bd8292cc0 JavaThread "Cache worker for cache directory md-supplier (C:\Users\vfxno\.gradle\caches\8.13\md-supplier)"        [_thread_blocked, id=20848, stack(0x0000004d30d00000,0x0000004d30e00000) (1024K)]
  0x0000015bd8290bf0 JavaThread "Cache worker for cache directory md-rule (C:\Users\vfxno\.gradle\caches\8.13\md-rule)"        [_thread_blocked, id=4432, stack(0x0000004d30e00000,0x0000004d30f00000) (1024K)]
  0x0000015bd8291fa0 JavaThread "jar transforms Thread 3"           [_thread_blocked, id=20272, stack(0x0000004d30f00000,0x0000004d31000000) (1024K)]
  0x0000015bd8294700 JavaThread "Unconstrained build operations"        [_thread_blocked, id=14196, stack(0x0000004d31000000,0x0000004d31100000) (1024K)]
  0x0000015bd8292630 JavaThread "Unconstrained build operations Thread 2"        [_thread_blocked, id=10476, stack(0x0000004d31100000,0x0000004d31200000) (1024K)]
  0x0000015bd8296140 JavaThread "Unconstrained build operations Thread 3"        [_thread_blocked, id=1760, stack(0x0000004d31200000,0x0000004d31300000) (1024K)]
  0x0000015bd8294d90 JavaThread "Unconstrained build operations Thread 4"        [_thread_blocked, id=16704, stack(0x0000004d31300000,0x0000004d31400000) (1024K)]
  0x0000015bd8295ab0 JavaThread "Unconstrained build operations Thread 5"        [_thread_blocked, id=19056, stack(0x0000004d31400000,0x0000004d31500000) (1024K)]
  0x0000015bd82967d0 JavaThread "Unconstrained build operations Thread 6"        [_thread_blocked, id=19700, stack(0x0000004d31500000,0x0000004d31600000) (1024K)]
  0x0000015bd8293350 JavaThread "Unconstrained build operations Thread 7"        [_thread_blocked, id=15592, stack(0x0000004d31600000,0x0000004d31700000) (1024K)]
  0x0000015bd8296e60 JavaThread "Unconstrained build operations Thread 8"        [_thread_blocked, id=19112, stack(0x0000004d31700000,0x0000004d31800000) (1024K)]
  0x0000015bd82939e0 JavaThread "Unconstrained build operations Thread 9"        [_thread_blocked, id=9260, stack(0x0000004d31800000,0x0000004d31900000) (1024K)]
  0x0000015bd8294070 JavaThread "Unconstrained build operations Thread 10"        [_thread_blocked, id=18068, stack(0x0000004d31900000,0x0000004d31a00000) (1024K)]
  0x0000015bdbb112a0 JavaThread "Unconstrained build operations Thread 11"        [_thread_blocked, id=20948, stack(0x0000004d31a00000,0x0000004d31b00000) (1024K)]
  0x0000015bdbb0f860 JavaThread "Unconstrained build operations Thread 12"        [_thread_blocked, id=12556, stack(0x0000004d31b00000,0x0000004d31c00000) (1024K)]
  0x0000015bdbb0fef0 JavaThread "Unconstrained build operations Thread 13"        [_thread_blocked, id=20176, stack(0x0000004d31c00000,0x0000004d31d00000) (1024K)]
  0x0000015bdbb10c10 JavaThread "Unconstrained build operations Thread 14"        [_thread_blocked, id=9292, stack(0x0000004d31d00000,0x0000004d31e00000) (1024K)]
  0x0000015bdbb10580 JavaThread "Unconstrained build operations Thread 15"        [_thread_blocked, id=20548, stack(0x0000004d31e00000,0x0000004d31f00000) (1024K)]
  0x0000015bdbb11930 JavaThread "Unconstrained build operations Thread 16"        [_thread_blocked, id=8496, stack(0x0000004d31f00000,0x0000004d32000000) (1024K)]
  0x0000015bdbb11fc0 JavaThread "Unconstrained build operations Thread 17"        [_thread_blocked, id=18028, stack(0x0000004d32000000,0x0000004d32100000) (1024K)]
  0x0000015bdbb0f1d0 JavaThread "Unconstrained build operations Thread 18"        [_thread_blocked, id=8896, stack(0x0000004d32100000,0x0000004d32200000) (1024K)]
  0x0000015bdbb0eb40 JavaThread "Unconstrained build operations Thread 19"        [_thread_blocked, id=21304, stack(0x0000004d32200000,0x0000004d32300000) (1024K)]
  0x0000015bdbb12ce0 JavaThread "Unconstrained build operations Thread 20"        [_thread_blocked, id=14184, stack(0x0000004d32300000,0x0000004d32400000) (1024K)]
  0x0000015bdbb15440 JavaThread "Unconstrained build operations Thread 21"        [_thread_blocked, id=20928, stack(0x0000004d32400000,0x0000004d32500000) (1024K)]
  0x0000015bdbb13a00 JavaThread "Unconstrained build operations Thread 22"        [_thread_blocked, id=7556, stack(0x0000004d32500000,0x0000004d32600000) (1024K)]
  0x0000015bdbb14090 JavaThread "Unconstrained build operations Thread 23"        [_thread_blocked, id=19268, stack(0x0000004d32600000,0x0000004d32700000) (1024K)]
  0x0000015bdbb15ad0 JavaThread "Unconstrained build operations Thread 24"        [_thread_blocked, id=5908, stack(0x0000004d32700000,0x0000004d32800000) (1024K)]
  0x0000015bdbb12650 JavaThread "Unconstrained build operations Thread 25"        [_thread_blocked, id=14532, stack(0x0000004d32800000,0x0000004d32900000) (1024K)]
  0x0000015bdbb16160 JavaThread "Unconstrained build operations Thread 26"        [_thread_blocked, id=19784, stack(0x0000004d32900000,0x0000004d32a00000) (1024K)]
  0x0000015bdbb14720 JavaThread "Unconstrained build operations Thread 27"        [_thread_blocked, id=14468, stack(0x0000004d32a00000,0x0000004d32b00000) (1024K)]
  0x0000015bdbb14db0 JavaThread "Unconstrained build operations Thread 28"        [_thread_blocked, id=20360, stack(0x0000004d32b00000,0x0000004d32c00000) (1024K)]
  0x0000015bdbb13370 JavaThread "Unconstrained build operations Thread 29"        [_thread_blocked, id=9284, stack(0x0000004d32c00000,0x0000004d32d00000) (1024K)]
  0x0000015bdc2e4490 JavaThread "Unconstrained build operations Thread 30"        [_thread_blocked, id=17924, stack(0x0000004d32d00000,0x0000004d32e00000) (1024K)]
  0x0000015bdc2e51b0 JavaThread "Unconstrained build operations Thread 31"        [_thread_blocked, id=16752, stack(0x0000004d32e00000,0x0000004d32f00000) (1024K)]
  0x0000015bdc2e23c0 JavaThread "Unconstrained build operations Thread 32"        [_thread_blocked, id=13996, stack(0x0000004d32f00000,0x0000004d33000000) (1024K)]
  0x0000015bdc2e4b20 JavaThread "Unconstrained build operations Thread 33"        [_thread_blocked, id=14512, stack(0x0000004d33000000,0x0000004d33100000) (1024K)]
  0x0000015bdc2e3e00 JavaThread "jar transforms Thread 4"           [_thread_blocked, id=18680, stack(0x0000004d33100000,0x0000004d33200000) (1024K)]
  0x0000015bdc2e5840 JavaThread "jar transforms Thread 5"           [_thread_blocked, id=7220, stack(0x0000004d33200000,0x0000004d33300000) (1024K)]
  0x0000015bdc2e2a50 JavaThread "jar transforms Thread 6"           [_thread_blocked, id=5124, stack(0x0000004d33300000,0x0000004d33400000) (1024K)]
  0x0000015bdc2e5ed0 JavaThread "Memory manager"                    [_thread_blocked, id=16072, stack(0x0000004d33400000,0x0000004d33500000) (1024K)]
  0x0000015bdc2e6bf0 JavaThread "Problems report writer"            [_thread_blocked, id=16536, stack(0x0000004d33500000,0x0000004d33600000) (1024K)]
  0x0000015bddaf1cf0 JavaThread "included builds"                   [_thread_blocked, id=5768, stack(0x0000004d33600000,0x0000004d33700000) (1024K)]
  0x0000015bddaf5170 JavaThread "Execution worker"                  [_thread_blocked, id=11620, stack(0x0000004d33700000,0x0000004d33800000) (1024K)]
  0x0000015bddaf5800 JavaThread "Execution worker Thread 2"         [_thread_blocked, id=18420, stack(0x0000004d33800000,0x0000004d33900000) (1024K)]
  0x0000015bddaf2a10 JavaThread "Execution worker Thread 3"         [_thread_blocked, id=20952, stack(0x0000004d33900000,0x0000004d33a00000) (1024K)]
  0x0000015bddaf2380 JavaThread "Execution worker Thread 4"         [_thread_blocked, id=14544, stack(0x0000004d33a00000,0x0000004d33b00000) (1024K)]
  0x0000015bddaf5e90 JavaThread "Execution worker Thread 5"         [_thread_blocked, id=2352, stack(0x0000004d33b00000,0x0000004d33c00000) (1024K)]
  0x0000015bddaf30a0 JavaThread "Execution worker Thread 6"         [_thread_blocked, id=14440, stack(0x0000004d33c00000,0x0000004d33d00000) (1024K)]
  0x0000015bddaf6520 JavaThread "Execution worker Thread 7"         [_thread_blocked, id=2720, stack(0x0000004d33d00000,0x0000004d33e00000) (1024K)]
  0x0000015bddaf6bb0 JavaThread "Execution worker Thread 8"         [_thread_blocked, id=18884, stack(0x0000004d33e00000,0x0000004d33f00000) (1024K)]
  0x0000015bddaf4450 JavaThread "Execution worker Thread 9"         [_thread_blocked, id=19240, stack(0x0000004d33f00000,0x0000004d34000000) (1024K)]
  0x0000015bddaf7240 JavaThread "Execution worker Thread 10"        [_thread_blocked, id=21420, stack(0x0000004d34000000,0x0000004d34100000) (1024K)]
  0x0000015bddaf3dc0 JavaThread "Execution worker Thread 11"        [_thread_blocked, id=6828, stack(0x0000004d34100000,0x0000004d34200000) (1024K)]
  0x0000015bddaf7f60 JavaThread "Cache worker for execution history cache (C:\Users\vfxno\Downloads\moonlight-android\.gradle\8.13\executionHistory)"        [_thread_blocked, id=13960, stack(0x0000004d34200000,0x0000004d34300000) (1024K)]
  0x0000015bddaf78d0 JavaThread "Exec process"                      [_thread_blocked, id=21268, stack(0x0000004d34300000,0x0000004d34400000) (1024K)]
  0x0000015bddaf85f0 JavaThread "Exec process Thread 2"             [_thread_blocked, id=5712, stack(0x0000004d34400000,0x0000004d34500000) (1024K)]
  0x0000015bddaf8c80 JavaThread "Exec process Thread 3"             [_thread_blocked, id=3992, stack(0x0000004d34500000,0x0000004d34600000) (1024K)]
  0x0000015bd86af200 JavaThread "Unconstrained build operations Thread 34"        [_thread_blocked, id=15128, stack(0x0000004d34600000,0x0000004d34700000) (1024K)]
  0x0000015bd86af890 JavaThread "Unconstrained build operations Thread 35"        [_thread_blocked, id=14236, stack(0x0000004d34700000,0x0000004d34800000) (1024K)]
  0x0000015bd86aff20 JavaThread "Unconstrained build operations Thread 36"        [_thread_blocked, id=15236, stack(0x0000004d34800000,0x0000004d34900000) (1024K)]
  0x0000015bd86b05b0 JavaThread "Unconstrained build operations Thread 37"        [_thread_blocked, id=7152, stack(0x0000004d34900000,0x0000004d34a00000) (1024K)]
  0x0000015bd86ad130 JavaThread "Unconstrained build operations Thread 38"        [_thread_blocked, id=15632, stack(0x0000004d34a00000,0x0000004d34b00000) (1024K)]
  0x0000015bd86b2680 JavaThread "Unconstrained build operations Thread 39"        [_thread_blocked, id=20216, stack(0x0000004d34b00000,0x0000004d34c00000) (1024K)]
  0x0000015bd86b0c40 JavaThread "Unconstrained build operations Thread 40"        [_thread_blocked, id=13820, stack(0x0000004d34c00000,0x0000004d34d00000) (1024K)]
  0x0000015bd86b1960 JavaThread "Unconstrained build operations Thread 41"        [_thread_blocked, id=21220, stack(0x0000004d34d00000,0x0000004d34e00000) (1024K)]
  0x0000015bd86b12d0 JavaThread "Unconstrained build operations Thread 42"        [_thread_blocked, id=6840, stack(0x0000004d34e00000,0x0000004d34f00000) (1024K)]
  0x0000015bd86b1ff0 JavaThread "Unconstrained build operations Thread 43"        [_thread_blocked, id=20316, stack(0x0000004d34f00000,0x0000004d35000000) (1024K)]
  0x0000015bddaf4ae0 JavaThread "Unconstrained build operations Thread 44"        [_thread_blocked, id=15404, stack(0x0000004d35000000,0x0000004d35100000) (1024K)]
  0x0000015bdb190e00 JavaThread "WorkerExecutor Queue"              [_thread_blocked, id=7804, stack(0x0000004d35100000,0x0000004d35200000) (1024K)]
  0x0000015bdb193bf0 JavaThread "Unconstrained build operations Thread 45"        [_thread_blocked, id=15204, stack(0x0000004d35200000,0x0000004d35300000) (1024K)]
  0x0000015bdb194910 JavaThread "Unconstrained build operations Thread 46"        [_thread_blocked, id=5772, stack(0x0000004d35300000,0x0000004d35400000) (1024K)]
  0x0000015bdb194fa0 JavaThread "Unconstrained build operations Thread 47"        [_thread_blocked, id=14264, stack(0x0000004d35400000,0x0000004d35500000) (1024K)]
  0x0000015bdb195630 JavaThread "Unconstrained build operations Thread 48"        [_thread_blocked, id=19440, stack(0x0000004d35500000,0x0000004d35600000) (1024K)]
  0x0000015bdb195cc0 JavaThread "Unconstrained build operations Thread 49"        [_thread_blocked, id=2332, stack(0x0000004d35600000,0x0000004d35700000) (1024K)]
  0x0000015bdb192840 JavaThread "Unconstrained build operations Thread 50"        [_thread_blocked, id=19780, stack(0x0000004d35700000,0x0000004d35800000) (1024K)]
  0x0000015bdb196350 JavaThread "Unconstrained build operations Thread 51"        [_thread_blocked, id=11828, stack(0x0000004d35800000,0x0000004d35900000) (1024K)]
  0x0000015bdb192ed0 JavaThread "Unconstrained build operations Thread 52"        [_thread_blocked, id=17676, stack(0x0000004d35900000,0x0000004d35a00000) (1024K)]
  0x0000015bdb1969e0 JavaThread "Unconstrained build operations Thread 53"        [_thread_blocked, id=15064, stack(0x0000004d35a00000,0x0000004d35b00000) (1024K)]
  0x0000015bdb197070 JavaThread "Unconstrained build operations Thread 54"        [_thread_blocked, id=18268, stack(0x0000004d35b00000,0x0000004d35c00000) (1024K)]
  0x0000015bdb197700 JavaThread "Unconstrained build operations Thread 55"        [_thread_blocked, id=19924, stack(0x0000004d35c00000,0x0000004d35d00000) (1024K)]
  0x0000015bdb197d90 JavaThread "Unconstrained build operations Thread 56"        [_thread_blocked, id=20400, stack(0x0000004d35d00000,0x0000004d35e00000) (1024K)]
  0x0000015bdb198420 JavaThread "Unconstrained build operations Thread 57"        [_thread_blocked, id=14940, stack(0x0000004d35e00000,0x0000004d35f00000) (1024K)]
  0x0000015bd91823e0 JavaThread "Unconstrained build operations Thread 58"        [_thread_blocked, id=15788, stack(0x0000004d35f00000,0x0000004d36000000) (1024K)]
  0x0000015bd9180310 JavaThread "Unconstrained build operations Thread 59"        [_thread_blocked, id=15212, stack(0x0000004d36000000,0x0000004d36100000) (1024K)]
  0x0000015bd91809a0 JavaThread "Unconstrained build operations Thread 60"        [_thread_blocked, id=5272, stack(0x0000004d36100000,0x0000004d36200000) (1024K)]
  0x0000015bd91816c0 JavaThread "Unconstrained build operations Thread 61"        [_thread_blocked, id=18180, stack(0x0000004d36200000,0x0000004d36300000) (1024K)]
  0x0000015bd9182a70 JavaThread "Unconstrained build operations Thread 62"        [_thread_blocked, id=9568, stack(0x0000004d36300000,0x0000004d36400000) (1024K)]
  0x0000015bd9183100 JavaThread "Unconstrained build operations Thread 63"        [_thread_blocked, id=18284, stack(0x0000004d36400000,0x0000004d36500000) (1024K)]
  0x0000015bd917fc80 JavaThread "Unconstrained build operations Thread 64"        [_thread_blocked, id=12164, stack(0x0000004d36500000,0x0000004d36600000) (1024K)]
  0x0000015bd9181d50 JavaThread "Unconstrained build operations Thread 65"        [_thread_blocked, id=10936, stack(0x0000004d36600000,0x0000004d36700000) (1024K)]
  0x0000015bd9181030 JavaThread "Unconstrained build operations Thread 66"        [_thread_blocked, id=12240, stack(0x0000004d36700000,0x0000004d36800000) (1024K)]
  0x0000015bd9186580 JavaThread "WorkerExecutor Queue Thread 2"        [_thread_blocked, id=9008, stack(0x0000004d36800000,0x0000004d36900000) (1024K)]
  0x0000015bd9183e20 JavaThread "WorkerExecutor Queue Thread 3"        [_thread_blocked, id=13816, stack(0x0000004d36900000,0x0000004d36a00000) (1024K)]
  0x0000015bd9184b40 JavaThread "WorkerExecutor Queue Thread 4"        [_thread_blocked, id=11148, stack(0x0000004d36a00000,0x0000004d36b00000) (1024K)]
  0x0000015bd9186c10 JavaThread "WorkerExecutor Queue Thread 5"        [_thread_blocked, id=19332, stack(0x0000004d36b00000,0x0000004d36c00000) (1024K)]
  0x0000015bd9183790 JavaThread "WorkerExecutor Queue Thread 6"        [_thread_blocked, id=17148, stack(0x0000004d36c00000,0x0000004d36d00000) (1024K)]
  0x0000015bd91872a0 JavaThread "Unconstrained build operations Thread 67"        [_thread_blocked, id=1768, stack(0x0000004d36d00000,0x0000004d36e00000) (1024K)]
  0x0000015bd91844b0 JavaThread "Unconstrained build operations Thread 68"        [_thread_blocked, id=19348, stack(0x0000004d36e00000,0x0000004d36f00000) (1024K)]
  0x0000015bd91851d0 JavaThread "Unconstrained build operations Thread 69"        [_thread_blocked, id=9772, stack(0x0000004d36f00000,0x0000004d37000000) (1024K)]
  0x0000015bd9185860 JavaThread "Unconstrained build operations Thread 70"        [_thread_blocked, id=18852, stack(0x0000004d37000000,0x0000004d37100000) (1024K)]
  0x0000015bdb8ba9f0 JavaThread "Unconstrained build operations Thread 71"        [_thread_blocked, id=14712, stack(0x0000004d37100000,0x0000004d37200000) (1024K)]
  0x0000015bdb8ba360 JavaThread "Exec process Thread 4"             [_thread_blocked, id=7492, stack(0x0000004d37200000,0x0000004d37300000) (1024K)]
  0x0000015bdb8b9640 JavaThread "Exec process Thread 5"             [_thread_blocked, id=20288, stack(0x0000004d37300000,0x0000004d37400000) (1024K)]
  0x0000015bdb8bb710 JavaThread "Exec process Thread 6"             [_thread_blocked, id=20140, stack(0x0000004d37400000,0x0000004d37500000) (1024K)]
  0x0000015bdb8bbda0 JavaThread "Exec process Thread 7"             [_thread_blocked, id=19900, stack(0x0000004d37500000,0x0000004d37600000) (1024K)]
  0x0000015bdb8bc430 JavaThread "Exec process Thread 8"             [_thread_blocked, id=17032, stack(0x0000004d37600000,0x0000004d37700000) (1024K)]
  0x0000015bdb8b8fb0 JavaThread "Exec process Thread 9"             [_thread_blocked, id=18812, stack(0x0000004d37700000,0x0000004d37800000) (1024K)]
  0x0000015bdb8bff40 JavaThread "Unconstrained build operations Thread 72"        [_thread_blocked, id=14496, stack(0x0000004d37800000,0x0000004d37900000) (1024K)]
  0x0000015bdb8bcac0 JavaThread "Unconstrained build operations Thread 73"        [_thread_blocked, id=14008, stack(0x0000004d37900000,0x0000004d37a00000) (1024K)]
  0x0000015bdb8be500 JavaThread "Unconstrained build operations Thread 74"        [_thread_blocked, id=1488, stack(0x0000004d37a00000,0x0000004d37b00000) (1024K)]
  0x0000015bdb8bf8b0 JavaThread "Unconstrained build operations Thread 75"        [_thread_blocked, id=12564, stack(0x0000004d37b00000,0x0000004d37c00000) (1024K)]
  0x0000015bdb8bde70 JavaThread "Unconstrained build operations Thread 76"        [_thread_blocked, id=19944, stack(0x0000004d37c00000,0x0000004d37d00000) (1024K)]
  0x0000015bdb8c05d0 JavaThread "Unconstrained build operations Thread 77"        [_thread_blocked, id=3592, stack(0x0000004d37d00000,0x0000004d37e00000) (1024K)]
  0x0000015bdb8bd150 JavaThread "Unconstrained build operations Thread 78"        [_thread_blocked, id=6184, stack(0x0000004d37e00000,0x0000004d37f00000) (1024K)]
  0x0000015bdb8bd7e0 JavaThread "Unconstrained build operations Thread 79"        [_thread_blocked, id=4664, stack(0x0000004d37f00000,0x0000004d38000000) (1024K)]
  0x0000015bdb193560 JavaThread "Unconstrained build operations Thread 80"        [_thread_blocked, id=20004, stack(0x0000004d38000000,0x0000004d38100000) (1024K)]
  0x0000015bdb191490 JavaThread "Unconstrained build operations Thread 81"        [_thread_blocked, id=21024, stack(0x0000004d38100000,0x0000004d38200000) (1024K)]
  0x0000015bdb191b20 JavaThread "Unconstrained build operations Thread 82"        [_thread_blocked, id=5100, stack(0x0000004d38200000,0x0000004d38300000) (1024K)]
  0x0000015bdb1921b0 JavaThread "Unconstrained build operations Thread 83"        [_thread_blocked, id=19904, stack(0x0000004d38300000,0x0000004d38400000) (1024K)]
  0x0000015bd86ab6f0 JavaThread "Unconstrained build operations Thread 84"        [_thread_blocked, id=19708, stack(0x0000004d38400000,0x0000004d38500000) (1024K)]
  0x0000015bd8295420 JavaThread "Unconstrained build operations Thread 85"        [_thread_blocked, id=21328, stack(0x0000004d38500000,0x0000004d38600000) (1024K)]
  0x0000015bddab5540 JavaThread "Unconstrained build operations Thread 86"        [_thread_blocked, id=7980, stack(0x0000004d38600000,0x0000004d38700000) (1024K)]
  0x0000015bddab2de0 JavaThread "Unconstrained build operations Thread 87"        [_thread_blocked, id=2892, stack(0x0000004d38700000,0x0000004d38800000) (1024K)]
  0x0000015bddab3b00 JavaThread "Unconstrained build operations Thread 88"        [_thread_blocked, id=20420, stack(0x0000004d38800000,0x0000004d38900000) (1024K)]
  0x0000015bddab20c0 JavaThread "Unconstrained build operations Thread 89"        [_thread_blocked, id=18344, stack(0x0000004d38900000,0x0000004d38a00000) (1024K)]
  0x0000015bddab4820 JavaThread "Unconstrained build operations Thread 90"        [_thread_blocked, id=20040, stack(0x0000004d38a00000,0x0000004d38b00000) (1024K)]
  0x0000015bddab2750 JavaThread "Unconstrained build operations Thread 91"        [_thread_blocked, id=12188, stack(0x0000004d38b00000,0x0000004d38c00000) (1024K)]
  0x0000015bddab4190 JavaThread "Unconstrained build operations Thread 92"        [_thread_blocked, id=15272, stack(0x0000004d38c00000,0x0000004d38d00000) (1024K)]
  0x0000015bddab6260 JavaThread "Unconstrained build operations Thread 93"        [_thread_blocked, id=19028, stack(0x0000004d38d00000,0x0000004d38e00000) (1024K)]
  0x0000015bddab5bd0 JavaThread "WorkerExecutor Queue Thread 7"        [_thread_blocked, id=6388, stack(0x0000004d38e00000,0x0000004d38f00000) (1024K)]
  0x0000015bddab68f0 JavaThread "WorkerExecutor Queue Thread 8"        [_thread_blocked, id=16996, stack(0x0000004d38f00000,0x0000004d39000000) (1024K)]
  0x0000015bddab3470 JavaThread "WorkerExecutor Queue Thread 9"        [_thread_blocked, id=16912, stack(0x0000004d39000000,0x0000004d39100000) (1024K)]
  0x0000015bddaba400 JavaThread "WorkerExecutor Queue Thread 10"        [_thread_in_native, id=14052, stack(0x0000004d39100000,0x0000004d39200000) (1024K)]
  0x0000015bddab9d70 JavaThread "WorkerExecutor Queue Thread 11"        [_thread_blocked, id=4636, stack(0x0000004d39200000,0x0000004d39300000) (1024K)]
  0x0000015bddab96e0 JavaThread "Exec process Thread 10"            [_thread_blocked, id=14892, stack(0x0000004d39300000,0x0000004d39400000) (1024K)]
  0x0000015bddab7ca0 JavaThread "Exec process Thread 11"            [_thread_blocked, id=12000, stack(0x0000004d39400000,0x0000004d39500000) (1024K)]
  0x0000015bddab8330 JavaThread "Exec process Thread 12"            [_thread_blocked, id=15748, stack(0x0000004d39500000,0x0000004d39600000) (1024K)]
  0x0000015bddabd880 JavaThread "WorkerExecutor Queue Thread 12"        [_thread_blocked, id=17668, stack(0x0000004d2ec00000,0x0000004d2ed00000) (1024K)]
  0x0000015bddabb120 JavaThread "Unconstrained build operations Thread 94"        [_thread_blocked, id=20988, stack(0x0000004d39700000,0x0000004d39800000) (1024K)]
  0x0000015bddabc4d0 JavaThread "Unconstrained build operations Thread 95"        [_thread_blocked, id=2060, stack(0x0000004d39800000,0x0000004d39900000) (1024K)]
  0x0000015bddabb7b0 JavaThread "Unconstrained build operations Thread 96"        [_thread_blocked, id=18360, stack(0x0000004d39900000,0x0000004d39a00000) (1024K)]
  0x0000015bddabdf10 JavaThread "Unconstrained build operations Thread 97"        [_thread_blocked, id=12712, stack(0x0000004d39a00000,0x0000004d39b00000) (1024K)]
  0x0000015bddabbe40 JavaThread "Unconstrained build operations Thread 98"        [_thread_blocked, id=2524, stack(0x0000004d39b00000,0x0000004d39c00000) (1024K)]
  0x0000015bddabcb60 JavaThread "Unconstrained build operations Thread 99"        [_thread_blocked, id=5628, stack(0x0000004d39c00000,0x0000004d39d00000) (1024K)]
  0x0000015bddabaa90 JavaThread "Unconstrained build operations Thread 100"        [_thread_blocked, id=18580, stack(0x0000004d39d00000,0x0000004d39e00000) (1024K)]
  0x0000015bddac0670 JavaThread "Unconstrained build operations Thread 101"        [_thread_blocked, id=17244, stack(0x0000004d39e00000,0x0000004d39f00000) (1024K)]
  0x0000015bddabd1f0 JavaThread "Unconstrained build operations Thread 102"        [_thread_blocked, id=5968, stack(0x0000004d39f00000,0x0000004d3a000000) (1024K)]
  0x0000015bddabe5a0 JavaThread "Unconstrained build operations Thread 103"        [_thread_blocked, id=15784, stack(0x0000004d3a000000,0x0000004d3a100000) (1024K)]
  0x0000015bddabec30 JavaThread "Unconstrained build operations Thread 104"        [_thread_blocked, id=19748, stack(0x0000004d3a100000,0x0000004d3a200000) (1024K)]
  0x0000015bddabffe0 JavaThread "Unconstrained build operations Thread 105"        [_thread_blocked, id=19884, stack(0x0000004d3a200000,0x0000004d3a300000) (1024K)]
  0x0000015bddac1390 JavaThread "Unconstrained build operations Thread 106"        [_thread_blocked, id=15120, stack(0x0000004d3a300000,0x0000004d3a400000) (1024K)]
  0x0000015bddabf2c0 JavaThread "Unconstrained build operations Thread 107"        [_thread_blocked, id=11564, stack(0x0000004d3a400000,0x0000004d3a500000) (1024K)]
  0x0000015bddabf950 JavaThread "Unconstrained build operations Thread 108"        [_thread_blocked, id=16048, stack(0x0000004d3a500000,0x0000004d3a600000) (1024K)]
  0x0000015bddac0d00 JavaThread "Unconstrained build operations Thread 109"        [_thread_blocked, id=7064, stack(0x0000004d3a600000,0x0000004d3a700000) (1024K)]
  0x0000015bdb194280 JavaThread "Unconstrained build operations Thread 110"        [_thread_blocked, id=18816, stack(0x0000004d3a700000,0x0000004d3a800000) (1024K)]
  0x0000015bdb8beb90 JavaThread "Unconstrained build operations Thread 111"        [_thread_blocked, id=19804, stack(0x0000004d3a800000,0x0000004d3a900000) (1024K)]
  0x0000015bdaab56f0 JavaThread "Unconstrained build operations Thread 112"        [_thread_blocked, id=20080, stack(0x0000004d3a900000,0x0000004d3aa00000) (1024K)]
  0x0000015bdaab6410 JavaThread "Unconstrained build operations Thread 113"        [_thread_blocked, id=4408, stack(0x0000004d3aa00000,0x0000004d3ab00000) (1024K)]
  0x0000015bdaab6aa0 JavaThread "Unconstrained build operations Thread 114"        [_thread_blocked, id=15640, stack(0x0000004d3ab00000,0x0000004d3ac00000) (1024K)]
  0x0000015bdaab77c0 JavaThread "Unconstrained build operations Thread 115"        [_thread_blocked, id=14068, stack(0x0000004d3ac00000,0x0000004d3ad00000) (1024K)]
  0x0000015bdaac1bd0 JavaThread "Unconstrained build operations Thread 116"        [_thread_blocked, id=15792, stack(0x0000004d3ad00000,0x0000004d3ae00000) (1024K)]
  0x0000015bdaac2260 JavaThread "Unconstrained build operations Thread 117"        [_thread_blocked, id=9396, stack(0x0000004d3ae00000,0x0000004d3af00000) (1024K)]
  0x0000015bdaac28f0 JavaThread "Unconstrained build operations Thread 118"        [_thread_blocked, id=1484, stack(0x0000004d3af00000,0x0000004d3b000000) (1024K)]
  0x0000015bdaac2f80 JavaThread "Unconstrained build operations Thread 119"        [_thread_blocked, id=20396, stack(0x0000004d3b000000,0x0000004d3b100000) (1024K)]
  0x0000015bda4c0090 JavaThread "Unconstrained build operations Thread 120"        [_thread_blocked, id=15668, stack(0x0000004d3b100000,0x0000004d3b200000) (1024K)]
=>0x0000015bdd1bb780 JavaThread "C2 CompilerThread1"         daemon [_thread_in_native, id=21396, stack(0x0000004d2eb00000,0x0000004d2ec00000) (1024K)]
  0x0000015bdd1bd2c0 JavaThread "C2 CompilerThread2"         daemon [_thread_in_native, id=19744, stack(0x0000004d39600000,0x0000004d39700000) (1024K)]
  0x0000015bda4c0db0 JavaThread "Cache worker for Java compile cache (C:\Users\vfxno\.gradle\caches\8.13\javaCompile)"        [_thread_blocked, id=7764, stack(0x0000004d3b200000,0x0000004d3b300000) (1024K)]
  0x0000015bda4c0720 JavaThread "Build operations"                  [_thread_blocked, id=18636, stack(0x0000004d3b300000,0x0000004d3b400000) (1024K)]
  0x0000015bda4c1ad0 JavaThread "Build operations Thread 2"         [_thread_blocked, id=19672, stack(0x0000004d3b400000,0x0000004d3b500000) (1024K)]
  0x0000015bda4c2160 JavaThread "Build operations Thread 3"         [_thread_blocked, id=9340, stack(0x0000004d3b500000,0x0000004d3b600000) (1024K)]
  0x0000015bda4c1440 JavaThread "Build operations Thread 4"         [_thread_blocked, id=18616, stack(0x0000004d3b600000,0x0000004d3b700000) (1024K)]
  0x0000015bda4bece0 JavaThread "Build operations Thread 5"         [_thread_blocked, id=19952, stack(0x0000004d3b700000,0x0000004d3b800000) (1024K)]
  0x0000015bda4c27f0 JavaThread "Build operations Thread 6"         [_thread_blocked, id=20676, stack(0x0000004d3b800000,0x0000004d3b900000) (1024K)]
  0x0000015bda4bf370 JavaThread "Build operations Thread 7"         [_thread_blocked, id=8368, stack(0x0000004d3b900000,0x0000004d3ba00000) (1024K)]
  0x0000015bda4c3510 JavaThread "Build operations Thread 8"         [_thread_blocked, id=5492, stack(0x0000004d3ba00000,0x0000004d3bb00000) (1024K)]
  0x0000015bda4c6300 JavaThread "Build operations Thread 9"         [_thread_blocked, id=3580, stack(0x0000004d3bb00000,0x0000004d3bc00000) (1024K)]
  0x0000015bda4c3ba0 JavaThread "Build operations Thread 10"        [_thread_blocked, id=19416, stack(0x0000004d3bc00000,0x0000004d3bd00000) (1024K)]
  0x0000015bda4c2e80 JavaThread "Build operations Thread 11"        [_thread_blocked, id=20924, stack(0x0000004d3bd00000,0x0000004d3be00000) (1024K)]
  0x0000015bddae4e90 JavaThread "pool-3-thread-1"                   [_thread_blocked, id=17072, stack(0x0000004d3be00000,0x0000004d3bf00000) (1024K)]
  0x0000015bddae4800 JavaThread "stderr"                            [_thread_in_native, id=18416, stack(0x0000004d3bf00000,0x0000004d3c000000) (1024K)]
  0x0000015bddae20a0 JavaThread "stdout"                            [_thread_in_native, id=14716, stack(0x0000004d3c000000,0x0000004d3c100000) (1024K)]
  0x0000015bddadf2b0 JavaThread "ForkJoinPool-1-worker-1"    daemon [_thread_blocked, id=21020, stack(0x0000004d3c100000,0x0000004d3c200000) (1024K)]
  0x0000015bddadffd0 JavaThread "ForkJoinPool-1-worker-2"    daemon [_thread_blocked, id=18228, stack(0x0000004d3c200000,0x0000004d3c300000) (1024K)]
  0x0000015bddae0660 JavaThread "ForkJoinPool-1-worker-3"    daemon [_thread_blocked, id=11860, stack(0x0000004d3c300000,0x0000004d3c400000) (1024K)]
  0x0000015bddae0cf0 JavaThread "ForkJoinPool-1-worker-4"    daemon [_thread_blocked, id=16020, stack(0x0000004d3c400000,0x0000004d3c500000) (1024K)]
  0x0000015bddae1380 JavaThread "ForkJoinPool-1-worker-5"    daemon [_thread_blocked, id=8552, stack(0x0000004d3c500000,0x0000004d3c600000) (1024K)]
  0x0000015bddade590 JavaThread "ForkJoinPool-1-worker-6"    daemon [_thread_blocked, id=17556, stack(0x0000004d3c600000,0x0000004d3c700000) (1024K)]
  0x0000015bddadec20 JavaThread "ForkJoinPool-1-worker-7"    daemon [_thread_blocked, id=7756, stack(0x0000004d3c700000,0x0000004d3c800000) (1024K)]
  0x0000015bddae5520 JavaThread "ForkJoinPool-1-worker-8"    daemon [_thread_blocked, id=20872, stack(0x0000004d3c800000,0x0000004d3c900000) (1024K)]
  0x0000015bddae3450 JavaThread "ForkJoinPool-1-worker-10"   daemon [_thread_blocked, id=10644, stack(0x0000004d3c900000,0x0000004d3ca00000) (1024K)]
  0x0000015bddae5bb0 JavaThread "ForkJoinPool-1-worker-9"    daemon [_thread_blocked, id=20880, stack(0x0000004d3ca00000,0x0000004d3cb00000) (1024K)]
  0x0000015bddae2730 JavaThread "ForkJoinPool-1-worker-11"   daemon [_thread_blocked, id=16484, stack(0x0000004d3cb00000,0x0000004d3cc00000) (1024K)]
  0x0000015bddae6240 JavaThread "ForkJoinPool-1-worker-12"   daemon [_thread_blocked, id=9460, stack(0x0000004d3cc00000,0x0000004d3cd00000) (1024K)]
  0x0000015be3e35d30 JavaThread "Build operations Thread 12"        [_thread_blocked, id=20436, stack(0x0000004d3cd00000,0x0000004d3ce00000) (1024K)]
  0x0000015be48fad80 JavaThread "ForkJoinPool.commonPool-worker-1" daemon [_thread_blocked, id=20092, stack(0x0000004d3ce00000,0x0000004d3cf00000) (1024K)]
  0x0000015be367bf10 JavaThread "ForkJoinPool.commonPool-worker-2" daemon [_thread_blocked, id=17988, stack(0x0000004d3cf00000,0x0000004d3d000000) (1024K)]
  0x0000015be482dae0 JavaThread "ForkJoinPool.commonPool-worker-3" daemon [_thread_blocked, id=6208, stack(0x0000004d3d000000,0x0000004d3d100000) (1024K)]
  0x0000015bd9f9a5e0 JavaThread "ForkJoinPool.commonPool-worker-4" daemon [_thread_blocked, id=20528, stack(0x0000004d3d100000,0x0000004d3d200000) (1024K)]
  0x0000015be48fb410 JavaThread "ForkJoinPool.commonPool-worker-5" daemon [_thread_blocked, id=20412, stack(0x0000004d3d200000,0x0000004d3d300000) (1024K)]
  0x0000015be3e51b70 JavaThread "ForkJoinPool.commonPool-worker-6" daemon [_thread_blocked, id=15084, stack(0x0000004d3d300000,0x0000004d3d400000) (1024K)]
  0x0000015be34195e0 JavaThread "ForkJoinPool.commonPool-worker-7" daemon [_thread_blocked, id=10204, stack(0x0000004d3d400000,0x0000004d3d500000) (1024K)]
  0x0000015bdb639310 JavaThread "ForkJoinPool.commonPool-worker-8" daemon [_thread_blocked, id=19528, stack(0x0000004d3d500000,0x0000004d3d600000) (1024K)]
  0x0000015be5fe1250 JavaThread "ForkJoinPool.commonPool-worker-9" daemon [_thread_blocked, id=5220, stack(0x0000004d3d800000,0x0000004d3d900000) (1024K)]
  0x0000015be5ff5f60 JavaThread "ForkJoinPool.commonPool-worker-10" daemon [_thread_blocked, id=18588, stack(0x0000004d3d900000,0x0000004d3da00000) (1024K)]
  0x0000015be3e4e6f0 JavaThread "ForkJoinPool.commonPool-worker-11" daemon [_thread_blocked, id=14480, stack(0x0000004d3da00000,0x0000004d3db00000) (1024K)]
Total: 238

Other Threads:
  0x0000015bfedecc20 VMThread "VM Thread"                           [id=17068, stack(0x0000004d2e000000,0x0000004d2e100000) (1024K)]
  0x0000015bfedda030 WatcherThread "VM Periodic Task Thread"        [id=15008, stack(0x0000004d2df00000,0x0000004d2e000000) (1024K)]
  0x0000015bf2234250 WorkerThread "GC Thread#0"                     [id=21500, stack(0x0000004d2da00000,0x0000004d2db00000) (1024K)]
  0x0000015bff9818f0 WorkerThread "GC Thread#1"                     [id=13032, stack(0x0000004d2ed00000,0x0000004d2ee00000) (1024K)]
  0x0000015bff8dc3c0 WorkerThread "GC Thread#2"                     [id=21312, stack(0x0000004d2ee00000,0x0000004d2ef00000) (1024K)]
  0x0000015bff8dc760 WorkerThread "GC Thread#3"                     [id=17156, stack(0x0000004d2ef00000,0x0000004d2f000000) (1024K)]
  0x0000015bff8dcb00 WorkerThread "GC Thread#4"                     [id=20936, stack(0x0000004d2f000000,0x0000004d2f100000) (1024K)]
  0x0000015bff8dcea0 WorkerThread "GC Thread#5"                     [id=17972, stack(0x0000004d2f100000,0x0000004d2f200000) (1024K)]
  0x0000015bd7975230 WorkerThread "GC Thread#6"                     [id=18948, stack(0x0000004d2f400000,0x0000004d2f500000) (1024K)]
  0x0000015bd79755d0 WorkerThread "GC Thread#7"                     [id=7992, stack(0x0000004d2f500000,0x0000004d2f600000) (1024K)]
  0x0000015bd7906850 WorkerThread "GC Thread#8"                     [id=4136, stack(0x0000004d2f600000,0x0000004d2f700000) (1024K)]
  0x0000015bd7906110 WorkerThread "GC Thread#9"                     [id=15216, stack(0x0000004d2f700000,0x0000004d2f800000) (1024K)]
  0x0000015bf2242150 ConcurrentGCThread "G1 Main Marker"            [id=18352, stack(0x0000004d2db00000,0x0000004d2dc00000) (1024K)]
  0x0000015bf22441f0 WorkerThread "G1 Conc#0"                       [id=4588, stack(0x0000004d2dc00000,0x0000004d2dd00000) (1024K)]
  0x0000015bd7905630 WorkerThread "G1 Conc#1"                       [id=21380, stack(0x0000004d30300000,0x0000004d30400000) (1024K)]
  0x0000015bda995fe0 WorkerThread "G1 Conc#2"                       [id=17020, stack(0x0000004d30400000,0x0000004d30500000) (1024K)]
  0x0000015bfecb1860 ConcurrentGCThread "G1 Refine#0"               [id=13824, stack(0x0000004d2dd00000,0x0000004d2de00000) (1024K)]
  0x0000015bf229e2d0 ConcurrentGCThread "G1 Service"                [id=9564, stack(0x0000004d2de00000,0x0000004d2df00000) (1024K)]
Total: 18

Threads with active compile tasks:
C2 CompilerThread0  49232 38576       4       com.android.tools.r8.graph.J3::d (519 bytes)
C2 CompilerThread1  49232 38460 %     4       com.android.tools.r8.internal.de::a @ 2725 (4509 bytes)
C2 CompilerThread2  49232 38701       4       java.lang.Class::getMethodsRecursive (99 bytes)
Total: 3

VM state: not at safepoint (normal execution)

VM Mutex/Monitor currently owned by a thread: None

Heap address: 0x0000000740000000, size: 3072 MB, Compressed Oops mode: Zero based, Oop shift amount: 3

CDS archive(s) mapped at: [0x0000015b91000000-0x0000015b91c80000-0x0000015b91c80000), size 13107200, SharedBaseAddress: 0x0000015b91000000, ArchiveRelocationMode: 1.
Compressed class space mapped at: 0x0000015b92000000-0x0000015bd2000000, reserved size: 1073741824
Narrow klass base: 0x0000015b91000000, Narrow klass shift: 0, Narrow klass range: 0x100000000

GC Precious Log:
 CardTable entry size: 512
 Card Set container configuration: InlinePtr #cards 4 size 8 Array Of Cards #cards 16 size 48 Howl #buckets 8 coarsen threshold 3686 Howl Bitmap #cards 512 size 80 coarsen threshold 460 Card regions per heap region 1 cards per card region 4096
 CPUs: 12 total, 12 available
 Memory: 16096M
 Large Page Support: Disabled
 NUMA Support: Disabled
 Compressed Oops: Enabled (Zero based)
 Heap Region Size: 2M
 Heap Min Capacity: 8M
 Heap Initial Capacity: 252M
 Heap Max Capacity: 3G
 Pre-touch: Disabled
 Parallel Workers: 10
 Concurrent Workers: 3
 Concurrent Refinement Workers: 10
 Periodic GC: Disabled

Heap:
 garbage-first heap   total 1552384K, used 1433709K [0x0000000740000000, 0x0000000800000000)
  region size 2048K, 403 young (825344K), 23 survivors (47104K)
 Metaspace       used 156053K, committed 158656K, reserved 1245184K
  class space    used 21197K, committed 22464K, reserved 1048576K

Heap Regions: E=young(eden), S=young(survivor), O=old, HS=humongous(starts), HC=humongous(continues), CS=collection set, F=free, TAMS=top-at-mark-start, PB=parsable bottom
|   0|0x0000000740000000, 0x0000000740200000, 0x0000000740200000|100%|HS|  |TAMS 0x0000000740000000| PB 0x0000000740000000| Complete 
|   1|0x0000000740200000, 0x0000000740400000, 0x0000000740400000|100%|HC|  |TAMS 0x0000000740200000| PB 0x0000000740200000| Complete 
|   2|0x0000000740400000, 0x0000000740600000, 0x0000000740600000|100%| O|  |TAMS 0x0000000740400000| PB 0x0000000740400000| Untracked 
|   3|0x0000000740600000, 0x0000000740800000, 0x0000000740800000|100%| O|  |TAMS 0x0000000740600000| PB 0x0000000740600000| Untracked 
|   4|0x0000000740800000, 0x0000000740a00000, 0x0000000740a00000|100%| O|  |TAMS 0x0000000740800000| PB 0x0000000740800000| Untracked 
|   5|0x0000000740a00000, 0x0000000740c00000, 0x0000000740c00000|100%| O|  |TAMS 0x0000000740a00000| PB 0x0000000740a00000| Untracked 
|   6|0x0000000740c00000, 0x0000000740e00000, 0x0000000740e00000|100%| O|  |TAMS 0x0000000740c00000| PB 0x0000000740c00000| Untracked 
|   7|0x0000000740e00000, 0x0000000741000000, 0x0000000741000000|100%| O|  |TAMS 0x0000000740e00000| PB 0x0000000740e00000| Untracked 
|   8|0x0000000741000000, 0x0000000741200000, 0x0000000741200000|100%| O|  |TAMS 0x0000000741000000| PB 0x0000000741000000| Untracked 
|   9|0x0000000741200000, 0x0000000741400000, 0x0000000741400000|100%| O|  |TAMS 0x0000000741200000| PB 0x0000000741200000| Untracked 
|  10|0x0000000741400000, 0x0000000741600000, 0x0000000741600000|100%| O|  |TAMS 0x0000000741400000| PB 0x0000000741400000| Untracked 
|  11|0x0000000741600000, 0x0000000741800000, 0x0000000741800000|100%| O|  |TAMS 0x0000000741600000| PB 0x0000000741600000| Untracked 
|  12|0x0000000741800000, 0x0000000741a00000, 0x0000000741a00000|100%| O|  |TAMS 0x0000000741800000| PB 0x0000000741800000| Untracked 
|  13|0x0000000741a00000, 0x0000000741c00000, 0x0000000741c00000|100%| O|  |TAMS 0x0000000741a00000| PB 0x0000000741a00000| Untracked 
|  14|0x0000000741c00000, 0x0000000741e00000, 0x0000000741e00000|100%| O|  |TAMS 0x0000000741c00000| PB 0x0000000741c00000| Untracked 
|  15|0x0000000741e00000, 0x0000000742000000, 0x0000000742000000|100%| O|  |TAMS 0x0000000741e00000| PB 0x0000000741e00000| Untracked 
|  16|0x0000000742000000, 0x0000000742200000, 0x0000000742200000|100%| O|  |TAMS 0x0000000742000000| PB 0x0000000742000000| Untracked 
|  17|0x0000000742200000, 0x0000000742400000, 0x0000000742400000|100%| O|  |TAMS 0x0000000742200000| PB 0x0000000742200000| Untracked 
|  18|0x0000000742400000, 0x0000000742600000, 0x0000000742600000|100%| O|  |TAMS 0x0000000742400000| PB 0x0000000742400000| Untracked 
|  19|0x0000000742600000, 0x0000000742800000, 0x0000000742800000|100%| O|  |TAMS 0x0000000742600000| PB 0x0000000742600000| Untracked 
|  20|0x0000000742800000, 0x0000000742a00000, 0x0000000742a00000|100%| O|  |TAMS 0x0000000742800000| PB 0x0000000742800000| Untracked 
|  21|0x0000000742a00000, 0x0000000742c00000, 0x0000000742c00000|100%| O|  |TAMS 0x0000000742a00000| PB 0x0000000742a00000| Untracked 
|  22|0x0000000742c00000, 0x0000000742e00000, 0x0000000742e00000|100%| O|  |TAMS 0x0000000742c00000| PB 0x0000000742c00000| Untracked 
|  23|0x0000000742e00000, 0x0000000743000000, 0x0000000743000000|100%| O|  |TAMS 0x0000000742e00000| PB 0x0000000742e00000| Untracked 
|  24|0x0000000743000000, 0x0000000743200000, 0x0000000743200000|100%| O|  |TAMS 0x0000000743000000| PB 0x0000000743000000| Untracked 
|  25|0x0000000743200000, 0x0000000743400000, 0x0000000743400000|100%| O|  |TAMS 0x0000000743200000| PB 0x0000000743200000| Untracked 
|  26|0x0000000743400000, 0x0000000743600000, 0x0000000743600000|100%| O|  |TAMS 0x0000000743400000| PB 0x0000000743400000| Untracked 
|  27|0x0000000743600000, 0x0000000743800000, 0x0000000743800000|100%| O|  |TAMS 0x0000000743600000| PB 0x0000000743600000| Untracked 
|  28|0x0000000743800000, 0x0000000743a00000, 0x0000000743a00000|100%| O|  |TAMS 0x0000000743800000| PB 0x0000000743800000| Untracked 
|  29|0x0000000743a00000, 0x0000000743c00000, 0x0000000743c00000|100%| O|  |TAMS 0x0000000743a00000| PB 0x0000000743a00000| Untracked 
|  30|0x0000000743c00000, 0x0000000743e00000, 0x0000000743e00000|100%| O|  |TAMS 0x0000000743c00000| PB 0x0000000743c00000| Untracked 
|  31|0x0000000743e00000, 0x0000000744000000, 0x0000000744000000|100%| O|  |TAMS 0x0000000743e00000| PB 0x0000000743e00000| Untracked 
|  32|0x0000000744000000, 0x0000000744200000, 0x0000000744200000|100%| O|  |TAMS 0x0000000744000000| PB 0x0000000744000000| Untracked 
|  33|0x0000000744200000, 0x0000000744400000, 0x0000000744400000|100%| O|  |TAMS 0x0000000744200000| PB 0x0000000744200000| Untracked 
|  34|0x0000000744400000, 0x0000000744600000, 0x0000000744600000|100%| O|  |TAMS 0x0000000744400000| PB 0x0000000744400000| Untracked 
|  35|0x0000000744600000, 0x0000000744800000, 0x0000000744800000|100%| O|  |TAMS 0x0000000744600000| PB 0x0000000744600000| Untracked 
|  36|0x0000000744800000, 0x0000000744a00000, 0x0000000744a00000|100%| O|  |TAMS 0x0000000744800000| PB 0x0000000744800000| Untracked 
|  37|0x0000000744a00000, 0x0000000744c00000, 0x0000000744c00000|100%| O|  |TAMS 0x0000000744a00000| PB 0x0000000744a00000| Untracked 
|  38|0x0000000744c00000, 0x0000000744e00000, 0x0000000744e00000|100%| O|  |TAMS 0x0000000744c00000| PB 0x0000000744c00000| Untracked 
|  39|0x0000000744e00000, 0x0000000745000000, 0x0000000745000000|100%| O|  |TAMS 0x0000000744e00000| PB 0x0000000744e00000| Untracked 
|  40|0x0000000745000000, 0x0000000745200000, 0x0000000745200000|100%| O|  |TAMS 0x0000000745000000| PB 0x0000000745000000| Untracked 
|  41|0x0000000745200000, 0x0000000745400000, 0x0000000745400000|100%| O|  |TAMS 0x0000000745200000| PB 0x0000000745200000| Untracked 
|  42|0x0000000745400000, 0x0000000745600000, 0x0000000745600000|100%| O|  |TAMS 0x0000000745400000| PB 0x0000000745400000| Untracked 
|  43|0x0000000745600000, 0x0000000745800000, 0x0000000745800000|100%| O|  |TAMS 0x0000000745600000| PB 0x0000000745600000| Untracked 
|  44|0x0000000745800000, 0x0000000745a00000, 0x0000000745a00000|100%| O|  |TAMS 0x0000000745800000| PB 0x0000000745800000| Untracked 
|  45|0x0000000745a00000, 0x0000000745c00000, 0x0000000745c00000|100%| O|  |TAMS 0x0000000745a00000| PB 0x0000000745a00000| Untracked 
|  46|0x0000000745c00000, 0x0000000745e00000, 0x0000000745e00000|100%| O|  |TAMS 0x0000000745c00000| PB 0x0000000745c00000| Untracked 
|  47|0x0000000745e00000, 0x0000000746000000, 0x0000000746000000|100%| O|  |TAMS 0x0000000745e00000| PB 0x0000000745e00000| Untracked 
|  48|0x0000000746000000, 0x0000000746200000, 0x0000000746200000|100%| O|  |TAMS 0x0000000746000000| PB 0x0000000746000000| Untracked 
|  49|0x0000000746200000, 0x0000000746400000, 0x0000000746400000|100%| O|  |TAMS 0x0000000746200000| PB 0x0000000746200000| Untracked 
|  50|0x0000000746400000, 0x0000000746600000, 0x0000000746600000|100%| O|  |TAMS 0x0000000746400000| PB 0x0000000746400000| Untracked 
|  51|0x0000000746600000, 0x0000000746800000, 0x0000000746800000|100%| O|  |TAMS 0x0000000746600000| PB 0x0000000746600000| Untracked 
|  52|0x0000000746800000, 0x0000000746a00000, 0x0000000746a00000|100%| O|  |TAMS 0x0000000746800000| PB 0x0000000746800000| Untracked 
|  53|0x0000000746a00000, 0x0000000746c00000, 0x0000000746c00000|100%| O|  |TAMS 0x0000000746a00000| PB 0x0000000746a00000| Untracked 
|  54|0x0000000746c00000, 0x0000000746e00000, 0x0000000746e00000|100%| O|  |TAMS 0x0000000746c00000| PB 0x0000000746c00000| Untracked 
|  55|0x0000000746e00000, 0x0000000747000000, 0x0000000747000000|100%| O|  |TAMS 0x0000000746e00000| PB 0x0000000746e00000| Untracked 
|  56|0x0000000747000000, 0x0000000747200000, 0x0000000747200000|100%| O|  |TAMS 0x0000000747000000| PB 0x0000000747000000| Untracked 
|  57|0x0000000747200000, 0x0000000747400000, 0x0000000747400000|100%| O|  |TAMS 0x0000000747200000| PB 0x0000000747200000| Untracked 
|  58|0x0000000747400000, 0x0000000747600000, 0x0000000747600000|100%| O|  |TAMS 0x0000000747400000| PB 0x0000000747400000| Untracked 
|  59|0x0000000747600000, 0x0000000747800000, 0x0000000747800000|100%| O|  |TAMS 0x0000000747600000| PB 0x0000000747600000| Untracked 
|  60|0x0000000747800000, 0x0000000747a00000, 0x0000000747a00000|100%| O|  |TAMS 0x0000000747800000| PB 0x0000000747800000| Untracked 
|  61|0x0000000747a00000, 0x0000000747c00000, 0x0000000747c00000|100%| O|  |TAMS 0x0000000747a00000| PB 0x0000000747a00000| Untracked 
|  62|0x0000000747c00000, 0x0000000747e00000, 0x0000000747e00000|100%| O|  |TAMS 0x0000000747c00000| PB 0x0000000747c00000| Untracked 
|  63|0x0000000747e00000, 0x0000000748000000, 0x0000000748000000|100%| O|  |TAMS 0x0000000747e00000| PB 0x0000000747e00000| Untracked 
|  64|0x0000000748000000, 0x0000000748200000, 0x0000000748200000|100%| O|  |TAMS 0x0000000748000000| PB 0x0000000748000000| Untracked 
|  65|0x0000000748200000, 0x0000000748400000, 0x0000000748400000|100%| O|  |TAMS 0x0000000748200000| PB 0x0000000748200000| Untracked 
|  66|0x0000000748400000, 0x0000000748600000, 0x0000000748600000|100%| O|  |TAMS 0x0000000748400000| PB 0x0000000748400000| Untracked 
|  67|0x0000000748600000, 0x0000000748800000, 0x0000000748800000|100%| O|  |TAMS 0x0000000748600000| PB 0x0000000748600000| Untracked 
|  68|0x0000000748800000, 0x0000000748a00000, 0x0000000748a00000|100%| O|  |TAMS 0x0000000748800000| PB 0x0000000748800000| Untracked 
|  69|0x0000000748a00000, 0x0000000748c00000, 0x0000000748c00000|100%| O|  |TAMS 0x0000000748a00000| PB 0x0000000748a00000| Untracked 
|  70|0x0000000748c00000, 0x0000000748e00000, 0x0000000748e00000|100%| O|  |TAMS 0x0000000748c00000| PB 0x0000000748c00000| Untracked 
|  71|0x0000000748e00000, 0x0000000749000000, 0x0000000749000000|100%| O|  |TAMS 0x0000000748e00000| PB 0x0000000748e00000| Untracked 
|  72|0x0000000749000000, 0x0000000749200000, 0x0000000749200000|100%| O|  |TAMS 0x0000000749000000| PB 0x0000000749000000| Untracked 
|  73|0x0000000749200000, 0x0000000749400000, 0x0000000749400000|100%|HS|  |TAMS 0x0000000749200000| PB 0x0000000749200000| Complete 
|  74|0x0000000749400000, 0x0000000749600000, 0x0000000749600000|100%|HS|  |TAMS 0x0000000749400000| PB 0x0000000749400000| Complete 
|  75|0x0000000749600000, 0x0000000749800000, 0x0000000749800000|100%| O|  |TAMS 0x0000000749600000| PB 0x0000000749600000| Untracked 
|  76|0x0000000749800000, 0x0000000749a00000, 0x0000000749a00000|100%| O|  |TAMS 0x0000000749800000| PB 0x0000000749800000| Untracked 
|  77|0x0000000749a00000, 0x0000000749c00000, 0x0000000749c00000|100%| O|  |TAMS 0x0000000749a00000| PB 0x0000000749a00000| Untracked 
|  78|0x0000000749c00000, 0x0000000749e00000, 0x0000000749e00000|100%| O|  |TAMS 0x0000000749c00000| PB 0x0000000749c00000| Untracked 
|  79|0x0000000749e00000, 0x000000074a000000, 0x000000074a000000|100%| O|  |TAMS 0x0000000749e00000| PB 0x0000000749e00000| Untracked 
|  80|0x000000074a000000, 0x000000074a200000, 0x000000074a200000|100%| O|  |TAMS 0x000000074a000000| PB 0x000000074a000000| Untracked 
|  81|0x000000074a200000, 0x000000074a400000, 0x000000074a400000|100%| O|  |TAMS 0x000000074a200000| PB 0x000000074a200000| Untracked 
|  82|0x000000074a400000, 0x000000074a600000, 0x000000074a600000|100%| O|  |TAMS 0x000000074a400000| PB 0x000000074a400000| Untracked 
|  83|0x000000074a600000, 0x000000074a800000, 0x000000074a800000|100%| O|  |TAMS 0x000000074a600000| PB 0x000000074a600000| Untracked 
|  84|0x000000074a800000, 0x000000074aa00000, 0x000000074aa00000|100%| O|  |TAMS 0x000000074a800000| PB 0x000000074a800000| Untracked 
|  85|0x000000074aa00000, 0x000000074ac00000, 0x000000074ac00000|100%| O|  |TAMS 0x000000074aa00000| PB 0x000000074aa00000| Untracked 
|  86|0x000000074ac00000, 0x000000074ae00000, 0x000000074ae00000|100%| O|  |TAMS 0x000000074ac00000| PB 0x000000074ac00000| Untracked 
|  87|0x000000074ae00000, 0x000000074b000000, 0x000000074b000000|100%| O|  |TAMS 0x000000074ae00000| PB 0x000000074ae00000| Untracked 
|  88|0x000000074b000000, 0x000000074b200000, 0x000000074b200000|100%| O|  |TAMS 0x000000074b000000| PB 0x000000074b000000| Untracked 
|  89|0x000000074b200000, 0x000000074b400000, 0x000000074b400000|100%| O|  |TAMS 0x000000074b200000| PB 0x000000074b200000| Untracked 
|  90|0x000000074b400000, 0x000000074b600000, 0x000000074b600000|100%| O|Cm|TAMS 0x000000074b400000| PB 0x000000074b400000| Complete 
|  91|0x000000074b600000, 0x000000074b800000, 0x000000074b800000|100%| O|  |TAMS 0x000000074b600000| PB 0x000000074b600000| Untracked 
|  92|0x000000074b800000, 0x000000074ba00000, 0x000000074ba00000|100%| O|  |TAMS 0x000000074b800000| PB 0x000000074b800000| Untracked 
|  93|0x000000074ba00000, 0x000000074bc00000, 0x000000074bc00000|100%| O|  |TAMS 0x000000074ba00000| PB 0x000000074ba00000| Untracked 
|  94|0x000000074bc00000, 0x000000074be00000, 0x000000074be00000|100%| O|  |TAMS 0x000000074bc00000| PB 0x000000074bc00000| Untracked 
|  95|0x000000074be00000, 0x000000074c000000, 0x000000074c000000|100%| O|  |TAMS 0x000000074be00000| PB 0x000000074be00000| Untracked 
|  96|0x000000074c000000, 0x000000074c200000, 0x000000074c200000|100%| O|  |TAMS 0x000000074c000000| PB 0x000000074c000000| Untracked 
|  97|0x000000074c200000, 0x000000074c400000, 0x000000074c400000|100%| O|  |TAMS 0x000000074c200000| PB 0x000000074c200000| Untracked 
|  98|0x000000074c400000, 0x000000074c600000, 0x000000074c600000|100%| O|  |TAMS 0x000000074c400000| PB 0x000000074c400000| Untracked 
|  99|0x000000074c600000, 0x000000074c800000, 0x000000074c800000|100%| O|  |TAMS 0x000000074c600000| PB 0x000000074c600000| Untracked 
| 100|0x000000074c800000, 0x000000074ca00000, 0x000000074ca00000|100%| O|  |TAMS 0x000000074c800000| PB 0x000000074c800000| Untracked 
| 101|0x000000074ca00000, 0x000000074cc00000, 0x000000074cc00000|100%| O|  |TAMS 0x000000074ca00000| PB 0x000000074ca00000| Untracked 
| 102|0x000000074cc00000, 0x000000074ce00000, 0x000000074ce00000|100%| O|  |TAMS 0x000000074cc00000| PB 0x000000074cc00000| Untracked 
| 103|0x000000074ce00000, 0x000000074d000000, 0x000000074d000000|100%| O|  |TAMS 0x000000074ce00000| PB 0x000000074ce00000| Untracked 
| 104|0x000000074d000000, 0x000000074d200000, 0x000000074d200000|100%| O|  |TAMS 0x000000074d000000| PB 0x000000074d000000| Untracked 
| 105|0x000000074d200000, 0x000000074d400000, 0x000000074d400000|100%| O|  |TAMS 0x000000074d200000| PB 0x000000074d200000| Untracked 
| 106|0x000000074d400000, 0x000000074d600000, 0x000000074d600000|100%| O|  |TAMS 0x000000074d400000| PB 0x000000074d400000| Untracked 
| 107|0x000000074d600000, 0x000000074d800000, 0x000000074d800000|100%| O|  |TAMS 0x000000074d600000| PB 0x000000074d600000| Untracked 
| 108|0x000000074d800000, 0x000000074da00000, 0x000000074da00000|100%| O|  |TAMS 0x000000074d800000| PB 0x000000074d800000| Untracked 
| 109|0x000000074da00000, 0x000000074dc00000, 0x000000074dc00000|100%| O|  |TAMS 0x000000074da00000| PB 0x000000074da00000| Untracked 
| 110|0x000000074dc00000, 0x000000074de00000, 0x000000074de00000|100%| O|  |TAMS 0x000000074dc00000| PB 0x000000074dc00000| Untracked 
| 111|0x000000074de00000, 0x000000074e000000, 0x000000074e000000|100%| O|  |TAMS 0x000000074de00000| PB 0x000000074de00000| Untracked 
| 112|0x000000074e000000, 0x000000074e200000, 0x000000074e200000|100%| O|  |TAMS 0x000000074e000000| PB 0x000000074e000000| Untracked 
| 113|0x000000074e200000, 0x000000074e400000, 0x000000074e400000|100%| O|  |TAMS 0x000000074e200000| PB 0x000000074e200000| Untracked 
| 114|0x000000074e400000, 0x000000074e600000, 0x000000074e600000|100%| O|  |TAMS 0x000000074e400000| PB 0x000000074e400000| Untracked 
| 115|0x000000074e600000, 0x000000074e800000, 0x000000074e800000|100%| O|  |TAMS 0x000000074e600000| PB 0x000000074e600000| Untracked 
| 116|0x000000074e800000, 0x000000074ea00000, 0x000000074ea00000|100%| O|  |TAMS 0x000000074e800000| PB 0x000000074e800000| Untracked 
| 117|0x000000074ea00000, 0x000000074ec00000, 0x000000074ec00000|100%| O|  |TAMS 0x000000074ea00000| PB 0x000000074ea00000| Untracked 
| 118|0x000000074ec00000, 0x000000074ee00000, 0x000000074ee00000|100%| O|  |TAMS 0x000000074ec00000| PB 0x000000074ec00000| Untracked 
| 119|0x000000074ee00000, 0x000000074f000000, 0x000000074f000000|100%| O|  |TAMS 0x000000074ee00000| PB 0x000000074ee00000| Untracked 
| 120|0x000000074f000000, 0x000000074f200000, 0x000000074f200000|100%| O|  |TAMS 0x000000074f000000| PB 0x000000074f000000| Untracked 
| 121|0x000000074f200000, 0x000000074f400000, 0x000000074f400000|100%| O|  |TAMS 0x000000074f200000| PB 0x000000074f200000| Untracked 
| 122|0x000000074f400000, 0x000000074f600000, 0x000000074f600000|100%| O|  |TAMS 0x000000074f400000| PB 0x000000074f400000| Untracked 
| 123|0x000000074f600000, 0x000000074f800000, 0x000000074f800000|100%| O|  |TAMS 0x000000074f600000| PB 0x000000074f600000| Untracked 
| 124|0x000000074f800000, 0x000000074fa00000, 0x000000074fa00000|100%| O|  |TAMS 0x000000074f800000| PB 0x000000074f800000| Untracked 
| 125|0x000000074fa00000, 0x000000074fc00000, 0x000000074fc00000|100%| O|  |TAMS 0x000000074fa00000| PB 0x000000074fa00000| Untracked 
| 126|0x000000074fc00000, 0x000000074fe00000, 0x000000074fe00000|100%| O|  |TAMS 0x000000074fc00000| PB 0x000000074fc00000| Untracked 
| 127|0x000000074fe00000, 0x0000000750000000, 0x0000000750000000|100%| O|  |TAMS 0x000000074fe00000| PB 0x000000074fe00000| Untracked 
| 128|0x0000000750000000, 0x0000000750200000, 0x0000000750200000|100%| O|  |TAMS 0x0000000750000000| PB 0x0000000750000000| Untracked 
| 129|0x0000000750200000, 0x0000000750400000, 0x0000000750400000|100%| O|  |TAMS 0x0000000750200000| PB 0x0000000750200000| Untracked 
| 130|0x0000000750400000, 0x0000000750600000, 0x0000000750600000|100%| O|  |TAMS 0x0000000750400000| PB 0x0000000750400000| Untracked 
| 131|0x0000000750600000, 0x0000000750800000, 0x0000000750800000|100%| O|  |TAMS 0x0000000750600000| PB 0x0000000750600000| Untracked 
| 132|0x0000000750800000, 0x0000000750a00000, 0x0000000750a00000|100%| O|  |TAMS 0x0000000750800000| PB 0x0000000750800000| Untracked 
| 133|0x0000000750a00000, 0x0000000750c00000, 0x0000000750c00000|100%|HS|  |TAMS 0x0000000750a00000| PB 0x0000000750a00000| Complete 
| 134|0x0000000750c00000, 0x0000000750e00000, 0x0000000750e00000|100%| O|  |TAMS 0x0000000750c00000| PB 0x0000000750c00000| Untracked 
| 135|0x0000000750e00000, 0x0000000751000000, 0x0000000751000000|100%| O|  |TAMS 0x0000000750e00000| PB 0x0000000750e00000| Untracked 
| 136|0x0000000751000000, 0x0000000751200000, 0x0000000751200000|100%| O|  |TAMS 0x0000000751000000| PB 0x0000000751000000| Untracked 
| 137|0x0000000751200000, 0x0000000751400000, 0x0000000751400000|100%| O|  |TAMS 0x0000000751200000| PB 0x0000000751200000| Untracked 
| 138|0x0000000751400000, 0x0000000751600000, 0x0000000751600000|100%| O|  |TAMS 0x0000000751400000| PB 0x0000000751400000| Untracked 
| 139|0x0000000751600000, 0x0000000751800000, 0x0000000751800000|100%| O|  |TAMS 0x0000000751600000| PB 0x0000000751600000| Untracked 
| 140|0x0000000751800000, 0x0000000751a00000, 0x0000000751a00000|100%| O|  |TAMS 0x0000000751800000| PB 0x0000000751800000| Untracked 
| 141|0x0000000751a00000, 0x0000000751c00000, 0x0000000751c00000|100%| O|  |TAMS 0x0000000751a00000| PB 0x0000000751a00000| Untracked 
| 142|0x0000000751c00000, 0x0000000751e00000, 0x0000000751e00000|100%| O|  |TAMS 0x0000000751c00000| PB 0x0000000751c00000| Untracked 
| 143|0x0000000751e00000, 0x0000000752000000, 0x0000000752000000|100%| O|  |TAMS 0x0000000751e00000| PB 0x0000000751e00000| Untracked 
| 144|0x0000000752000000, 0x0000000752200000, 0x0000000752200000|100%| O|  |TAMS 0x0000000752000000| PB 0x0000000752000000| Untracked 
| 145|0x0000000752200000, 0x0000000752400000, 0x0000000752400000|100%| O|  |TAMS 0x0000000752200000| PB 0x0000000752200000| Untracked 
| 146|0x0000000752400000, 0x0000000752600000, 0x0000000752600000|100%|HS|  |TAMS 0x0000000752400000| PB 0x0000000752400000| Complete 
| 147|0x0000000752600000, 0x0000000752800000, 0x0000000752800000|100%|HS|  |TAMS 0x0000000752600000| PB 0x0000000752600000| Complete 
| 148|0x0000000752800000, 0x0000000752a00000, 0x0000000752a00000|100%|HS|  |TAMS 0x0000000752800000| PB 0x0000000752800000| Complete 
| 149|0x0000000752a00000, 0x0000000752c00000, 0x0000000752c00000|100%| O|  |TAMS 0x0000000752a00000| PB 0x0000000752a00000| Untracked 
| 150|0x0000000752c00000, 0x0000000752e00000, 0x0000000752e00000|100%| O|  |TAMS 0x0000000752c00000| PB 0x0000000752c00000| Untracked 
| 151|0x0000000752e00000, 0x0000000753000000, 0x0000000753000000|100%| O|  |TAMS 0x0000000752e00000| PB 0x0000000752e00000| Untracked 
| 152|0x0000000753000000, 0x0000000753200000, 0x0000000753200000|100%| O|  |TAMS 0x0000000753000000| PB 0x0000000753000000| Untracked 
| 153|0x0000000753200000, 0x0000000753400000, 0x0000000753400000|100%| O|Cm|TAMS 0x0000000753200000| PB 0x0000000753200000| Complete 
| 154|0x0000000753400000, 0x0000000753600000, 0x0000000753600000|100%| O|  |TAMS 0x0000000753400000| PB 0x0000000753400000| Untracked 
| 155|0x0000000753600000, 0x0000000753800000, 0x0000000753800000|100%| O|  |TAMS 0x0000000753600000| PB 0x0000000753600000| Untracked 
| 156|0x0000000753800000, 0x0000000753a00000, 0x0000000753a00000|100%| O|  |TAMS 0x0000000753800000| PB 0x0000000753800000| Untracked 
| 157|0x0000000753a00000, 0x0000000753c00000, 0x0000000753c00000|100%| O|  |TAMS 0x0000000753a00000| PB 0x0000000753a00000| Untracked 
| 158|0x0000000753c00000, 0x0000000753e00000, 0x0000000753e00000|100%| O|  |TAMS 0x0000000753c00000| PB 0x0000000753c00000| Untracked 
| 159|0x0000000753e00000, 0x0000000754000000, 0x0000000754000000|100%| O|  |TAMS 0x0000000753e00000| PB 0x0000000753e00000| Untracked 
| 160|0x0000000754000000, 0x0000000754200000, 0x0000000754200000|100%| O|  |TAMS 0x0000000754000000| PB 0x0000000754000000| Untracked 
| 161|0x0000000754200000, 0x0000000754400000, 0x0000000754400000|100%| O|  |TAMS 0x0000000754200000| PB 0x0000000754200000| Untracked 
| 162|0x0000000754400000, 0x0000000754600000, 0x0000000754600000|100%|HS|  |TAMS 0x0000000754400000| PB 0x0000000754400000| Complete 
| 163|0x0000000754600000, 0x0000000754800000, 0x0000000754800000|100%| O|Cm|TAMS 0x0000000754600000| PB 0x0000000754600000| Complete 
| 164|0x0000000754800000, 0x0000000754a00000, 0x0000000754a00000|100%| O|  |TAMS 0x0000000754800000| PB 0x0000000754800000| Untracked 
| 165|0x0000000754a00000, 0x0000000754c00000, 0x0000000754c00000|100%| O|Cm|TAMS 0x0000000754a00000| PB 0x0000000754a00000| Complete 
| 166|0x0000000754c00000, 0x0000000754e00000, 0x0000000754e00000|100%| O|  |TAMS 0x0000000754c00000| PB 0x0000000754c00000| Untracked 
| 167|0x0000000754e00000, 0x0000000755000000, 0x0000000755000000|100%| O|  |TAMS 0x0000000754e00000| PB 0x0000000754e00000| Untracked 
| 168|0x0000000755000000, 0x0000000755200000, 0x0000000755200000|100%| O|  |TAMS 0x0000000755000000| PB 0x0000000755000000| Untracked 
| 169|0x0000000755200000, 0x0000000755400000, 0x0000000755400000|100%| O|  |TAMS 0x0000000755200000| PB 0x0000000755200000| Untracked 
| 170|0x0000000755400000, 0x0000000755600000, 0x0000000755600000|100%| O|  |TAMS 0x0000000755400000| PB 0x0000000755400000| Untracked 
| 171|0x0000000755600000, 0x0000000755800000, 0x0000000755800000|100%| O|Cm|TAMS 0x0000000755600000| PB 0x0000000755600000| Complete 
| 172|0x0000000755800000, 0x0000000755a00000, 0x0000000755a00000|100%| O|  |TAMS 0x0000000755800000| PB 0x0000000755800000| Untracked 
| 173|0x0000000755a00000, 0x0000000755c00000, 0x0000000755c00000|100%| O|  |TAMS 0x0000000755a00000| PB 0x0000000755a00000| Untracked 
| 174|0x0000000755c00000, 0x0000000755e00000, 0x0000000755e00000|100%| O|  |TAMS 0x0000000755c00000| PB 0x0000000755c00000| Untracked 
| 175|0x0000000755e00000, 0x0000000756000000, 0x0000000756000000|100%| O|  |TAMS 0x0000000755e00000| PB 0x0000000755e00000| Untracked 
| 176|0x0000000756000000, 0x0000000756200000, 0x0000000756200000|100%| O|  |TAMS 0x0000000756000000| PB 0x0000000756000000| Untracked 
| 177|0x0000000756200000, 0x0000000756400000, 0x0000000756400000|100%| O|  |TAMS 0x0000000756200000| PB 0x0000000756200000| Untracked 
| 178|0x0000000756400000, 0x0000000756600000, 0x0000000756600000|100%| O|  |TAMS 0x0000000756400000| PB 0x0000000756400000| Untracked 
| 179|0x0000000756600000, 0x0000000756800000, 0x0000000756800000|100%| O|  |TAMS 0x0000000756600000| PB 0x0000000756600000| Untracked 
| 180|0x0000000756800000, 0x0000000756a00000, 0x0000000756a00000|100%| O|  |TAMS 0x0000000756800000| PB 0x0000000756800000| Untracked 
| 181|0x0000000756a00000, 0x0000000756c00000, 0x0000000756c00000|100%| O|  |TAMS 0x0000000756a00000| PB 0x0000000756a00000| Untracked 
| 182|0x0000000756c00000, 0x0000000756e00000, 0x0000000756e00000|100%| O|  |TAMS 0x0000000756c00000| PB 0x0000000756c00000| Untracked 
| 183|0x0000000756e00000, 0x0000000757000000, 0x0000000757000000|100%| O|  |TAMS 0x0000000756e00000| PB 0x0000000756e00000| Untracked 
| 184|0x0000000757000000, 0x0000000757200000, 0x0000000757200000|100%| O|  |TAMS 0x0000000757000000| PB 0x0000000757000000| Untracked 
| 185|0x0000000757200000, 0x0000000757400000, 0x0000000757400000|100%| O|  |TAMS 0x0000000757200000| PB 0x0000000757200000| Untracked 
| 186|0x0000000757400000, 0x0000000757600000, 0x0000000757600000|100%| O|  |TAMS 0x0000000757400000| PB 0x0000000757400000| Untracked 
| 187|0x0000000757600000, 0x0000000757800000, 0x0000000757800000|100%| O|Cm|TAMS 0x0000000757600000| PB 0x0000000757600000| Complete 
| 188|0x0000000757800000, 0x0000000757a00000, 0x0000000757a00000|100%|HS|  |TAMS 0x0000000757800000| PB 0x0000000757800000| Complete 
| 189|0x0000000757a00000, 0x0000000757c00000, 0x0000000757c00000|100%| O|  |TAMS 0x0000000757a00000| PB 0x0000000757a00000| Untracked 
| 190|0x0000000757c00000, 0x0000000757e00000, 0x0000000757e00000|100%| O|  |TAMS 0x0000000757c00000| PB 0x0000000757c00000| Untracked 
| 191|0x0000000757e00000, 0x0000000758000000, 0x0000000758000000|100%|HS|  |TAMS 0x0000000757e00000| PB 0x0000000757e00000| Complete 
| 192|0x0000000758000000, 0x0000000758200000, 0x0000000758200000|100%|HC|  |TAMS 0x0000000758000000| PB 0x0000000758000000| Complete 
| 193|0x0000000758200000, 0x0000000758400000, 0x0000000758400000|100%|HC|  |TAMS 0x0000000758200000| PB 0x0000000758200000| Complete 
| 194|0x0000000758400000, 0x0000000758600000, 0x0000000758600000|100%|HC|  |TAMS 0x0000000758400000| PB 0x0000000758400000| Complete 
| 195|0x0000000758600000, 0x0000000758800000, 0x0000000758800000|100%| O|  |TAMS 0x0000000758600000| PB 0x0000000758600000| Untracked 
| 196|0x0000000758800000, 0x0000000758a00000, 0x0000000758a00000|100%|HS|  |TAMS 0x0000000758800000| PB 0x0000000758800000| Complete 
| 197|0x0000000758a00000, 0x0000000758c00000, 0x0000000758c00000|100%|HC|  |TAMS 0x0000000758a00000| PB 0x0000000758a00000| Complete 
| 198|0x0000000758c00000, 0x0000000758e00000, 0x0000000758e00000|100%|HS|  |TAMS 0x0000000758c00000| PB 0x0000000758c00000| Complete 
| 199|0x0000000758e00000, 0x0000000759000000, 0x0000000759000000|100%| O|  |TAMS 0x0000000758e00000| PB 0x0000000758e00000| Untracked 
| 200|0x0000000759000000, 0x0000000759200000, 0x0000000759200000|100%|HS|  |TAMS 0x0000000759000000| PB 0x0000000759000000| Complete 
| 201|0x0000000759200000, 0x0000000759400000, 0x0000000759400000|100%| O|Cm|TAMS 0x0000000759200000| PB 0x0000000759200000| Complete 
| 202|0x0000000759400000, 0x0000000759600000, 0x0000000759600000|100%| O|  |TAMS 0x0000000759400000| PB 0x0000000759400000| Untracked 
| 203|0x0000000759600000, 0x0000000759800000, 0x0000000759800000|100%| O|  |TAMS 0x0000000759600000| PB 0x0000000759600000| Untracked 
| 204|0x0000000759800000, 0x0000000759a00000, 0x0000000759a00000|100%| O|  |TAMS 0x0000000759800000| PB 0x0000000759800000| Untracked 
| 205|0x0000000759a00000, 0x0000000759c00000, 0x0000000759c00000|100%| O|  |TAMS 0x0000000759a00000| PB 0x0000000759a00000| Untracked 
| 206|0x0000000759c00000, 0x0000000759e00000, 0x0000000759e00000|100%| O|Cm|TAMS 0x0000000759c00000| PB 0x0000000759c00000| Complete 
| 207|0x0000000759e00000, 0x000000075a000000, 0x000000075a000000|100%|HS|  |TAMS 0x0000000759e00000| PB 0x0000000759e00000| Complete 
| 208|0x000000075a000000, 0x000000075a200000, 0x000000075a200000|100%| O|  |TAMS 0x000000075a000000| PB 0x000000075a000000| Untracked 
| 209|0x000000075a200000, 0x000000075a400000, 0x000000075a400000|100%| O|  |TAMS 0x000000075a200000| PB 0x000000075a200000| Untracked 
| 210|0x000000075a400000, 0x000000075a600000, 0x000000075a600000|100%| O|  |TAMS 0x000000075a400000| PB 0x000000075a400000| Untracked 
| 211|0x000000075a600000, 0x000000075a800000, 0x000000075a800000|100%| O|  |TAMS 0x000000075a600000| PB 0x000000075a600000| Untracked 
| 212|0x000000075a800000, 0x000000075aa00000, 0x000000075aa00000|100%| O|  |TAMS 0x000000075a800000| PB 0x000000075a800000| Untracked 
| 213|0x000000075aa00000, 0x000000075ac00000, 0x000000075ac00000|100%| O|  |TAMS 0x000000075aa00000| PB 0x000000075aa00000| Untracked 
| 214|0x000000075ac00000, 0x000000075ae00000, 0x000000075ae00000|100%| O|  |TAMS 0x000000075ac00000| PB 0x000000075ac00000| Untracked 
| 215|0x000000075ae00000, 0x000000075b000000, 0x000000075b000000|100%| O|  |TAMS 0x000000075ae00000| PB 0x000000075ae00000| Untracked 
| 216|0x000000075b000000, 0x000000075b200000, 0x000000075b200000|100%|HS|  |TAMS 0x000000075b000000| PB 0x000000075b000000| Complete 
| 217|0x000000075b200000, 0x000000075b400000, 0x000000075b400000|100%|HC|  |TAMS 0x000000075b200000| PB 0x000000075b200000| Complete 
| 218|0x000000075b400000, 0x000000075b600000, 0x000000075b600000|100%|HC|  |TAMS 0x000000075b400000| PB 0x000000075b400000| Complete 
| 219|0x000000075b600000, 0x000000075b800000, 0x000000075b800000|100%|HC|  |TAMS 0x000000075b600000| PB 0x000000075b600000| Complete 
| 220|0x000000075b800000, 0x000000075ba00000, 0x000000075ba00000|100%| O|  |TAMS 0x000000075b800000| PB 0x000000075b800000| Untracked 
| 221|0x000000075ba00000, 0x000000075bc00000, 0x000000075bc00000|100%| O|  |TAMS 0x000000075ba00000| PB 0x000000075ba00000| Untracked 
| 222|0x000000075bc00000, 0x000000075be00000, 0x000000075be00000|100%| O|  |TAMS 0x000000075bc00000| PB 0x000000075bc00000| Untracked 
| 223|0x000000075be00000, 0x000000075c000000, 0x000000075c000000|100%| O|  |TAMS 0x000000075be00000| PB 0x000000075be00000| Untracked 
| 224|0x000000075c000000, 0x000000075c200000, 0x000000075c200000|100%| O|Cm|TAMS 0x000000075c000000| PB 0x000000075c000000| Complete 
| 225|0x000000075c200000, 0x000000075c400000, 0x000000075c400000|100%|HS|  |TAMS 0x000000075c200000| PB 0x000000075c200000| Complete 
| 226|0x000000075c400000, 0x000000075c600000, 0x000000075c600000|100%|HS|  |TAMS 0x000000075c400000| PB 0x000000075c400000| Complete 
| 227|0x000000075c600000, 0x000000075c800000, 0x000000075c800000|100%|HS|  |TAMS 0x000000075c600000| PB 0x000000075c600000| Complete 
| 228|0x000000075c800000, 0x000000075ca00000, 0x000000075ca00000|100%| O|Cm|TAMS 0x000000075c800000| PB 0x000000075c800000| Complete 
| 229|0x000000075ca00000, 0x000000075cc00000, 0x000000075cc00000|100%|HS|  |TAMS 0x000000075ca00000| PB 0x000000075ca00000| Complete 
| 230|0x000000075cc00000, 0x000000075ce00000, 0x000000075ce00000|100%|HS|  |TAMS 0x000000075cc00000| PB 0x000000075cc00000| Complete 
| 231|0x000000075ce00000, 0x000000075d000000, 0x000000075d000000|100%|HS|  |TAMS 0x000000075ce00000| PB 0x000000075ce00000| Complete 
| 232|0x000000075d000000, 0x000000075d200000, 0x000000075d200000|100%| O|  |TAMS 0x000000075d000000| PB 0x000000075d000000| Untracked 
| 233|0x000000075d200000, 0x000000075d400000, 0x000000075d400000|100%| O|  |TAMS 0x000000075d200000| PB 0x000000075d200000| Untracked 
| 234|0x000000075d400000, 0x000000075d600000, 0x000000075d600000|100%| O|  |TAMS 0x000000075d400000| PB 0x000000075d400000| Untracked 
| 235|0x000000075d600000, 0x000000075d800000, 0x000000075d800000|100%| O|  |TAMS 0x000000075d600000| PB 0x000000075d600000| Untracked 
| 236|0x000000075d800000, 0x000000075da00000, 0x000000075da00000|100%| O|  |TAMS 0x000000075d800000| PB 0x000000075d800000| Untracked 
| 237|0x000000075da00000, 0x000000075dc00000, 0x000000075dc00000|100%| O|  |TAMS 0x000000075da00000| PB 0x000000075da00000| Untracked 
| 238|0x000000075dc00000, 0x000000075de00000, 0x000000075de00000|100%| O|  |TAMS 0x000000075dc00000| PB 0x000000075dc00000| Untracked 
| 239|0x000000075de00000, 0x000000075e000000, 0x000000075e000000|100%| O|  |TAMS 0x000000075de00000| PB 0x000000075de00000| Untracked 
| 240|0x000000075e000000, 0x000000075e200000, 0x000000075e200000|100%| O|  |TAMS 0x000000075e000000| PB 0x000000075e000000| Untracked 
| 241|0x000000075e200000, 0x000000075e400000, 0x000000075e400000|100%| O|  |TAMS 0x000000075e200000| PB 0x000000075e200000| Untracked 
| 242|0x000000075e400000, 0x000000075e600000, 0x000000075e600000|100%| O|  |TAMS 0x000000075e400000| PB 0x000000075e400000| Untracked 
| 243|0x000000075e600000, 0x000000075e800000, 0x000000075e800000|100%| O|  |TAMS 0x000000075e600000| PB 0x000000075e600000| Untracked 
| 244|0x000000075e800000, 0x000000075ea00000, 0x000000075ea00000|100%| O|  |TAMS 0x000000075e800000| PB 0x000000075e800000| Untracked 
| 245|0x000000075ea00000, 0x000000075ec00000, 0x000000075ec00000|100%| O|  |TAMS 0x000000075ea00000| PB 0x000000075ea00000| Untracked 
| 246|0x000000075ec00000, 0x000000075ee00000, 0x000000075ee00000|100%| O|  |TAMS 0x000000075ec00000| PB 0x000000075ec00000| Untracked 
| 247|0x000000075ee00000, 0x000000075f000000, 0x000000075f000000|100%| O|  |TAMS 0x000000075ee00000| PB 0x000000075ee00000| Untracked 
| 248|0x000000075f000000, 0x000000075f200000, 0x000000075f200000|100%|HS|  |TAMS 0x000000075f000000| PB 0x000000075f000000| Complete 
| 249|0x000000075f200000, 0x000000075f400000, 0x000000075f400000|100%|HS|  |TAMS 0x000000075f200000| PB 0x000000075f200000| Complete 
| 250|0x000000075f400000, 0x000000075f600000, 0x000000075f600000|100%| O|  |TAMS 0x000000075f400000| PB 0x000000075f400000| Untracked 
| 251|0x000000075f600000, 0x000000075f800000, 0x000000075f800000|100%| O|  |TAMS 0x000000075f600000| PB 0x000000075f600000| Untracked 
| 252|0x000000075f800000, 0x000000075fa00000, 0x000000075fa00000|100%| O|Cm|TAMS 0x000000075f800000| PB 0x000000075f800000| Complete 
| 253|0x000000075fa00000, 0x000000075fafb680, 0x000000075fc00000| 49%| O|  |TAMS 0x000000075fa00000| PB 0x000000075fa00000| Untracked 
| 254|0x000000075fc00000, 0x000000075fe00000, 0x000000075fe00000|100%|HS|  |TAMS 0x000000075fc00000| PB 0x000000075fc00000| Complete 
| 255|0x000000075fe00000, 0x0000000760000000, 0x0000000760000000|100%|HC|  |TAMS 0x000000075fe00000| PB 0x000000075fe00000| Complete 
| 256|0x0000000760000000, 0x0000000760200000, 0x0000000760200000|100%|HC|  |TAMS 0x0000000760000000| PB 0x0000000760000000| Complete 
| 257|0x0000000760200000, 0x0000000760400000, 0x0000000760400000|100%|HC|  |TAMS 0x0000000760200000| PB 0x0000000760200000| Complete 
| 258|0x0000000760400000, 0x0000000760600000, 0x0000000760600000|100%|HC|  |TAMS 0x0000000760400000| PB 0x0000000760400000| Complete 
| 259|0x0000000760600000, 0x0000000760800000, 0x0000000760800000|100%|HS|  |TAMS 0x0000000760600000| PB 0x0000000760600000| Complete 
| 260|0x0000000760800000, 0x0000000760a00000, 0x0000000760a00000|100%|HC|  |TAMS 0x0000000760800000| PB 0x0000000760800000| Complete 
| 261|0x0000000760a00000, 0x0000000760c00000, 0x0000000760c00000|100%|HS|  |TAMS 0x0000000760a00000| PB 0x0000000760a00000| Complete 
| 262|0x0000000760c00000, 0x0000000760e00000, 0x0000000760e00000|100%|HC|  |TAMS 0x0000000760c00000| PB 0x0000000760c00000| Complete 
| 263|0x0000000760e00000, 0x0000000761000000, 0x0000000761000000|100%|HS|  |TAMS 0x0000000760e00000| PB 0x0000000760e00000| Complete 
| 264|0x0000000761000000, 0x0000000761200000, 0x0000000761200000|100%|HC|  |TAMS 0x0000000761000000| PB 0x0000000761000000| Complete 
| 265|0x0000000761200000, 0x0000000761400000, 0x0000000761400000|100%|HS|  |TAMS 0x0000000761200000| PB 0x0000000761200000| Complete 
| 266|0x0000000761400000, 0x0000000761600000, 0x0000000761600000|100%|HC|  |TAMS 0x0000000761400000| PB 0x0000000761400000| Complete 
| 267|0x0000000761600000, 0x0000000761800000, 0x0000000761800000|100%|HS|  |TAMS 0x0000000761600000| PB 0x0000000761600000| Complete 
| 268|0x0000000761800000, 0x0000000761a00000, 0x0000000761a00000|100%|HC|  |TAMS 0x0000000761800000| PB 0x0000000761800000| Complete 
| 269|0x0000000761a00000, 0x0000000761c00000, 0x0000000761c00000|100%|HS|  |TAMS 0x0000000761a00000| PB 0x0000000761a00000| Complete 
| 270|0x0000000761c00000, 0x0000000761e00000, 0x0000000761e00000|100%|HC|  |TAMS 0x0000000761c00000| PB 0x0000000761c00000| Complete 
| 271|0x0000000761e00000, 0x0000000762000000, 0x0000000762000000|100%|HS|  |TAMS 0x0000000761e00000| PB 0x0000000761e00000| Complete 
| 272|0x0000000762000000, 0x0000000762200000, 0x0000000762200000|100%|HC|  |TAMS 0x0000000762000000| PB 0x0000000762000000| Complete 
| 273|0x0000000762200000, 0x0000000762400000, 0x0000000762400000|100%|HS|  |TAMS 0x0000000762200000| PB 0x0000000762200000| Complete 
| 274|0x0000000762400000, 0x0000000762600000, 0x0000000762600000|100%|HS|  |TAMS 0x0000000762400000| PB 0x0000000762400000| Complete 
| 275|0x0000000762600000, 0x0000000762800000, 0x0000000762800000|100%| O|Cm|TAMS 0x0000000762600000| PB 0x0000000762600000| Complete 
| 276|0x0000000762800000, 0x0000000762a00000, 0x0000000762a00000|100%|HS|  |TAMS 0x0000000762800000| PB 0x0000000762800000| Complete 
| 277|0x0000000762a00000, 0x0000000762c00000, 0x0000000762c00000|100%|HC|  |TAMS 0x0000000762a00000| PB 0x0000000762a00000| Complete 
| 278|0x0000000762c00000, 0x0000000762e00000, 0x0000000762e00000|100%|HC|  |TAMS 0x0000000762c00000| PB 0x0000000762c00000| Complete 
| 279|0x0000000762e00000, 0x0000000763000000, 0x0000000763000000|100%|HC|  |TAMS 0x0000000762e00000| PB 0x0000000762e00000| Complete 
| 280|0x0000000763000000, 0x0000000763200000, 0x0000000763200000|100%|HS|  |TAMS 0x0000000763000000| PB 0x0000000763000000| Complete 
| 281|0x0000000763200000, 0x0000000763400000, 0x0000000763400000|100%| O|  |TAMS 0x0000000763200000| PB 0x0000000763200000| Untracked 
| 282|0x0000000763400000, 0x0000000763600000, 0x0000000763600000|100%| O|  |TAMS 0x0000000763400000| PB 0x0000000763400000| Untracked 
| 283|0x0000000763600000, 0x0000000763800000, 0x0000000763800000|100%| O|  |TAMS 0x0000000763600000| PB 0x0000000763600000| Untracked 
| 284|0x0000000763800000, 0x0000000763a00000, 0x0000000763a00000|100%|HS|  |TAMS 0x0000000763800000| PB 0x0000000763800000| Complete 
| 285|0x0000000763a00000, 0x0000000763c00000, 0x0000000763c00000|100%|HS|  |TAMS 0x0000000763a00000| PB 0x0000000763a00000| Complete 
| 286|0x0000000763c00000, 0x0000000763e00000, 0x0000000763e00000|100%|HS|  |TAMS 0x0000000763c00000| PB 0x0000000763c00000| Complete 
| 287|0x0000000763e00000, 0x0000000764000000, 0x0000000764000000|100%|HS|  |TAMS 0x0000000763e00000| PB 0x0000000763e00000| Complete 
| 288|0x0000000764000000, 0x0000000764200000, 0x0000000764200000|100%|HS|  |TAMS 0x0000000764000000| PB 0x0000000764000000| Complete 
| 289|0x0000000764200000, 0x0000000764400000, 0x0000000764400000|100%|HS|  |TAMS 0x0000000764200000| PB 0x0000000764200000| Complete 
| 290|0x0000000764400000, 0x0000000764400000, 0x0000000764600000|  0%| F|  |TAMS 0x0000000764400000| PB 0x0000000764400000| Untracked 
| 291|0x0000000764600000, 0x0000000764600000, 0x0000000764800000|  0%| F|  |TAMS 0x0000000764600000| PB 0x0000000764600000| Untracked 
| 292|0x0000000764800000, 0x0000000764800000, 0x0000000764a00000|  0%| F|  |TAMS 0x0000000764800000| PB 0x0000000764800000| Untracked 
| 293|0x0000000764a00000, 0x0000000764a00000, 0x0000000764c00000|  0%| F|  |TAMS 0x0000000764a00000| PB 0x0000000764a00000| Untracked 
| 294|0x0000000764c00000, 0x0000000764c00000, 0x0000000764e00000|  0%| F|  |TAMS 0x0000000764c00000| PB 0x0000000764c00000| Untracked 
| 295|0x0000000764e00000, 0x0000000764e00000, 0x0000000765000000|  0%| F|  |TAMS 0x0000000764e00000| PB 0x0000000764e00000| Untracked 
| 296|0x0000000765000000, 0x0000000765000000, 0x0000000765200000|  0%| F|  |TAMS 0x0000000765000000| PB 0x0000000765000000| Untracked 
| 297|0x0000000765200000, 0x0000000765200000, 0x0000000765400000|  0%| F|  |TAMS 0x0000000765200000| PB 0x0000000765200000| Untracked 
| 298|0x0000000765400000, 0x0000000765400000, 0x0000000765600000|  0%| F|  |TAMS 0x0000000765400000| PB 0x0000000765400000| Untracked 
| 299|0x0000000765600000, 0x0000000765800000, 0x0000000765800000|100%| O|  |TAMS 0x0000000765600000| PB 0x0000000765600000| Untracked 
| 300|0x0000000765800000, 0x0000000765800000, 0x0000000765a00000|  0%| F|  |TAMS 0x0000000765800000| PB 0x0000000765800000| Untracked 
| 301|0x0000000765a00000, 0x0000000765c00000, 0x0000000765c00000|100%| O|Cm|TAMS 0x0000000765a00000| PB 0x0000000765a00000| Complete 
| 302|0x0000000765c00000, 0x0000000765c00000, 0x0000000765e00000|  0%| F|  |TAMS 0x0000000765c00000| PB 0x0000000765c00000| Untracked 
| 303|0x0000000765e00000, 0x0000000766000000, 0x0000000766000000|100%| O|  |TAMS 0x0000000765e00000| PB 0x0000000765e00000| Untracked 
| 304|0x0000000766000000, 0x0000000766000000, 0x0000000766200000|  0%| F|  |TAMS 0x0000000766000000| PB 0x0000000766000000| Untracked 
| 305|0x0000000766200000, 0x0000000766200000, 0x0000000766400000|  0%| F|  |TAMS 0x0000000766200000| PB 0x0000000766200000| Untracked 
| 306|0x0000000766400000, 0x0000000766400000, 0x0000000766600000|  0%| F|  |TAMS 0x0000000766400000| PB 0x0000000766400000| Untracked 
| 307|0x0000000766600000, 0x0000000766600000, 0x0000000766800000|  0%| F|  |TAMS 0x0000000766600000| PB 0x0000000766600000| Untracked 
| 308|0x0000000766800000, 0x0000000766800000, 0x0000000766a00000|  0%| F|  |TAMS 0x0000000766800000| PB 0x0000000766800000| Untracked 
| 309|0x0000000766a00000, 0x0000000766a00000, 0x0000000766c00000|  0%| F|  |TAMS 0x0000000766a00000| PB 0x0000000766a00000| Untracked 
| 310|0x0000000766c00000, 0x0000000766c00000, 0x0000000766e00000|  0%| F|  |TAMS 0x0000000766c00000| PB 0x0000000766c00000| Untracked 
| 311|0x0000000766e00000, 0x0000000766e00000, 0x0000000767000000|  0%| F|  |TAMS 0x0000000766e00000| PB 0x0000000766e00000| Untracked 
| 312|0x0000000767000000, 0x0000000767000000, 0x0000000767200000|  0%| F|  |TAMS 0x0000000767000000| PB 0x0000000767000000| Untracked 
| 313|0x0000000767200000, 0x0000000767200000, 0x0000000767400000|  0%| F|  |TAMS 0x0000000767200000| PB 0x0000000767200000| Untracked 
| 314|0x0000000767400000, 0x0000000767400000, 0x0000000767600000|  0%| F|  |TAMS 0x0000000767400000| PB 0x0000000767400000| Untracked 
| 315|0x0000000767600000, 0x0000000767600000, 0x0000000767800000|  0%| F|  |TAMS 0x0000000767600000| PB 0x0000000767600000| Untracked 
| 316|0x0000000767800000, 0x0000000767800000, 0x0000000767a00000|  0%| F|  |TAMS 0x0000000767800000| PB 0x0000000767800000| Untracked 
| 317|0x0000000767a00000, 0x0000000767a00000, 0x0000000767c00000|  0%| F|  |TAMS 0x0000000767a00000| PB 0x0000000767a00000| Untracked 
| 318|0x0000000767c00000, 0x0000000767c00000, 0x0000000767e00000|  0%| F|  |TAMS 0x0000000767c00000| PB 0x0000000767c00000| Untracked 
| 319|0x0000000767e00000, 0x0000000767e00000, 0x0000000768000000|  0%| F|  |TAMS 0x0000000767e00000| PB 0x0000000767e00000| Untracked 
| 320|0x0000000768000000, 0x0000000768000000, 0x0000000768200000|  0%| F|  |TAMS 0x0000000768000000| PB 0x0000000768000000| Untracked 
| 321|0x0000000768200000, 0x0000000768200000, 0x0000000768400000|  0%| F|  |TAMS 0x0000000768200000| PB 0x0000000768200000| Untracked 
| 322|0x0000000768400000, 0x0000000768400000, 0x0000000768600000|  0%| F|  |TAMS 0x0000000768400000| PB 0x0000000768400000| Untracked 
| 323|0x0000000768600000, 0x0000000768600000, 0x0000000768800000|  0%| F|  |TAMS 0x0000000768600000| PB 0x0000000768600000| Untracked 
| 324|0x0000000768800000, 0x0000000768800000, 0x0000000768a00000|  0%| F|  |TAMS 0x0000000768800000| PB 0x0000000768800000| Untracked 
| 325|0x0000000768a00000, 0x0000000768a00000, 0x0000000768c00000|  0%| F|  |TAMS 0x0000000768a00000| PB 0x0000000768a00000| Untracked 
| 326|0x0000000768c00000, 0x0000000768c00000, 0x0000000768e00000|  0%| F|  |TAMS 0x0000000768c00000| PB 0x0000000768c00000| Untracked 
| 327|0x0000000768e00000, 0x0000000768e00000, 0x0000000769000000|  0%| F|  |TAMS 0x0000000768e00000| PB 0x0000000768e00000| Untracked 
| 328|0x0000000769000000, 0x0000000769000000, 0x0000000769200000|  0%| F|  |TAMS 0x0000000769000000| PB 0x0000000769000000| Untracked 
| 329|0x0000000769200000, 0x0000000769200000, 0x0000000769400000|  0%| F|  |TAMS 0x0000000769200000| PB 0x0000000769200000| Untracked 
| 330|0x0000000769400000, 0x0000000769400000, 0x0000000769600000|  0%| F|  |TAMS 0x0000000769400000| PB 0x0000000769400000| Untracked 
| 331|0x0000000769600000, 0x0000000769600000, 0x0000000769800000|  0%| F|  |TAMS 0x0000000769600000| PB 0x0000000769600000| Untracked 
| 332|0x0000000769800000, 0x0000000769800000, 0x0000000769a00000|  0%| F|  |TAMS 0x0000000769800000| PB 0x0000000769800000| Untracked 
| 333|0x0000000769a00000, 0x0000000769a00000, 0x0000000769c00000|  0%| F|  |TAMS 0x0000000769a00000| PB 0x0000000769a00000| Untracked 
| 334|0x0000000769c00000, 0x0000000769c00000, 0x0000000769e00000|  0%| F|  |TAMS 0x0000000769c00000| PB 0x0000000769c00000| Untracked 
| 335|0x0000000769e00000, 0x0000000769e00000, 0x000000076a000000|  0%| F|  |TAMS 0x0000000769e00000| PB 0x0000000769e00000| Untracked 
| 336|0x000000076a000000, 0x000000076a000000, 0x000000076a200000|  0%| F|  |TAMS 0x000000076a000000| PB 0x000000076a000000| Untracked 
| 337|0x000000076a200000, 0x000000076a200000, 0x000000076a400000|  0%| F|  |TAMS 0x000000076a200000| PB 0x000000076a200000| Untracked 
| 338|0x000000076a400000, 0x000000076a400000, 0x000000076a600000|  0%| F|  |TAMS 0x000000076a400000| PB 0x000000076a400000| Untracked 
| 339|0x000000076a600000, 0x000000076a600000, 0x000000076a800000|  0%| F|  |TAMS 0x000000076a600000| PB 0x000000076a600000| Untracked 
| 340|0x000000076a800000, 0x000000076a800000, 0x000000076aa00000|  0%| F|  |TAMS 0x000000076a800000| PB 0x000000076a800000| Untracked 
| 341|0x000000076aa00000, 0x000000076aa00000, 0x000000076ac00000|  0%| F|  |TAMS 0x000000076aa00000| PB 0x000000076aa00000| Untracked 
| 342|0x000000076ac00000, 0x000000076ac00000, 0x000000076ae00000|  0%| F|  |TAMS 0x000000076ac00000| PB 0x000000076ac00000| Untracked 
| 343|0x000000076ae00000, 0x000000076ae00000, 0x000000076b000000|  0%| F|  |TAMS 0x000000076ae00000| PB 0x000000076ae00000| Untracked 
| 344|0x000000076b000000, 0x000000076b000000, 0x000000076b200000|  0%| F|  |TAMS 0x000000076b000000| PB 0x000000076b000000| Untracked 
| 345|0x000000076b200000, 0x000000076b200000, 0x000000076b400000|  0%| F|  |TAMS 0x000000076b200000| PB 0x000000076b200000| Untracked 
| 346|0x000000076b400000, 0x000000076b400000, 0x000000076b600000|  0%| F|  |TAMS 0x000000076b400000| PB 0x000000076b400000| Untracked 
| 347|0x000000076b600000, 0x000000076b600000, 0x000000076b800000|  0%| E|  |TAMS 0x000000076b600000| PB 0x000000076b600000| Complete 
| 348|0x000000076b800000, 0x000000076ba00000, 0x000000076ba00000|100%| E|CS|TAMS 0x000000076b800000| PB 0x000000076b800000| Complete 
| 349|0x000000076ba00000, 0x000000076bc00000, 0x000000076bc00000|100%| E|CS|TAMS 0x000000076ba00000| PB 0x000000076ba00000| Complete 
| 350|0x000000076bc00000, 0x000000076be00000, 0x000000076be00000|100%| E|CS|TAMS 0x000000076bc00000| PB 0x000000076bc00000| Complete 
| 351|0x000000076be00000, 0x000000076c000000, 0x000000076c000000|100%| E|CS|TAMS 0x000000076be00000| PB 0x000000076be00000| Complete 
| 352|0x000000076c000000, 0x000000076c200000, 0x000000076c200000|100%| E|CS|TAMS 0x000000076c000000| PB 0x000000076c000000| Complete 
| 353|0x000000076c200000, 0x000000076c400000, 0x000000076c400000|100%| E|CS|TAMS 0x000000076c200000| PB 0x000000076c200000| Complete 
| 354|0x000000076c400000, 0x000000076c600000, 0x000000076c600000|100%| E|  |TAMS 0x000000076c400000| PB 0x000000076c400000| Complete 
| 355|0x000000076c600000, 0x000000076c800000, 0x000000076c800000|100%| E|CS|TAMS 0x000000076c600000| PB 0x000000076c600000| Complete 
| 356|0x000000076c800000, 0x000000076ca00000, 0x000000076ca00000|100%| E|CS|TAMS 0x000000076c800000| PB 0x000000076c800000| Complete 
| 357|0x000000076ca00000, 0x000000076cc00000, 0x000000076cc00000|100%| E|CS|TAMS 0x000000076ca00000| PB 0x000000076ca00000| Complete 
| 358|0x000000076cc00000, 0x000000076ce00000, 0x000000076ce00000|100%| E|CS|TAMS 0x000000076cc00000| PB 0x000000076cc00000| Complete 
| 359|0x000000076ce00000, 0x000000076d000000, 0x000000076d000000|100%| E|CS|TAMS 0x000000076ce00000| PB 0x000000076ce00000| Complete 
| 360|0x000000076d000000, 0x000000076d200000, 0x000000076d200000|100%| E|CS|TAMS 0x000000076d000000| PB 0x000000076d000000| Complete 
| 361|0x000000076d200000, 0x000000076d400000, 0x000000076d400000|100%| E|CS|TAMS 0x000000076d200000| PB 0x000000076d200000| Complete 
| 362|0x000000076d400000, 0x000000076d600000, 0x000000076d600000|100%| E|CS|TAMS 0x000000076d400000| PB 0x000000076d400000| Complete 
| 363|0x000000076d600000, 0x000000076d800000, 0x000000076d800000|100%| E|CS|TAMS 0x000000076d600000| PB 0x000000076d600000| Complete 
| 364|0x000000076d800000, 0x000000076da00000, 0x000000076da00000|100%| E|CS|TAMS 0x000000076d800000| PB 0x000000076d800000| Complete 
| 365|0x000000076da00000, 0x000000076dc00000, 0x000000076dc00000|100%| E|CS|TAMS 0x000000076da00000| PB 0x000000076da00000| Complete 
| 366|0x000000076dc00000, 0x000000076de00000, 0x000000076de00000|100%| E|CS|TAMS 0x000000076dc00000| PB 0x000000076dc00000| Complete 
| 367|0x000000076de00000, 0x000000076e000000, 0x000000076e000000|100%| E|CS|TAMS 0x000000076de00000| PB 0x000000076de00000| Complete 
| 368|0x000000076e000000, 0x000000076e200000, 0x000000076e200000|100%| E|CS|TAMS 0x000000076e000000| PB 0x000000076e000000| Complete 
| 369|0x000000076e200000, 0x000000076e400000, 0x000000076e400000|100%| E|CS|TAMS 0x000000076e200000| PB 0x000000076e200000| Complete 
| 370|0x000000076e400000, 0x000000076e600000, 0x000000076e600000|100%| E|CS|TAMS 0x000000076e400000| PB 0x000000076e400000| Complete 
| 371|0x000000076e600000, 0x000000076e800000, 0x000000076e800000|100%| E|CS|TAMS 0x000000076e600000| PB 0x000000076e600000| Complete 
| 372|0x000000076e800000, 0x000000076ea00000, 0x000000076ea00000|100%| E|CS|TAMS 0x000000076e800000| PB 0x000000076e800000| Complete 
| 373|0x000000076ea00000, 0x000000076ec00000, 0x000000076ec00000|100%| E|CS|TAMS 0x000000076ea00000| PB 0x000000076ea00000| Complete 
| 374|0x000000076ec00000, 0x000000076ee00000, 0x000000076ee00000|100%| E|CS|TAMS 0x000000076ec00000| PB 0x000000076ec00000| Complete 
| 375|0x000000076ee00000, 0x000000076f000000, 0x000000076f000000|100%| E|CS|TAMS 0x000000076ee00000| PB 0x000000076ee00000| Complete 
| 376|0x000000076f000000, 0x000000076f200000, 0x000000076f200000|100%| E|CS|TAMS 0x000000076f000000| PB 0x000000076f000000| Complete 
| 377|0x000000076f200000, 0x000000076f400000, 0x000000076f400000|100%| E|CS|TAMS 0x000000076f200000| PB 0x000000076f200000| Complete 
| 378|0x000000076f400000, 0x000000076f600000, 0x000000076f600000|100%| E|CS|TAMS 0x000000076f400000| PB 0x000000076f400000| Complete 
| 379|0x000000076f600000, 0x000000076f800000, 0x000000076f800000|100%| E|CS|TAMS 0x000000076f600000| PB 0x000000076f600000| Complete 
| 380|0x000000076f800000, 0x000000076fa00000, 0x000000076fa00000|100%| E|CS|TAMS 0x000000076f800000| PB 0x000000076f800000| Complete 
| 381|0x000000076fa00000, 0x000000076fc00000, 0x000000076fc00000|100%| E|CS|TAMS 0x000000076fa00000| PB 0x000000076fa00000| Complete 
| 382|0x000000076fc00000, 0x000000076fe00000, 0x000000076fe00000|100%| E|CS|TAMS 0x000000076fc00000| PB 0x000000076fc00000| Complete 
| 383|0x000000076fe00000, 0x0000000770000000, 0x0000000770000000|100%| E|CS|TAMS 0x000000076fe00000| PB 0x000000076fe00000| Complete 
| 384|0x0000000770000000, 0x0000000770200000, 0x0000000770200000|100%| E|CS|TAMS 0x0000000770000000| PB 0x0000000770000000| Complete 
| 385|0x0000000770200000, 0x0000000770400000, 0x0000000770400000|100%| E|CS|TAMS 0x0000000770200000| PB 0x0000000770200000| Complete 
| 386|0x0000000770400000, 0x0000000770600000, 0x0000000770600000|100%| E|CS|TAMS 0x0000000770400000| PB 0x0000000770400000| Complete 
| 387|0x0000000770600000, 0x0000000770800000, 0x0000000770800000|100%| E|CS|TAMS 0x0000000770600000| PB 0x0000000770600000| Complete 
| 388|0x0000000770800000, 0x0000000770a00000, 0x0000000770a00000|100%| E|CS|TAMS 0x0000000770800000| PB 0x0000000770800000| Complete 
| 389|0x0000000770a00000, 0x0000000770c00000, 0x0000000770c00000|100%| E|CS|TAMS 0x0000000770a00000| PB 0x0000000770a00000| Complete 
| 390|0x0000000770c00000, 0x0000000770e00000, 0x0000000770e00000|100%| E|CS|TAMS 0x0000000770c00000| PB 0x0000000770c00000| Complete 
| 391|0x0000000770e00000, 0x0000000771000000, 0x0000000771000000|100%| E|CS|TAMS 0x0000000770e00000| PB 0x0000000770e00000| Complete 
| 392|0x0000000771000000, 0x0000000771200000, 0x0000000771200000|100%| E|CS|TAMS 0x0000000771000000| PB 0x0000000771000000| Complete 
| 393|0x0000000771200000, 0x0000000771400000, 0x0000000771400000|100%| E|CS|TAMS 0x0000000771200000| PB 0x0000000771200000| Complete 
| 394|0x0000000771400000, 0x0000000771600000, 0x0000000771600000|100%| E|CS|TAMS 0x0000000771400000| PB 0x0000000771400000| Complete 
| 395|0x0000000771600000, 0x0000000771800000, 0x0000000771800000|100%| E|CS|TAMS 0x0000000771600000| PB 0x0000000771600000| Complete 
| 396|0x0000000771800000, 0x0000000771a00000, 0x0000000771a00000|100%| E|CS|TAMS 0x0000000771800000| PB 0x0000000771800000| Complete 
| 397|0x0000000771a00000, 0x0000000771c00000, 0x0000000771c00000|100%| E|CS|TAMS 0x0000000771a00000| PB 0x0000000771a00000| Complete 
| 398|0x0000000771c00000, 0x0000000771e00000, 0x0000000771e00000|100%| E|CS|TAMS 0x0000000771c00000| PB 0x0000000771c00000| Complete 
| 399|0x0000000771e00000, 0x0000000772000000, 0x0000000772000000|100%| E|CS|TAMS 0x0000000771e00000| PB 0x0000000771e00000| Complete 
| 400|0x0000000772000000, 0x0000000772200000, 0x0000000772200000|100%| E|CS|TAMS 0x0000000772000000| PB 0x0000000772000000| Complete 
| 401|0x0000000772200000, 0x0000000772400000, 0x0000000772400000|100%| E|CS|TAMS 0x0000000772200000| PB 0x0000000772200000| Complete 
| 402|0x0000000772400000, 0x0000000772600000, 0x0000000772600000|100%| E|CS|TAMS 0x0000000772400000| PB 0x0000000772400000| Complete 
| 403|0x0000000772600000, 0x0000000772800000, 0x0000000772800000|100%| E|CS|TAMS 0x0000000772600000| PB 0x0000000772600000| Complete 
| 404|0x0000000772800000, 0x0000000772a00000, 0x0000000772a00000|100%| E|CS|TAMS 0x0000000772800000| PB 0x0000000772800000| Complete 
| 405|0x0000000772a00000, 0x0000000772c00000, 0x0000000772c00000|100%| E|CS|TAMS 0x0000000772a00000| PB 0x0000000772a00000| Complete 
| 406|0x0000000772c00000, 0x0000000772e00000, 0x0000000772e00000|100%| E|CS|TAMS 0x0000000772c00000| PB 0x0000000772c00000| Complete 
| 407|0x0000000772e00000, 0x0000000773000000, 0x0000000773000000|100%| E|CS|TAMS 0x0000000772e00000| PB 0x0000000772e00000| Complete 
| 408|0x0000000773000000, 0x0000000773200000, 0x0000000773200000|100%| E|CS|TAMS 0x0000000773000000| PB 0x0000000773000000| Complete 
| 409|0x0000000773200000, 0x0000000773400000, 0x0000000773400000|100%| E|CS|TAMS 0x0000000773200000| PB 0x0000000773200000| Complete 
| 410|0x0000000773400000, 0x0000000773600000, 0x0000000773600000|100%| E|CS|TAMS 0x0000000773400000| PB 0x0000000773400000| Complete 
| 411|0x0000000773600000, 0x0000000773800000, 0x0000000773800000|100%| E|CS|TAMS 0x0000000773600000| PB 0x0000000773600000| Complete 
| 412|0x0000000773800000, 0x0000000773a00000, 0x0000000773a00000|100%| E|CS|TAMS 0x0000000773800000| PB 0x0000000773800000| Complete 
| 413|0x0000000773a00000, 0x0000000773c00000, 0x0000000773c00000|100%| E|CS|TAMS 0x0000000773a00000| PB 0x0000000773a00000| Complete 
| 414|0x0000000773c00000, 0x0000000773e00000, 0x0000000773e00000|100%| E|CS|TAMS 0x0000000773c00000| PB 0x0000000773c00000| Complete 
| 415|0x0000000773e00000, 0x0000000774000000, 0x0000000774000000|100%| E|CS|TAMS 0x0000000773e00000| PB 0x0000000773e00000| Complete 
| 416|0x0000000774000000, 0x0000000774200000, 0x0000000774200000|100%| E|CS|TAMS 0x0000000774000000| PB 0x0000000774000000| Complete 
| 417|0x0000000774200000, 0x0000000774400000, 0x0000000774400000|100%| E|CS|TAMS 0x0000000774200000| PB 0x0000000774200000| Complete 
| 418|0x0000000774400000, 0x0000000774600000, 0x0000000774600000|100%| E|CS|TAMS 0x0000000774400000| PB 0x0000000774400000| Complete 
| 419|0x0000000774600000, 0x0000000774800000, 0x0000000774800000|100%| E|CS|TAMS 0x0000000774600000| PB 0x0000000774600000| Complete 
| 420|0x0000000774800000, 0x0000000774a00000, 0x0000000774a00000|100%| E|CS|TAMS 0x0000000774800000| PB 0x0000000774800000| Complete 
| 421|0x0000000774a00000, 0x0000000774c00000, 0x0000000774c00000|100%| E|CS|TAMS 0x0000000774a00000| PB 0x0000000774a00000| Complete 
| 422|0x0000000774c00000, 0x0000000774e00000, 0x0000000774e00000|100%| E|CS|TAMS 0x0000000774c00000| PB 0x0000000774c00000| Complete 
| 423|0x0000000774e00000, 0x0000000775000000, 0x0000000775000000|100%| E|CS|TAMS 0x0000000774e00000| PB 0x0000000774e00000| Complete 
| 424|0x0000000775000000, 0x0000000775200000, 0x0000000775200000|100%| E|CS|TAMS 0x0000000775000000| PB 0x0000000775000000| Complete 
| 425|0x0000000775200000, 0x0000000775400000, 0x0000000775400000|100%| E|CS|TAMS 0x0000000775200000| PB 0x0000000775200000| Complete 
| 426|0x0000000775400000, 0x0000000775600000, 0x0000000775600000|100%| E|CS|TAMS 0x0000000775400000| PB 0x0000000775400000| Complete 
| 427|0x0000000775600000, 0x0000000775800000, 0x0000000775800000|100%| E|CS|TAMS 0x0000000775600000| PB 0x0000000775600000| Complete 
| 428|0x0000000775800000, 0x0000000775a00000, 0x0000000775a00000|100%| E|CS|TAMS 0x0000000775800000| PB 0x0000000775800000| Complete 
| 429|0x0000000775a00000, 0x0000000775c00000, 0x0000000775c00000|100%| E|CS|TAMS 0x0000000775a00000| PB 0x0000000775a00000| Complete 
| 430|0x0000000775c00000, 0x0000000775e00000, 0x0000000775e00000|100%| E|CS|TAMS 0x0000000775c00000| PB 0x0000000775c00000| Complete 
| 431|0x0000000775e00000, 0x0000000776000000, 0x0000000776000000|100%| E|CS|TAMS 0x0000000775e00000| PB 0x0000000775e00000| Complete 
| 432|0x0000000776000000, 0x0000000776200000, 0x0000000776200000|100%| E|CS|TAMS 0x0000000776000000| PB 0x0000000776000000| Complete 
| 433|0x0000000776200000, 0x0000000776400000, 0x0000000776400000|100%| E|CS|TAMS 0x0000000776200000| PB 0x0000000776200000| Complete 
| 434|0x0000000776400000, 0x0000000776600000, 0x0000000776600000|100%| E|CS|TAMS 0x0000000776400000| PB 0x0000000776400000| Complete 
| 435|0x0000000776600000, 0x0000000776800000, 0x0000000776800000|100%| E|CS|TAMS 0x0000000776600000| PB 0x0000000776600000| Complete 
| 436|0x0000000776800000, 0x0000000776a00000, 0x0000000776a00000|100%| E|CS|TAMS 0x0000000776800000| PB 0x0000000776800000| Complete 
| 437|0x0000000776a00000, 0x0000000776c00000, 0x0000000776c00000|100%| E|CS|TAMS 0x0000000776a00000| PB 0x0000000776a00000| Complete 
| 438|0x0000000776c00000, 0x0000000776e00000, 0x0000000776e00000|100%| E|CS|TAMS 0x0000000776c00000| PB 0x0000000776c00000| Complete 
| 439|0x0000000776e00000, 0x0000000777000000, 0x0000000777000000|100%| E|CS|TAMS 0x0000000776e00000| PB 0x0000000776e00000| Complete 
| 440|0x0000000777000000, 0x0000000777200000, 0x0000000777200000|100%| E|CS|TAMS 0x0000000777000000| PB 0x0000000777000000| Complete 
| 441|0x0000000777200000, 0x0000000777400000, 0x0000000777400000|100%| E|CS|TAMS 0x0000000777200000| PB 0x0000000777200000| Complete 
| 442|0x0000000777400000, 0x0000000777600000, 0x0000000777600000|100%| E|CS|TAMS 0x0000000777400000| PB 0x0000000777400000| Complete 
| 443|0x0000000777600000, 0x0000000777800000, 0x0000000777800000|100%| E|CS|TAMS 0x0000000777600000| PB 0x0000000777600000| Complete 
| 444|0x0000000777800000, 0x0000000777a00000, 0x0000000777a00000|100%| E|CS|TAMS 0x0000000777800000| PB 0x0000000777800000| Complete 
| 445|0x0000000777a00000, 0x0000000777c00000, 0x0000000777c00000|100%| E|CS|TAMS 0x0000000777a00000| PB 0x0000000777a00000| Complete 
| 446|0x0000000777c00000, 0x0000000777e00000, 0x0000000777e00000|100%| E|CS|TAMS 0x0000000777c00000| PB 0x0000000777c00000| Complete 
| 447|0x0000000777e00000, 0x0000000778000000, 0x0000000778000000|100%| E|CS|TAMS 0x0000000777e00000| PB 0x0000000777e00000| Complete 
| 448|0x0000000778000000, 0x0000000778200000, 0x0000000778200000|100%| E|CS|TAMS 0x0000000778000000| PB 0x0000000778000000| Complete 
| 449|0x0000000778200000, 0x0000000778400000, 0x0000000778400000|100%| E|CS|TAMS 0x0000000778200000| PB 0x0000000778200000| Complete 
| 450|0x0000000778400000, 0x0000000778600000, 0x0000000778600000|100%| E|CS|TAMS 0x0000000778400000| PB 0x0000000778400000| Complete 
| 451|0x0000000778600000, 0x0000000778800000, 0x0000000778800000|100%| E|CS|TAMS 0x0000000778600000| PB 0x0000000778600000| Complete 
| 452|0x0000000778800000, 0x0000000778a00000, 0x0000000778a00000|100%| E|CS|TAMS 0x0000000778800000| PB 0x0000000778800000| Complete 
| 453|0x0000000778a00000, 0x0000000778c00000, 0x0000000778c00000|100%| E|CS|TAMS 0x0000000778a00000| PB 0x0000000778a00000| Complete 
| 454|0x0000000778c00000, 0x0000000778e00000, 0x0000000778e00000|100%| E|CS|TAMS 0x0000000778c00000| PB 0x0000000778c00000| Complete 
| 455|0x0000000778e00000, 0x0000000779000000, 0x0000000779000000|100%| E|CS|TAMS 0x0000000778e00000| PB 0x0000000778e00000| Complete 
| 456|0x0000000779000000, 0x0000000779200000, 0x0000000779200000|100%| E|CS|TAMS 0x0000000779000000| PB 0x0000000779000000| Complete 
| 457|0x0000000779200000, 0x0000000779400000, 0x0000000779400000|100%| E|CS|TAMS 0x0000000779200000| PB 0x0000000779200000| Complete 
| 458|0x0000000779400000, 0x0000000779600000, 0x0000000779600000|100%| E|CS|TAMS 0x0000000779400000| PB 0x0000000779400000| Complete 
| 459|0x0000000779600000, 0x0000000779800000, 0x0000000779800000|100%| E|CS|TAMS 0x0000000779600000| PB 0x0000000779600000| Complete 
| 460|0x0000000779800000, 0x0000000779a00000, 0x0000000779a00000|100%| E|CS|TAMS 0x0000000779800000| PB 0x0000000779800000| Complete 
| 461|0x0000000779a00000, 0x0000000779c00000, 0x0000000779c00000|100%| E|CS|TAMS 0x0000000779a00000| PB 0x0000000779a00000| Complete 
| 462|0x0000000779c00000, 0x0000000779e00000, 0x0000000779e00000|100%| E|CS|TAMS 0x0000000779c00000| PB 0x0000000779c00000| Complete 
| 463|0x0000000779e00000, 0x000000077a000000, 0x000000077a000000|100%| E|CS|TAMS 0x0000000779e00000| PB 0x0000000779e00000| Complete 
| 464|0x000000077a000000, 0x000000077a200000, 0x000000077a200000|100%| E|CS|TAMS 0x000000077a000000| PB 0x000000077a000000| Complete 
| 465|0x000000077a200000, 0x000000077a400000, 0x000000077a400000|100%| E|CS|TAMS 0x000000077a200000| PB 0x000000077a200000| Complete 
| 466|0x000000077a400000, 0x000000077a600000, 0x000000077a600000|100%| E|CS|TAMS 0x000000077a400000| PB 0x000000077a400000| Complete 
| 467|0x000000077a600000, 0x000000077a800000, 0x000000077a800000|100%| E|CS|TAMS 0x000000077a600000| PB 0x000000077a600000| Complete 
| 468|0x000000077a800000, 0x000000077aa00000, 0x000000077aa00000|100%| E|CS|TAMS 0x000000077a800000| PB 0x000000077a800000| Complete 
| 469|0x000000077aa00000, 0x000000077ac00000, 0x000000077ac00000|100%| E|CS|TAMS 0x000000077aa00000| PB 0x000000077aa00000| Complete 
| 470|0x000000077ac00000, 0x000000077ae00000, 0x000000077ae00000|100%| E|CS|TAMS 0x000000077ac00000| PB 0x000000077ac00000| Complete 
| 471|0x000000077ae00000, 0x000000077b000000, 0x000000077b000000|100%| E|CS|TAMS 0x000000077ae00000| PB 0x000000077ae00000| Complete 
| 472|0x000000077b000000, 0x000000077b200000, 0x000000077b200000|100%| E|CS|TAMS 0x000000077b000000| PB 0x000000077b000000| Complete 
| 473|0x000000077b200000, 0x000000077b400000, 0x000000077b400000|100%| E|CS|TAMS 0x000000077b200000| PB 0x000000077b200000| Complete 
| 474|0x000000077b400000, 0x000000077b600000, 0x000000077b600000|100%| E|CS|TAMS 0x000000077b400000| PB 0x000000077b400000| Complete 
| 475|0x000000077b600000, 0x000000077b800000, 0x000000077b800000|100%| E|CS|TAMS 0x000000077b600000| PB 0x000000077b600000| Complete 
| 476|0x000000077b800000, 0x000000077ba00000, 0x000000077ba00000|100%| E|CS|TAMS 0x000000077b800000| PB 0x000000077b800000| Complete 
| 477|0x000000077ba00000, 0x000000077bc00000, 0x000000077bc00000|100%| E|CS|TAMS 0x000000077ba00000| PB 0x000000077ba00000| Complete 
| 478|0x000000077bc00000, 0x000000077be00000, 0x000000077be00000|100%| E|CS|TAMS 0x000000077bc00000| PB 0x000000077bc00000| Complete 
| 479|0x000000077be00000, 0x000000077c000000, 0x000000077c000000|100%| E|CS|TAMS 0x000000077be00000| PB 0x000000077be00000| Complete 
| 480|0x000000077c000000, 0x000000077c200000, 0x000000077c200000|100%| E|CS|TAMS 0x000000077c000000| PB 0x000000077c000000| Complete 
| 481|0x000000077c200000, 0x000000077c400000, 0x000000077c400000|100%| E|CS|TAMS 0x000000077c200000| PB 0x000000077c200000| Complete 
| 482|0x000000077c400000, 0x000000077c600000, 0x000000077c600000|100%| E|CS|TAMS 0x000000077c400000| PB 0x000000077c400000| Complete 
| 483|0x000000077c600000, 0x000000077c800000, 0x000000077c800000|100%| E|CS|TAMS 0x000000077c600000| PB 0x000000077c600000| Complete 
| 484|0x000000077c800000, 0x000000077ca00000, 0x000000077ca00000|100%| E|CS|TAMS 0x000000077c800000| PB 0x000000077c800000| Complete 
| 485|0x000000077ca00000, 0x000000077cc00000, 0x000000077cc00000|100%| E|CS|TAMS 0x000000077ca00000| PB 0x000000077ca00000| Complete 
| 486|0x000000077cc00000, 0x000000077ce00000, 0x000000077ce00000|100%| E|CS|TAMS 0x000000077cc00000| PB 0x000000077cc00000| Complete 
| 487|0x000000077ce00000, 0x000000077d000000, 0x000000077d000000|100%| E|CS|TAMS 0x000000077ce00000| PB 0x000000077ce00000| Complete 
| 488|0x000000077d000000, 0x000000077d200000, 0x000000077d200000|100%| E|CS|TAMS 0x000000077d000000| PB 0x000000077d000000| Complete 
| 489|0x000000077d200000, 0x000000077d400000, 0x000000077d400000|100%| E|CS|TAMS 0x000000077d200000| PB 0x000000077d200000| Complete 
| 490|0x000000077d400000, 0x000000077d600000, 0x000000077d600000|100%| E|CS|TAMS 0x000000077d400000| PB 0x000000077d400000| Complete 
| 491|0x000000077d600000, 0x000000077d800000, 0x000000077d800000|100%| E|CS|TAMS 0x000000077d600000| PB 0x000000077d600000| Complete 
| 492|0x000000077d800000, 0x000000077da00000, 0x000000077da00000|100%| E|CS|TAMS 0x000000077d800000| PB 0x000000077d800000| Complete 
| 493|0x000000077da00000, 0x000000077dc00000, 0x000000077dc00000|100%| E|CS|TAMS 0x000000077da00000| PB 0x000000077da00000| Complete 
| 494|0x000000077dc00000, 0x000000077de00000, 0x000000077de00000|100%| E|CS|TAMS 0x000000077dc00000| PB 0x000000077dc00000| Complete 
| 495|0x000000077de00000, 0x000000077e000000, 0x000000077e000000|100%| E|CS|TAMS 0x000000077de00000| PB 0x000000077de00000| Complete 
| 496|0x000000077e000000, 0x000000077e200000, 0x000000077e200000|100%| E|CS|TAMS 0x000000077e000000| PB 0x000000077e000000| Complete 
| 497|0x000000077e200000, 0x000000077e400000, 0x000000077e400000|100%| E|CS|TAMS 0x000000077e200000| PB 0x000000077e200000| Complete 
| 498|0x000000077e400000, 0x000000077e600000, 0x000000077e600000|100%| E|CS|TAMS 0x000000077e400000| PB 0x000000077e400000| Complete 
| 499|0x000000077e600000, 0x000000077e800000, 0x000000077e800000|100%| E|CS|TAMS 0x000000077e600000| PB 0x000000077e600000| Complete 
| 500|0x000000077e800000, 0x000000077ea00000, 0x000000077ea00000|100%| E|CS|TAMS 0x000000077e800000| PB 0x000000077e800000| Complete 
| 501|0x000000077ea00000, 0x000000077ec00000, 0x000000077ec00000|100%| E|CS|TAMS 0x000000077ea00000| PB 0x000000077ea00000| Complete 
| 502|0x000000077ec00000, 0x000000077ee00000, 0x000000077ee00000|100%| E|CS|TAMS 0x000000077ec00000| PB 0x000000077ec00000| Complete 
| 503|0x000000077ee00000, 0x000000077f000000, 0x000000077f000000|100%| E|CS|TAMS 0x000000077ee00000| PB 0x000000077ee00000| Complete 
| 504|0x000000077f000000, 0x000000077f200000, 0x000000077f200000|100%| E|CS|TAMS 0x000000077f000000| PB 0x000000077f000000| Complete 
| 505|0x000000077f200000, 0x000000077f400000, 0x000000077f400000|100%| E|CS|TAMS 0x000000077f200000| PB 0x000000077f200000| Complete 
| 506|0x000000077f400000, 0x000000077f600000, 0x000000077f600000|100%| E|CS|TAMS 0x000000077f400000| PB 0x000000077f400000| Complete 
| 507|0x000000077f600000, 0x000000077f800000, 0x000000077f800000|100%| E|CS|TAMS 0x000000077f600000| PB 0x000000077f600000| Complete 
| 508|0x000000077f800000, 0x000000077fa00000, 0x000000077fa00000|100%| E|CS|TAMS 0x000000077f800000| PB 0x000000077f800000| Complete 
| 509|0x000000077fa00000, 0x000000077fc00000, 0x000000077fc00000|100%| E|CS|TAMS 0x000000077fa00000| PB 0x000000077fa00000| Complete 
| 510|0x000000077fc00000, 0x000000077fe00000, 0x000000077fe00000|100%| E|CS|TAMS 0x000000077fc00000| PB 0x000000077fc00000| Complete 
| 511|0x000000077fe00000, 0x0000000780000000, 0x0000000780000000|100%| E|CS|TAMS 0x000000077fe00000| PB 0x000000077fe00000| Complete 
| 512|0x0000000780000000, 0x0000000780200000, 0x0000000780200000|100%| E|CS|TAMS 0x0000000780000000| PB 0x0000000780000000| Complete 
| 513|0x0000000780200000, 0x0000000780400000, 0x0000000780400000|100%| E|CS|TAMS 0x0000000780200000| PB 0x0000000780200000| Complete 
| 514|0x0000000780400000, 0x0000000780600000, 0x0000000780600000|100%| E|CS|TAMS 0x0000000780400000| PB 0x0000000780400000| Complete 
| 515|0x0000000780600000, 0x0000000780800000, 0x0000000780800000|100%| E|CS|TAMS 0x0000000780600000| PB 0x0000000780600000| Complete 
| 516|0x0000000780800000, 0x0000000780a00000, 0x0000000780a00000|100%| E|CS|TAMS 0x0000000780800000| PB 0x0000000780800000| Complete 
| 517|0x0000000780a00000, 0x0000000780c00000, 0x0000000780c00000|100%| E|CS|TAMS 0x0000000780a00000| PB 0x0000000780a00000| Complete 
| 518|0x0000000780c00000, 0x0000000780e00000, 0x0000000780e00000|100%| E|CS|TAMS 0x0000000780c00000| PB 0x0000000780c00000| Complete 
| 519|0x0000000780e00000, 0x0000000781000000, 0x0000000781000000|100%| E|CS|TAMS 0x0000000780e00000| PB 0x0000000780e00000| Complete 
| 520|0x0000000781000000, 0x0000000781200000, 0x0000000781200000|100%| E|CS|TAMS 0x0000000781000000| PB 0x0000000781000000| Complete 
| 521|0x0000000781200000, 0x0000000781400000, 0x0000000781400000|100%| E|CS|TAMS 0x0000000781200000| PB 0x0000000781200000| Complete 
| 522|0x0000000781400000, 0x0000000781600000, 0x0000000781600000|100%| E|CS|TAMS 0x0000000781400000| PB 0x0000000781400000| Complete 
| 523|0x0000000781600000, 0x0000000781800000, 0x0000000781800000|100%| E|CS|TAMS 0x0000000781600000| PB 0x0000000781600000| Complete 
| 524|0x0000000781800000, 0x0000000781a00000, 0x0000000781a00000|100%| E|CS|TAMS 0x0000000781800000| PB 0x0000000781800000| Complete 
| 525|0x0000000781a00000, 0x0000000781c00000, 0x0000000781c00000|100%| E|CS|TAMS 0x0000000781a00000| PB 0x0000000781a00000| Complete 
| 526|0x0000000781c00000, 0x0000000781e00000, 0x0000000781e00000|100%| E|CS|TAMS 0x0000000781c00000| PB 0x0000000781c00000| Complete 
| 527|0x0000000781e00000, 0x0000000782000000, 0x0000000782000000|100%| E|CS|TAMS 0x0000000781e00000| PB 0x0000000781e00000| Complete 
| 528|0x0000000782000000, 0x0000000782200000, 0x0000000782200000|100%| E|CS|TAMS 0x0000000782000000| PB 0x0000000782000000| Complete 
| 529|0x0000000782200000, 0x0000000782400000, 0x0000000782400000|100%| E|CS|TAMS 0x0000000782200000| PB 0x0000000782200000| Complete 
| 530|0x0000000782400000, 0x0000000782600000, 0x0000000782600000|100%| E|CS|TAMS 0x0000000782400000| PB 0x0000000782400000| Complete 
| 531|0x0000000782600000, 0x0000000782800000, 0x0000000782800000|100%| E|CS|TAMS 0x0000000782600000| PB 0x0000000782600000| Complete 
| 532|0x0000000782800000, 0x0000000782a00000, 0x0000000782a00000|100%| E|CS|TAMS 0x0000000782800000| PB 0x0000000782800000| Complete 
| 533|0x0000000782a00000, 0x0000000782c00000, 0x0000000782c00000|100%| E|CS|TAMS 0x0000000782a00000| PB 0x0000000782a00000| Complete 
| 534|0x0000000782c00000, 0x0000000782e00000, 0x0000000782e00000|100%| E|CS|TAMS 0x0000000782c00000| PB 0x0000000782c00000| Complete 
| 535|0x0000000782e00000, 0x0000000783000000, 0x0000000783000000|100%| E|CS|TAMS 0x0000000782e00000| PB 0x0000000782e00000| Complete 
| 536|0x0000000783000000, 0x0000000783200000, 0x0000000783200000|100%| E|CS|TAMS 0x0000000783000000| PB 0x0000000783000000| Complete 
| 537|0x0000000783200000, 0x0000000783400000, 0x0000000783400000|100%| E|CS|TAMS 0x0000000783200000| PB 0x0000000783200000| Complete 
| 538|0x0000000783400000, 0x0000000783600000, 0x0000000783600000|100%| E|CS|TAMS 0x0000000783400000| PB 0x0000000783400000| Complete 
| 539|0x0000000783600000, 0x0000000783800000, 0x0000000783800000|100%| E|CS|TAMS 0x0000000783600000| PB 0x0000000783600000| Complete 
| 540|0x0000000783800000, 0x0000000783a00000, 0x0000000783a00000|100%| E|CS|TAMS 0x0000000783800000| PB 0x0000000783800000| Complete 
| 541|0x0000000783a00000, 0x0000000783c00000, 0x0000000783c00000|100%| E|CS|TAMS 0x0000000783a00000| PB 0x0000000783a00000| Complete 
| 542|0x0000000783c00000, 0x0000000783e00000, 0x0000000783e00000|100%| E|CS|TAMS 0x0000000783c00000| PB 0x0000000783c00000| Complete 
| 543|0x0000000783e00000, 0x0000000784000000, 0x0000000784000000|100%| E|CS|TAMS 0x0000000783e00000| PB 0x0000000783e00000| Complete 
| 544|0x0000000784000000, 0x0000000784200000, 0x0000000784200000|100%| E|CS|TAMS 0x0000000784000000| PB 0x0000000784000000| Complete 
| 545|0x0000000784200000, 0x0000000784400000, 0x0000000784400000|100%| E|CS|TAMS 0x0000000784200000| PB 0x0000000784200000| Complete 
| 546|0x0000000784400000, 0x0000000784600000, 0x0000000784600000|100%| E|CS|TAMS 0x0000000784400000| PB 0x0000000784400000| Complete 
| 547|0x0000000784600000, 0x0000000784800000, 0x0000000784800000|100%| E|CS|TAMS 0x0000000784600000| PB 0x0000000784600000| Complete 
| 548|0x0000000784800000, 0x0000000784a00000, 0x0000000784a00000|100%| E|CS|TAMS 0x0000000784800000| PB 0x0000000784800000| Complete 
| 549|0x0000000784a00000, 0x0000000784c00000, 0x0000000784c00000|100%| E|CS|TAMS 0x0000000784a00000| PB 0x0000000784a00000| Complete 
| 550|0x0000000784c00000, 0x0000000784e00000, 0x0000000784e00000|100%| E|CS|TAMS 0x0000000784c00000| PB 0x0000000784c00000| Complete 
| 551|0x0000000784e00000, 0x0000000785000000, 0x0000000785000000|100%| E|CS|TAMS 0x0000000784e00000| PB 0x0000000784e00000| Complete 
| 552|0x0000000785000000, 0x0000000785200000, 0x0000000785200000|100%| E|CS|TAMS 0x0000000785000000| PB 0x0000000785000000| Complete 
| 553|0x0000000785200000, 0x0000000785400000, 0x0000000785400000|100%| E|CS|TAMS 0x0000000785200000| PB 0x0000000785200000| Complete 
| 554|0x0000000785400000, 0x0000000785600000, 0x0000000785600000|100%| E|CS|TAMS 0x0000000785400000| PB 0x0000000785400000| Complete 
| 555|0x0000000785600000, 0x0000000785800000, 0x0000000785800000|100%| E|CS|TAMS 0x0000000785600000| PB 0x0000000785600000| Complete 
| 556|0x0000000785800000, 0x0000000785a00000, 0x0000000785a00000|100%| E|CS|TAMS 0x0000000785800000| PB 0x0000000785800000| Complete 
| 557|0x0000000785a00000, 0x0000000785c00000, 0x0000000785c00000|100%| E|CS|TAMS 0x0000000785a00000| PB 0x0000000785a00000| Complete 
| 558|0x0000000785c00000, 0x0000000785e00000, 0x0000000785e00000|100%| E|CS|TAMS 0x0000000785c00000| PB 0x0000000785c00000| Complete 
| 559|0x0000000785e00000, 0x0000000786000000, 0x0000000786000000|100%| E|CS|TAMS 0x0000000785e00000| PB 0x0000000785e00000| Complete 
| 560|0x0000000786000000, 0x0000000786200000, 0x0000000786200000|100%| E|CS|TAMS 0x0000000786000000| PB 0x0000000786000000| Complete 
| 561|0x0000000786200000, 0x0000000786400000, 0x0000000786400000|100%| E|CS|TAMS 0x0000000786200000| PB 0x0000000786200000| Complete 
| 562|0x0000000786400000, 0x0000000786600000, 0x0000000786600000|100%| E|CS|TAMS 0x0000000786400000| PB 0x0000000786400000| Complete 
| 563|0x0000000786600000, 0x0000000786800000, 0x0000000786800000|100%| E|CS|TAMS 0x0000000786600000| PB 0x0000000786600000| Complete 
| 564|0x0000000786800000, 0x0000000786a00000, 0x0000000786a00000|100%| E|CS|TAMS 0x0000000786800000| PB 0x0000000786800000| Complete 
| 565|0x0000000786a00000, 0x0000000786c00000, 0x0000000786c00000|100%| E|CS|TAMS 0x0000000786a00000| PB 0x0000000786a00000| Complete 
| 566|0x0000000786c00000, 0x0000000786e00000, 0x0000000786e00000|100%| E|CS|TAMS 0x0000000786c00000| PB 0x0000000786c00000| Complete 
| 567|0x0000000786e00000, 0x0000000787000000, 0x0000000787000000|100%| E|CS|TAMS 0x0000000786e00000| PB 0x0000000786e00000| Complete 
| 568|0x0000000787000000, 0x0000000787200000, 0x0000000787200000|100%| E|CS|TAMS 0x0000000787000000| PB 0x0000000787000000| Complete 
| 569|0x0000000787200000, 0x0000000787400000, 0x0000000787400000|100%| E|CS|TAMS 0x0000000787200000| PB 0x0000000787200000| Complete 
| 570|0x0000000787400000, 0x0000000787600000, 0x0000000787600000|100%| E|CS|TAMS 0x0000000787400000| PB 0x0000000787400000| Complete 
| 571|0x0000000787600000, 0x0000000787800000, 0x0000000787800000|100%| E|CS|TAMS 0x0000000787600000| PB 0x0000000787600000| Complete 
| 572|0x0000000787800000, 0x0000000787a00000, 0x0000000787a00000|100%| E|CS|TAMS 0x0000000787800000| PB 0x0000000787800000| Complete 
| 573|0x0000000787a00000, 0x0000000787c00000, 0x0000000787c00000|100%| E|CS|TAMS 0x0000000787a00000| PB 0x0000000787a00000| Complete 
| 574|0x0000000787c00000, 0x0000000787e00000, 0x0000000787e00000|100%| E|CS|TAMS 0x0000000787c00000| PB 0x0000000787c00000| Complete 
| 575|0x0000000787e00000, 0x0000000788000000, 0x0000000788000000|100%| E|CS|TAMS 0x0000000787e00000| PB 0x0000000787e00000| Complete 
| 576|0x0000000788000000, 0x0000000788200000, 0x0000000788200000|100%| E|CS|TAMS 0x0000000788000000| PB 0x0000000788000000| Complete 
| 577|0x0000000788200000, 0x0000000788400000, 0x0000000788400000|100%| E|CS|TAMS 0x0000000788200000| PB 0x0000000788200000| Complete 
| 578|0x0000000788400000, 0x0000000788600000, 0x0000000788600000|100%| E|CS|TAMS 0x0000000788400000| PB 0x0000000788400000| Complete 
| 579|0x0000000788600000, 0x0000000788800000, 0x0000000788800000|100%| E|CS|TAMS 0x0000000788600000| PB 0x0000000788600000| Complete 
| 580|0x0000000788800000, 0x0000000788a00000, 0x0000000788a00000|100%| E|CS|TAMS 0x0000000788800000| PB 0x0000000788800000| Complete 
| 581|0x0000000788a00000, 0x0000000788c00000, 0x0000000788c00000|100%| E|CS|TAMS 0x0000000788a00000| PB 0x0000000788a00000| Complete 
| 582|0x0000000788c00000, 0x0000000788e00000, 0x0000000788e00000|100%| E|CS|TAMS 0x0000000788c00000| PB 0x0000000788c00000| Complete 
| 583|0x0000000788e00000, 0x0000000789000000, 0x0000000789000000|100%| E|CS|TAMS 0x0000000788e00000| PB 0x0000000788e00000| Complete 
| 584|0x0000000789000000, 0x0000000789200000, 0x0000000789200000|100%| E|CS|TAMS 0x0000000789000000| PB 0x0000000789000000| Complete 
| 585|0x0000000789200000, 0x0000000789400000, 0x0000000789400000|100%| E|CS|TAMS 0x0000000789200000| PB 0x0000000789200000| Complete 
| 586|0x0000000789400000, 0x0000000789600000, 0x0000000789600000|100%| E|CS|TAMS 0x0000000789400000| PB 0x0000000789400000| Complete 
| 587|0x0000000789600000, 0x0000000789800000, 0x0000000789800000|100%| E|CS|TAMS 0x0000000789600000| PB 0x0000000789600000| Complete 
| 588|0x0000000789800000, 0x0000000789a00000, 0x0000000789a00000|100%| E|CS|TAMS 0x0000000789800000| PB 0x0000000789800000| Complete 
| 589|0x0000000789a00000, 0x0000000789c00000, 0x0000000789c00000|100%| E|CS|TAMS 0x0000000789a00000| PB 0x0000000789a00000| Complete 
| 590|0x0000000789c00000, 0x0000000789e00000, 0x0000000789e00000|100%| E|CS|TAMS 0x0000000789c00000| PB 0x0000000789c00000| Complete 
| 591|0x0000000789e00000, 0x000000078a000000, 0x000000078a000000|100%| E|CS|TAMS 0x0000000789e00000| PB 0x0000000789e00000| Complete 
| 592|0x000000078a000000, 0x000000078a200000, 0x000000078a200000|100%| E|CS|TAMS 0x000000078a000000| PB 0x000000078a000000| Complete 
| 593|0x000000078a200000, 0x000000078a400000, 0x000000078a400000|100%| E|CS|TAMS 0x000000078a200000| PB 0x000000078a200000| Complete 
| 594|0x000000078a400000, 0x000000078a600000, 0x000000078a600000|100%| E|CS|TAMS 0x000000078a400000| PB 0x000000078a400000| Complete 
| 595|0x000000078a600000, 0x000000078a800000, 0x000000078a800000|100%| E|CS|TAMS 0x000000078a600000| PB 0x000000078a600000| Complete 
| 596|0x000000078a800000, 0x000000078aa00000, 0x000000078aa00000|100%| E|CS|TAMS 0x000000078a800000| PB 0x000000078a800000| Complete 
| 597|0x000000078aa00000, 0x000000078ac00000, 0x000000078ac00000|100%| E|CS|TAMS 0x000000078aa00000| PB 0x000000078aa00000| Complete 
| 598|0x000000078ac00000, 0x000000078ae00000, 0x000000078ae00000|100%| E|CS|TAMS 0x000000078ac00000| PB 0x000000078ac00000| Complete 
| 599|0x000000078ae00000, 0x000000078b000000, 0x000000078b000000|100%| E|CS|TAMS 0x000000078ae00000| PB 0x000000078ae00000| Complete 
| 600|0x000000078b000000, 0x000000078b200000, 0x000000078b200000|100%| E|CS|TAMS 0x000000078b000000| PB 0x000000078b000000| Complete 
| 601|0x000000078b200000, 0x000000078b400000, 0x000000078b400000|100%| E|CS|TAMS 0x000000078b200000| PB 0x000000078b200000| Complete 
| 602|0x000000078b400000, 0x000000078b600000, 0x000000078b600000|100%| E|CS|TAMS 0x000000078b400000| PB 0x000000078b400000| Complete 
| 603|0x000000078b600000, 0x000000078b800000, 0x000000078b800000|100%| E|CS|TAMS 0x000000078b600000| PB 0x000000078b600000| Complete 
| 604|0x000000078b800000, 0x000000078ba00000, 0x000000078ba00000|100%| E|CS|TAMS 0x000000078b800000| PB 0x000000078b800000| Complete 
| 605|0x000000078ba00000, 0x000000078bc00000, 0x000000078bc00000|100%| E|CS|TAMS 0x000000078ba00000| PB 0x000000078ba00000| Complete 
| 606|0x000000078bc00000, 0x000000078be00000, 0x000000078be00000|100%| E|CS|TAMS 0x000000078bc00000| PB 0x000000078bc00000| Complete 
| 607|0x000000078be00000, 0x000000078c000000, 0x000000078c000000|100%| E|CS|TAMS 0x000000078be00000| PB 0x000000078be00000| Complete 
| 608|0x000000078c000000, 0x000000078c200000, 0x000000078c200000|100%| E|CS|TAMS 0x000000078c000000| PB 0x000000078c000000| Complete 
| 609|0x000000078c200000, 0x000000078c400000, 0x000000078c400000|100%| E|CS|TAMS 0x000000078c200000| PB 0x000000078c200000| Complete 
| 610|0x000000078c400000, 0x000000078c600000, 0x000000078c600000|100%| E|CS|TAMS 0x000000078c400000| PB 0x000000078c400000| Complete 
| 611|0x000000078c600000, 0x000000078c800000, 0x000000078c800000|100%| E|CS|TAMS 0x000000078c600000| PB 0x000000078c600000| Complete 
| 612|0x000000078c800000, 0x000000078ca00000, 0x000000078ca00000|100%| E|CS|TAMS 0x000000078c800000| PB 0x000000078c800000| Complete 
| 613|0x000000078ca00000, 0x000000078cc00000, 0x000000078cc00000|100%| E|CS|TAMS 0x000000078ca00000| PB 0x000000078ca00000| Complete 
| 614|0x000000078cc00000, 0x000000078ce00000, 0x000000078ce00000|100%| E|CS|TAMS 0x000000078cc00000| PB 0x000000078cc00000| Complete 
| 615|0x000000078ce00000, 0x000000078d000000, 0x000000078d000000|100%| E|CS|TAMS 0x000000078ce00000| PB 0x000000078ce00000| Complete 
| 616|0x000000078d000000, 0x000000078d200000, 0x000000078d200000|100%| E|CS|TAMS 0x000000078d000000| PB 0x000000078d000000| Complete 
| 617|0x000000078d200000, 0x000000078d400000, 0x000000078d400000|100%| E|CS|TAMS 0x000000078d200000| PB 0x000000078d200000| Complete 
| 618|0x000000078d400000, 0x000000078d600000, 0x000000078d600000|100%| E|CS|TAMS 0x000000078d400000| PB 0x000000078d400000| Complete 
| 619|0x000000078d600000, 0x000000078d800000, 0x000000078d800000|100%| E|CS|TAMS 0x000000078d600000| PB 0x000000078d600000| Complete 
| 620|0x000000078d800000, 0x000000078da00000, 0x000000078da00000|100%| E|CS|TAMS 0x000000078d800000| PB 0x000000078d800000| Complete 
| 621|0x000000078da00000, 0x000000078dc00000, 0x000000078dc00000|100%| E|CS|TAMS 0x000000078da00000| PB 0x000000078da00000| Complete 
| 622|0x000000078dc00000, 0x000000078de00000, 0x000000078de00000|100%| E|CS|TAMS 0x000000078dc00000| PB 0x000000078dc00000| Complete 
| 623|0x000000078de00000, 0x000000078e000000, 0x000000078e000000|100%| E|CS|TAMS 0x000000078de00000| PB 0x000000078de00000| Complete 
| 624|0x000000078e000000, 0x000000078e200000, 0x000000078e200000|100%| E|CS|TAMS 0x000000078e000000| PB 0x000000078e000000| Complete 
| 625|0x000000078e200000, 0x000000078e400000, 0x000000078e400000|100%| E|CS|TAMS 0x000000078e200000| PB 0x000000078e200000| Complete 
| 626|0x000000078e400000, 0x000000078e600000, 0x000000078e600000|100%| E|CS|TAMS 0x000000078e400000| PB 0x000000078e400000| Complete 
| 627|0x000000078e600000, 0x000000078e800000, 0x000000078e800000|100%| E|CS|TAMS 0x000000078e600000| PB 0x000000078e600000| Complete 
| 628|0x000000078e800000, 0x000000078ea00000, 0x000000078ea00000|100%| E|CS|TAMS 0x000000078e800000| PB 0x000000078e800000| Complete 
| 629|0x000000078ea00000, 0x000000078ec00000, 0x000000078ec00000|100%| E|CS|TAMS 0x000000078ea00000| PB 0x000000078ea00000| Complete 
| 630|0x000000078ec00000, 0x000000078ee00000, 0x000000078ee00000|100%| E|CS|TAMS 0x000000078ec00000| PB 0x000000078ec00000| Complete 
| 631|0x000000078ee00000, 0x000000078f000000, 0x000000078f000000|100%| E|CS|TAMS 0x000000078ee00000| PB 0x000000078ee00000| Complete 
| 632|0x000000078f000000, 0x000000078f200000, 0x000000078f200000|100%| E|CS|TAMS 0x000000078f000000| PB 0x000000078f000000| Complete 
| 633|0x000000078f200000, 0x000000078f400000, 0x000000078f400000|100%| E|CS|TAMS 0x000000078f200000| PB 0x000000078f200000| Complete 
| 634|0x000000078f400000, 0x000000078f600000, 0x000000078f600000|100%| E|CS|TAMS 0x000000078f400000| PB 0x000000078f400000| Complete 
| 635|0x000000078f600000, 0x000000078f800000, 0x000000078f800000|100%| E|CS|TAMS 0x000000078f600000| PB 0x000000078f600000| Complete 
| 636|0x000000078f800000, 0x000000078fa00000, 0x000000078fa00000|100%| E|CS|TAMS 0x000000078f800000| PB 0x000000078f800000| Complete 
| 637|0x000000078fa00000, 0x000000078fc00000, 0x000000078fc00000|100%| E|CS|TAMS 0x000000078fa00000| PB 0x000000078fa00000| Complete 
| 638|0x000000078fc00000, 0x000000078fe00000, 0x000000078fe00000|100%| E|CS|TAMS 0x000000078fc00000| PB 0x000000078fc00000| Complete 
| 639|0x000000078fe00000, 0x0000000790000000, 0x0000000790000000|100%| E|CS|TAMS 0x000000078fe00000| PB 0x000000078fe00000| Complete 
| 640|0x0000000790000000, 0x0000000790200000, 0x0000000790200000|100%| E|CS|TAMS 0x0000000790000000| PB 0x0000000790000000| Complete 
| 641|0x0000000790200000, 0x0000000790400000, 0x0000000790400000|100%| E|CS|TAMS 0x0000000790200000| PB 0x0000000790200000| Complete 
| 642|0x0000000790400000, 0x0000000790600000, 0x0000000790600000|100%| E|CS|TAMS 0x0000000790400000| PB 0x0000000790400000| Complete 
| 643|0x0000000790600000, 0x0000000790800000, 0x0000000790800000|100%| E|CS|TAMS 0x0000000790600000| PB 0x0000000790600000| Complete 
| 644|0x0000000790800000, 0x0000000790a00000, 0x0000000790a00000|100%| E|CS|TAMS 0x0000000790800000| PB 0x0000000790800000| Complete 
| 645|0x0000000790a00000, 0x0000000790c00000, 0x0000000790c00000|100%| E|CS|TAMS 0x0000000790a00000| PB 0x0000000790a00000| Complete 
| 646|0x0000000790c00000, 0x0000000790e00000, 0x0000000790e00000|100%| E|CS|TAMS 0x0000000790c00000| PB 0x0000000790c00000| Complete 
| 647|0x0000000790e00000, 0x0000000791000000, 0x0000000791000000|100%| E|CS|TAMS 0x0000000790e00000| PB 0x0000000790e00000| Complete 
| 648|0x0000000791000000, 0x0000000791200000, 0x0000000791200000|100%| E|CS|TAMS 0x0000000791000000| PB 0x0000000791000000| Complete 
| 649|0x0000000791200000, 0x0000000791400000, 0x0000000791400000|100%| E|CS|TAMS 0x0000000791200000| PB 0x0000000791200000| Complete 
| 650|0x0000000791400000, 0x0000000791600000, 0x0000000791600000|100%| E|CS|TAMS 0x0000000791400000| PB 0x0000000791400000| Complete 
| 651|0x0000000791600000, 0x0000000791800000, 0x0000000791800000|100%| E|CS|TAMS 0x0000000791600000| PB 0x0000000791600000| Complete 
| 652|0x0000000791800000, 0x0000000791a00000, 0x0000000791a00000|100%| E|CS|TAMS 0x0000000791800000| PB 0x0000000791800000| Complete 
| 653|0x0000000791a00000, 0x0000000791c00000, 0x0000000791c00000|100%| E|CS|TAMS 0x0000000791a00000| PB 0x0000000791a00000| Complete 
| 654|0x0000000791c00000, 0x0000000791e00000, 0x0000000791e00000|100%| E|CS|TAMS 0x0000000791c00000| PB 0x0000000791c00000| Complete 
| 655|0x0000000791e00000, 0x0000000792000000, 0x0000000792000000|100%| E|CS|TAMS 0x0000000791e00000| PB 0x0000000791e00000| Complete 
| 656|0x0000000792000000, 0x0000000792200000, 0x0000000792200000|100%| E|CS|TAMS 0x0000000792000000| PB 0x0000000792000000| Complete 
| 657|0x0000000792200000, 0x0000000792400000, 0x0000000792400000|100%| E|CS|TAMS 0x0000000792200000| PB 0x0000000792200000| Complete 
| 658|0x0000000792400000, 0x0000000792600000, 0x0000000792600000|100%| E|CS|TAMS 0x0000000792400000| PB 0x0000000792400000| Complete 
| 659|0x0000000792600000, 0x0000000792800000, 0x0000000792800000|100%| E|CS|TAMS 0x0000000792600000| PB 0x0000000792600000| Complete 
| 660|0x0000000792800000, 0x0000000792a00000, 0x0000000792a00000|100%| E|CS|TAMS 0x0000000792800000| PB 0x0000000792800000| Complete 
| 661|0x0000000792a00000, 0x0000000792c00000, 0x0000000792c00000|100%| E|CS|TAMS 0x0000000792a00000| PB 0x0000000792a00000| Complete 
| 662|0x0000000792c00000, 0x0000000792e00000, 0x0000000792e00000|100%| E|CS|TAMS 0x0000000792c00000| PB 0x0000000792c00000| Complete 
| 663|0x0000000792e00000, 0x0000000793000000, 0x0000000793000000|100%| E|CS|TAMS 0x0000000792e00000| PB 0x0000000792e00000| Complete 
| 664|0x0000000793000000, 0x0000000793200000, 0x0000000793200000|100%| E|CS|TAMS 0x0000000793000000| PB 0x0000000793000000| Complete 
| 665|0x0000000793200000, 0x0000000793400000, 0x0000000793400000|100%| E|CS|TAMS 0x0000000793200000| PB 0x0000000793200000| Complete 
| 666|0x0000000793400000, 0x0000000793600000, 0x0000000793600000|100%| E|CS|TAMS 0x0000000793400000| PB 0x0000000793400000| Complete 
| 667|0x0000000793600000, 0x0000000793800000, 0x0000000793800000|100%| E|CS|TAMS 0x0000000793600000| PB 0x0000000793600000| Complete 
| 668|0x0000000793800000, 0x0000000793a00000, 0x0000000793a00000|100%| E|CS|TAMS 0x0000000793800000| PB 0x0000000793800000| Complete 
| 669|0x0000000793a00000, 0x0000000793c00000, 0x0000000793c00000|100%| E|CS|TAMS 0x0000000793a00000| PB 0x0000000793a00000| Complete 
| 670|0x0000000793c00000, 0x0000000793e00000, 0x0000000793e00000|100%| E|CS|TAMS 0x0000000793c00000| PB 0x0000000793c00000| Complete 
| 671|0x0000000793e00000, 0x0000000794000000, 0x0000000794000000|100%| E|CS|TAMS 0x0000000793e00000| PB 0x0000000793e00000| Complete 
| 672|0x0000000794000000, 0x0000000794200000, 0x0000000794200000|100%| E|CS|TAMS 0x0000000794000000| PB 0x0000000794000000| Complete 
| 673|0x0000000794200000, 0x0000000794400000, 0x0000000794400000|100%| E|CS|TAMS 0x0000000794200000| PB 0x0000000794200000| Complete 
| 674|0x0000000794400000, 0x0000000794600000, 0x0000000794600000|100%| E|CS|TAMS 0x0000000794400000| PB 0x0000000794400000| Complete 
| 675|0x0000000794600000, 0x0000000794800000, 0x0000000794800000|100%| E|CS|TAMS 0x0000000794600000| PB 0x0000000794600000| Complete 
| 676|0x0000000794800000, 0x0000000794a00000, 0x0000000794a00000|100%| E|CS|TAMS 0x0000000794800000| PB 0x0000000794800000| Complete 
| 677|0x0000000794a00000, 0x0000000794c00000, 0x0000000794c00000|100%| E|CS|TAMS 0x0000000794a00000| PB 0x0000000794a00000| Complete 
| 678|0x0000000794c00000, 0x0000000794e00000, 0x0000000794e00000|100%| E|CS|TAMS 0x0000000794c00000| PB 0x0000000794c00000| Complete 
| 679|0x0000000794e00000, 0x0000000795000000, 0x0000000795000000|100%| E|CS|TAMS 0x0000000794e00000| PB 0x0000000794e00000| Complete 
| 680|0x0000000795000000, 0x0000000795200000, 0x0000000795200000|100%| E|CS|TAMS 0x0000000795000000| PB 0x0000000795000000| Complete 
| 681|0x0000000795200000, 0x0000000795400000, 0x0000000795400000|100%| E|CS|TAMS 0x0000000795200000| PB 0x0000000795200000| Complete 
| 682|0x0000000795400000, 0x0000000795600000, 0x0000000795600000|100%| E|CS|TAMS 0x0000000795400000| PB 0x0000000795400000| Complete 
| 683|0x0000000795600000, 0x0000000795800000, 0x0000000795800000|100%| E|CS|TAMS 0x0000000795600000| PB 0x0000000795600000| Complete 
| 684|0x0000000795800000, 0x0000000795a00000, 0x0000000795a00000|100%| E|CS|TAMS 0x0000000795800000| PB 0x0000000795800000| Complete 
| 685|0x0000000795a00000, 0x0000000795c00000, 0x0000000795c00000|100%| E|CS|TAMS 0x0000000795a00000| PB 0x0000000795a00000| Complete 
| 686|0x0000000795c00000, 0x0000000795e00000, 0x0000000795e00000|100%| E|CS|TAMS 0x0000000795c00000| PB 0x0000000795c00000| Complete 
| 687|0x0000000795e00000, 0x0000000796000000, 0x0000000796000000|100%| E|CS|TAMS 0x0000000795e00000| PB 0x0000000795e00000| Complete 
| 688|0x0000000796000000, 0x0000000796200000, 0x0000000796200000|100%| E|CS|TAMS 0x0000000796000000| PB 0x0000000796000000| Complete 
| 689|0x0000000796200000, 0x0000000796400000, 0x0000000796400000|100%| E|CS|TAMS 0x0000000796200000| PB 0x0000000796200000| Complete 
| 690|0x0000000796400000, 0x0000000796600000, 0x0000000796600000|100%| E|CS|TAMS 0x0000000796400000| PB 0x0000000796400000| Complete 
| 691|0x0000000796600000, 0x0000000796800000, 0x0000000796800000|100%| E|CS|TAMS 0x0000000796600000| PB 0x0000000796600000| Complete 
| 692|0x0000000796800000, 0x0000000796a00000, 0x0000000796a00000|100%| E|CS|TAMS 0x0000000796800000| PB 0x0000000796800000| Complete 
| 693|0x0000000796a00000, 0x0000000796c00000, 0x0000000796c00000|100%| E|CS|TAMS 0x0000000796a00000| PB 0x0000000796a00000| Complete 
| 694|0x0000000796c00000, 0x0000000796e00000, 0x0000000796e00000|100%| E|CS|TAMS 0x0000000796c00000| PB 0x0000000796c00000| Complete 
| 695|0x0000000796e00000, 0x0000000797000000, 0x0000000797000000|100%| E|CS|TAMS 0x0000000796e00000| PB 0x0000000796e00000| Complete 
| 696|0x0000000797000000, 0x0000000797200000, 0x0000000797200000|100%| E|CS|TAMS 0x0000000797000000| PB 0x0000000797000000| Complete 
| 697|0x0000000797200000, 0x0000000797400000, 0x0000000797400000|100%| E|CS|TAMS 0x0000000797200000| PB 0x0000000797200000| Complete 
| 698|0x0000000797400000, 0x0000000797600000, 0x0000000797600000|100%| E|CS|TAMS 0x0000000797400000| PB 0x0000000797400000| Complete 
| 699|0x0000000797600000, 0x0000000797800000, 0x0000000797800000|100%| E|CS|TAMS 0x0000000797600000| PB 0x0000000797600000| Complete 
| 700|0x0000000797800000, 0x0000000797a00000, 0x0000000797a00000|100%| E|CS|TAMS 0x0000000797800000| PB 0x0000000797800000| Complete 
| 701|0x0000000797a00000, 0x0000000797c00000, 0x0000000797c00000|100%| E|CS|TAMS 0x0000000797a00000| PB 0x0000000797a00000| Complete 
| 702|0x0000000797c00000, 0x0000000797e00000, 0x0000000797e00000|100%| E|CS|TAMS 0x0000000797c00000| PB 0x0000000797c00000| Complete 
| 703|0x0000000797e00000, 0x0000000798000000, 0x0000000798000000|100%| E|CS|TAMS 0x0000000797e00000| PB 0x0000000797e00000| Complete 
| 704|0x0000000798000000, 0x0000000798200000, 0x0000000798200000|100%| E|CS|TAMS 0x0000000798000000| PB 0x0000000798000000| Complete 
| 705|0x0000000798200000, 0x0000000798400000, 0x0000000798400000|100%| E|CS|TAMS 0x0000000798200000| PB 0x0000000798200000| Complete 
| 706|0x0000000798400000, 0x0000000798600000, 0x0000000798600000|100%| E|CS|TAMS 0x0000000798400000| PB 0x0000000798400000| Complete 
| 707|0x0000000798600000, 0x0000000798800000, 0x0000000798800000|100%| E|CS|TAMS 0x0000000798600000| PB 0x0000000798600000| Complete 
| 708|0x0000000798800000, 0x0000000798a00000, 0x0000000798a00000|100%| E|CS|TAMS 0x0000000798800000| PB 0x0000000798800000| Complete 
| 709|0x0000000798a00000, 0x0000000798c00000, 0x0000000798c00000|100%| E|CS|TAMS 0x0000000798a00000| PB 0x0000000798a00000| Complete 
| 710|0x0000000798c00000, 0x0000000798e00000, 0x0000000798e00000|100%| E|CS|TAMS 0x0000000798c00000| PB 0x0000000798c00000| Complete 
| 711|0x0000000798e00000, 0x0000000799000000, 0x0000000799000000|100%| E|CS|TAMS 0x0000000798e00000| PB 0x0000000798e00000| Complete 
| 712|0x0000000799000000, 0x0000000799200000, 0x0000000799200000|100%| E|CS|TAMS 0x0000000799000000| PB 0x0000000799000000| Complete 
| 713|0x0000000799200000, 0x0000000799400000, 0x0000000799400000|100%| E|CS|TAMS 0x0000000799200000| PB 0x0000000799200000| Complete 
| 714|0x0000000799400000, 0x0000000799600000, 0x0000000799600000|100%| E|CS|TAMS 0x0000000799400000| PB 0x0000000799400000| Complete 
| 715|0x0000000799600000, 0x0000000799800000, 0x0000000799800000|100%| E|CS|TAMS 0x0000000799600000| PB 0x0000000799600000| Complete 
| 716|0x0000000799800000, 0x0000000799a00000, 0x0000000799a00000|100%| E|CS|TAMS 0x0000000799800000| PB 0x0000000799800000| Complete 
| 717|0x0000000799a00000, 0x0000000799c00000, 0x0000000799c00000|100%| E|CS|TAMS 0x0000000799a00000| PB 0x0000000799a00000| Complete 
| 718|0x0000000799c00000, 0x0000000799e00000, 0x0000000799e00000|100%| E|CS|TAMS 0x0000000799c00000| PB 0x0000000799c00000| Complete 
| 719|0x0000000799e00000, 0x000000079a000000, 0x000000079a000000|100%| E|CS|TAMS 0x0000000799e00000| PB 0x0000000799e00000| Complete 
| 720|0x000000079a000000, 0x000000079a200000, 0x000000079a200000|100%| E|CS|TAMS 0x000000079a000000| PB 0x000000079a000000| Complete 
| 721|0x000000079a200000, 0x000000079a400000, 0x000000079a400000|100%| E|CS|TAMS 0x000000079a200000| PB 0x000000079a200000| Complete 
| 722|0x000000079a400000, 0x000000079a600000, 0x000000079a600000|100%| E|CS|TAMS 0x000000079a400000| PB 0x000000079a400000| Complete 
| 723|0x000000079a600000, 0x000000079a800000, 0x000000079a800000|100%| E|CS|TAMS 0x000000079a600000| PB 0x000000079a600000| Complete 
| 724|0x000000079a800000, 0x000000079a920048, 0x000000079aa00000| 56%| S|CS|TAMS 0x000000079a800000| PB 0x000000079a800000| Complete 
| 725|0x000000079aa00000, 0x000000079ac00000, 0x000000079ac00000|100%| S|CS|TAMS 0x000000079aa00000| PB 0x000000079aa00000| Complete 
| 726|0x000000079ac00000, 0x000000079ae00000, 0x000000079ae00000|100%| S|CS|TAMS 0x000000079ac00000| PB 0x000000079ac00000| Complete 
| 727|0x000000079ae00000, 0x000000079b000000, 0x000000079b000000|100%| S|CS|TAMS 0x000000079ae00000| PB 0x000000079ae00000| Complete 
| 728|0x000000079b000000, 0x000000079b200000, 0x000000079b200000|100%| S|CS|TAMS 0x000000079b000000| PB 0x000000079b000000| Complete 
| 729|0x000000079b200000, 0x000000079b400000, 0x000000079b400000|100%| S|CS|TAMS 0x000000079b200000| PB 0x000000079b200000| Complete 
| 730|0x000000079b400000, 0x000000079b600000, 0x000000079b600000|100%| S|CS|TAMS 0x000000079b400000| PB 0x000000079b400000| Complete 
| 731|0x000000079b600000, 0x000000079b800000, 0x000000079b800000|100%| S|CS|TAMS 0x000000079b600000| PB 0x000000079b600000| Complete 
| 732|0x000000079b800000, 0x000000079ba00000, 0x000000079ba00000|100%| S|CS|TAMS 0x000000079b800000| PB 0x000000079b800000| Complete 
| 733|0x000000079ba00000, 0x000000079bc00000, 0x000000079bc00000|100%| S|CS|TAMS 0x000000079ba00000| PB 0x000000079ba00000| Complete 
| 734|0x000000079bc00000, 0x000000079be00000, 0x000000079be00000|100%| S|CS|TAMS 0x000000079bc00000| PB 0x000000079bc00000| Complete 
| 735|0x000000079be00000, 0x000000079c000000, 0x000000079c000000|100%| S|CS|TAMS 0x000000079be00000| PB 0x000000079be00000| Complete 
| 736|0x000000079c000000, 0x000000079c200000, 0x000000079c200000|100%| S|CS|TAMS 0x000000079c000000| PB 0x000000079c000000| Complete 
| 737|0x000000079c200000, 0x000000079c400000, 0x000000079c400000|100%| S|CS|TAMS 0x000000079c200000| PB 0x000000079c200000| Complete 
| 738|0x000000079c400000, 0x000000079c600000, 0x000000079c600000|100%| S|CS|TAMS 0x000000079c400000| PB 0x000000079c400000| Complete 
| 739|0x000000079c600000, 0x000000079c800000, 0x000000079c800000|100%| S|CS|TAMS 0x000000079c600000| PB 0x000000079c600000| Complete 
| 740|0x000000079c800000, 0x000000079ca00000, 0x000000079ca00000|100%| S|CS|TAMS 0x000000079c800000| PB 0x000000079c800000| Complete 
| 741|0x000000079ca00000, 0x000000079cc00000, 0x000000079cc00000|100%| S|CS|TAMS 0x000000079ca00000| PB 0x000000079ca00000| Complete 
| 742|0x000000079cc00000, 0x000000079ce00000, 0x000000079ce00000|100%| S|CS|TAMS 0x000000079cc00000| PB 0x000000079cc00000| Complete 
| 743|0x000000079ce00000, 0x000000079d000000, 0x000000079d000000|100%| S|CS|TAMS 0x000000079ce00000| PB 0x000000079ce00000| Complete 
| 744|0x000000079d000000, 0x000000079d200000, 0x000000079d200000|100%| S|CS|TAMS 0x000000079d000000| PB 0x000000079d000000| Complete 
| 745|0x000000079d200000, 0x000000079d400000, 0x000000079d400000|100%| S|CS|TAMS 0x000000079d200000| PB 0x000000079d200000| Complete 
| 746|0x000000079d400000, 0x000000079d600000, 0x000000079d600000|100%| S|CS|TAMS 0x000000079d400000| PB 0x000000079d400000| Complete 
|1525|0x00000007fea00000, 0x00000007fec00000, 0x00000007fec00000|100%| E|CS|TAMS 0x00000007fea00000| PB 0x00000007fea00000| Complete 
|1526|0x00000007fec00000, 0x00000007fee00000, 0x00000007fee00000|100%| E|CS|TAMS 0x00000007fec00000| PB 0x00000007fec00000| Complete 
|1527|0x00000007fee00000, 0x00000007ff000000, 0x00000007ff000000|100%| O|  |TAMS 0x00000007fee00000| PB 0x00000007fee00000| Untracked 
|1528|0x00000007ff000000, 0x00000007ff200000, 0x00000007ff200000|100%| O|  |TAMS 0x00000007ff000000| PB 0x00000007ff000000| Untracked 
|1529|0x00000007ff200000, 0x00000007ff400000, 0x00000007ff400000|100%| O|  |TAMS 0x00000007ff200000| PB 0x00000007ff200000| Untracked 
|1530|0x00000007ff400000, 0x00000007ff600000, 0x00000007ff600000|100%| O|  |TAMS 0x00000007ff400000| PB 0x00000007ff400000| Untracked 
|1531|0x00000007ff600000, 0x00000007ff800000, 0x00000007ff800000|100%| E|CS|TAMS 0x00000007ff600000| PB 0x00000007ff600000| Complete 
|1532|0x00000007ff800000, 0x00000007ffa00000, 0x00000007ffa00000|100%| E|CS|TAMS 0x00000007ff800000| PB 0x00000007ff800000| Complete 
|1533|0x00000007ffa00000, 0x00000007ffc00000, 0x00000007ffc00000|100%| O|  |TAMS 0x00000007ffa00000| PB 0x00000007ffa00000| Untracked 
|1534|0x00000007ffc00000, 0x00000007ffe00000, 0x00000007ffe00000|100%| O|  |TAMS 0x00000007ffc00000| PB 0x00000007ffc00000| Untracked 
|1535|0x00000007ffe00000, 0x0000000800000000, 0x0000000800000000|100%| O|  |TAMS 0x00000007ffe00000| PB 0x00000007ffe00000| Untracked 

Card table byte_map: [0x0000015bfb410000,0x0000015bfba10000] _byte_map_base: 0x0000015bf7a10000

Marking Bits: (CMBitMap*) 0x0000015bf2234860
 Bits: [0x0000015bfba10000, 0x0000015bfea10000)

Polling page: 0x0000015beffb0000

Metaspace:

Usage:
  Non-class:    131.69 MB used.
      Class:     20.70 MB used.
       Both:    152.40 MB used.

Virtual space:
  Non-class space:      192.00 MB reserved,     133.00 MB ( 69%) committed,  3 nodes.
      Class space:        1.00 GB reserved,      21.94 MB (  2%) committed,  1 nodes.
             Both:        1.19 GB reserved,     154.94 MB ( 13%) committed. 

Chunk freelists:
   Non-Class:  10.92 MB
       Class:  10.08 MB
        Both:  21.00 MB

MaxMetaspaceSize: unlimited
CompressedClassSpaceSize: 1.00 GB
Initial GC threshold: 21.00 MB
Current GC threshold: 253.88 MB
CDS: on
 - commit_granule_bytes: 65536.
 - commit_granule_words: 8192.
 - virtual_space_node_default_size: 8388608.
 - enlarge_chunks_in_place: 1.
 - use_allocation_guard: 0.


Internal statistics:

num_allocs_failed_limit: 9.
num_arena_births: 4856.
num_arena_deaths: 186.
num_vsnodes_births: 4.
num_vsnodes_deaths: 0.
num_space_committed: 2484.
num_space_uncommitted: 4.
num_chunks_returned_to_freelist: 315.
num_chunks_taken_from_freelist: 11998.
num_chunk_merges: 131.
num_chunk_splits: 7911.
num_chunks_enlarged: 5168.
num_inconsistent_stats: 0.

CodeHeap 'non-profiled nmethods': size=120000Kb used=19902Kb max_used=19902Kb free=100097Kb
 bounds [0x0000015b87ad0000, 0x0000015b88e40000, 0x0000015b8f000000]
CodeHeap 'profiled nmethods': size=120000Kb used=38647Kb max_used=43715Kb free=81352Kb
 bounds [0x0000015b80000000, 0x0000015b82ba0000, 0x0000015b87530000]
CodeHeap 'non-nmethods': size=5760Kb used=3077Kb max_used=3178Kb free=2682Kb
 bounds [0x0000015b87530000, 0x0000015b87870000, 0x0000015b87ad0000]
 total_blobs=21051 nmethods=19933 adapters=1019
 compilation: enabled
              stopped_count=0, restarted_count=0
 full_count=0

Compilation events (20 events):
Event: 43.175 Thread 0x0000015bfee23530 nmethod 38732 0x0000015b8155bd90 code [0x0000015b8155bfa0, 0x0000015b8155c3b8]
Event: 43.175 Thread 0x0000015bfee23530 38733       2       com.android.build.gradle.tasks.PackageAndroidArtifact$Companion$doTask$3::apply (11 bytes)
Event: 43.175 Thread 0x0000015bfee23530 nmethod 38733 0x0000015b81561890 code [0x0000015b81561aa0, 0x0000015b81561e70]
Event: 43.175 Thread 0x0000015bfee23530 38734       2       com.google.common.collect.CollectSpliterators$1WithCharacteristics$$Lambda/0x0000015b935e8928::accept (13 bytes)
Event: 43.175 Thread 0x0000015bfee23530 nmethod 38734 0x0000015b81561490 code [0x0000015b81561640, 0x0000015b815617b8]
Event: 43.175 Thread 0x0000015bfee23530 38735       2       com.google.common.collect.CollectSpliterators$1WithCharacteristics::lambda$forEachRemaining$1 (14 bytes)
Event: 43.175 Thread 0x0000015bfee23530 nmethod 38735 0x0000015b81560f10 code [0x0000015b815610c0, 0x0000015b81561210]
Event: 43.175 Thread 0x0000015bfee23530 38736       2       com.google.common.collect.IndexedImmutableSet$$Lambda/0x0000015b935e0400::apply (9 bytes)
Event: 43.175 Thread 0x0000015bfee23530 nmethod 38736 0x0000015b82720410 code [0x0000015b827205c0, 0x0000015b827206f8]
Event: 43.179 Thread 0x0000015bfee23530 38738       2       com.google.gson.stream.JsonWriter::push (47 bytes)
Event: 43.179 Thread 0x0000015bfee23530 nmethod 38738 0x0000015b815f9910 code [0x0000015b815f9ac0, 0x0000015b815f9cb8]
Event: 43.180 Thread 0x0000015bfee23530 38739       3       org.gradle.internal.snapshot.VfsRelativePath::lengthOfCommonPrefix (173 bytes)
Event: 43.182 Thread 0x0000015bfee23530 nmethod 38739 0x0000015b823f7890 code [0x0000015b823f7ca0, 0x0000015b823f9c68]
Event: 43.182 Thread 0x0000015bfee23530 38740       3       org.gradle.internal.snapshot.impl.DirectorySnapshotter$DefaultExcludes$$Lambda/0x0000015b92248d78::test (8 bytes)
Event: 43.182 Thread 0x0000015bfee23530 nmethod 38740 0x0000015b815f9410 code [0x0000015b815f95c0, 0x0000015b815f9820]
Event: 43.182 Thread 0x0000015bfee23530 38742       2       org.gradle.internal.snapshot.VfsRelativePath::isPrefixOf (15 bytes)
Event: 43.182 Thread 0x0000015bfee23530 nmethod 38742 0x0000015b82743110 code [0x0000015b827432c0, 0x0000015b82743408]
Event: 43.182 Thread 0x0000015bfee23530 38741       2       org.gradle.internal.snapshot.AbstractInvalidateChildHandler::handleUnrelatedToAnyChild (5 bytes)
Event: 43.182 Thread 0x0000015bfee23530 nmethod 38741 0x0000015b815f8f90 code [0x0000015b815f9140, 0x0000015b815f92b8]
Event: 43.203 Thread 0x0000015bfee23530 38743       2       org.gradle.api.internal.tasks.properties.DefaultFinalizingValidatingProperty::cleanupValue (17 bytes)

GC Heap History (20 events):
Event: 36.127 GC heap before
{Heap before GC invocations=95 (full 0):
 garbage-first heap   total 1552384K, used 1422916K [0x0000000740000000, 0x0000000800000000)
  region size 2048K, 447 young (915456K), 28 survivors (57344K)
 Metaspace       used 150389K, committed 152960K, reserved 1245184K
  class space    used 20592K, committed 21888K, reserved 1048576K
}
Event: 36.154 GC heap after
{Heap after GC invocations=96 (full 0):
 garbage-first heap   total 1552384K, used 583797K [0x0000000740000000, 0x0000000800000000)
  region size 2048K, 37 young (75776K), 37 survivors (75776K)
 Metaspace       used 150389K, committed 152960K, reserved 1245184K
  class space    used 20592K, committed 21888K, reserved 1048576K
}
Event: 36.625 GC heap before
{Heap before GC invocations=96 (full 0):
 garbage-first heap   total 1552384K, used 1392757K [0x0000000740000000, 0x0000000800000000)
  region size 2048K, 433 young (886784K), 37 survivors (75776K)
 Metaspace       used 151303K, committed 153856K, reserved 1245184K
  class space    used 20631K, committed 21888K, reserved 1048576K
}
Event: 36.656 GC heap after
{Heap after GC invocations=97 (full 0):
 garbage-first heap   total 1552384K, used 567073K [0x0000000740000000, 0x0000000800000000)
  region size 2048K, 31 young (63488K), 31 survivors (63488K)
 Metaspace       used 151303K, committed 153856K, reserved 1245184K
  class space    used 20631K, committed 21888K, reserved 1048576K
}
Event: 37.043 GC heap before
{Heap before GC invocations=97 (full 0):
 garbage-first heap   total 1552384K, used 1406753K [0x0000000740000000, 0x0000000800000000)
  region size 2048K, 442 young (905216K), 31 survivors (63488K)
 Metaspace       used 151435K, committed 153984K, reserved 1245184K
  class space    used 20633K, committed 21888K, reserved 1048576K
}
Event: 37.064 GC heap after
{Heap after GC invocations=98 (full 0):
 garbage-first heap   total 1552384K, used 567073K [0x0000000740000000, 0x0000000800000000)
  region size 2048K, 31 young (63488K), 31 survivors (63488K)
 Metaspace       used 151435K, committed 153984K, reserved 1245184K
  class space    used 20633K, committed 21888K, reserved 1048576K
}
Event: 37.529 GC heap before
{Heap before GC invocations=98 (full 0):
 garbage-first heap   total 1552384K, used 1400609K [0x0000000740000000, 0x0000000800000000)
  region size 2048K, 442 young (905216K), 31 survivors (63488K)
 Metaspace       used 151428K, committed 154048K, reserved 1245184K
  class space    used 20625K, committed 21888K, reserved 1048576K
}
Event: 37.552 GC heap after
{Heap after GC invocations=99 (full 0):
 garbage-first heap   total 1552384K, used 560979K [0x0000000740000000, 0x0000000800000000)
  region size 2048K, 30 young (61440K), 30 survivors (61440K)
 Metaspace       used 151428K, committed 154048K, reserved 1245184K
  class space    used 20625K, committed 21888K, reserved 1048576K
}
Event: 37.834 GC heap before
{Heap before GC invocations=100 (full 0):
 garbage-first heap   total 1552384K, used 1408851K [0x0000000740000000, 0x0000000800000000)
  region size 2048K, 445 young (911360K), 30 survivors (61440K)
 Metaspace       used 151460K, committed 154048K, reserved 1245184K
  class space    used 20628K, committed 21888K, reserved 1048576K
}
Event: 37.856 GC heap after
{Heap after GC invocations=101 (full 0):
 garbage-first heap   total 1552384K, used 562003K [0x0000000740000000, 0x0000000800000000)
  region size 2048K, 31 young (63488K), 31 survivors (63488K)
 Metaspace       used 151460K, committed 154048K, reserved 1245184K
  class space    used 20628K, committed 21888K, reserved 1048576K
}
Event: 38.145 GC heap before
{Heap before GC invocations=101 (full 0):
 garbage-first heap   total 1552384K, used 1405779K [0x0000000740000000, 0x0000000800000000)
  region size 2048K, 444 young (909312K), 31 survivors (63488K)
 Metaspace       used 151487K, committed 154048K, reserved 1245184K
  class space    used 20629K, committed 21888K, reserved 1048576K
}
Event: 38.177 GC heap after
{Heap after GC invocations=102 (full 0):
 garbage-first heap   total 1552384K, used 553808K [0x0000000740000000, 0x0000000800000000)
  region size 2048K, 34 young (69632K), 34 survivors (69632K)
 Metaspace       used 151487K, committed 154048K, reserved 1245184K
  class space    used 20629K, committed 21888K, reserved 1048576K
}
Event: 38.516 GC heap before
{Heap before GC invocations=102 (full 0):
 garbage-first heap   total 1552384K, used 1399632K [0x0000000740000000, 0x0000000800000000)
  region size 2048K, 448 young (917504K), 34 survivors (69632K)
 Metaspace       used 151521K, committed 154048K, reserved 1245184K
  class space    used 20633K, committed 21888K, reserved 1048576K
}
Event: 38.541 GC heap after
{Heap after GC invocations=103 (full 0):
 garbage-first heap   total 1552384K, used 555961K [0x0000000740000000, 0x0000000800000000)
  region size 2048K, 28 young (57344K), 28 survivors (57344K)
 Metaspace       used 151521K, committed 154048K, reserved 1245184K
  class space    used 20633K, committed 21888K, reserved 1048576K
}
Event: 39.843 GC heap before
{Heap before GC invocations=104 (full 0):
 garbage-first heap   total 1552384K, used 1418169K [0x0000000740000000, 0x0000000800000000)
  region size 2048K, 447 young (915456K), 28 survivors (57344K)
 Metaspace       used 152532K, committed 155072K, reserved 1245184K
  class space    used 20769K, committed 22016K, reserved 1048576K
}
Event: 39.866 GC heap after
{Heap after GC invocations=105 (full 0):
 garbage-first heap   total 1552384K, used 570297K [0x0000000740000000, 0x0000000800000000)
  region size 2048K, 32 young (65536K), 32 survivors (65536K)
 Metaspace       used 152532K, committed 155072K, reserved 1245184K
  class space    used 20769K, committed 22016K, reserved 1048576K
}
Event: 41.785 GC heap before
{Heap before GC invocations=105 (full 0):
 garbage-first heap   total 1552384K, used 1407929K [0x0000000740000000, 0x0000000800000000)
  region size 2048K, 440 young (901120K), 32 survivors (65536K)
 Metaspace       used 153191K, committed 155712K, reserved 1245184K
  class space    used 20843K, committed 22080K, reserved 1048576K
}
Event: 41.816 GC heap after
{Heap after GC invocations=106 (full 0):
 garbage-first heap   total 1552384K, used 576493K [0x0000000740000000, 0x0000000800000000)
  region size 2048K, 27 young (55296K), 27 survivors (55296K)
 Metaspace       used 153191K, committed 155712K, reserved 1245184K
  class space    used 20843K, committed 22080K, reserved 1048576K
}
Event: 41.860 GC heap before
{Heap before GC invocations=106 (full 0):
 garbage-first heap   total 1552384K, used 582637K [0x0000000740000000, 0x0000000800000000)
  region size 2048K, 31 young (63488K), 27 survivors (55296K)
 Metaspace       used 153198K, committed 155712K, reserved 1245184K
  class space    used 20844K, committed 22080K, reserved 1048576K
}
Event: 41.874 GC heap after
{Heap after GC invocations=107 (full 0):
 garbage-first heap   total 1552384K, used 567405K [0x0000000740000000, 0x0000000800000000)
  region size 2048K, 23 young (47104K), 23 survivors (47104K)
 Metaspace       used 153198K, committed 155712K, reserved 1245184K
  class space    used 20844K, committed 22080K, reserved 1048576K
}

Dll operation events (15 events):
Event: 0.007 Loaded shared library C:\Users\vfxno\AppData\Local\Programs\Eclipse Adoptium\jdk-21.0.6.7-hotspot\bin\java.dll
Event: 0.032 Loaded shared library C:\Users\vfxno\AppData\Local\Programs\Eclipse Adoptium\jdk-21.0.6.7-hotspot\bin\jsvml.dll
Event: 0.060 Loaded shared library C:\Users\vfxno\AppData\Local\Programs\Eclipse Adoptium\jdk-21.0.6.7-hotspot\bin\zip.dll
Event: 0.062 Loaded shared library C:\Users\vfxno\AppData\Local\Programs\Eclipse Adoptium\jdk-21.0.6.7-hotspot\bin\instrument.dll
Event: 0.065 Loaded shared library C:\Users\vfxno\AppData\Local\Programs\Eclipse Adoptium\jdk-21.0.6.7-hotspot\bin\net.dll
Event: 0.066 Loaded shared library C:\Users\vfxno\AppData\Local\Programs\Eclipse Adoptium\jdk-21.0.6.7-hotspot\bin\nio.dll
Event: 0.069 Loaded shared library C:\Users\vfxno\AppData\Local\Programs\Eclipse Adoptium\jdk-21.0.6.7-hotspot\bin\zip.dll
Event: 0.212 Loaded shared library C:\Users\vfxno\AppData\Local\Programs\Eclipse Adoptium\jdk-21.0.6.7-hotspot\bin\jimage.dll
Event: 0.288 Loaded shared library C:\Users\vfxno\AppData\Local\Programs\Eclipse Adoptium\jdk-21.0.6.7-hotspot\bin\verify.dll
Event: 0.347 Loaded shared library C:\Users\vfxno\.gradle\native\1def1411415f61bf3af743bc5b6707747c0891f09f0c88961ee8f79bc544acac\windows-amd64\native-platform.dll
Event: 0.354 Loaded shared library C:\Users\vfxno\.gradle\native\0.2.7\x86_64-windows-gnu\gradle-fileevents.dll
Event: 1.031 Loaded shared library C:\Users\vfxno\AppData\Local\Programs\Eclipse Adoptium\jdk-21.0.6.7-hotspot\bin\management.dll
Event: 1.033 Loaded shared library C:\Users\vfxno\AppData\Local\Programs\Eclipse Adoptium\jdk-21.0.6.7-hotspot\bin\management_ext.dll
Event: 1.115 Loaded shared library C:\Users\vfxno\AppData\Local\Programs\Eclipse Adoptium\jdk-21.0.6.7-hotspot\bin\extnet.dll
Event: 1.248 Loaded shared library C:\Users\vfxno\AppData\Local\Programs\Eclipse Adoptium\jdk-21.0.6.7-hotspot\bin\sunmscapi.dll

Deoptimization events (20 events):
Event: 43.098 Thread 0x0000015bddab9d70 DEOPT PACKING pc=0x0000015b82574a18 sp=0x0000004d392fd2b0
Event: 43.098 Thread 0x0000015bddab9d70 DEOPT UNPACKING pc=0x0000015b87584e42 sp=0x0000004d392fc730 mode 0
Event: 43.098 Thread 0x0000015bddab9d70 DEOPT PACKING pc=0x0000015b82574a18 sp=0x0000004d392fd2b0
Event: 43.098 Thread 0x0000015bddab9d70 DEOPT UNPACKING pc=0x0000015b87584e42 sp=0x0000004d392fc730 mode 0
Event: 43.099 Thread 0x0000015bddab9d70 DEOPT PACKING pc=0x0000015b82574a18 sp=0x0000004d392fd2b0
Event: 43.099 Thread 0x0000015bddab9d70 DEOPT UNPACKING pc=0x0000015b87584e42 sp=0x0000004d392fc730 mode 0
Event: 43.153 Thread 0x0000015bddab9d70 DEOPT PACKING pc=0x0000015b817fce1e sp=0x0000004d392fd0e0
Event: 43.153 Thread 0x0000015bddab9d70 DEOPT UNPACKING pc=0x0000015b87584e42 sp=0x0000004d392fc570 mode 0
Event: 43.181 Thread 0x0000015bddaf5800 Uncommon trap: trap_request=0xffffffde fr.pc=0x0000015b882a54a0 relative=0x0000000000001420
Event: 43.181 Thread 0x0000015bddaf5800 Uncommon trap: reason=class_check action=maybe_recompile pc=0x0000015b882a54a0 method=org.gradle.internal.snapshot.ChildMap$Entry.handleAncestorDescendantOrExactMatch(Lorg/gradle/internal/snapshot/VfsRelativePath;Lorg/gradle/internal/snapshot/CaseSensitiv
Event: 43.181 Thread 0x0000015bddaf5800 DEOPT PACKING pc=0x0000015b882a54a0 sp=0x0000004d338fbac0
Event: 43.181 Thread 0x0000015bddaf5800 DEOPT UNPACKING pc=0x0000015b875846a2 sp=0x0000004d338fba00 mode 2
Event: 43.181 Thread 0x0000015bddaf5800 Uncommon trap: trap_request=0xffffffde fr.pc=0x0000015b8826b930 relative=0x0000000000000750
Event: 43.181 Thread 0x0000015bddaf5800 Uncommon trap: reason=class_check action=maybe_recompile pc=0x0000015b8826b930 method=org.gradle.internal.snapshot.ChildMap$Entry.handleAncestorDescendantOrExactMatch(Lorg/gradle/internal/snapshot/VfsRelativePath;Lorg/gradle/internal/snapshot/CaseSensitiv
Event: 43.181 Thread 0x0000015bddaf5800 DEOPT PACKING pc=0x0000015b8826b930 sp=0x0000004d338fb8c0
Event: 43.181 Thread 0x0000015bddaf5800 DEOPT UNPACKING pc=0x0000015b875846a2 sp=0x0000004d338fb880 mode 2
Event: 43.182 Thread 0x0000015bddaf5800 Uncommon trap: trap_request=0xffffffde fr.pc=0x0000015b8864fb04 relative=0x0000000000000844
Event: 43.182 Thread 0x0000015bddaf5800 Uncommon trap: reason=class_check action=maybe_recompile pc=0x0000015b8864fb04 method=com.google.common.collect.ImmutableMap.copyOf(Ljava/util/Map;)Lcom/google/common/collect/ImmutableMap; @ 15 c2
Event: 43.182 Thread 0x0000015bddaf5800 DEOPT PACKING pc=0x0000015b8864fb04 sp=0x0000004d338fb7d0
Event: 43.182 Thread 0x0000015bddaf5800 DEOPT UNPACKING pc=0x0000015b875846a2 sp=0x0000004d338fb790 mode 2

Classes loaded (20 events):
Event: 42.644 Loading class java/security/InvalidAlgorithmParameterException
Event: 42.644 Loading class java/security/InvalidAlgorithmParameterException done
Event: 43.083 Loading class sun/security/rsa/RSACore$BlindingParameters
Event: 43.083 Loading class sun/security/rsa/RSACore$BlindingParameters done
Event: 43.083 Loading class sun/security/jca/JCAUtil$CachedSecureRandomHolder
Event: 43.083 Loading class sun/security/jca/JCAUtil$CachedSecureRandomHolder done
Event: 43.086 Loading class sun/security/rsa/RSACore$BlindingRandomPair
Event: 43.086 Loading class sun/security/rsa/RSACore$BlindingRandomPair done
Event: 43.102 Loading class java/security/spec/InvalidKeySpecException
Event: 43.102 Loading class java/security/spec/InvalidKeySpecException done
Event: 43.102 Loading class java/security/DigestException
Event: 43.102 Loading class java/security/DigestException done
Event: 43.120 Loading class java/nio/BufferOverflowException
Event: 43.120 Loading class java/nio/BufferOverflowException done
Event: 43.123 Loading class java/security/spec/MGF1ParameterSpec
Event: 43.123 Loading class java/security/spec/MGF1ParameterSpec done
Event: 43.124 Loading class java/util/concurrent/ForkJoinTask$AdaptedRunnableAction
Event: 43.126 Loading class java/util/concurrent/ForkJoinTask$AdaptedRunnableAction done
Event: 43.149 Loading class java/nio/BufferUnderflowException
Event: 43.150 Loading class java/nio/BufferUnderflowException done

Classes unloaded (20 events):
Event: 34.311 Thread 0x0000015bfedecc20 Unloading class 0x0000015b933b0000 'java/lang/invoke/LambdaForm$DMH+0x0000015b933b0000'
Event: 34.311 Thread 0x0000015bfedecc20 Unloading class 0x0000015b933b0c00 'java/lang/invoke/LambdaForm$DMH+0x0000015b933b0c00'
Event: 37.412 Thread 0x0000015bfedecc20 Unloading class 0x0000015b934a0400 'java/lang/invoke/LambdaForm$DMH+0x0000015b934a0400'
Event: 37.412 Thread 0x0000015bfedecc20 Unloading class 0x0000015b9348c400 'java/lang/invoke/LambdaForm$DMH+0x0000015b9348c400'
Event: 37.412 Thread 0x0000015bfedecc20 Unloading class 0x0000015b93479c00 'java/lang/invoke/LambdaForm$DMH+0x0000015b93479c00'
Event: 37.412 Thread 0x0000015bfedecc20 Unloading class 0x0000015b93479800 'java/lang/invoke/LambdaForm$DMH+0x0000015b93479800'
Event: 37.412 Thread 0x0000015bfedecc20 Unloading class 0x0000015b93479400 'java/lang/invoke/LambdaForm$DMH+0x0000015b93479400'
Event: 37.412 Thread 0x0000015bfedecc20 Unloading class 0x0000015b93479000 'java/lang/invoke/LambdaForm$DMH+0x0000015b93479000'
Event: 37.412 Thread 0x0000015bfedecc20 Unloading class 0x0000015b93478800 'java/lang/invoke/LambdaForm$DMH+0x0000015b93478800'
Event: 37.412 Thread 0x0000015bfedecc20 Unloading class 0x0000015b93478400 'java/lang/invoke/LambdaForm$DMH+0x0000015b93478400'
Event: 37.412 Thread 0x0000015bfedecc20 Unloading class 0x0000015b93436800 'java/lang/invoke/LambdaForm$DMH+0x0000015b93436800'
Event: 37.412 Thread 0x0000015bfedecc20 Unloading class 0x0000015b93436400 'java/lang/invoke/LambdaForm$DMH+0x0000015b93436400'
Event: 37.412 Thread 0x0000015bfedecc20 Unloading class 0x0000015b93436000 'java/lang/invoke/LambdaForm$DMH+0x0000015b93436000'
Event: 37.412 Thread 0x0000015bfedecc20 Unloading class 0x0000015b93435c00 'java/lang/invoke/LambdaForm$DMH+0x0000015b93435c00'
Event: 37.412 Thread 0x0000015bfedecc20 Unloading class 0x0000015b93435800 'java/lang/invoke/LambdaForm$DMH+0x0000015b93435800'
Event: 37.412 Thread 0x0000015bfedecc20 Unloading class 0x0000015b93435400 'java/lang/invoke/LambdaForm$DMH+0x0000015b93435400'
Event: 37.412 Thread 0x0000015bfedecc20 Unloading class 0x0000015b93435000 'java/lang/invoke/LambdaForm$DMH+0x0000015b93435000'
Event: 37.412 Thread 0x0000015bfedecc20 Unloading class 0x0000015b93434800 'java/lang/invoke/LambdaForm$DMH+0x0000015b93434800'
Event: 37.412 Thread 0x0000015bfedecc20 Unloading class 0x0000015b93434c00 'java/lang/invoke/LambdaForm$DMH+0x0000015b93434c00'
Event: 37.412 Thread 0x0000015bfedecc20 Unloading class 0x0000015b93434400 'java/lang/invoke/LambdaForm$DMH+0x0000015b93434400'

Classes redefined (0 events):
No events

Internal exceptions (20 events):
Event: 42.450 Thread 0x0000015bddaba400 Exception <a 'sun/nio/fs/WindowsException'{0x0000000795226988}> (0x0000000795226988) 
thrown [s\src\hotspot\share\prims\jni.cpp, line 520]
Event: 42.452 Thread 0x0000015bddaf5800 Exception <a 'sun/nio/fs/WindowsException'{0x0000000795b34268}> (0x0000000795b34268) 
thrown [s\src\hotspot\share\prims\jni.cpp, line 520]
Event: 42.452 Thread 0x0000015bddaf5800 Exception <a 'sun/nio/fs/WindowsException'{0x0000000795b360e0}> (0x0000000795b360e0) 
thrown [s\src\hotspot\share\prims\jni.cpp, line 520]
Event: 42.452 Thread 0x0000015bddaf5800 Exception <a 'sun/nio/fs/WindowsException'{0x0000000795b37b98}> (0x0000000795b37b98) 
thrown [s\src\hotspot\share\prims\jni.cpp, line 520]
Event: 42.467 Thread 0x0000015bddaba400 Exception <a 'sun/nio/fs/WindowsException'{0x000000079510cee0}> (0x000000079510cee0) 
thrown [s\src\hotspot\share\prims\jni.cpp, line 520]
Event: 42.468 Thread 0x0000015bddaba400 Exception <a 'sun/nio/fs/WindowsException'{0x000000079510cfe0}> (0x000000079510cfe0) 
thrown [s\src\hotspot\share\prims\jni.cpp, line 520]
Event: 42.468 Thread 0x0000015bddaba400 Exception <a 'sun/nio/fs/WindowsException'{0x000000079510d0e0}> (0x000000079510d0e0) 
thrown [s\src\hotspot\share\prims\jni.cpp, line 520]
Event: 42.468 Thread 0x0000015bddaba400 Exception <a 'sun/nio/fs/WindowsException'{0x000000079510d1f0}> (0x000000079510d1f0) 
thrown [s\src\hotspot\share\prims\jni.cpp, line 520]
Event: 42.468 Thread 0x0000015bddaba400 Exception <a 'sun/nio/fs/WindowsException'{0x000000079510d300}> (0x000000079510d300) 
thrown [s\src\hotspot\share\prims\jni.cpp, line 520]
Event: 42.468 Thread 0x0000015bddaba400 Exception <a 'sun/nio/fs/WindowsException'{0x000000079510d4a8}> (0x000000079510d4a8) 
thrown [s\src\hotspot\share\prims\jni.cpp, line 520]
Event: 42.483 Thread 0x0000015bddaf5800 Exception <a 'sun/nio/fs/WindowsException'{0x0000000794ee41f8}> (0x0000000794ee41f8) 
thrown [s\src\hotspot\share\prims\jni.cpp, line 520]
Event: 42.483 Thread 0x0000015bddaf5800 Exception <a 'sun/nio/fs/WindowsException'{0x0000000794ee5098}> (0x0000000794ee5098) 
thrown [s\src\hotspot\share\prims\jni.cpp, line 520]
Event: 42.483 Thread 0x0000015bddaf5800 Exception <a 'sun/nio/fs/WindowsException'{0x0000000794ee51d8}> (0x0000000794ee51d8) 
thrown [s\src\hotspot\share\prims\jni.cpp, line 520]
Event: 42.577 Thread 0x0000015bddab9d70 Exception <a 'java/lang/NoSuchMethodError'{0x0000000792fb25f0}: 'java.lang.Object java.lang.invoke.DirectMethodHandle$Holder.newInvokeSpecial(java.lang.Object, java.lang.Object, java.lang.Object, java.lang.Object, java.lang.Object, int, java.lang.Object)'> (0x0000000792fb25f0) 
thrown [s\src\hotspot\share\interpreter\linkResolver.cpp, line 773]
Event: 42.578 Thread 0x0000015bddab9d70 Exception <a 'java/lang/NoSuchMethodError'{0x0000000792fb6880}: 'java.lang.Object java.lang.invoke.DirectMethodHandle$Holder.invokeSpecial(java.lang.Object, java.lang.Object, java.lang.Object, java.lang.Object, java.lang.Object, java.lang.Object, int, java.lang.Object)'> (0x0000000792fb6880) 
thrown [s\src\hotspot\share\interpreter\linkResolver.cpp, line 773]
Event: 42.578 Thread 0x0000015bddab9d70 Exception <a 'java/lang/NoSuchMethodError'{0x0000000792fba3f0}: 'java.lang.Object java.lang.invoke.Invokers$Holder.linkToTargetMethod(java.lang.Object, java.lang.Object, java.lang.Object, java.lang.Object, int, java.lang.Object, java.lang.Object)'> (0x0000000792fba3f0) 
thrown [s\src\hotspot\share\interpreter\linkResolver.cpp, line 773]
Event: 42.638 Thread 0x0000015bddab9d70 Exception <a 'sun/nio/fs/WindowsException'{0x0000000790dd4d10}> (0x0000000790dd4d10) 
thrown [s\src\hotspot\share\prims\jni.cpp, line 520]
Event: 42.658 Thread 0x0000015be48fad80 Implicit null exception at 0x0000015b882648ec to 0x0000015b88264af4
Event: 42.658 Thread 0x0000015be367bf10 Implicit null exception at 0x0000015b87e7620b to 0x0000015b87e762e0
Event: 43.204 Thread 0x0000015bddaf5800 Exception <a 'sun/nio/fs/WindowsException'{0x0000000794b07b88}> (0x0000000794b07b88) 
thrown [s\src\hotspot\share\prims\jni.cpp, line 520]

ZGC Phase Switch (0 events):
No events

VM Operations (20 events):
Event: 41.860 Executing VM operation: G1TryInitiateConcMark (G1 Humongous Allocation)
Event: 41.874 Executing VM operation: G1TryInitiateConcMark (G1 Humongous Allocation) done
Event: 42.045 Executing VM operation: ICBufferFull
Event: 42.045 Executing VM operation: ICBufferFull done
Event: 42.124 Executing VM operation: G1PauseRemark
Event: 42.133 Executing VM operation: G1PauseRemark done
Event: 42.203 Executing VM operation: HandshakeAllThreads (Deoptimize)
Event: 42.204 Executing VM operation: HandshakeAllThreads (Deoptimize) done
Event: 42.266 Executing VM operation: G1PauseCleanup
Event: 42.266 Executing VM operation: G1PauseCleanup done
Event: 42.537 Executing VM operation: ICBufferFull
Event: 42.537 Executing VM operation: ICBufferFull done
Event: 42.548 Executing VM operation: HandshakeAllThreads (Deoptimize)
Event: 42.548 Executing VM operation: HandshakeAllThreads (Deoptimize) done
Event: 42.700 Executing VM operation: HandshakeAllThreads (Deoptimize)
Event: 42.701 Executing VM operation: HandshakeAllThreads (Deoptimize) done
Event: 43.129 Executing VM operation: HandshakeAllThreads (Deoptimize)
Event: 43.130 Executing VM operation: HandshakeAllThreads (Deoptimize) done
Event: 43.212 Executing VM operation: ICBufferFull
Event: 43.213 Executing VM operation: ICBufferFull done

Memory protections (0 events):
No events

Nmethod flushes (20 events):
Event: 42.131 Thread 0x0000015bfedecc20 flushing  nmethod 0x0000015b82420b90
Event: 42.131 Thread 0x0000015bfedecc20 flushing  nmethod 0x0000015b82420f90
Event: 42.131 Thread 0x0000015bfedecc20 flushing  nmethod 0x0000015b8268d310
Event: 42.131 Thread 0x0000015bfedecc20 flushing  nmethod 0x0000015b826c6910
Event: 42.131 Thread 0x0000015bfedecc20 flushing  nmethod 0x0000015b826ca910
Event: 42.131 Thread 0x0000015bfedecc20 flushing  nmethod 0x0000015b826e7a10
Event: 42.131 Thread 0x0000015bfedecc20 flushing  nmethod 0x0000015b826eb490
Event: 42.131 Thread 0x0000015bfedecc20 flushing  nmethod 0x0000015b826eff10
Event: 42.131 Thread 0x0000015bfedecc20 flushing  nmethod 0x0000015b828b6410
Event: 42.131 Thread 0x0000015bfedecc20 flushing  nmethod 0x0000015b828b8c90
Event: 42.131 Thread 0x0000015bfedecc20 flushing  nmethod 0x0000015b828bd610
Event: 42.131 Thread 0x0000015bfedecc20 flushing  nmethod 0x0000015b828e8590
Event: 42.131 Thread 0x0000015bfedecc20 flushing  nmethod 0x0000015b828eb590
Event: 42.131 Thread 0x0000015bfedecc20 flushing  nmethod 0x0000015b829a9e90
Event: 42.131 Thread 0x0000015bfedecc20 flushing  nmethod 0x0000015b829e0d90
Event: 42.131 Thread 0x0000015bfedecc20 flushing  nmethod 0x0000015b829e1290
Event: 42.131 Thread 0x0000015bfedecc20 flushing  nmethod 0x0000015b829e6110
Event: 42.131 Thread 0x0000015bfedecc20 flushing  nmethod 0x0000015b82a0c390
Event: 42.131 Thread 0x0000015bfedecc20 flushing  nmethod 0x0000015b82a0e610
Event: 42.131 Thread 0x0000015bfedecc20 flushing  nmethod 0x0000015b82a0ea90

Events (20 events):
Event: 17.586 Thread 0x0000015bddae0660 Thread added: 0x0000015bddae1380
Event: 17.586 Thread 0x0000015bddab68f0 Thread added: 0x0000015bddade590
Event: 17.586 Thread 0x0000015bddae0cf0 Thread added: 0x0000015bddadec20
Event: 17.586 Thread 0x0000015bddae1380 Thread added: 0x0000015bddae5520
Event: 17.587 Thread 0x0000015bddadec20 Thread added: 0x0000015bddae3450
Event: 17.587 Thread 0x0000015bddade590 Thread added: 0x0000015bddae5bb0
Event: 17.587 Thread 0x0000015bddae5520 Thread added: 0x0000015bddae2730
Event: 17.587 Thread 0x0000015bddae3450 Thread added: 0x0000015bddae6240
Event: 18.816 Thread 0x0000015bddaf5170 Thread added: 0x0000015be3e35d30
Event: 42.658 Thread 0x0000015bddab9d70 Thread added: 0x0000015be48fad80
Event: 42.658 Thread 0x0000015be48fad80 Thread added: 0x0000015be367bf10
Event: 42.658 Thread 0x0000015be367bf10 Thread added: 0x0000015be482dae0
Event: 42.659 Thread 0x0000015be482dae0 Thread added: 0x0000015bd9f9a5e0
Event: 42.659 Thread 0x0000015bd9f9a5e0 Thread added: 0x0000015be48fb410
Event: 42.659 Thread 0x0000015be48fb410 Thread added: 0x0000015be3e51b70
Event: 42.660 Thread 0x0000015be3e51b70 Thread added: 0x0000015be34195e0
Event: 42.660 Thread 0x0000015be34195e0 Thread added: 0x0000015bdb639310
Event: 43.131 Thread 0x0000015bdb639310 Thread added: 0x0000015be5fe1250
Event: 43.131 Thread 0x0000015be5fe1250 Thread added: 0x0000015be5ff5f60
Event: 43.131 Thread 0x0000015be5ff5f60 Thread added: 0x0000015be3e4e6f0


Dynamic libraries:
0x00007ff7ae300000 - 0x00007ff7ae30e000 	C:\Users\vfxno\AppData\Local\Programs\Eclipse Adoptium\jdk-21.0.6.7-hotspot\bin\java.exe
0x00007ffc01ce0000 - 0x00007ffc01f43000 	C:\WINDOWS\SYSTEM32\ntdll.dll
0x00007ffc00850000 - 0x00007ffc00917000 	C:\WINDOWS\System32\KERNEL32.DLL
0x00007ffbff310000 - 0x00007ffbff6d7000 	C:\WINDOWS\System32\KERNELBASE.dll
0x00007ffbff850000 - 0x00007ffbff99c000 	C:\WINDOWS\System32\ucrtbase.dll
0x00007ffbe3d80000 - 0x00007ffbe3d98000 	C:\Users\vfxno\AppData\Local\Programs\Eclipse Adoptium\jdk-21.0.6.7-hotspot\bin\jli.dll
0x00007ffbe08a0000 - 0x00007ffbe08be000 	C:\Users\vfxno\AppData\Local\Programs\Eclipse Adoptium\jdk-21.0.6.7-hotspot\bin\VCRUNTIME140.dll
0x00007ffc00920000 - 0x00007ffc00ae9000 	C:\WINDOWS\System32\USER32.dll
0x00007ffbff790000 - 0x00007ffbff7b7000 	C:\WINDOWS\System32\win32u.dll
0x00007ffc01bb0000 - 0x00007ffc01bda000 	C:\WINDOWS\System32\GDI32.dll
0x00007ffbe97b0000 - 0x00007ffbe9a40000 	C:\WINDOWS\WinSxS\amd64_microsoft.windows.common-controls_6595b64144ccf1df_6.0.26100.3037_none_3e09262ce333c378\COMCTL32.dll
0x00007ffbff1e0000 - 0x00007ffbff30b000 	C:\WINDOWS\System32\gdi32full.dll
0x00007ffc011d0000 - 0x00007ffc01279000 	C:\WINDOWS\System32\msvcrt.dll
0x00007ffbff6e0000 - 0x00007ffbff783000 	C:\WINDOWS\System32\msvcp_win.dll
0x00007ffbffc40000 - 0x00007ffbffc6f000 	C:\WINDOWS\System32\IMM32.DLL
0x00007ffbfbe00000 - 0x00007ffbfbe0c000 	C:\Users\vfxno\AppData\Local\Programs\Eclipse Adoptium\jdk-21.0.6.7-hotspot\bin\vcruntime140_1.dll
0x00007ffbd9030000 - 0x00007ffbd90bd000 	C:\Users\vfxno\AppData\Local\Programs\Eclipse Adoptium\jdk-21.0.6.7-hotspot\bin\msvcp140.dll
0x00007ffb51fd0000 - 0x00007ffb52d60000 	C:\Users\vfxno\AppData\Local\Programs\Eclipse Adoptium\jdk-21.0.6.7-hotspot\bin\server\jvm.dll
0x00007ffc01be0000 - 0x00007ffc01c94000 	C:\WINDOWS\System32\ADVAPI32.dll
0x00007ffc007a0000 - 0x00007ffc00846000 	C:\WINDOWS\System32\sechost.dll
0x00007ffc00e10000 - 0x00007ffc00f26000 	C:\WINDOWS\System32\RPCRT4.dll
0x00007ffbffbb0000 - 0x00007ffbffc24000 	C:\WINDOWS\System32\WS2_32.dll
0x00007ffbfd780000 - 0x00007ffbfd7ce000 	C:\WINDOWS\SYSTEM32\POWRPROF.dll
0x00007ffbf7240000 - 0x00007ffbf7276000 	C:\WINDOWS\SYSTEM32\WINMM.dll
0x00007ffbfcbf0000 - 0x00007ffbfcbfb000 	C:\WINDOWS\SYSTEM32\VERSION.dll
0x00007ffbfd7e0000 - 0x00007ffbfd7f4000 	C:\WINDOWS\SYSTEM32\UMPDC.dll
0x00007ffbfdfc0000 - 0x00007ffbfdfda000 	C:\WINDOWS\SYSTEM32\kernel.appcore.dll
0x00007ffbe4950000 - 0x00007ffbe495a000 	C:\Users\vfxno\AppData\Local\Programs\Eclipse Adoptium\jdk-21.0.6.7-hotspot\bin\jimage.dll
0x00007ffbf4260000 - 0x00007ffbf44a1000 	C:\WINDOWS\SYSTEM32\DBGHELP.DLL
0x00007ffc017c0000 - 0x00007ffc01b3e000 	C:\WINDOWS\System32\combase.dll
0x00007ffc00d30000 - 0x00007ffc00e06000 	C:\WINDOWS\System32\OLEAUT32.dll
0x00007ffbe7060000 - 0x00007ffbe7099000 	C:\WINDOWS\SYSTEM32\dbgcore.DLL
0x00007ffbff080000 - 0x00007ffbff119000 	C:\WINDOWS\System32\bcryptPrimitives.dll
0x00007ffbde2b0000 - 0x00007ffbde2bf000 	C:\Users\vfxno\AppData\Local\Programs\Eclipse Adoptium\jdk-21.0.6.7-hotspot\bin\instrument.dll
0x00007ffbe0880000 - 0x00007ffbe089f000 	C:\Users\vfxno\AppData\Local\Programs\Eclipse Adoptium\jdk-21.0.6.7-hotspot\bin\java.dll
0x00007ffc00090000 - 0x00007ffc00794000 	C:\WINDOWS\System32\SHELL32.dll
0x00007ffbfce70000 - 0x00007ffbfd6a7000 	C:\WINDOWS\SYSTEM32\windows.storage.dll
0x00007ffc010d0000 - 0x00007ffc011b9000 	C:\WINDOWS\System32\SHCORE.dll
0x00007ffc00cd0000 - 0x00007ffc00d2d000 	C:\WINDOWS\System32\shlwapi.dll
0x00007ffbfef90000 - 0x00007ffbfefbe000 	C:\WINDOWS\SYSTEM32\profapi.dll
0x00007ffb74bb0000 - 0x00007ffb74c87000 	C:\Users\vfxno\AppData\Local\Programs\Eclipse Adoptium\jdk-21.0.6.7-hotspot\bin\jsvml.dll
0x00007ffbdffa0000 - 0x00007ffbdffb8000 	C:\Users\vfxno\AppData\Local\Programs\Eclipse Adoptium\jdk-21.0.6.7-hotspot\bin\zip.dll
0x00007ffbe0a60000 - 0x00007ffbe0a70000 	C:\Users\vfxno\AppData\Local\Programs\Eclipse Adoptium\jdk-21.0.6.7-hotspot\bin\net.dll
0x00007ffbf8370000 - 0x00007ffbf848e000 	C:\WINDOWS\SYSTEM32\WINHTTP.dll
0x00007ffbfe4d0000 - 0x00007ffbfe53a000 	C:\WINDOWS\system32\mswsock.dll
0x00007ffbdffc0000 - 0x00007ffbdffd6000 	C:\Users\vfxno\AppData\Local\Programs\Eclipse Adoptium\jdk-21.0.6.7-hotspot\bin\nio.dll
0x00007ffbe0700000 - 0x00007ffbe0710000 	C:\Users\vfxno\AppData\Local\Programs\Eclipse Adoptium\jdk-21.0.6.7-hotspot\bin\verify.dll
0x00007ffbe83b0000 - 0x00007ffbe83d7000 	C:\Users\vfxno\.gradle\native\1def1411415f61bf3af743bc5b6707747c0891f09f0c88961ee8f79bc544acac\windows-amd64\native-platform.dll
0x00007ffb991d0000 - 0x00007ffb99248000 	C:\Users\vfxno\.gradle\native\0.2.7\x86_64-windows-gnu\gradle-fileevents.dll
0x00007ffbdff90000 - 0x00007ffbdff9a000 	C:\Users\vfxno\AppData\Local\Programs\Eclipse Adoptium\jdk-21.0.6.7-hotspot\bin\management.dll
0x00007ffbde5c0000 - 0x00007ffbde5cb000 	C:\Users\vfxno\AppData\Local\Programs\Eclipse Adoptium\jdk-21.0.6.7-hotspot\bin\management_ext.dll
0x00007ffbffc30000 - 0x00007ffbffc38000 	C:\WINDOWS\System32\PSAPI.DLL
0x00007ffbfdaa0000 - 0x00007ffbfdad2000 	C:\WINDOWS\SYSTEM32\IPHLPAPI.DLL
0x00007ffc00080000 - 0x00007ffc0008a000 	C:\WINDOWS\System32\NSI.dll
0x00007ffbde2c0000 - 0x00007ffbde2c9000 	C:\Users\vfxno\AppData\Local\Programs\Eclipse Adoptium\jdk-21.0.6.7-hotspot\bin\extnet.dll
0x00007ffbfe770000 - 0x00007ffbfe78c000 	C:\WINDOWS\SYSTEM32\CRYPTSP.dll
0x00007ffbfdf30000 - 0x00007ffbfdf68000 	C:\WINDOWS\system32\rsaenh.dll
0x00007ffbfe570000 - 0x00007ffbfe59b000 	C:\WINDOWS\SYSTEM32\USERENV.dll
0x00007ffbfe9b0000 - 0x00007ffbfe9d6000 	C:\WINDOWS\SYSTEM32\bcrypt.dll
0x00007ffbfe790000 - 0x00007ffbfe79c000 	C:\WINDOWS\SYSTEM32\CRYPTBASE.dll
0x00007ffbde2a0000 - 0x00007ffbde2ae000 	C:\Users\vfxno\AppData\Local\Programs\Eclipse Adoptium\jdk-21.0.6.7-hotspot\bin\sunmscapi.dll
0x00007ffbff9a0000 - 0x00007ffbffb16000 	C:\WINDOWS\System32\CRYPT32.dll
0x00007ffbfe970000 - 0x00007ffbfe9a0000 	C:\WINDOWS\SYSTEM32\ncrypt.dll
0x00007ffbfe920000 - 0x00007ffbfe95f000 	C:\WINDOWS\SYSTEM32\NTASN1.dll
0x00007ffbfbb60000 - 0x00007ffbfbb68000 	C:\WINDOWS\system32\wshunix.dll

dbghelp: loaded successfully - version: 4.0.5 - missing functions: none
symbol engine: initialized successfully - sym options: 0x614 - pdb path: .;C:\Users\vfxno\AppData\Local\Programs\Eclipse Adoptium\jdk-21.0.6.7-hotspot\bin;C:\WINDOWS\SYSTEM32;C:\WINDOWS\WinSxS\amd64_microsoft.windows.common-controls_6595b64144ccf1df_6.0.26100.3037_none_3e09262ce333c378;C:\Users\vfxno\AppData\Local\Programs\Eclipse Adoptium\jdk-21.0.6.7-hotspot\bin\server;C:\Users\vfxno\.gradle\native\1def1411415f61bf3af743bc5b6707747c0891f09f0c88961ee8f79bc544acac\windows-amd64;C:\Users\vfxno\.gradle\native\0.2.7\x86_64-windows-gnu

VM Arguments:
jvm_args: --add-opens=java.base/java.lang=ALL-UNNAMED --add-opens=java.base/java.lang.invoke=ALL-UNNAMED --add-opens=java.base/java.util=ALL-UNNAMED --add-opens=java.prefs/java.util.prefs=ALL-UNNAMED --add-exports=jdk.compiler/com.sun.tools.javac.api=ALL-UNNAMED --add-exports=jdk.compiler/com.sun.tools.javac.util=ALL-UNNAMED --add-opens=java.base/java.util=ALL-UNNAMED --add-opens=java.prefs/java.util.prefs=ALL-UNNAMED --add-opens=java.base/java.nio.charset=ALL-UNNAMED --add-opens=java.base/java.net=ALL-UNNAMED --add-opens=java.base/java.util.concurrent.atomic=ALL-UNNAMED --add-opens=java.xml/javax.xml.namespace=ALL-UNNAMED -Xmx3072m -Dfile.encoding=UTF-8 -Duser.country=GB -Duser.language=en -Duser.variant -javaagent:C:\Users\vfxno\.gradle\wrapper\dists\gradle-8.13-bin\5xuhj0ry160q40clulazy9h7d\gradle-8.13\lib\agents\gradle-instrumentation-agent-8.13.jar 
java_command: org.gradle.launcher.daemon.bootstrap.GradleDaemon 8.13
java_class_path (initial): C:\Users\vfxno\.gradle\wrapper\dists\gradle-8.13-bin\5xuhj0ry160q40clulazy9h7d\gradle-8.13\lib\gradle-daemon-main-8.13.jar
Launcher Type: SUN_STANDARD

[Global flags]
     intx CICompilerCount                          = 4                                         {product} {ergonomic}
     uint ConcGCThreads                            = 3                                         {product} {ergonomic}
     uint G1ConcRefinementThreads                  = 10                                        {product} {ergonomic}
   size_t G1HeapRegionSize                         = 2097152                                   {product} {ergonomic}
    uintx GCDrainStackTargetSize                   = 64                                        {product} {ergonomic}
   size_t InitialHeapSize                          = 264241152                                 {product} {ergonomic}
   size_t MarkStackSize                            = 4194304                                   {product} {ergonomic}
   size_t MaxHeapSize                              = 3221225472                                {product} {command line}
   size_t MaxNewSize                               = 1931476992                                {product} {ergonomic}
   size_t MinHeapDeltaBytes                        = 2097152                                   {product} {ergonomic}
   size_t MinHeapSize                              = 8388608                                   {product} {ergonomic}
    uintx NonNMethodCodeHeapSize                   = 5839372                                {pd product} {ergonomic}
    uintx NonProfiledCodeHeapSize                  = 122909434                              {pd product} {ergonomic}
    uintx ProfiledCodeHeapSize                     = 122909434                              {pd product} {ergonomic}
    uintx ReservedCodeCacheSize                    = 251658240                              {pd product} {ergonomic}
     bool SegmentedCodeCache                       = true                                      {product} {ergonomic}
   size_t SoftMaxHeapSize                          = 3221225472                             {manageable} {ergonomic}
     bool UseCompressedOops                        = true                           {product lp64_product} {ergonomic}
     bool UseG1GC                                  = true                                      {product} {ergonomic}
     bool UseLargePagesIndividualAllocation        = false                                  {pd product} {ergonomic}

Logging:
Log output configuration:
 #0: stdout all=warning uptime,level,tags foldmultilines=false
 #1: stderr all=off uptime,level,tags foldmultilines=false

Environment Variables:
CLASSPATH=C:\Users\vfxno\Downloads\moonlight-android\\gradle\wrapper\gradle-wrapper.jar
PATH=C:\VulkanSDK\1.4.309.0\Bin;C:\ProgramData\Scoop\GlobalScoopApps\shims;C:\WINDOWS\system32;C:\WINDOWS;C:\WINDOWS\System32\Wbem;C:\WINDOWS\System32\WindowsPowerShell\v1.0\;C:\WINDOWS\System32\OpenSSH\;C:\Program Files\NVIDIA Corporation\NVIDIA app\NvDLISR;C:\Program Files (x86)\NVIDIA Corporation\PhysX\Common;C:\Program Files\dotnet\;C:\ProgramData\Scoop\shims;C:\ProgramData\chocolatey\bin;C:\Program Files\Sunshine;C:\Program Files\Sunshine\tools;C:\Users\vfxno\AppData\Local\Programs\Python\Python313\Scripts\;C:\Users\vfxno\AppData\Local\Programs\Python\Python313\;C:\VulkanSDK\1.4.309.0\Bin;C:\Users\vfxno\AppData\Local\Programs\Eclipse Adoptium\jdk-21.0.6.7-hotspot\bin;C:\Users\vfxno\AppData\Local\Microsoft\WindowsApps;C:\Users\vfxno\AppData\Local\Programs\Microsoft VS Code\bin;C:\VulkanSDK;C:\VulkanSDK\1.4.309.0\Bin;C:\Users\vfxno\Documents\New folder;c:\Users\vfxno\AppData\Roaming\Code\User\globalStorage\github.copilot-chat\debugCommand
USERNAME=vfxno
LANG=en_US.UTF-8
OS=Windows_NT
PROCESSOR_IDENTIFIER=AMD64 Family 25 Model 80 Stepping 0, AuthenticAMD
TMP=C:\Users\vfxno\AppData\Local\Temp
TEMP=C:\Users\vfxno\AppData\Local\Temp




Periodic native trim disabled

---------------  S Y S T E M  ---------------

OS:
 Windows 11 , 64 bit Build 26100 (10.0.26100.3037)
OS uptime: 7 days 1:23 hours
Hyper-V role detected

CPU: total 12 (initial active 12) (12 cores per cpu, 2 threads per core) family 25 model 80 stepping 0 microcode 0xa500011, cx8, cmov, fxsr, ht, mmx, 3dnowpref, sse, sse2, sse3, ssse3, sse4a, sse4.1, sse4.2, popcnt, lzcnt, tsc, tscinvbit, avx, avx2, aes, erms, clmul, bmi1, bmi2, adx, sha, fma, vzeroupper, clflush, clflushopt, hv, rdtscp, rdpid, fsrm, f16c, cet_ss
Processor Information for the first 12 processors :
  Max Mhz: 3300, Current Mhz: 3300, Mhz Limit: 3300

Memory: 4k page, system-wide physical 16096M (1045M free)
TotalPageFile size 24096M (AvailPageFile size 9M)
current process WorkingSet (physical memory assigned to process): 2069M, peak: 2070M
current process commit charge ("private bytes"): 2128M, peak: 2129M

vm_info: OpenJDK 64-Bit Server VM (21.0.6+7-LTS) for windows-amd64 JRE (21.0.6+7-LTS), built on 2025-01-21T00:00:00Z by "admin" with MS VC++ 17.7 (VS2022)

END.
