#
# There is insufficient memory for the Java Runtime Environment to continue.
# Native memory allocation (malloc) failed to allocate 1989296 bytes. Error detail: Chunk::new
# Possible reasons:
#   The system is out of physical RAM or swap space
#   This process is running with CompressedOops enabled, and the Java Heap may be blocking the growth of the native heap
# Possible solutions:
#   Reduce memory load on the system
#   Increase physical memory or swap space
#   Check if swap backing store is full
#   Decrease Java heap size (-Xmx/-Xms)
#   Decrease number of Java threads
#   Decrease Java thread stack sizes (-Xss)
#   Set larger code cache with -XX:ReservedCodeCacheSize=
#   JVM is running with Zero Based Compressed Oops mode in which the Java heap is
#     placed in the first 32GB address space. The Java Heap base address is the
#     maximum limit for the native heap growth. Please use -XX:HeapBaseMinAddress
#     to set the Java Heap base and to place the Java Heap above 32GB virtual address.
# This output file may be truncated or incomplete.
#
#  Out of Memory Error (arena.cpp:168), pid=1528, tid=19080
#
# JRE version: OpenJDK Runtime Environment Temurin-21.0.6+7 (21.0.6+7) (build 21.0.6+7-LTS)
# Java VM: OpenJDK 64-Bit Server VM Temurin-21.0.6+7 (21.0.6+7-LTS, mixed mode, sharing, tiered, compressed oops, compressed class ptrs, g1 gc, windows-amd64)
# No core dump will be written. Minidumps are not enabled by default on client versions of Windows
#

---------------  S U M M A R Y ------------

Command Line: --add-opens=java.base/java.lang=ALL-UNNAMED --add-opens=java.base/java.lang.invoke=ALL-UNNAMED --add-opens=java.base/java.util=ALL-UNNAMED --add-opens=java.prefs/java.util.prefs=ALL-UNNAMED --add-exports=jdk.compiler/com.sun.tools.javac.api=ALL-UNNAMED --add-exports=jdk.compiler/com.sun.tools.javac.util=ALL-UNNAMED --add-opens=java.base/java.util=ALL-UNNAMED --add-opens=java.prefs/java.util.prefs=ALL-UNNAMED --add-opens=java.base/java.nio.charset=ALL-UNNAMED --add-opens=java.base/java.net=ALL-UNNAMED --add-opens=java.base/java.util.concurrent.atomic=ALL-UNNAMED --add-opens=java.xml/javax.xml.namespace=ALL-UNNAMED -Xmx3072m -Dfile.encoding=UTF-8 -Duser.country=GB -Duser.language=en -Duser.variant -javaagent:C:\Users\vfxno\.gradle\wrapper\dists\gradle-8.13-bin\5xuhj0ry160q40clulazy9h7d\gradle-8.13\lib\agents\gradle-instrumentation-agent-8.13.jar org.gradle.launcher.daemon.bootstrap.GradleDaemon 8.13

Host: AMD Ryzen 5 5600H with Radeon Graphics         , 12 cores, 15G,  Windows 11 , 64 bit Build 26100 (10.0.26100.3037)
Time: Mon Jul 28 15:22:02 2025 W. Europe Summer Time elapsed time: 117.381856 seconds (0d 0h 1m 57s)

---------------  T H R E A D  ---------------

Current thread (0x00000187204f7920):  JavaThread "C2 CompilerThread2" daemon [_thread_in_native, id=19080, stack(0x0000005bef500000,0x0000005bef600000) (1024K)]


Current CompileTask:
C2:117381 48501       4       com.android.tools.r8.internal.de::a (4509 bytes)

Stack: [0x0000005bef500000,0x0000005bef600000]
Native frames: (J=compiled Java code, j=interpreted, Vv=VM code, C=native code)
V  [jvm.dll+0x6cdee9]
V  [jvm.dll+0x8a83d1]
V  [jvm.dll+0x8aa8fe]
V  [jvm.dll+0x8aafe3]
V  [jvm.dll+0x27f706]
V  [jvm.dll+0xc500d]
V  [jvm.dll+0xc5543]
V  [jvm.dll+0x3b6752]
V  [jvm.dll+0x382935]
V  [jvm.dll+0x381d9a]
V  [jvm.dll+0x2479f0]
V  [jvm.dll+0x246fcf]
V  [jvm.dll+0x1c75ee]
V  [jvm.dll+0x25685a]
V  [jvm.dll+0x254dfa]
V  [jvm.dll+0x3f0256]
V  [jvm.dll+0x851f8b]
V  [jvm.dll+0x6cc5ed]
C  [ucrtbase.dll+0x37b0]
C  [KERNEL32.DLL+0x2e8d7]
C  [ntdll.dll+0xbbf2c]


---------------  P R O C E S S  ---------------

Threads class SMR info:
_java_thread_list=0x000001871af5ed90, length=253, elements={
0x00000186ae5c04a0, 0x00000186cc1ef390, 0x00000186cc1f1df0, 0x00000186cc1f4be0,
0x00000186cc1f77b0, 0x00000186cc200490, 0x00000186cc203b10, 0x00000186cc2044a0,
0x00000186cc204b40, 0x00000186cc1bf4c0, 0x00000186cccb4810, 0x0000018713d6d130,
0x0000018713d152a0, 0x0000018713d146e0, 0x0000018713d0c2c0, 0x0000018713ec8370,
0x0000018713ea9d70, 0x0000018713f627f0, 0x0000018713e9daf0, 0x0000018713e9e5b0,
0x0000018713e9f960, 0x0000018713ea0680, 0x0000018713ea0d10, 0x0000018713e9fff0,
0x0000018713e9f2d0, 0x0000018713ea13a0, 0x0000018713ea1a30, 0x0000018713e9ec40,
0x0000018716a19ee0, 0x0000018716a1bfb0, 0x0000018716a1a570, 0x0000018716a1b920,
0x0000018716a1b290, 0x0000018716a18b30, 0x0000018716a1c640, 0x0000018716a19850,
0x0000018716a1ccd0, 0x0000018716a1d360, 0x0000018716a1fac0, 0x0000018716a1d9f0,
0x0000018716a20150, 0x0000018716a1e080, 0x0000018716a1e710, 0x0000018716a1eda0,
0x0000018716a1f430, 0x0000018714cf37c0, 0x0000018714cf1060, 0x0000018714cf44e0,
0x0000018714cf3130, 0x0000018714cf16f0, 0x0000018714cf3e50, 0x0000018714cf1d80,
0x0000018714cf4b70, 0x0000018714cf2410, 0x0000018714cf5200, 0x0000018714cf5f20,
0x0000018714cf5890, 0x0000018714cf2aa0, 0x0000018714cf6c40, 0x0000018714cf72d0,
0x0000018714cf7ff0, 0x0000018714cf7960, 0x0000018714cf65b0, 0x0000018714cf8680,
0x0000018718bc52d0, 0x0000018718bc3f20, 0x0000018718bc3890, 0x0000018718bc24e0,
0x0000018718bc5ff0, 0x0000018718bc2b70, 0x0000018718bc3200, 0x0000018718bc73a0,
0x0000018718bc9b00, 0x0000018718acbe80, 0x0000018718acaad0, 0x0000018718accba0,
0x0000018718ac9720, 0x0000018718ac9db0, 0x0000018718ad06b0, 0x0000018718acf300,
0x0000018718acf990, 0x0000018718acdf50, 0x0000018718acec70, 0x0000018718ace5e0,
0x0000018718ad0020, 0x0000018718acd230, 0x0000018718acd8c0, 0x0000018719e6dda0,
0x0000018719e6c9f0, 0x0000018719e6eac0, 0x0000018719e6f150, 0x0000018719e6c360,
0x0000018719e70b90, 0x0000018719e725d0, 0x0000018719e70500, 0x0000018719e718b0,
0x0000018719e732f0, 0x0000018719e71220, 0x0000018719e71f40, 0x0000018719e72c60,
0x0000018719e6fe70, 0x00000187190f87d0, 0x00000187133d9f70, 0x00000187133da600,
0x00000187133d7180, 0x00000187133dd3f0, 0x00000187133db320, 0x00000187133dac90,
0x00000187133db9b0, 0x00000187133dda80, 0x00000187133dc6d0, 0x00000187133dc040,
0x00000187133dcd60, 0x00000187162d5200, 0x00000187162d4b70, 0x00000187162d44e0,
0x00000187162d65b0, 0x00000187162d5890, 0x00000187162d5f20, 0x00000187162d3e50,
0x00000187162d37c0, 0x00000187162d93a0, 0x00000187162d7960, 0x00000187162da750,
0x00000187162da0c0, 0x00000187162d8680, 0x00000187162d7ff0, 0x00000187162d72d0,
0x00000187162d9a30, 0x00000187162dade0, 0x00000187162d8d10, 0x0000018714268120,
0x00000187142659c0, 0x0000018714266050, 0x00000187142666e0, 0x0000018714266d70,
0x0000018714267400, 0x0000018714267a90, 0x00000187142687b0, 0x0000018714265330,
0x000001871426c2c0, 0x000001871426a1f0, 0x000001871426af10, 0x00000187133d9250,
0x00000187133d7810, 0x0000018718acb160, 0x0000018718acb7f0, 0x0000018719e6e430,
0x0000018719e6d080, 0x000001872043e710, 0x000001872043fac0, 0x000001872043eda0,
0x000001872043f430, 0x0000018720440150, 0x00000187204407e0, 0x0000018720440e70,
0x0000018720441500, 0x000001872043e080, 0x00000187204428b0, 0x0000018720442f40,
0x0000018720442220, 0x00000187204435d0, 0x0000018720444980, 0x0000018720443c60,
0x00000187204442f0, 0x0000018720445010, 0x0000018720441b90, 0x0000018720447770,
0x0000018720448490, 0x0000018720448b20, 0x00000187204456a0, 0x00000187204491b0,
0x0000018720449840, 0x0000018720449ed0, 0x0000018720446a50, 0x000001872044a560,
0x000001872044abf0, 0x000001872044b280, 0x000001872044d350, 0x000001872044ccc0,
0x000001872044b910, 0x000001872044bfa0, 0x000001872044c630, 0x000001871426b5a0,
0x000001871426bc30, 0x0000018714268e40, 0x000001871426c950, 0x000001871426cfe0,
0x0000018714269b60, 0x000001871426f740, 0x000001871426fdd0, 0x000001871426e390,
0x0000018714270460, 0x0000018714270af0, 0x000001871426d670, 0x000001871426ea20,
0x000001871426f0b0, 0x0000018714271180, 0x00000187133d8530, 0x00000187133d6460,
0x00000187133d8bc0, 0x000001871ab33a90, 0x000001871ab375a0, 0x000001871ab36f10,
0x000001871ab34120, 0x000001871ab37c30, 0x000001871ab361f0, 0x000001871ab347b0,
0x000001871ab35b60, 0x000001871ab382c0, 0x000001871961f9d0, 0x00000187210e4a90,
0x00000187210e6b60, 0x0000018718246880, 0x0000018718246f10, 0x0000018719671580,
0x000001872097de30, 0x00000187204f7920, 0x0000018719069950, 0x000001872019bab0,
0x000001872019c140, 0x000001872019ad90, 0x000001872019c7d0, 0x000001872019ce60,
0x000001872019d4f0, 0x000001872019b420, 0x000001872019a070, 0x000001872019a700,
0x0000018717901810, 0x000001871a8a2e60, 0x000001871a8a55c0, 0x00000187198ad290,
0x000001872097eb50, 0x000001871a8a34f0, 0x000001871866ef80, 0x00000187210e5e40,
0x000001871a8a3b80, 0x000001871ab2e050, 0x000001871a34d4b0, 0x000001872097d7a0,
0x0000018712c5b760, 0x00000187210e57b0, 0x0000018721634760, 0x000001871ab39d00,
0x0000018720e79ef0, 0x000001871ab36880, 0x000001871ab2ed70, 0x000001871ab3caf0,
0x0000018720e784b0, 0x00000187182f16a0, 0x000001871ab3d180, 0x000001871ab2f400,
0x000001871ab3d810
}

Java Threads: ( => current thread )
  0x00000186ae5c04a0 JavaThread "main"                              [_thread_blocked, id=4220, stack(0x0000005bef700000,0x0000005bef800000) (1024K)]
  0x00000186cc1ef390 JavaThread "Reference Handler"          daemon [_thread_blocked, id=4168, stack(0x0000005beff00000,0x0000005bf0000000) (1024K)]
  0x00000186cc1f1df0 JavaThread "Finalizer"                  daemon [_thread_blocked, id=20684, stack(0x0000005bf0000000,0x0000005bf0100000) (1024K)]
  0x00000186cc1f4be0 JavaThread "Signal Dispatcher"          daemon [_thread_blocked, id=11848, stack(0x0000005bf0100000,0x0000005bf0200000) (1024K)]
  0x00000186cc1f77b0 JavaThread "Attach Listener"            daemon [_thread_blocked, id=16596, stack(0x0000005bf0200000,0x0000005bf0300000) (1024K)]
  0x00000186cc200490 JavaThread "Service Thread"             daemon [_thread_blocked, id=9008, stack(0x0000005bf0300000,0x0000005bf0400000) (1024K)]
  0x00000186cc203b10 JavaThread "Monitor Deflation Thread"   daemon [_thread_blocked, id=20880, stack(0x0000005bf0400000,0x0000005bf0500000) (1024K)]
  0x00000186cc2044a0 JavaThread "C2 CompilerThread0"         daemon [_thread_in_native, id=2216, stack(0x0000005bf0500000,0x0000005bf0600000) (1024K)]
  0x00000186cc204b40 JavaThread "C1 CompilerThread0"         daemon [_thread_blocked, id=17164, stack(0x0000005bf0600000,0x0000005bf0700000) (1024K)]
  0x00000186cc1bf4c0 JavaThread "Common-Cleaner"             daemon [_thread_blocked, id=9284, stack(0x0000005bf0700000,0x0000005bf0800000) (1024K)]
  0x00000186cccb4810 JavaThread "Notification Thread"        daemon [_thread_blocked, id=11368, stack(0x0000005bf0800000,0x0000005bf0900000) (1024K)]
  0x0000018713d6d130 JavaThread "Daemon health stats"               [_thread_blocked, id=10644, stack(0x0000005bf1000000,0x0000005bf1100000) (1024K)]
  0x0000018713d152a0 JavaThread "Incoming local TCP Connector on port 49621"        [_thread_in_native, id=1156, stack(0x0000005bf1100000,0x0000005bf1200000) (1024K)]
  0x0000018713d146e0 JavaThread "Daemon periodic checks"            [_thread_blocked, id=15208, stack(0x0000005bf1600000,0x0000005bf1700000) (1024K)]
  0x0000018713d0c2c0 JavaThread "Daemon"                            [_thread_blocked, id=18324, stack(0x0000005bf1700000,0x0000005bf1800000) (1024K)]
  0x0000018713ec8370 JavaThread "Handler for socket connection from /127.0.0.1:49621 to /127.0.0.1:49622"        [_thread_in_native, id=15432, stack(0x0000005bf1800000,0x0000005bf1900000) (1024K)]
  0x0000018713ea9d70 JavaThread "Cancel handler"                    [_thread_blocked, id=4420, stack(0x0000005bf1900000,0x0000005bf1a00000) (1024K)]
  0x0000018713f627f0 JavaThread "Daemon worker"                     [_thread_blocked, id=15788, stack(0x0000005bf1a00000,0x0000005bf1b00000) (1024K)]
  0x0000018713e9daf0 JavaThread "Asynchronous log dispatcher for DefaultDaemonConnection: socket connection from /127.0.0.1:49621 to /127.0.0.1:49622"        [_thread_blocked, id=16052, stack(0x0000005bf1b00000,0x0000005bf1c00000) (1024K)]
  0x0000018713e9e5b0 JavaThread "Stdin handler"                     [_thread_blocked, id=9436, stack(0x0000005bf1c00000,0x0000005bf1d00000) (1024K)]
  0x0000018713e9f960 JavaThread "Daemon client event forwarder"        [_thread_blocked, id=380, stack(0x0000005bf1d00000,0x0000005bf1e00000) (1024K)]
  0x0000018713ea0680 JavaThread "Cache worker for journal cache (C:\Users\vfxno\.gradle\caches\journal-1)"        [_thread_blocked, id=4500, stack(0x0000005bf1e00000,0x0000005bf1f00000) (1024K)]
  0x0000018713ea0d10 JavaThread "File lock request listener"        [_thread_in_native, id=5360, stack(0x0000005bf1f00000,0x0000005bf2000000) (1024K)]
  0x0000018713e9fff0 JavaThread "Cache worker for file hash cache (C:\Users\vfxno\.gradle\caches\8.13\fileHashes)"        [_thread_blocked, id=9884, stack(0x0000005bf2000000,0x0000005bf2100000) (1024K)]
  0x0000018713e9f2d0 JavaThread "Cache worker for file hash cache (C:\Users\vfxno\Downloads\moonlight-android\.gradle\8.13\fileHashes)"        [_thread_blocked, id=15136, stack(0x0000005bf2300000,0x0000005bf2400000) (1024K)]
  0x0000018713ea13a0 JavaThread "Cache worker for Build Output Cleanup Cache (C:\Users\vfxno\Downloads\moonlight-android\.gradle\buildOutputCleanup)"        [_thread_blocked, id=20268, stack(0x0000005bf2400000,0x0000005bf2500000) (1024K)]
  0x0000018713ea1a30 JavaThread "File watcher server"        daemon [_thread_in_native, id=14784, stack(0x0000005bf2500000,0x0000005bf2600000) (1024K)]
  0x0000018713e9ec40 JavaThread "File watcher consumer"      daemon [_thread_blocked, id=8628, stack(0x0000005bf2600000,0x0000005bf2700000) (1024K)]
  0x0000018716a19ee0 JavaThread "jar transforms"                    [_thread_blocked, id=16328, stack(0x0000005bf2700000,0x0000005bf2800000) (1024K)]
  0x0000018716a1bfb0 JavaThread "jar transforms Thread 2"           [_thread_blocked, id=21408, stack(0x0000005bf2800000,0x0000005bf2900000) (1024K)]
  0x0000018716a1a570 JavaThread "Cache worker for checksums cache (C:\Users\vfxno\Downloads\moonlight-android\.gradle\8.13\checksums)"        [_thread_blocked, id=12780, stack(0x0000005bf2900000,0x0000005bf2a00000) (1024K)]
  0x0000018716a1b920 JavaThread "Cache worker for file content cache (C:\Users\vfxno\.gradle\caches\8.13\fileContent)"        [_thread_blocked, id=21256, stack(0x0000005bf2a00000,0x0000005bf2b00000) (1024K)]
  0x0000018716a1b290 JavaThread "Cache worker for cache directory md-supplier (C:\Users\vfxno\.gradle\caches\8.13\md-supplier)"        [_thread_blocked, id=17152, stack(0x0000005bf2b00000,0x0000005bf2c00000) (1024K)]
  0x0000018716a18b30 JavaThread "Cache worker for cache directory md-rule (C:\Users\vfxno\.gradle\caches\8.13\md-rule)"        [_thread_blocked, id=21148, stack(0x0000005bf2c00000,0x0000005bf2d00000) (1024K)]
  0x0000018716a1c640 JavaThread "jar transforms Thread 3"           [_thread_blocked, id=18424, stack(0x0000005bf2d00000,0x0000005bf2e00000) (1024K)]
  0x0000018716a19850 JavaThread "Unconstrained build operations"        [_thread_blocked, id=1176, stack(0x0000005bf2e00000,0x0000005bf2f00000) (1024K)]
  0x0000018716a1ccd0 JavaThread "Unconstrained build operations Thread 2"        [_thread_blocked, id=5060, stack(0x0000005bf2f00000,0x0000005bf3000000) (1024K)]
  0x0000018716a1d360 JavaThread "Unconstrained build operations Thread 3"        [_thread_blocked, id=3804, stack(0x0000005bf3000000,0x0000005bf3100000) (1024K)]
  0x0000018716a1fac0 JavaThread "Unconstrained build operations Thread 4"        [_thread_blocked, id=5960, stack(0x0000005bf3100000,0x0000005bf3200000) (1024K)]
  0x0000018716a1d9f0 JavaThread "Unconstrained build operations Thread 5"        [_thread_blocked, id=16500, stack(0x0000005bf3200000,0x0000005bf3300000) (1024K)]
  0x0000018716a20150 JavaThread "Unconstrained build operations Thread 6"        [_thread_blocked, id=18376, stack(0x0000005bf3300000,0x0000005bf3400000) (1024K)]
  0x0000018716a1e080 JavaThread "Unconstrained build operations Thread 7"        [_thread_blocked, id=16676, stack(0x0000005bf3400000,0x0000005bf3500000) (1024K)]
  0x0000018716a1e710 JavaThread "Unconstrained build operations Thread 8"        [_thread_blocked, id=1488, stack(0x0000005bf3500000,0x0000005bf3600000) (1024K)]
  0x0000018716a1eda0 JavaThread "Unconstrained build operations Thread 9"        [_thread_blocked, id=2632, stack(0x0000005bf3600000,0x0000005bf3700000) (1024K)]
  0x0000018716a1f430 JavaThread "Unconstrained build operations Thread 10"        [_thread_blocked, id=6684, stack(0x0000005bf3700000,0x0000005bf3800000) (1024K)]
  0x0000018714cf37c0 JavaThread "Unconstrained build operations Thread 11"        [_thread_blocked, id=11640, stack(0x0000005bf3800000,0x0000005bf3900000) (1024K)]
  0x0000018714cf1060 JavaThread "Unconstrained build operations Thread 12"        [_thread_blocked, id=9260, stack(0x0000005bf3900000,0x0000005bf3a00000) (1024K)]
  0x0000018714cf44e0 JavaThread "Unconstrained build operations Thread 13"        [_thread_blocked, id=4776, stack(0x0000005bf3a00000,0x0000005bf3b00000) (1024K)]
  0x0000018714cf3130 JavaThread "Unconstrained build operations Thread 14"        [_thread_blocked, id=3456, stack(0x0000005bf3b00000,0x0000005bf3c00000) (1024K)]
  0x0000018714cf16f0 JavaThread "Unconstrained build operations Thread 15"        [_thread_blocked, id=17592, stack(0x0000005bf3c00000,0x0000005bf3d00000) (1024K)]
  0x0000018714cf3e50 JavaThread "Unconstrained build operations Thread 16"        [_thread_blocked, id=13956, stack(0x0000005bf3d00000,0x0000005bf3e00000) (1024K)]
  0x0000018714cf1d80 JavaThread "Unconstrained build operations Thread 17"        [_thread_blocked, id=20804, stack(0x0000005bf3e00000,0x0000005bf3f00000) (1024K)]
  0x0000018714cf4b70 JavaThread "Unconstrained build operations Thread 18"        [_thread_blocked, id=16084, stack(0x0000005bf3f00000,0x0000005bf4000000) (1024K)]
  0x0000018714cf2410 JavaThread "Unconstrained build operations Thread 19"        [_thread_blocked, id=19012, stack(0x0000005bf4000000,0x0000005bf4100000) (1024K)]
  0x0000018714cf5200 JavaThread "Unconstrained build operations Thread 20"        [_thread_blocked, id=7224, stack(0x0000005bf4100000,0x0000005bf4200000) (1024K)]
  0x0000018714cf5f20 JavaThread "Unconstrained build operations Thread 21"        [_thread_blocked, id=19964, stack(0x0000005bf4200000,0x0000005bf4300000) (1024K)]
  0x0000018714cf5890 JavaThread "Unconstrained build operations Thread 22"        [_thread_blocked, id=20312, stack(0x0000005bf4300000,0x0000005bf4400000) (1024K)]
  0x0000018714cf2aa0 JavaThread "Unconstrained build operations Thread 23"        [_thread_blocked, id=17520, stack(0x0000005bf4400000,0x0000005bf4500000) (1024K)]
  0x0000018714cf6c40 JavaThread "Unconstrained build operations Thread 24"        [_thread_blocked, id=1596, stack(0x0000005bf4500000,0x0000005bf4600000) (1024K)]
  0x0000018714cf72d0 JavaThread "Unconstrained build operations Thread 25"        [_thread_blocked, id=19696, stack(0x0000005bf4600000,0x0000005bf4700000) (1024K)]
  0x0000018714cf7ff0 JavaThread "Unconstrained build operations Thread 26"        [_thread_blocked, id=16548, stack(0x0000005bf4700000,0x0000005bf4800000) (1024K)]
  0x0000018714cf7960 JavaThread "Unconstrained build operations Thread 27"        [_thread_blocked, id=5560, stack(0x0000005bf4800000,0x0000005bf4900000) (1024K)]
  0x0000018714cf65b0 JavaThread "Unconstrained build operations Thread 28"        [_thread_blocked, id=8684, stack(0x0000005bf4900000,0x0000005bf4a00000) (1024K)]
  0x0000018714cf8680 JavaThread "Unconstrained build operations Thread 29"        [_thread_blocked, id=4652, stack(0x0000005bf4a00000,0x0000005bf4b00000) (1024K)]
  0x0000018718bc52d0 JavaThread "Unconstrained build operations Thread 30"        [_thread_blocked, id=15992, stack(0x0000005bf4b00000,0x0000005bf4c00000) (1024K)]
  0x0000018718bc3f20 JavaThread "Unconstrained build operations Thread 31"        [_thread_blocked, id=10340, stack(0x0000005bf4c00000,0x0000005bf4d00000) (1024K)]
  0x0000018718bc3890 JavaThread "Unconstrained build operations Thread 32"        [_thread_blocked, id=16924, stack(0x0000005bf4d00000,0x0000005bf4e00000) (1024K)]
  0x0000018718bc24e0 JavaThread "Unconstrained build operations Thread 33"        [_thread_blocked, id=20328, stack(0x0000005bf4e00000,0x0000005bf4f00000) (1024K)]
  0x0000018718bc5ff0 JavaThread "jar transforms Thread 4"           [_thread_blocked, id=17360, stack(0x0000005bf4f00000,0x0000005bf5000000) (1024K)]
  0x0000018718bc2b70 JavaThread "jar transforms Thread 5"           [_thread_blocked, id=13264, stack(0x0000005bf5000000,0x0000005bf5100000) (1024K)]
  0x0000018718bc3200 JavaThread "jar transforms Thread 6"           [_thread_blocked, id=8536, stack(0x0000005bf5100000,0x0000005bf5200000) (1024K)]
  0x0000018718bc73a0 JavaThread "Memory manager"                    [_thread_blocked, id=14940, stack(0x0000005bf0a00000,0x0000005bf0b00000) (1024K)]
  0x0000018718bc9b00 JavaThread "Problems report writer"            [_thread_blocked, id=18800, stack(0x0000005bf5300000,0x0000005bf5400000) (1024K)]
  0x0000018718acbe80 JavaThread "included builds"                   [_thread_blocked, id=8336, stack(0x0000005bf5400000,0x0000005bf5500000) (1024K)]
  0x0000018718acaad0 JavaThread "Execution worker"                  [_thread_blocked, id=15552, stack(0x0000005bf5500000,0x0000005bf5600000) (1024K)]
  0x0000018718accba0 JavaThread "Execution worker Thread 2"         [_thread_blocked, id=17564, stack(0x0000005bf5600000,0x0000005bf5700000) (1024K)]
  0x0000018718ac9720 JavaThread "Execution worker Thread 3"         [_thread_blocked, id=6328, stack(0x0000005bf5700000,0x0000005bf5800000) (1024K)]
  0x0000018718ac9db0 JavaThread "Execution worker Thread 4"         [_thread_blocked, id=15972, stack(0x0000005bf5800000,0x0000005bf5900000) (1024K)]
  0x0000018718ad06b0 JavaThread "Execution worker Thread 5"         [_thread_blocked, id=6364, stack(0x0000005bf5900000,0x0000005bf5a00000) (1024K)]
  0x0000018718acf300 JavaThread "Execution worker Thread 6"         [_thread_blocked, id=15692, stack(0x0000005bf5a00000,0x0000005bf5b00000) (1024K)]
  0x0000018718acf990 JavaThread "Execution worker Thread 7"         [_thread_blocked, id=6592, stack(0x0000005bf5b00000,0x0000005bf5c00000) (1024K)]
  0x0000018718acdf50 JavaThread "Execution worker Thread 8"         [_thread_blocked, id=15536, stack(0x0000005bf5c00000,0x0000005bf5d00000) (1024K)]
  0x0000018718acec70 JavaThread "Execution worker Thread 9"         [_thread_blocked, id=20356, stack(0x0000005bf5d00000,0x0000005bf5e00000) (1024K)]
  0x0000018718ace5e0 JavaThread "Execution worker Thread 10"        [_thread_blocked, id=17580, stack(0x0000005bf5e00000,0x0000005bf5f00000) (1024K)]
  0x0000018718ad0020 JavaThread "Execution worker Thread 11"        [_thread_blocked, id=8948, stack(0x0000005bf5f00000,0x0000005bf6000000) (1024K)]
  0x0000018718acd230 JavaThread "Cache worker for execution history cache (C:\Users\vfxno\Downloads\moonlight-android\.gradle\8.13\executionHistory)"        [_thread_blocked, id=3628, stack(0x0000005bf6000000,0x0000005bf6100000) (1024K)]
  0x0000018718acd8c0 JavaThread "Exec process"                      [_thread_blocked, id=19184, stack(0x0000005bf6100000,0x0000005bf6200000) (1024K)]
  0x0000018719e6dda0 JavaThread "Exec process Thread 2"             [_thread_blocked, id=3188, stack(0x0000005bf6200000,0x0000005bf6300000) (1024K)]
  0x0000018719e6c9f0 JavaThread "Exec process Thread 3"             [_thread_blocked, id=6668, stack(0x0000005bf6300000,0x0000005bf6400000) (1024K)]
  0x0000018719e6eac0 JavaThread "WorkerExecutor Queue"              [_thread_blocked, id=20348, stack(0x0000005bf5200000,0x0000005bf5300000) (1024K)]
  0x0000018719e6f150 JavaThread "WorkerExecutor Queue Thread 2"        [_thread_blocked, id=13948, stack(0x0000005bf6400000,0x0000005bf6500000) (1024K)]
  0x0000018719e6c360 JavaThread "Unconstrained build operations Thread 34"        [_thread_blocked, id=21476, stack(0x0000005bf6500000,0x0000005bf6600000) (1024K)]
  0x0000018719e70b90 JavaThread "Unconstrained build operations Thread 35"        [_thread_blocked, id=2036, stack(0x0000005bf6600000,0x0000005bf6700000) (1024K)]
  0x0000018719e725d0 JavaThread "Unconstrained build operations Thread 36"        [_thread_blocked, id=604, stack(0x0000005bf6700000,0x0000005bf6800000) (1024K)]
  0x0000018719e70500 JavaThread "Unconstrained build operations Thread 37"        [_thread_blocked, id=21260, stack(0x0000005bf6800000,0x0000005bf6900000) (1024K)]
  0x0000018719e718b0 JavaThread "Unconstrained build operations Thread 38"        [_thread_blocked, id=14520, stack(0x0000005bf6900000,0x0000005bf6a00000) (1024K)]
  0x0000018719e732f0 JavaThread "Unconstrained build operations Thread 39"        [_thread_blocked, id=12648, stack(0x0000005bf6a00000,0x0000005bf6b00000) (1024K)]
  0x0000018719e71220 JavaThread "Unconstrained build operations Thread 40"        [_thread_blocked, id=18680, stack(0x0000005bf6b00000,0x0000005bf6c00000) (1024K)]
  0x0000018719e71f40 JavaThread "Unconstrained build operations Thread 41"        [_thread_blocked, id=16236, stack(0x0000005bf6c00000,0x0000005bf6d00000) (1024K)]
  0x0000018719e72c60 JavaThread "Unconstrained build operations Thread 42"        [_thread_blocked, id=17828, stack(0x0000005bf6d00000,0x0000005bf6e00000) (1024K)]
  0x0000018719e6fe70 JavaThread "Unconstrained build operations Thread 43"        [_thread_blocked, id=12584, stack(0x0000005bf6e00000,0x0000005bf6f00000) (1024K)]
  0x00000187190f87d0 JavaThread "Unconstrained build operations Thread 44"        [_thread_blocked, id=19392, stack(0x0000005bf6f00000,0x0000005bf7000000) (1024K)]
  0x00000187133d9f70 JavaThread "WorkerExecutor Queue Thread 3"        [_thread_blocked, id=21496, stack(0x0000005bf7100000,0x0000005bf7200000) (1024K)]
  0x00000187133da600 JavaThread "WorkerExecutor Queue Thread 4"        [_thread_blocked, id=7304, stack(0x0000005bf7200000,0x0000005bf7300000) (1024K)]
  0x00000187133d7180 JavaThread "Unconstrained build operations Thread 45"        [_thread_blocked, id=10284, stack(0x0000005bf7300000,0x0000005bf7400000) (1024K)]
  0x00000187133dd3f0 JavaThread "Unconstrained build operations Thread 46"        [_thread_blocked, id=1768, stack(0x0000005bf7400000,0x0000005bf7500000) (1024K)]
  0x00000187133db320 JavaThread "Unconstrained build operations Thread 47"        [_thread_blocked, id=14628, stack(0x0000005bf7500000,0x0000005bf7600000) (1024K)]
  0x00000187133dac90 JavaThread "Unconstrained build operations Thread 48"        [_thread_blocked, id=5748, stack(0x0000005bf7600000,0x0000005bf7700000) (1024K)]
  0x00000187133db9b0 JavaThread "Unconstrained build operations Thread 49"        [_thread_blocked, id=8596, stack(0x0000005bf7700000,0x0000005bf7800000) (1024K)]
  0x00000187133dda80 JavaThread "Unconstrained build operations Thread 50"        [_thread_blocked, id=17556, stack(0x0000005bf7800000,0x0000005bf7900000) (1024K)]
  0x00000187133dc6d0 JavaThread "Unconstrained build operations Thread 51"        [_thread_blocked, id=5768, stack(0x0000005bf7900000,0x0000005bf7a00000) (1024K)]
  0x00000187133dc040 JavaThread "Unconstrained build operations Thread 52"        [_thread_blocked, id=14160, stack(0x0000005bf7a00000,0x0000005bf7b00000) (1024K)]
  0x00000187133dcd60 JavaThread "Unconstrained build operations Thread 53"        [_thread_blocked, id=18008, stack(0x0000005bf7b00000,0x0000005bf7c00000) (1024K)]
  0x00000187162d5200 JavaThread "Unconstrained build operations Thread 54"        [_thread_blocked, id=21412, stack(0x0000005bf7c00000,0x0000005bf7d00000) (1024K)]
  0x00000187162d4b70 JavaThread "Unconstrained build operations Thread 55"        [_thread_blocked, id=13032, stack(0x0000005bf7d00000,0x0000005bf7e00000) (1024K)]
  0x00000187162d44e0 JavaThread "WorkerExecutor Queue Thread 5"        [_thread_blocked, id=10204, stack(0x0000005bf7e00000,0x0000005bf7f00000) (1024K)]
  0x00000187162d65b0 JavaThread "WorkerExecutor Queue Thread 6"        [_thread_blocked, id=17832, stack(0x0000005bf7f00000,0x0000005bf8000000) (1024K)]
  0x00000187162d5890 JavaThread "WorkerExecutor Queue Thread 7"        [_thread_blocked, id=17504, stack(0x0000005bf8000000,0x0000005bf8100000) (1024K)]
  0x00000187162d5f20 JavaThread "WorkerExecutor Queue Thread 8"        [_thread_blocked, id=17676, stack(0x0000005bf8100000,0x0000005bf8200000) (1024K)]
  0x00000187162d3e50 JavaThread "WorkerExecutor Queue Thread 9"        [_thread_blocked, id=6340, stack(0x0000005bf8200000,0x0000005bf8300000) (1024K)]
  0x00000187162d37c0 JavaThread "Exec process Thread 4"             [_thread_blocked, id=8416, stack(0x0000005bf8400000,0x0000005bf8500000) (1024K)]
  0x00000187162d93a0 JavaThread "Exec process Thread 5"             [_thread_blocked, id=21156, stack(0x0000005bf8500000,0x0000005bf8600000) (1024K)]
  0x00000187162d7960 JavaThread "Exec process Thread 6"             [_thread_blocked, id=20592, stack(0x0000005bf8600000,0x0000005bf8700000) (1024K)]
  0x00000187162da750 JavaThread "Exec process Thread 7"             [_thread_blocked, id=20608, stack(0x0000005bf8700000,0x0000005bf8800000) (1024K)]
  0x00000187162da0c0 JavaThread "Exec process Thread 8"             [_thread_blocked, id=18848, stack(0x0000005bf8800000,0x0000005bf8900000) (1024K)]
  0x00000187162d8680 JavaThread "Exec process Thread 9"             [_thread_blocked, id=14964, stack(0x0000005bf8900000,0x0000005bf8a00000) (1024K)]
  0x00000187162d7ff0 JavaThread "Exec process Thread 10"            [_thread_blocked, id=12188, stack(0x0000005bf8a00000,0x0000005bf8b00000) (1024K)]
  0x00000187162d72d0 JavaThread "Exec process Thread 11"            [_thread_blocked, id=12416, stack(0x0000005bf8b00000,0x0000005bf8c00000) (1024K)]
  0x00000187162d9a30 JavaThread "Unconstrained build operations Thread 56"        [_thread_blocked, id=21312, stack(0x0000005bf8c00000,0x0000005bf8d00000) (1024K)]
  0x00000187162dade0 JavaThread "Exec process Thread 12"            [_thread_blocked, id=16476, stack(0x0000005bf8d00000,0x0000005bf8e00000) (1024K)]
  0x00000187162d8d10 JavaThread "Unconstrained build operations Thread 57"        [_thread_blocked, id=16092, stack(0x0000005bf8e00000,0x0000005bf8f00000) (1024K)]
  0x0000018714268120 JavaThread "Unconstrained build operations Thread 58"        [_thread_blocked, id=20716, stack(0x0000005bf8f00000,0x0000005bf9000000) (1024K)]
  0x00000187142659c0 JavaThread "Unconstrained build operations Thread 59"        [_thread_blocked, id=16448, stack(0x0000005bf9000000,0x0000005bf9100000) (1024K)]
  0x0000018714266050 JavaThread "Unconstrained build operations Thread 60"        [_thread_blocked, id=14656, stack(0x0000005bf9100000,0x0000005bf9200000) (1024K)]
  0x00000187142666e0 JavaThread "Unconstrained build operations Thread 61"        [_thread_blocked, id=320, stack(0x0000005bf9200000,0x0000005bf9300000) (1024K)]
  0x0000018714266d70 JavaThread "Unconstrained build operations Thread 62"        [_thread_blocked, id=10176, stack(0x0000005bf9300000,0x0000005bf9400000) (1024K)]
  0x0000018714267400 JavaThread "Unconstrained build operations Thread 63"        [_thread_blocked, id=2336, stack(0x0000005bf9400000,0x0000005bf9500000) (1024K)]
  0x0000018714267a90 JavaThread "Unconstrained build operations Thread 64"        [_thread_blocked, id=13628, stack(0x0000005bf9500000,0x0000005bf9600000) (1024K)]
  0x00000187142687b0 JavaThread "Unconstrained build operations Thread 65"        [_thread_blocked, id=10436, stack(0x0000005bf9600000,0x0000005bf9700000) (1024K)]
  0x0000018714265330 JavaThread "Unconstrained build operations Thread 66"        [_thread_blocked, id=9128, stack(0x0000005bf9700000,0x0000005bf9800000) (1024K)]
  0x000001871426c2c0 JavaThread "WorkerExecutor Queue Thread 11"        [_thread_in_Java, id=4484, stack(0x0000005bf9800000,0x0000005bf9900000) (1024K)]
  0x000001871426a1f0 JavaThread "WorkerExecutor Queue Thread 12"        [_thread_blocked, id=3316, stack(0x0000005bf9900000,0x0000005bf9a00000) (1024K)]
  0x000001871426af10 JavaThread "Java2D Disposer"            daemon [_thread_blocked, id=5976, stack(0x0000005bf9a00000,0x0000005bf9b00000) (1024K)]
  0x00000187133d9250 JavaThread "Unconstrained build operations Thread 67"        [_thread_blocked, id=17456, stack(0x0000005bf9b00000,0x0000005bf9c00000) (1024K)]
  0x00000187133d7810 JavaThread "Unconstrained build operations Thread 68"        [_thread_blocked, id=2928, stack(0x0000005bf9c00000,0x0000005bf9d00000) (1024K)]
  0x0000018718acb160 JavaThread "Unconstrained build operations Thread 69"        [_thread_blocked, id=15040, stack(0x0000005bf9d00000,0x0000005bf9e00000) (1024K)]
  0x0000018718acb7f0 JavaThread "Unconstrained build operations Thread 70"        [_thread_blocked, id=18664, stack(0x0000005bf9e00000,0x0000005bf9f00000) (1024K)]
  0x0000018719e6e430 JavaThread "Unconstrained build operations Thread 71"        [_thread_blocked, id=20988, stack(0x0000005bf9f00000,0x0000005bfa000000) (1024K)]
  0x0000018719e6d080 JavaThread "Unconstrained build operations Thread 72"        [_thread_blocked, id=20944, stack(0x0000005bfa000000,0x0000005bfa100000) (1024K)]
  0x000001872043e710 JavaThread "Unconstrained build operations Thread 73"        [_thread_blocked, id=20876, stack(0x0000005bfa100000,0x0000005bfa200000) (1024K)]
  0x000001872043fac0 JavaThread "Unconstrained build operations Thread 74"        [_thread_blocked, id=18716, stack(0x0000005bfa200000,0x0000005bfa300000) (1024K)]
  0x000001872043eda0 JavaThread "Unconstrained build operations Thread 75"        [_thread_blocked, id=21272, stack(0x0000005bfa300000,0x0000005bfa400000) (1024K)]
  0x000001872043f430 JavaThread "Unconstrained build operations Thread 76"        [_thread_blocked, id=19996, stack(0x0000005bfa400000,0x0000005bfa500000) (1024K)]
  0x0000018720440150 JavaThread "Unconstrained build operations Thread 77"        [_thread_blocked, id=18096, stack(0x0000005bfa500000,0x0000005bfa600000) (1024K)]
  0x00000187204407e0 JavaThread "Unconstrained build operations Thread 78"        [_thread_blocked, id=6232, stack(0x0000005bfa600000,0x0000005bfa700000) (1024K)]
  0x0000018720440e70 JavaThread "Unconstrained build operations Thread 79"        [_thread_blocked, id=5828, stack(0x0000005bfa700000,0x0000005bfa800000) (1024K)]
  0x0000018720441500 JavaThread "Unconstrained build operations Thread 80"        [_thread_blocked, id=13580, stack(0x0000005bfa800000,0x0000005bfa900000) (1024K)]
  0x000001872043e080 JavaThread "Unconstrained build operations Thread 81"        [_thread_blocked, id=9488, stack(0x0000005bfa900000,0x0000005bfaa00000) (1024K)]
  0x00000187204428b0 JavaThread "Unconstrained build operations Thread 82"        [_thread_blocked, id=1472, stack(0x0000005bfaa00000,0x0000005bfab00000) (1024K)]
  0x0000018720442f40 JavaThread "Unconstrained build operations Thread 83"        [_thread_blocked, id=20360, stack(0x0000005bfab00000,0x0000005bfac00000) (1024K)]
  0x0000018720442220 JavaThread "Unconstrained build operations Thread 84"        [_thread_blocked, id=12960, stack(0x0000005bfac00000,0x0000005bfad00000) (1024K)]
  0x00000187204435d0 JavaThread "Unconstrained build operations Thread 85"        [_thread_blocked, id=12880, stack(0x0000005bfad00000,0x0000005bfae00000) (1024K)]
  0x0000018720444980 JavaThread "Unconstrained build operations Thread 86"        [_thread_blocked, id=8032, stack(0x0000005bfae00000,0x0000005bfaf00000) (1024K)]
  0x0000018720443c60 JavaThread "Unconstrained build operations Thread 87"        [_thread_blocked, id=10220, stack(0x0000005bfaf00000,0x0000005bfb000000) (1024K)]
  0x00000187204442f0 JavaThread "Unconstrained build operations Thread 88"        [_thread_blocked, id=17872, stack(0x0000005bfb000000,0x0000005bfb100000) (1024K)]
  0x0000018720445010 JavaThread "Unconstrained build operations Thread 89"        [_thread_blocked, id=17112, stack(0x0000005bfb100000,0x0000005bfb200000) (1024K)]
  0x0000018720441b90 JavaThread "Unconstrained build operations Thread 90"        [_thread_blocked, id=8952, stack(0x0000005bfb200000,0x0000005bfb300000) (1024K)]
  0x0000018720447770 JavaThread "Unconstrained build operations Thread 91"        [_thread_blocked, id=19728, stack(0x0000005bfb300000,0x0000005bfb400000) (1024K)]
  0x0000018720448490 JavaThread "Unconstrained build operations Thread 92"        [_thread_blocked, id=11988, stack(0x0000005bfb400000,0x0000005bfb500000) (1024K)]
  0x0000018720448b20 JavaThread "Unconstrained build operations Thread 93"        [_thread_blocked, id=14428, stack(0x0000005bfb500000,0x0000005bfb600000) (1024K)]
  0x00000187204456a0 JavaThread "Unconstrained build operations Thread 94"        [_thread_blocked, id=16512, stack(0x0000005bfb600000,0x0000005bfb700000) (1024K)]
  0x00000187204491b0 JavaThread "Unconstrained build operations Thread 95"        [_thread_blocked, id=8496, stack(0x0000005bfb700000,0x0000005bfb800000) (1024K)]
  0x0000018720449840 JavaThread "Unconstrained build operations Thread 96"        [_thread_blocked, id=8920, stack(0x0000005bfb800000,0x0000005bfb900000) (1024K)]
  0x0000018720449ed0 JavaThread "Unconstrained build operations Thread 97"        [_thread_blocked, id=12868, stack(0x0000005bfb900000,0x0000005bfba00000) (1024K)]
  0x0000018720446a50 JavaThread "Unconstrained build operations Thread 98"        [_thread_blocked, id=17056, stack(0x0000005bfba00000,0x0000005bfbb00000) (1024K)]
  0x000001872044a560 JavaThread "Unconstrained build operations Thread 99"        [_thread_blocked, id=20476, stack(0x0000005bfbb00000,0x0000005bfbc00000) (1024K)]
  0x000001872044abf0 JavaThread "Unconstrained build operations Thread 100"        [_thread_blocked, id=10320, stack(0x0000005bfbc00000,0x0000005bfbd00000) (1024K)]
  0x000001872044b280 JavaThread "Unconstrained build operations Thread 101"        [_thread_blocked, id=20420, stack(0x0000005bfbd00000,0x0000005bfbe00000) (1024K)]
  0x000001872044d350 JavaThread "WorkerExecutor Queue Thread 13"        [_thread_blocked, id=13644, stack(0x0000005bfbe00000,0x0000005bfbf00000) (1024K)]
  0x000001872044ccc0 JavaThread "Unconstrained build operations Thread 102"        [_thread_blocked, id=17016, stack(0x0000005bfbf00000,0x0000005bfc000000) (1024K)]
  0x000001872044b910 JavaThread "Unconstrained build operations Thread 103"        [_thread_blocked, id=5804, stack(0x0000005bfc000000,0x0000005bfc100000) (1024K)]
  0x000001872044bfa0 JavaThread "Unconstrained build operations Thread 104"        [_thread_blocked, id=3744, stack(0x0000005bfc100000,0x0000005bfc200000) (1024K)]
  0x000001872044c630 JavaThread "Unconstrained build operations Thread 105"        [_thread_blocked, id=21052, stack(0x0000005bfc200000,0x0000005bfc300000) (1024K)]
  0x000001871426b5a0 JavaThread "Unconstrained build operations Thread 106"        [_thread_blocked, id=17836, stack(0x0000005bfc300000,0x0000005bfc400000) (1024K)]
  0x000001871426bc30 JavaThread "Unconstrained build operations Thread 107"        [_thread_blocked, id=6332, stack(0x0000005bfc400000,0x0000005bfc500000) (1024K)]
  0x0000018714268e40 JavaThread "Unconstrained build operations Thread 108"        [_thread_blocked, id=14856, stack(0x0000005bfc500000,0x0000005bfc600000) (1024K)]
  0x000001871426c950 JavaThread "Unconstrained build operations Thread 109"        [_thread_blocked, id=20144, stack(0x0000005bfc600000,0x0000005bfc700000) (1024K)]
  0x000001871426cfe0 JavaThread "Unconstrained build operations Thread 110"        [_thread_blocked, id=10380, stack(0x0000005bfc700000,0x0000005bfc800000) (1024K)]
  0x0000018714269b60 JavaThread "Unconstrained build operations Thread 111"        [_thread_blocked, id=20832, stack(0x0000005bfc800000,0x0000005bfc900000) (1024K)]
  0x000001871426f740 JavaThread "Unconstrained build operations Thread 112"        [_thread_blocked, id=19148, stack(0x0000005bfc900000,0x0000005bfca00000) (1024K)]
  0x000001871426fdd0 JavaThread "Unconstrained build operations Thread 113"        [_thread_blocked, id=13500, stack(0x0000005bfca00000,0x0000005bfcb00000) (1024K)]
  0x000001871426e390 JavaThread "Unconstrained build operations Thread 114"        [_thread_blocked, id=18984, stack(0x0000005bfcb00000,0x0000005bfcc00000) (1024K)]
  0x0000018714270460 JavaThread "Unconstrained build operations Thread 115"        [_thread_blocked, id=18640, stack(0x0000005bfcc00000,0x0000005bfcd00000) (1024K)]
  0x0000018714270af0 JavaThread "Unconstrained build operations Thread 116"        [_thread_blocked, id=2524, stack(0x0000005bfcd00000,0x0000005bfce00000) (1024K)]
  0x000001871426d670 JavaThread "Unconstrained build operations Thread 117"        [_thread_blocked, id=19536, stack(0x0000005bfce00000,0x0000005bfcf00000) (1024K)]
  0x000001871426ea20 JavaThread "Unconstrained build operations Thread 118"        [_thread_blocked, id=14876, stack(0x0000005bfcf00000,0x0000005bfd000000) (1024K)]
  0x000001871426f0b0 JavaThread "Unconstrained build operations Thread 119"        [_thread_blocked, id=19288, stack(0x0000005bfd000000,0x0000005bfd100000) (1024K)]
  0x0000018714271180 JavaThread "Unconstrained build operations Thread 120"        [_thread_blocked, id=16484, stack(0x0000005bfd100000,0x0000005bfd200000) (1024K)]
  0x00000187133d8530 JavaThread "Exec process Thread 13"            [_thread_blocked, id=17732, stack(0x0000005bf7000000,0x0000005bf7100000) (1024K)]
  0x00000187133d6460 JavaThread "Exec process Thread 14"            [_thread_blocked, id=14588, stack(0x0000005bf8300000,0x0000005bf8400000) (1024K)]
  0x00000187133d8bc0 JavaThread "Exec process Thread 15"            [_thread_blocked, id=15748, stack(0x0000005bfd200000,0x0000005bfd300000) (1024K)]
  0x000001871ab33a90 JavaThread "Exec process Thread 16"            [_thread_blocked, id=15652, stack(0x0000005bfd300000,0x0000005bfd400000) (1024K)]
  0x000001871ab375a0 JavaThread "Exec process Thread 17"            [_thread_blocked, id=17004, stack(0x0000005bfd400000,0x0000005bfd500000) (1024K)]
  0x000001871ab36f10 JavaThread "Exec process Thread 18"            [_thread_blocked, id=17660, stack(0x0000005bfd500000,0x0000005bfd600000) (1024K)]
  0x000001871ab34120 JavaThread "Exec process Thread 19"            [_thread_blocked, id=9612, stack(0x0000005bfd600000,0x0000005bfd700000) (1024K)]
  0x000001871ab37c30 JavaThread "Exec process Thread 20"            [_thread_blocked, id=19192, stack(0x0000005bfd700000,0x0000005bfd800000) (1024K)]
  0x000001871ab361f0 JavaThread "Exec process Thread 21"            [_thread_blocked, id=15216, stack(0x0000005bfd800000,0x0000005bfd900000) (1024K)]
  0x000001871ab347b0 JavaThread "Exec process Thread 22"            [_thread_blocked, id=9588, stack(0x0000005bfd900000,0x0000005bfda00000) (1024K)]
  0x000001871ab35b60 JavaThread "Exec process Thread 23"            [_thread_blocked, id=19624, stack(0x0000005bfda00000,0x0000005bfdb00000) (1024K)]
  0x000001871ab382c0 JavaThread "Exec process Thread 24"            [_thread_blocked, id=8972, stack(0x0000005bfdb00000,0x0000005bfdc00000) (1024K)]
  0x000001871961f9d0 JavaThread "pool-3-thread-1"                   [_thread_blocked, id=12728, stack(0x0000005bfdc00000,0x0000005bfdd00000) (1024K)]
  0x00000187210e4a90 JavaThread "stderr"                            [_thread_in_native, id=2056, stack(0x0000005bfdd00000,0x0000005bfde00000) (1024K)]
  0x00000187210e6b60 JavaThread "stdout"                            [_thread_in_native, id=16848, stack(0x0000005bfde00000,0x0000005bfdf00000) (1024K)]
  0x0000018718246880 JavaThread "stderr"                            [_thread_in_native, id=18004, stack(0x0000005bfdf00000,0x0000005bfe000000) (1024K)]
  0x0000018718246f10 JavaThread "stdout"                            [_thread_in_native, id=18064, stack(0x0000005bfe000000,0x0000005bfe100000) (1024K)]
  0x0000018719671580 JavaThread "C2 CompilerThread1"         daemon [_thread_in_native, id=8632, stack(0x0000005bef400000,0x0000005bef500000) (1024K)]
  0x000001872097de30 JavaThread "Cache worker for Java compile cache (C:\Users\vfxno\.gradle\caches\8.13\javaCompile)"        [_thread_blocked, id=8580, stack(0x0000005bfe100000,0x0000005bfe200000) (1024K)]
=>0x00000187204f7920 JavaThread "C2 CompilerThread2"         daemon [_thread_in_native, id=19080, stack(0x0000005bef500000,0x0000005bef600000) (1024K)]
  0x0000018719069950 JavaThread "Build operations"                  [_thread_blocked, id=7140, stack(0x0000005bf0900000,0x0000005bf0a00000) (1024K)]
  0x000001872019bab0 JavaThread "Build operations Thread 2"         [_thread_blocked, id=21024, stack(0x0000005bfe200000,0x0000005bfe300000) (1024K)]
  0x000001872019c140 JavaThread "Build operations Thread 3"         [_thread_blocked, id=14540, stack(0x0000005bfe300000,0x0000005bfe400000) (1024K)]
  0x000001872019ad90 JavaThread "Build operations Thread 4"         [_thread_blocked, id=8056, stack(0x0000005bfe400000,0x0000005bfe500000) (1024K)]
  0x000001872019c7d0 JavaThread "Build operations Thread 5"         [_thread_blocked, id=20948, stack(0x0000005bfe500000,0x0000005bfe600000) (1024K)]
  0x000001872019ce60 JavaThread "Build operations Thread 6"         [_thread_blocked, id=10408, stack(0x0000005bfe600000,0x0000005bfe700000) (1024K)]
  0x000001872019d4f0 JavaThread "Build operations Thread 7"         [_thread_blocked, id=16656, stack(0x0000005bfe700000,0x0000005bfe800000) (1024K)]
  0x000001872019b420 JavaThread "Build operations Thread 8"         [_thread_blocked, id=7064, stack(0x0000005bfe800000,0x0000005bfe900000) (1024K)]
  0x000001872019a070 JavaThread "Build operations Thread 9"         [_thread_blocked, id=8136, stack(0x0000005bfe900000,0x0000005bfea00000) (1024K)]
  0x000001872019a700 JavaThread "Build operations Thread 10"        [_thread_blocked, id=20664, stack(0x0000005bfea00000,0x0000005bfeb00000) (1024K)]
  0x0000018717901810 JavaThread "Build operations Thread 11"        [_thread_blocked, id=12152, stack(0x0000005bfeb00000,0x0000005bfec00000) (1024K)]
  0x000001871a8a2e60 JavaThread "ForkJoinPool-1-worker-1"    daemon [_thread_blocked, id=19700, stack(0x0000005bfec00000,0x0000005bfed00000) (1024K)]
  0x000001871a8a55c0 JavaThread "ForkJoinPool-1-worker-2"    daemon [_thread_blocked, id=7884, stack(0x0000005bfed00000,0x0000005bfee00000) (1024K)]
  0x00000187198ad290 JavaThread "ForkJoinPool-1-worker-3"    daemon [_thread_blocked, id=17568, stack(0x0000005bfee00000,0x0000005bfef00000) (1024K)]
  0x000001872097eb50 JavaThread "ForkJoinPool-1-worker-4"    daemon [_thread_blocked, id=8532, stack(0x0000005bfef00000,0x0000005bff000000) (1024K)]
  0x000001871a8a34f0 JavaThread "ForkJoinPool-1-worker-5"    daemon [_thread_in_Java, id=2384, stack(0x0000005bff000000,0x0000005bff100000) (1024K)]
  0x000001871866ef80 JavaThread "ForkJoinPool-1-worker-6"    daemon [_thread_blocked, id=13472, stack(0x0000005bff100000,0x0000005bff200000) (1024K)]
  0x00000187210e5e40 JavaThread "ForkJoinPool-1-worker-7"    daemon [_thread_blocked, id=5500, stack(0x0000005bff200000,0x0000005bff300000) (1024K)]
  0x000001871a8a3b80 JavaThread "ForkJoinPool-1-worker-8"    daemon [_thread_blocked, id=19924, stack(0x0000005bff300000,0x0000005bff400000) (1024K)]
  0x000001871ab2e050 JavaThread "ForkJoinPool-1-worker-9"    daemon [_thread_blocked, id=17500, stack(0x0000005bff600000,0x0000005bff700000) (1024K)]
  0x000001871a34d4b0 JavaThread "ForkJoinPool-1-worker-10"   daemon [_thread_in_Java, id=13372, stack(0x0000005bff700000,0x0000005bff800000) (1024K)]
  0x000001872097d7a0 JavaThread "ForkJoinPool-1-worker-11"   daemon [_thread_in_Java, id=5628, stack(0x0000005bff800000,0x0000005bff900000) (1024K)]
  0x0000018712c5b760 JavaThread "ForkJoinPool-1-worker-12"   daemon [_thread_blocked, id=876, stack(0x0000005bff900000,0x0000005bffa00000) (1024K)]
  0x00000187210e57b0 JavaThread "Build operations Thread 12"        [_thread_blocked, id=13700, stack(0x0000005bffa00000,0x0000005bffb00000) (1024K)]
  0x0000018721634760 JavaThread "ForkJoinPool.commonPool-worker-1" daemon [_thread_blocked, id=6608, stack(0x0000005bef600000,0x0000005bef700000) (1024K)]
  0x000001871ab39d00 JavaThread "ForkJoinPool.commonPool-worker-2" daemon [_thread_blocked, id=21012, stack(0x0000005bffb00000,0x0000005bffc00000) (1024K)]
  0x0000018720e79ef0 JavaThread "ForkJoinPool.commonPool-worker-3" daemon [_thread_blocked, id=17464, stack(0x0000005bffc00000,0x0000005bffd00000) (1024K)]
  0x000001871ab36880 JavaThread "ForkJoinPool.commonPool-worker-4" daemon [_thread_blocked, id=14072, stack(0x0000005bffd00000,0x0000005bffe00000) (1024K)]
  0x000001871ab2ed70 JavaThread "ForkJoinPool.commonPool-worker-5" daemon [_thread_blocked, id=5688, stack(0x0000005bffe00000,0x0000005bfff00000) (1024K)]
  0x000001871ab3caf0 JavaThread "ForkJoinPool.commonPool-worker-6" daemon [_thread_blocked, id=3992, stack(0x0000005bfff00000,0x0000005c00000000) (1024K)]
  0x0000018720e784b0 JavaThread "ForkJoinPool.commonPool-worker-7" daemon [_thread_blocked, id=19284, stack(0x0000005b80000000,0x0000005b80100000) (1024K)]
  0x00000187182f16a0 JavaThread "ForkJoinPool.commonPool-worker-8" daemon [_thread_blocked, id=16396, stack(0x0000005b80100000,0x0000005b80200000) (1024K)]
  0x000001871ab3d180 JavaThread "ForkJoinPool.commonPool-worker-9" daemon [_thread_blocked, id=9460, stack(0x0000005b80200000,0x0000005b80300000) (1024K)]
  0x000001871ab2f400 JavaThread "ForkJoinPool.commonPool-worker-10" daemon [_thread_blocked, id=16984, stack(0x0000005b80300000,0x0000005b80400000) (1024K)]
  0x000001871ab3d810 JavaThread "ForkJoinPool.commonPool-worker-11" daemon [_thread_blocked, id=16792, stack(0x0000005b80400000,0x0000005b80500000) (1024K)]
Total: 253

Other Threads:
  0x00000186cc1d2220 VMThread "VM Thread"                           [id=9208, stack(0x0000005befe00000,0x0000005beff00000) (1024K)]
  0x00000186cc1bea50 WatcherThread "VM Periodic Task Thread"        [id=14524, stack(0x0000005befd00000,0x0000005befe00000) (1024K)]
  0x00000186ae613e70 WorkerThread "GC Thread#0"                     [id=18368, stack(0x0000005bef800000,0x0000005bef900000) (1024K)]
  0x0000018712067860 WorkerThread "GC Thread#1"                     [id=16184, stack(0x0000005bf0b00000,0x0000005bf0c00000) (1024K)]
  0x0000018712093c00 WorkerThread "GC Thread#2"                     [id=16768, stack(0x0000005bf0c00000,0x0000005bf0d00000) (1024K)]
  0x0000018712093fa0 WorkerThread "GC Thread#3"                     [id=17244, stack(0x0000005bf0d00000,0x0000005bf0e00000) (1024K)]
  0x0000018712094340 WorkerThread "GC Thread#4"                     [id=3604, stack(0x0000005bf0e00000,0x0000005bf0f00000) (1024K)]
  0x00000187121981d0 WorkerThread "GC Thread#5"                     [id=12552, stack(0x0000005bf0f00000,0x0000005bf1000000) (1024K)]
  0x0000018713ad44c0 WorkerThread "GC Thread#6"                     [id=16240, stack(0x0000005bf1200000,0x0000005bf1300000) (1024K)]
  0x00000187131fb470 WorkerThread "GC Thread#7"                     [id=9656, stack(0x0000005bf1300000,0x0000005bf1400000) (1024K)]
  0x00000187131fb810 WorkerThread "GC Thread#8"                     [id=15760, stack(0x0000005bf1400000,0x0000005bf1500000) (1024K)]
  0x00000187131fbbb0 WorkerThread "GC Thread#9"                     [id=19236, stack(0x0000005bf1500000,0x0000005bf1600000) (1024K)]
  0x00000186ae620d60 ConcurrentGCThread "G1 Main Marker"            [id=8652, stack(0x0000005bef900000,0x0000005befa00000) (1024K)]
  0x00000186ae623600 WorkerThread "G1 Conc#0"                       [id=15600, stack(0x0000005befa00000,0x0000005befb00000) (1024K)]
  0x0000018713bb9090 WorkerThread "G1 Conc#1"                       [id=4148, stack(0x0000005bf2100000,0x0000005bf2200000) (1024K)]
  0x0000018713bb9430 WorkerThread "G1 Conc#2"                       [id=19512, stack(0x0000005bf2200000,0x0000005bf2300000) (1024K)]
  0x00000186ae67dc00 ConcurrentGCThread "G1 Refine#0"               [id=12164, stack(0x0000005befb00000,0x0000005befc00000) (1024K)]
  0x00000186ae67e420 ConcurrentGCThread "G1 Service"                [id=9820, stack(0x0000005befc00000,0x0000005befd00000) (1024K)]
Total: 18

Threads with active compile tasks:
C2 CompilerThread0  117439 48543       4       com.android.tools.r8.internal.H9::W (49 bytes)
C2 CompilerThread1  117439 48541 %     4       com.android.tools.r8.internal.kb::c @ 46 (284 bytes)
C2 CompilerThread2  117439 48501       4       com.android.tools.r8.internal.de::a (4509 bytes)
Total: 3

VM state: not at safepoint (normal execution)

VM Mutex/Monitor currently owned by a thread: None

Heap address: 0x0000000740000000, size: 3072 MB, Compressed Oops mode: Zero based, Oop shift amount: 3

CDS archive(s) mapped at: [0x00000186cd000000-0x00000186cdc80000-0x00000186cdc80000), size 13107200, SharedBaseAddress: 0x00000186cd000000, ArchiveRelocationMode: 1.
Compressed class space mapped at: 0x00000186ce000000-0x000001870e000000, reserved size: 1073741824
Narrow klass base: 0x00000186cd000000, Narrow klass shift: 0, Narrow klass range: 0x100000000

GC Precious Log:
 CardTable entry size: 512
 Card Set container configuration: InlinePtr #cards 4 size 8 Array Of Cards #cards 16 size 48 Howl #buckets 8 coarsen threshold 3686 Howl Bitmap #cards 512 size 80 coarsen threshold 460 Card regions per heap region 1 cards per card region 4096
 CPUs: 12 total, 12 available
 Memory: 16096M
 Large Page Support: Disabled
 NUMA Support: Disabled
 Compressed Oops: Enabled (Zero based)
 Heap Region Size: 2M
 Heap Min Capacity: 8M
 Heap Initial Capacity: 252M
 Heap Max Capacity: 3G
 Pre-touch: Disabled
 Parallel Workers: 10
 Concurrent Workers: 3
 Concurrent Refinement Workers: 10
 Periodic GC: Disabled

Heap:
 garbage-first heap   total 1892352K, used 1067008K [0x0000000740000000, 0x0000000800000000)
  region size 2048K, 130 young (266240K), 37 survivors (75776K)
 Metaspace       used 170121K, committed 172800K, reserved 1245184K
  class space    used 22319K, committed 23680K, reserved 1048576K

Heap Regions: E=young(eden), S=young(survivor), O=old, HS=humongous(starts), HC=humongous(continues), CS=collection set, F=free, TAMS=top-at-mark-start, PB=parsable bottom
|   0|0x0000000740000000, 0x0000000740200000, 0x0000000740200000|100%|HS|  |TAMS 0x0000000740000000| PB 0x0000000740000000| Complete 
|   1|0x0000000740200000, 0x0000000740400000, 0x0000000740400000|100%|HC|  |TAMS 0x0000000740200000| PB 0x0000000740200000| Complete 
|   2|0x0000000740400000, 0x0000000740600000, 0x0000000740600000|100%| O|  |TAMS 0x0000000740400000| PB 0x0000000740400000| Untracked 
|   3|0x0000000740600000, 0x0000000740800000, 0x0000000740800000|100%| O|  |TAMS 0x0000000740600000| PB 0x0000000740600000| Untracked 
|   4|0x0000000740800000, 0x0000000740a00000, 0x0000000740a00000|100%| O|  |TAMS 0x0000000740800000| PB 0x0000000740800000| Untracked 
|   5|0x0000000740a00000, 0x0000000740c00000, 0x0000000740c00000|100%| O|  |TAMS 0x0000000740a00000| PB 0x0000000740a00000| Untracked 
|   6|0x0000000740c00000, 0x0000000740e00000, 0x0000000740e00000|100%| O|  |TAMS 0x0000000740c00000| PB 0x0000000740c00000| Untracked 
|   7|0x0000000740e00000, 0x0000000741000000, 0x0000000741000000|100%| O|  |TAMS 0x0000000740e00000| PB 0x0000000740e00000| Untracked 
|   8|0x0000000741000000, 0x0000000741200000, 0x0000000741200000|100%| O|  |TAMS 0x0000000741000000| PB 0x0000000741000000| Untracked 
|   9|0x0000000741200000, 0x0000000741400000, 0x0000000741400000|100%| O|  |TAMS 0x0000000741200000| PB 0x0000000741200000| Untracked 
|  10|0x0000000741400000, 0x0000000741600000, 0x0000000741600000|100%| O|  |TAMS 0x0000000741400000| PB 0x0000000741400000| Untracked 
|  11|0x0000000741600000, 0x0000000741800000, 0x0000000741800000|100%| O|  |TAMS 0x0000000741600000| PB 0x0000000741600000| Untracked 
|  12|0x0000000741800000, 0x0000000741a00000, 0x0000000741a00000|100%| O|  |TAMS 0x0000000741800000| PB 0x0000000741800000| Untracked 
|  13|0x0000000741a00000, 0x0000000741c00000, 0x0000000741c00000|100%| O|  |TAMS 0x0000000741a00000| PB 0x0000000741a00000| Untracked 
|  14|0x0000000741c00000, 0x0000000741e00000, 0x0000000741e00000|100%| O|  |TAMS 0x0000000741c00000| PB 0x0000000741c00000| Untracked 
|  15|0x0000000741e00000, 0x0000000742000000, 0x0000000742000000|100%| O|  |TAMS 0x0000000741e00000| PB 0x0000000741e00000| Untracked 
|  16|0x0000000742000000, 0x0000000742200000, 0x0000000742200000|100%| O|  |TAMS 0x0000000742000000| PB 0x0000000742000000| Untracked 
|  17|0x0000000742200000, 0x0000000742400000, 0x0000000742400000|100%| O|  |TAMS 0x0000000742200000| PB 0x0000000742200000| Untracked 
|  18|0x0000000742400000, 0x0000000742600000, 0x0000000742600000|100%| O|  |TAMS 0x0000000742400000| PB 0x0000000742400000| Untracked 
|  19|0x0000000742600000, 0x0000000742800000, 0x0000000742800000|100%| O|  |TAMS 0x0000000742600000| PB 0x0000000742600000| Untracked 
|  20|0x0000000742800000, 0x0000000742a00000, 0x0000000742a00000|100%| O|  |TAMS 0x0000000742800000| PB 0x0000000742800000| Untracked 
|  21|0x0000000742a00000, 0x0000000742c00000, 0x0000000742c00000|100%| O|  |TAMS 0x0000000742a00000| PB 0x0000000742a00000| Untracked 
|  22|0x0000000742c00000, 0x0000000742e00000, 0x0000000742e00000|100%| O|  |TAMS 0x0000000742c00000| PB 0x0000000742c00000| Untracked 
|  23|0x0000000742e00000, 0x0000000743000000, 0x0000000743000000|100%| O|  |TAMS 0x0000000742e00000| PB 0x0000000742e00000| Untracked 
|  24|0x0000000743000000, 0x0000000743200000, 0x0000000743200000|100%| O|  |TAMS 0x0000000743000000| PB 0x0000000743000000| Untracked 
|  25|0x0000000743200000, 0x0000000743400000, 0x0000000743400000|100%| O|  |TAMS 0x0000000743200000| PB 0x0000000743200000| Untracked 
|  26|0x0000000743400000, 0x0000000743600000, 0x0000000743600000|100%| O|  |TAMS 0x0000000743400000| PB 0x0000000743400000| Untracked 
|  27|0x0000000743600000, 0x0000000743800000, 0x0000000743800000|100%| O|  |TAMS 0x0000000743600000| PB 0x0000000743600000| Untracked 
|  28|0x0000000743800000, 0x0000000743a00000, 0x0000000743a00000|100%| O|  |TAMS 0x0000000743800000| PB 0x0000000743800000| Untracked 
|  29|0x0000000743a00000, 0x0000000743c00000, 0x0000000743c00000|100%| O|  |TAMS 0x0000000743a00000| PB 0x0000000743a00000| Untracked 
|  30|0x0000000743c00000, 0x0000000743e00000, 0x0000000743e00000|100%| O|  |TAMS 0x0000000743c00000| PB 0x0000000743c00000| Untracked 
|  31|0x0000000743e00000, 0x0000000744000000, 0x0000000744000000|100%| O|  |TAMS 0x0000000743e00000| PB 0x0000000743e00000| Untracked 
|  32|0x0000000744000000, 0x0000000744200000, 0x0000000744200000|100%| O|  |TAMS 0x0000000744000000| PB 0x0000000744000000| Untracked 
|  33|0x0000000744200000, 0x0000000744400000, 0x0000000744400000|100%| O|  |TAMS 0x0000000744200000| PB 0x0000000744200000| Untracked 
|  34|0x0000000744400000, 0x0000000744600000, 0x0000000744600000|100%| O|  |TAMS 0x0000000744400000| PB 0x0000000744400000| Untracked 
|  35|0x0000000744600000, 0x0000000744800000, 0x0000000744800000|100%| O|  |TAMS 0x0000000744600000| PB 0x0000000744600000| Untracked 
|  36|0x0000000744800000, 0x0000000744a00000, 0x0000000744a00000|100%| O|  |TAMS 0x0000000744800000| PB 0x0000000744800000| Untracked 
|  37|0x0000000744a00000, 0x0000000744c00000, 0x0000000744c00000|100%| O|  |TAMS 0x0000000744a00000| PB 0x0000000744a00000| Untracked 
|  38|0x0000000744c00000, 0x0000000744e00000, 0x0000000744e00000|100%| O|  |TAMS 0x0000000744c00000| PB 0x0000000744c00000| Untracked 
|  39|0x0000000744e00000, 0x0000000745000000, 0x0000000745000000|100%| O|  |TAMS 0x0000000744e00000| PB 0x0000000744e00000| Untracked 
|  40|0x0000000745000000, 0x0000000745200000, 0x0000000745200000|100%| O|  |TAMS 0x0000000745000000| PB 0x0000000745000000| Untracked 
|  41|0x0000000745200000, 0x0000000745400000, 0x0000000745400000|100%| O|  |TAMS 0x0000000745200000| PB 0x0000000745200000| Untracked 
|  42|0x0000000745400000, 0x0000000745600000, 0x0000000745600000|100%| O|  |TAMS 0x0000000745400000| PB 0x0000000745400000| Untracked 
|  43|0x0000000745600000, 0x0000000745800000, 0x0000000745800000|100%| O|  |TAMS 0x0000000745600000| PB 0x0000000745600000| Untracked 
|  44|0x0000000745800000, 0x0000000745a00000, 0x0000000745a00000|100%| O|  |TAMS 0x0000000745800000| PB 0x0000000745800000| Untracked 
|  45|0x0000000745a00000, 0x0000000745c00000, 0x0000000745c00000|100%| O|  |TAMS 0x0000000745a00000| PB 0x0000000745a00000| Untracked 
|  46|0x0000000745c00000, 0x0000000745e00000, 0x0000000745e00000|100%| O|  |TAMS 0x0000000745c00000| PB 0x0000000745c00000| Untracked 
|  47|0x0000000745e00000, 0x0000000746000000, 0x0000000746000000|100%| O|  |TAMS 0x0000000745e00000| PB 0x0000000745e00000| Untracked 
|  48|0x0000000746000000, 0x0000000746200000, 0x0000000746200000|100%| O|  |TAMS 0x0000000746000000| PB 0x0000000746000000| Untracked 
|  49|0x0000000746200000, 0x0000000746400000, 0x0000000746400000|100%| O|  |TAMS 0x0000000746200000| PB 0x0000000746200000| Untracked 
|  50|0x0000000746400000, 0x0000000746600000, 0x0000000746600000|100%| O|  |TAMS 0x0000000746400000| PB 0x0000000746400000| Untracked 
|  51|0x0000000746600000, 0x0000000746800000, 0x0000000746800000|100%| O|  |TAMS 0x0000000746600000| PB 0x0000000746600000| Untracked 
|  52|0x0000000746800000, 0x0000000746a00000, 0x0000000746a00000|100%| O|  |TAMS 0x0000000746800000| PB 0x0000000746800000| Untracked 
|  53|0x0000000746a00000, 0x0000000746c00000, 0x0000000746c00000|100%| O|  |TAMS 0x0000000746a00000| PB 0x0000000746a00000| Untracked 
|  54|0x0000000746c00000, 0x0000000746e00000, 0x0000000746e00000|100%| O|  |TAMS 0x0000000746c00000| PB 0x0000000746c00000| Untracked 
|  55|0x0000000746e00000, 0x0000000747000000, 0x0000000747000000|100%| O|  |TAMS 0x0000000746e00000| PB 0x0000000746e00000| Untracked 
|  56|0x0000000747000000, 0x0000000747200000, 0x0000000747200000|100%| O|  |TAMS 0x0000000747000000| PB 0x0000000747000000| Untracked 
|  57|0x0000000747200000, 0x0000000747400000, 0x0000000747400000|100%| O|  |TAMS 0x0000000747200000| PB 0x0000000747200000| Untracked 
|  58|0x0000000747400000, 0x0000000747600000, 0x0000000747600000|100%| O|  |TAMS 0x0000000747400000| PB 0x0000000747400000| Untracked 
|  59|0x0000000747600000, 0x0000000747800000, 0x0000000747800000|100%| O|  |TAMS 0x0000000747600000| PB 0x0000000747600000| Untracked 
|  60|0x0000000747800000, 0x0000000747a00000, 0x0000000747a00000|100%| O|  |TAMS 0x0000000747800000| PB 0x0000000747800000| Untracked 
|  61|0x0000000747a00000, 0x0000000747c00000, 0x0000000747c00000|100%| O|  |TAMS 0x0000000747a00000| PB 0x0000000747a00000| Untracked 
|  62|0x0000000747c00000, 0x0000000747e00000, 0x0000000747e00000|100%| O|  |TAMS 0x0000000747c00000| PB 0x0000000747c00000| Untracked 
|  63|0x0000000747e00000, 0x0000000748000000, 0x0000000748000000|100%| O|  |TAMS 0x0000000747e00000| PB 0x0000000747e00000| Untracked 
|  64|0x0000000748000000, 0x0000000748200000, 0x0000000748200000|100%| O|  |TAMS 0x0000000748000000| PB 0x0000000748000000| Untracked 
|  65|0x0000000748200000, 0x0000000748400000, 0x0000000748400000|100%| O|  |TAMS 0x0000000748200000| PB 0x0000000748200000| Untracked 
|  66|0x0000000748400000, 0x0000000748600000, 0x0000000748600000|100%| O|  |TAMS 0x0000000748400000| PB 0x0000000748400000| Untracked 
|  67|0x0000000748600000, 0x0000000748800000, 0x0000000748800000|100%| O|  |TAMS 0x0000000748600000| PB 0x0000000748600000| Untracked 
|  68|0x0000000748800000, 0x0000000748a00000, 0x0000000748a00000|100%| O|  |TAMS 0x0000000748800000| PB 0x0000000748800000| Untracked 
|  69|0x0000000748a00000, 0x0000000748c00000, 0x0000000748c00000|100%| O|  |TAMS 0x0000000748a00000| PB 0x0000000748a00000| Untracked 
|  70|0x0000000748c00000, 0x0000000748e00000, 0x0000000748e00000|100%| O|  |TAMS 0x0000000748c00000| PB 0x0000000748c00000| Untracked 
|  71|0x0000000748e00000, 0x0000000749000000, 0x0000000749000000|100%|HS|  |TAMS 0x0000000748e00000| PB 0x0000000748e00000| Complete 
|  72|0x0000000749000000, 0x0000000749200000, 0x0000000749200000|100%| O|  |TAMS 0x0000000749000000| PB 0x0000000749000000| Untracked 
|  73|0x0000000749200000, 0x0000000749400000, 0x0000000749400000|100%| O|  |TAMS 0x0000000749200000| PB 0x0000000749200000| Untracked 
|  74|0x0000000749400000, 0x0000000749600000, 0x0000000749600000|100%|HS|  |TAMS 0x0000000749400000| PB 0x0000000749400000| Complete 
|  75|0x0000000749600000, 0x0000000749800000, 0x0000000749800000|100%| O|  |TAMS 0x0000000749600000| PB 0x0000000749600000| Untracked 
|  76|0x0000000749800000, 0x0000000749a00000, 0x0000000749a00000|100%| O|  |TAMS 0x0000000749800000| PB 0x0000000749800000| Untracked 
|  77|0x0000000749a00000, 0x0000000749c00000, 0x0000000749c00000|100%| O|  |TAMS 0x0000000749a00000| PB 0x0000000749a00000| Untracked 
|  78|0x0000000749c00000, 0x0000000749e00000, 0x0000000749e00000|100%| O|  |TAMS 0x0000000749c00000| PB 0x0000000749c00000| Untracked 
|  79|0x0000000749e00000, 0x000000074a000000, 0x000000074a000000|100%| O|  |TAMS 0x0000000749e00000| PB 0x0000000749e00000| Untracked 
|  80|0x000000074a000000, 0x000000074a200000, 0x000000074a200000|100%| O|  |TAMS 0x000000074a000000| PB 0x000000074a000000| Untracked 
|  81|0x000000074a200000, 0x000000074a400000, 0x000000074a400000|100%|HS|  |TAMS 0x000000074a200000| PB 0x000000074a200000| Complete 
|  82|0x000000074a400000, 0x000000074a600000, 0x000000074a600000|100%| O|  |TAMS 0x000000074a400000| PB 0x000000074a400000| Untracked 
|  83|0x000000074a600000, 0x000000074a800000, 0x000000074a800000|100%| O|  |TAMS 0x000000074a600000| PB 0x000000074a600000| Untracked 
|  84|0x000000074a800000, 0x000000074aa00000, 0x000000074aa00000|100%| O|  |TAMS 0x000000074a800000| PB 0x000000074a800000| Untracked 
|  85|0x000000074aa00000, 0x000000074ac00000, 0x000000074ac00000|100%|HS|  |TAMS 0x000000074aa00000| PB 0x000000074aa00000| Complete 
|  86|0x000000074ac00000, 0x000000074ae00000, 0x000000074ae00000|100%| O|  |TAMS 0x000000074ac00000| PB 0x000000074ac00000| Untracked 
|  87|0x000000074ae00000, 0x000000074b000000, 0x000000074b000000|100%| O|  |TAMS 0x000000074ae00000| PB 0x000000074ae00000| Untracked 
|  88|0x000000074b000000, 0x000000074b200000, 0x000000074b200000|100%|HS|  |TAMS 0x000000074b000000| PB 0x000000074b000000| Complete 
|  89|0x000000074b200000, 0x000000074b400000, 0x000000074b400000|100%|HS|  |TAMS 0x000000074b200000| PB 0x000000074b200000| Complete 
|  90|0x000000074b400000, 0x000000074b600000, 0x000000074b600000|100%| O|  |TAMS 0x000000074b400000| PB 0x000000074b400000| Untracked 
|  91|0x000000074b600000, 0x000000074b800000, 0x000000074b800000|100%| O|  |TAMS 0x000000074b600000| PB 0x000000074b600000| Untracked 
|  92|0x000000074b800000, 0x000000074ba00000, 0x000000074ba00000|100%| O|  |TAMS 0x000000074b800000| PB 0x000000074b800000| Untracked 
|  93|0x000000074ba00000, 0x000000074bc00000, 0x000000074bc00000|100%| O|  |TAMS 0x000000074ba00000| PB 0x000000074ba00000| Untracked 
|  94|0x000000074bc00000, 0x000000074be00000, 0x000000074be00000|100%| O|  |TAMS 0x000000074bc00000| PB 0x000000074bc00000| Untracked 
|  95|0x000000074be00000, 0x000000074c000000, 0x000000074c000000|100%| O|  |TAMS 0x000000074be00000| PB 0x000000074be00000| Untracked 
|  96|0x000000074c000000, 0x000000074c200000, 0x000000074c200000|100%| O|  |TAMS 0x000000074c000000| PB 0x000000074c000000| Untracked 
|  97|0x000000074c200000, 0x000000074c400000, 0x000000074c400000|100%| O|  |TAMS 0x000000074c200000| PB 0x000000074c200000| Untracked 
|  98|0x000000074c400000, 0x000000074c600000, 0x000000074c600000|100%| O|Cm|TAMS 0x000000074c400000| PB 0x000000074c400000| Complete 
|  99|0x000000074c600000, 0x000000074c800000, 0x000000074c800000|100%| O|  |TAMS 0x000000074c600000| PB 0x000000074c600000| Untracked 
| 100|0x000000074c800000, 0x000000074ca00000, 0x000000074ca00000|100%| O|  |TAMS 0x000000074c800000| PB 0x000000074c800000| Untracked 
| 101|0x000000074ca00000, 0x000000074cc00000, 0x000000074cc00000|100%| O|  |TAMS 0x000000074ca00000| PB 0x000000074ca00000| Untracked 
| 102|0x000000074cc00000, 0x000000074ce00000, 0x000000074ce00000|100%| O|  |TAMS 0x000000074cc00000| PB 0x000000074cc00000| Untracked 
| 103|0x000000074ce00000, 0x000000074d000000, 0x000000074d000000|100%| O|  |TAMS 0x000000074ce00000| PB 0x000000074ce00000| Untracked 
| 104|0x000000074d000000, 0x000000074d200000, 0x000000074d200000|100%| O|  |TAMS 0x000000074d000000| PB 0x000000074d000000| Untracked 
| 105|0x000000074d200000, 0x000000074d400000, 0x000000074d400000|100%| O|  |TAMS 0x000000074d200000| PB 0x000000074d200000| Untracked 
| 106|0x000000074d400000, 0x000000074d600000, 0x000000074d600000|100%| O|  |TAMS 0x000000074d400000| PB 0x000000074d400000| Untracked 
| 107|0x000000074d600000, 0x000000074d800000, 0x000000074d800000|100%| O|  |TAMS 0x000000074d600000| PB 0x000000074d600000| Untracked 
| 108|0x000000074d800000, 0x000000074da00000, 0x000000074da00000|100%| O|  |TAMS 0x000000074d800000| PB 0x000000074d800000| Untracked 
| 109|0x000000074da00000, 0x000000074dc00000, 0x000000074dc00000|100%| O|  |TAMS 0x000000074da00000| PB 0x000000074da00000| Untracked 
| 110|0x000000074dc00000, 0x000000074de00000, 0x000000074de00000|100%| O|  |TAMS 0x000000074dc00000| PB 0x000000074dc00000| Untracked 
| 111|0x000000074de00000, 0x000000074e000000, 0x000000074e000000|100%| O|  |TAMS 0x000000074de00000| PB 0x000000074de00000| Untracked 
| 112|0x000000074e000000, 0x000000074e200000, 0x000000074e200000|100%| O|  |TAMS 0x000000074e000000| PB 0x000000074e000000| Untracked 
| 113|0x000000074e200000, 0x000000074e400000, 0x000000074e400000|100%| O|  |TAMS 0x000000074e200000| PB 0x000000074e200000| Untracked 
| 114|0x000000074e400000, 0x000000074e600000, 0x000000074e600000|100%| O|  |TAMS 0x000000074e400000| PB 0x000000074e400000| Untracked 
| 115|0x000000074e600000, 0x000000074e800000, 0x000000074e800000|100%| O|  |TAMS 0x000000074e600000| PB 0x000000074e600000| Untracked 
| 116|0x000000074e800000, 0x000000074ea00000, 0x000000074ea00000|100%| O|  |TAMS 0x000000074e800000| PB 0x000000074e800000| Untracked 
| 117|0x000000074ea00000, 0x000000074ec00000, 0x000000074ec00000|100%| O|  |TAMS 0x000000074ea00000| PB 0x000000074ea00000| Untracked 
| 118|0x000000074ec00000, 0x000000074ee00000, 0x000000074ee00000|100%| O|  |TAMS 0x000000074ec00000| PB 0x000000074ec00000| Untracked 
| 119|0x000000074ee00000, 0x000000074f000000, 0x000000074f000000|100%| O|  |TAMS 0x000000074ee00000| PB 0x000000074ee00000| Untracked 
| 120|0x000000074f000000, 0x000000074f200000, 0x000000074f200000|100%| O|  |TAMS 0x000000074f000000| PB 0x000000074f000000| Untracked 
| 121|0x000000074f200000, 0x000000074f400000, 0x000000074f400000|100%| O|  |TAMS 0x000000074f200000| PB 0x000000074f200000| Untracked 
| 122|0x000000074f400000, 0x000000074f600000, 0x000000074f600000|100%| O|  |TAMS 0x000000074f400000| PB 0x000000074f400000| Untracked 
| 123|0x000000074f600000, 0x000000074f800000, 0x000000074f800000|100%| O|  |TAMS 0x000000074f600000| PB 0x000000074f600000| Untracked 
| 124|0x000000074f800000, 0x000000074fa00000, 0x000000074fa00000|100%| O|Cm|TAMS 0x000000074f800000| PB 0x000000074f800000| Complete 
| 125|0x000000074fa00000, 0x000000074fc00000, 0x000000074fc00000|100%| O|  |TAMS 0x000000074fa00000| PB 0x000000074fa00000| Untracked 
| 126|0x000000074fc00000, 0x000000074fe00000, 0x000000074fe00000|100%| O|  |TAMS 0x000000074fc00000| PB 0x000000074fc00000| Untracked 
| 127|0x000000074fe00000, 0x0000000750000000, 0x0000000750000000|100%| O|  |TAMS 0x000000074fe00000| PB 0x000000074fe00000| Untracked 
| 128|0x0000000750000000, 0x0000000750200000, 0x0000000750200000|100%| O|  |TAMS 0x0000000750000000| PB 0x0000000750000000| Untracked 
| 129|0x0000000750200000, 0x0000000750400000, 0x0000000750400000|100%| O|  |TAMS 0x0000000750200000| PB 0x0000000750200000| Untracked 
| 130|0x0000000750400000, 0x0000000750600000, 0x0000000750600000|100%| O|  |TAMS 0x0000000750400000| PB 0x0000000750400000| Untracked 
| 131|0x0000000750600000, 0x0000000750800000, 0x0000000750800000|100%| O|  |TAMS 0x0000000750600000| PB 0x0000000750600000| Untracked 
| 132|0x0000000750800000, 0x0000000750a00000, 0x0000000750a00000|100%| O|  |TAMS 0x0000000750800000| PB 0x0000000750800000| Untracked 
| 133|0x0000000750a00000, 0x0000000750c00000, 0x0000000750c00000|100%| O|  |TAMS 0x0000000750a00000| PB 0x0000000750a00000| Untracked 
| 134|0x0000000750c00000, 0x0000000750e00000, 0x0000000750e00000|100%| O|  |TAMS 0x0000000750c00000| PB 0x0000000750c00000| Untracked 
| 135|0x0000000750e00000, 0x0000000751000000, 0x0000000751000000|100%| O|  |TAMS 0x0000000750e00000| PB 0x0000000750e00000| Untracked 
| 136|0x0000000751000000, 0x0000000751200000, 0x0000000751200000|100%| O|  |TAMS 0x0000000751000000| PB 0x0000000751000000| Untracked 
| 137|0x0000000751200000, 0x0000000751400000, 0x0000000751400000|100%| O|  |TAMS 0x0000000751200000| PB 0x0000000751200000| Untracked 
| 138|0x0000000751400000, 0x0000000751600000, 0x0000000751600000|100%| O|  |TAMS 0x0000000751400000| PB 0x0000000751400000| Untracked 
| 139|0x0000000751600000, 0x0000000751800000, 0x0000000751800000|100%| O|  |TAMS 0x0000000751600000| PB 0x0000000751600000| Untracked 
| 140|0x0000000751800000, 0x0000000751a00000, 0x0000000751a00000|100%| O|  |TAMS 0x0000000751800000| PB 0x0000000751800000| Untracked 
| 141|0x0000000751a00000, 0x0000000751c00000, 0x0000000751c00000|100%| O|  |TAMS 0x0000000751a00000| PB 0x0000000751a00000| Untracked 
| 142|0x0000000751c00000, 0x0000000751e00000, 0x0000000751e00000|100%| O|  |TAMS 0x0000000751c00000| PB 0x0000000751c00000| Untracked 
| 143|0x0000000751e00000, 0x0000000752000000, 0x0000000752000000|100%| O|  |TAMS 0x0000000751e00000| PB 0x0000000751e00000| Untracked 
| 144|0x0000000752000000, 0x0000000752200000, 0x0000000752200000|100%| O|  |TAMS 0x0000000752000000| PB 0x0000000752000000| Untracked 
| 145|0x0000000752200000, 0x0000000752400000, 0x0000000752400000|100%| O|  |TAMS 0x0000000752200000| PB 0x0000000752200000| Untracked 
| 146|0x0000000752400000, 0x0000000752600000, 0x0000000752600000|100%| O|  |TAMS 0x0000000752400000| PB 0x0000000752400000| Untracked 
| 147|0x0000000752600000, 0x0000000752800000, 0x0000000752800000|100%| O|  |TAMS 0x0000000752600000| PB 0x0000000752600000| Untracked 
| 148|0x0000000752800000, 0x0000000752a00000, 0x0000000752a00000|100%| O|  |TAMS 0x0000000752800000| PB 0x0000000752800000| Untracked 
| 149|0x0000000752a00000, 0x0000000752c00000, 0x0000000752c00000|100%| O|  |TAMS 0x0000000752a00000| PB 0x0000000752a00000| Untracked 
| 150|0x0000000752c00000, 0x0000000752e00000, 0x0000000752e00000|100%| O|  |TAMS 0x0000000752c00000| PB 0x0000000752c00000| Untracked 
| 151|0x0000000752e00000, 0x0000000753000000, 0x0000000753000000|100%| O|  |TAMS 0x0000000752e00000| PB 0x0000000752e00000| Untracked 
| 152|0x0000000753000000, 0x0000000753200000, 0x0000000753200000|100%| O|  |TAMS 0x0000000753000000| PB 0x0000000753000000| Untracked 
| 153|0x0000000753200000, 0x0000000753400000, 0x0000000753400000|100%| O|  |TAMS 0x0000000753200000| PB 0x0000000753200000| Untracked 
| 154|0x0000000753400000, 0x0000000753600000, 0x0000000753600000|100%| O|  |TAMS 0x0000000753400000| PB 0x0000000753400000| Untracked 
| 155|0x0000000753600000, 0x0000000753800000, 0x0000000753800000|100%| O|  |TAMS 0x0000000753600000| PB 0x0000000753600000| Untracked 
| 156|0x0000000753800000, 0x0000000753a00000, 0x0000000753a00000|100%| O|  |TAMS 0x0000000753800000| PB 0x0000000753800000| Untracked 
| 157|0x0000000753a00000, 0x0000000753c00000, 0x0000000753c00000|100%| O|  |TAMS 0x0000000753a00000| PB 0x0000000753a00000| Untracked 
| 158|0x0000000753c00000, 0x0000000753e00000, 0x0000000753e00000|100%| O|  |TAMS 0x0000000753c00000| PB 0x0000000753c00000| Untracked 
| 159|0x0000000753e00000, 0x0000000754000000, 0x0000000754000000|100%| O|  |TAMS 0x0000000753e00000| PB 0x0000000753e00000| Untracked 
| 160|0x0000000754000000, 0x0000000754200000, 0x0000000754200000|100%| O|  |TAMS 0x0000000754000000| PB 0x0000000754000000| Untracked 
| 161|0x0000000754200000, 0x0000000754400000, 0x0000000754400000|100%| O|  |TAMS 0x0000000754200000| PB 0x0000000754200000| Untracked 
| 162|0x0000000754400000, 0x0000000754600000, 0x0000000754600000|100%| O|  |TAMS 0x0000000754400000| PB 0x0000000754400000| Untracked 
| 163|0x0000000754600000, 0x0000000754800000, 0x0000000754800000|100%| O|  |TAMS 0x0000000754600000| PB 0x0000000754600000| Untracked 
| 164|0x0000000754800000, 0x0000000754a00000, 0x0000000754a00000|100%| O|  |TAMS 0x0000000754800000| PB 0x0000000754800000| Untracked 
| 165|0x0000000754a00000, 0x0000000754c00000, 0x0000000754c00000|100%| O|  |TAMS 0x0000000754a00000| PB 0x0000000754a00000| Untracked 
| 166|0x0000000754c00000, 0x0000000754e00000, 0x0000000754e00000|100%| O|  |TAMS 0x0000000754c00000| PB 0x0000000754c00000| Untracked 
| 167|0x0000000754e00000, 0x0000000755000000, 0x0000000755000000|100%| O|  |TAMS 0x0000000754e00000| PB 0x0000000754e00000| Untracked 
| 168|0x0000000755000000, 0x0000000755200000, 0x0000000755200000|100%| O|  |TAMS 0x0000000755000000| PB 0x0000000755000000| Untracked 
| 169|0x0000000755200000, 0x0000000755400000, 0x0000000755400000|100%| O|  |TAMS 0x0000000755200000| PB 0x0000000755200000| Untracked 
| 170|0x0000000755400000, 0x0000000755600000, 0x0000000755600000|100%| O|  |TAMS 0x0000000755400000| PB 0x0000000755400000| Untracked 
| 171|0x0000000755600000, 0x0000000755800000, 0x0000000755800000|100%| O|  |TAMS 0x0000000755600000| PB 0x0000000755600000| Untracked 
| 172|0x0000000755800000, 0x0000000755a00000, 0x0000000755a00000|100%| O|  |TAMS 0x0000000755800000| PB 0x0000000755800000| Untracked 
| 173|0x0000000755a00000, 0x0000000755c00000, 0x0000000755c00000|100%| O|  |TAMS 0x0000000755a00000| PB 0x0000000755a00000| Untracked 
| 174|0x0000000755c00000, 0x0000000755e00000, 0x0000000755e00000|100%| O|  |TAMS 0x0000000755c00000| PB 0x0000000755c00000| Untracked 
| 175|0x0000000755e00000, 0x0000000756000000, 0x0000000756000000|100%| O|  |TAMS 0x0000000755e00000| PB 0x0000000755e00000| Untracked 
| 176|0x0000000756000000, 0x0000000756200000, 0x0000000756200000|100%| O|  |TAMS 0x0000000756000000| PB 0x0000000756000000| Untracked 
| 177|0x0000000756200000, 0x0000000756400000, 0x0000000756400000|100%| O|  |TAMS 0x0000000756200000| PB 0x0000000756200000| Untracked 
| 178|0x0000000756400000, 0x0000000756600000, 0x0000000756600000|100%| O|  |TAMS 0x0000000756400000| PB 0x0000000756400000| Untracked 
| 179|0x0000000756600000, 0x0000000756800000, 0x0000000756800000|100%| O|  |TAMS 0x0000000756600000| PB 0x0000000756600000| Untracked 
| 180|0x0000000756800000, 0x0000000756a00000, 0x0000000756a00000|100%| O|  |TAMS 0x0000000756800000| PB 0x0000000756800000| Untracked 
| 181|0x0000000756a00000, 0x0000000756c00000, 0x0000000756c00000|100%| O|  |TAMS 0x0000000756a00000| PB 0x0000000756a00000| Untracked 
| 182|0x0000000756c00000, 0x0000000756e00000, 0x0000000756e00000|100%| O|  |TAMS 0x0000000756c00000| PB 0x0000000756c00000| Untracked 
| 183|0x0000000756e00000, 0x0000000757000000, 0x0000000757000000|100%| O|  |TAMS 0x0000000756e00000| PB 0x0000000756e00000| Untracked 
| 184|0x0000000757000000, 0x0000000757200000, 0x0000000757200000|100%| O|  |TAMS 0x0000000757000000| PB 0x0000000757000000| Untracked 
| 185|0x0000000757200000, 0x0000000757400000, 0x0000000757400000|100%| O|  |TAMS 0x0000000757200000| PB 0x0000000757200000| Untracked 
| 186|0x0000000757400000, 0x0000000757600000, 0x0000000757600000|100%| O|  |TAMS 0x0000000757400000| PB 0x0000000757400000| Untracked 
| 187|0x0000000757600000, 0x0000000757800000, 0x0000000757800000|100%| O|  |TAMS 0x0000000757600000| PB 0x0000000757600000| Untracked 
| 188|0x0000000757800000, 0x0000000757a00000, 0x0000000757a00000|100%| O|  |TAMS 0x0000000757800000| PB 0x0000000757800000| Untracked 
| 189|0x0000000757a00000, 0x0000000757c00000, 0x0000000757c00000|100%|HS|  |TAMS 0x0000000757a00000| PB 0x0000000757a00000| Complete 
| 190|0x0000000757c00000, 0x0000000757e00000, 0x0000000757e00000|100%|HS|  |TAMS 0x0000000757c00000| PB 0x0000000757c00000| Complete 
| 191|0x0000000757e00000, 0x0000000758000000, 0x0000000758000000|100%| O|  |TAMS 0x0000000757e00000| PB 0x0000000757e00000| Untracked 
| 192|0x0000000758000000, 0x0000000758200000, 0x0000000758200000|100%| O|  |TAMS 0x0000000758000000| PB 0x0000000758000000| Untracked 
| 193|0x0000000758200000, 0x0000000758400000, 0x0000000758400000|100%| O|  |TAMS 0x0000000758200000| PB 0x0000000758200000| Untracked 
| 194|0x0000000758400000, 0x0000000758600000, 0x0000000758600000|100%| O|  |TAMS 0x0000000758400000| PB 0x0000000758400000| Untracked 
| 195|0x0000000758600000, 0x0000000758800000, 0x0000000758800000|100%| O|  |TAMS 0x0000000758600000| PB 0x0000000758600000| Untracked 
| 196|0x0000000758800000, 0x0000000758a00000, 0x0000000758a00000|100%| O|  |TAMS 0x0000000758800000| PB 0x0000000758800000| Untracked 
| 197|0x0000000758a00000, 0x0000000758c00000, 0x0000000758c00000|100%| O|  |TAMS 0x0000000758a00000| PB 0x0000000758a00000| Untracked 
| 198|0x0000000758c00000, 0x0000000758e00000, 0x0000000758e00000|100%| O|  |TAMS 0x0000000758c00000| PB 0x0000000758c00000| Untracked 
| 199|0x0000000758e00000, 0x0000000759000000, 0x0000000759000000|100%| O|  |TAMS 0x0000000758e00000| PB 0x0000000758e00000| Untracked 
| 200|0x0000000759000000, 0x0000000759200000, 0x0000000759200000|100%| O|  |TAMS 0x0000000759000000| PB 0x0000000759000000| Untracked 
| 201|0x0000000759200000, 0x0000000759400000, 0x0000000759400000|100%| O|  |TAMS 0x0000000759200000| PB 0x0000000759200000| Untracked 
| 202|0x0000000759400000, 0x0000000759600000, 0x0000000759600000|100%| O|  |TAMS 0x0000000759400000| PB 0x0000000759400000| Untracked 
| 203|0x0000000759600000, 0x0000000759800000, 0x0000000759800000|100%| O|  |TAMS 0x0000000759600000| PB 0x0000000759600000| Untracked 
| 204|0x0000000759800000, 0x0000000759a00000, 0x0000000759a00000|100%| O|  |TAMS 0x0000000759800000| PB 0x0000000759800000| Untracked 
| 205|0x0000000759a00000, 0x0000000759c00000, 0x0000000759c00000|100%| O|  |TAMS 0x0000000759a00000| PB 0x0000000759a00000| Untracked 
| 206|0x0000000759c00000, 0x0000000759e00000, 0x0000000759e00000|100%| O|  |TAMS 0x0000000759c00000| PB 0x0000000759c00000| Untracked 
| 207|0x0000000759e00000, 0x000000075a000000, 0x000000075a000000|100%| O|  |TAMS 0x0000000759e00000| PB 0x0000000759e00000| Untracked 
| 208|0x000000075a000000, 0x000000075a200000, 0x000000075a200000|100%| O|  |TAMS 0x000000075a000000| PB 0x000000075a000000| Untracked 
| 209|0x000000075a200000, 0x000000075a400000, 0x000000075a400000|100%| O|Cm|TAMS 0x000000075a200000| PB 0x000000075a200000| Complete 
| 210|0x000000075a400000, 0x000000075a600000, 0x000000075a600000|100%| O|  |TAMS 0x000000075a400000| PB 0x000000075a400000| Untracked 
| 211|0x000000075a600000, 0x000000075a800000, 0x000000075a800000|100%| O|Cm|TAMS 0x000000075a600000| PB 0x000000075a600000| Complete 
| 212|0x000000075a800000, 0x000000075aa00000, 0x000000075aa00000|100%| O|  |TAMS 0x000000075a800000| PB 0x000000075a800000| Untracked 
| 213|0x000000075aa00000, 0x000000075ac00000, 0x000000075ac00000|100%| O|  |TAMS 0x000000075aa00000| PB 0x000000075aa00000| Untracked 
| 214|0x000000075ac00000, 0x000000075ae00000, 0x000000075ae00000|100%| O|Cm|TAMS 0x000000075ac00000| PB 0x000000075ac00000| Complete 
| 215|0x000000075ae00000, 0x000000075b000000, 0x000000075b000000|100%| O|Cm|TAMS 0x000000075ae00000| PB 0x000000075ae00000| Complete 
| 216|0x000000075b000000, 0x000000075b200000, 0x000000075b200000|100%| O|  |TAMS 0x000000075b000000| PB 0x000000075b000000| Untracked 
| 217|0x000000075b200000, 0x000000075b400000, 0x000000075b400000|100%| O|  |TAMS 0x000000075b200000| PB 0x000000075b200000| Untracked 
| 218|0x000000075b400000, 0x000000075b600000, 0x000000075b600000|100%| O|  |TAMS 0x000000075b400000| PB 0x000000075b400000| Untracked 
| 219|0x000000075b600000, 0x000000075b800000, 0x000000075b800000|100%| O|  |TAMS 0x000000075b600000| PB 0x000000075b600000| Untracked 
| 220|0x000000075b800000, 0x000000075ba00000, 0x000000075ba00000|100%| O|  |TAMS 0x000000075b800000| PB 0x000000075b800000| Untracked 
| 221|0x000000075ba00000, 0x000000075bc00000, 0x000000075bc00000|100%| O|  |TAMS 0x000000075ba00000| PB 0x000000075ba00000| Untracked 
| 222|0x000000075bc00000, 0x000000075be00000, 0x000000075be00000|100%| O|  |TAMS 0x000000075bc00000| PB 0x000000075bc00000| Untracked 
| 223|0x000000075be00000, 0x000000075c000000, 0x000000075c000000|100%| O|  |TAMS 0x000000075be00000| PB 0x000000075be00000| Untracked 
| 224|0x000000075c000000, 0x000000075c200000, 0x000000075c200000|100%| O|Cm|TAMS 0x000000075c000000| PB 0x000000075c000000| Complete 
| 225|0x000000075c200000, 0x000000075c400000, 0x000000075c400000|100%| O|Cm|TAMS 0x000000075c200000| PB 0x000000075c200000| Complete 
| 226|0x000000075c400000, 0x000000075c600000, 0x000000075c600000|100%| O|  |TAMS 0x000000075c400000| PB 0x000000075c400000| Untracked 
| 227|0x000000075c600000, 0x000000075c800000, 0x000000075c800000|100%| O|Cm|TAMS 0x000000075c600000| PB 0x000000075c600000| Complete 
| 228|0x000000075c800000, 0x000000075ca00000, 0x000000075ca00000|100%| O|  |TAMS 0x000000075c800000| PB 0x000000075c800000| Untracked 
| 229|0x000000075ca00000, 0x000000075cc00000, 0x000000075cc00000|100%| O|  |TAMS 0x000000075ca00000| PB 0x000000075ca00000| Untracked 
| 230|0x000000075cc00000, 0x000000075ce00000, 0x000000075ce00000|100%| O|  |TAMS 0x000000075cc00000| PB 0x000000075cc00000| Untracked 
| 231|0x000000075ce00000, 0x000000075d000000, 0x000000075d000000|100%| O|  |TAMS 0x000000075ce00000| PB 0x000000075ce00000| Untracked 
| 232|0x000000075d000000, 0x000000075d200000, 0x000000075d200000|100%| O|  |TAMS 0x000000075d000000| PB 0x000000075d000000| Untracked 
| 233|0x000000075d200000, 0x000000075d400000, 0x000000075d400000|100%| O|  |TAMS 0x000000075d200000| PB 0x000000075d200000| Untracked 
| 234|0x000000075d400000, 0x000000075d600000, 0x000000075d600000|100%| O|  |TAMS 0x000000075d400000| PB 0x000000075d400000| Untracked 
| 235|0x000000075d600000, 0x000000075d800000, 0x000000075d800000|100%| O|Cm|TAMS 0x000000075d600000| PB 0x000000075d600000| Complete 
| 236|0x000000075d800000, 0x000000075da00000, 0x000000075da00000|100%| O|  |TAMS 0x000000075d800000| PB 0x000000075d800000| Untracked 
| 237|0x000000075da00000, 0x000000075dc00000, 0x000000075dc00000|100%|HS|  |TAMS 0x000000075da00000| PB 0x000000075da00000| Complete 
| 238|0x000000075dc00000, 0x000000075de00000, 0x000000075de00000|100%|HC|  |TAMS 0x000000075dc00000| PB 0x000000075dc00000| Complete 
| 239|0x000000075de00000, 0x000000075e000000, 0x000000075e000000|100%|HC|  |TAMS 0x000000075de00000| PB 0x000000075de00000| Complete 
| 240|0x000000075e000000, 0x000000075e200000, 0x000000075e200000|100%|HC|  |TAMS 0x000000075e000000| PB 0x000000075e000000| Complete 
| 241|0x000000075e200000, 0x000000075e400000, 0x000000075e400000|100%| O|  |TAMS 0x000000075e200000| PB 0x000000075e200000| Untracked 
| 242|0x000000075e400000, 0x000000075e600000, 0x000000075e600000|100%| O|  |TAMS 0x000000075e400000| PB 0x000000075e400000| Untracked 
| 243|0x000000075e600000, 0x000000075e800000, 0x000000075e800000|100%| O|  |TAMS 0x000000075e600000| PB 0x000000075e600000| Untracked 
| 244|0x000000075e800000, 0x000000075ea00000, 0x000000075ea00000|100%|HS|  |TAMS 0x000000075e800000| PB 0x000000075e800000| Complete 
| 245|0x000000075ea00000, 0x000000075ec00000, 0x000000075ec00000|100%| O|  |TAMS 0x000000075ea00000| PB 0x000000075ea00000| Untracked 
| 246|0x000000075ec00000, 0x000000075ee00000, 0x000000075ee00000|100%| O|  |TAMS 0x000000075ec00000| PB 0x000000075ec00000| Untracked 
| 247|0x000000075ee00000, 0x000000075f000000, 0x000000075f000000|100%| O|  |TAMS 0x000000075ee00000| PB 0x000000075ee00000| Untracked 
| 248|0x000000075f000000, 0x000000075f200000, 0x000000075f200000|100%| O|  |TAMS 0x000000075f000000| PB 0x000000075f000000| Untracked 
| 249|0x000000075f200000, 0x000000075f400000, 0x000000075f400000|100%|HS|  |TAMS 0x000000075f200000| PB 0x000000075f200000| Complete 
| 250|0x000000075f400000, 0x000000075f600000, 0x000000075f600000|100%| O|  |TAMS 0x000000075f400000| PB 0x000000075f400000| Untracked 
| 251|0x000000075f600000, 0x000000075f800000, 0x000000075f800000|100%| O|  |TAMS 0x000000075f600000| PB 0x000000075f600000| Untracked 
| 252|0x000000075f800000, 0x000000075fa00000, 0x000000075fa00000|100%| O|  |TAMS 0x000000075f800000| PB 0x000000075f800000| Untracked 
| 253|0x000000075fa00000, 0x000000075fc00000, 0x000000075fc00000|100%| O|  |TAMS 0x000000075fa00000| PB 0x000000075fa00000| Untracked 
| 254|0x000000075fc00000, 0x000000075fe00000, 0x000000075fe00000|100%| O|  |TAMS 0x000000075fc00000| PB 0x000000075fc00000| Untracked 
| 255|0x000000075fe00000, 0x0000000760000000, 0x0000000760000000|100%| O|  |TAMS 0x000000075fe00000| PB 0x000000075fe00000| Untracked 
| 256|0x0000000760000000, 0x0000000760200000, 0x0000000760200000|100%| O|  |TAMS 0x0000000760000000| PB 0x0000000760000000| Untracked 
| 257|0x0000000760200000, 0x0000000760400000, 0x0000000760400000|100%| O|  |TAMS 0x0000000760200000| PB 0x0000000760200000| Untracked 
| 258|0x0000000760400000, 0x0000000760600000, 0x0000000760600000|100%| O|  |TAMS 0x0000000760400000| PB 0x0000000760400000| Untracked 
| 259|0x0000000760600000, 0x0000000760800000, 0x0000000760800000|100%| O|  |TAMS 0x0000000760600000| PB 0x0000000760600000| Untracked 
| 260|0x0000000760800000, 0x0000000760a00000, 0x0000000760a00000|100%| O|  |TAMS 0x0000000760800000| PB 0x0000000760800000| Untracked 
| 261|0x0000000760a00000, 0x0000000760c00000, 0x0000000760c00000|100%| O|  |TAMS 0x0000000760a00000| PB 0x0000000760a00000| Untracked 
| 262|0x0000000760c00000, 0x0000000760e00000, 0x0000000760e00000|100%| O|  |TAMS 0x0000000760c00000| PB 0x0000000760c00000| Untracked 
| 263|0x0000000760e00000, 0x0000000761000000, 0x0000000761000000|100%| O|  |TAMS 0x0000000760e00000| PB 0x0000000760e00000| Untracked 
| 264|0x0000000761000000, 0x0000000761200000, 0x0000000761200000|100%| O|  |TAMS 0x0000000761000000| PB 0x0000000761000000| Untracked 
| 265|0x0000000761200000, 0x0000000761400000, 0x0000000761400000|100%| O|  |TAMS 0x0000000761200000| PB 0x0000000761200000| Untracked 
| 266|0x0000000761400000, 0x0000000761600000, 0x0000000761600000|100%| O|  |TAMS 0x0000000761400000| PB 0x0000000761400000| Untracked 
| 267|0x0000000761600000, 0x0000000761800000, 0x0000000761800000|100%| O|  |TAMS 0x0000000761600000| PB 0x0000000761600000| Untracked 
| 268|0x0000000761800000, 0x0000000761a00000, 0x0000000761a00000|100%| O|  |TAMS 0x0000000761800000| PB 0x0000000761800000| Untracked 
| 269|0x0000000761a00000, 0x0000000761c00000, 0x0000000761c00000|100%| O|  |TAMS 0x0000000761a00000| PB 0x0000000761a00000| Untracked 
| 270|0x0000000761c00000, 0x0000000761e00000, 0x0000000761e00000|100%| O|  |TAMS 0x0000000761c00000| PB 0x0000000761c00000| Untracked 
| 271|0x0000000761e00000, 0x0000000762000000, 0x0000000762000000|100%| O|  |TAMS 0x0000000761e00000| PB 0x0000000761e00000| Untracked 
| 272|0x0000000762000000, 0x0000000762200000, 0x0000000762200000|100%| O|  |TAMS 0x0000000762000000| PB 0x0000000762000000| Untracked 
| 273|0x0000000762200000, 0x0000000762400000, 0x0000000762400000|100%| O|  |TAMS 0x0000000762200000| PB 0x0000000762200000| Untracked 
| 274|0x0000000762400000, 0x0000000762600000, 0x0000000762600000|100%|HS|  |TAMS 0x0000000762400000| PB 0x0000000762400000| Complete 
| 275|0x0000000762600000, 0x0000000762800000, 0x0000000762800000|100%| O|  |TAMS 0x0000000762600000| PB 0x0000000762600000| Untracked 
| 276|0x0000000762800000, 0x0000000762a00000, 0x0000000762a00000|100%| O|  |TAMS 0x0000000762800000| PB 0x0000000762800000| Untracked 
| 277|0x0000000762a00000, 0x0000000762c00000, 0x0000000762c00000|100%| O|  |TAMS 0x0000000762a00000| PB 0x0000000762a00000| Untracked 
| 278|0x0000000762c00000, 0x0000000762e00000, 0x0000000762e00000|100%| O|  |TAMS 0x0000000762c00000| PB 0x0000000762c00000| Untracked 
| 279|0x0000000762e00000, 0x0000000763000000, 0x0000000763000000|100%| O|  |TAMS 0x0000000762e00000| PB 0x0000000762e00000| Untracked 
| 280|0x0000000763000000, 0x0000000763200000, 0x0000000763200000|100%| O|  |TAMS 0x0000000763000000| PB 0x0000000763000000| Untracked 
| 281|0x0000000763200000, 0x0000000763400000, 0x0000000763400000|100%| O|  |TAMS 0x0000000763200000| PB 0x0000000763200000| Untracked 
| 282|0x0000000763400000, 0x0000000763600000, 0x0000000763600000|100%| O|  |TAMS 0x0000000763400000| PB 0x0000000763400000| Untracked 
| 283|0x0000000763600000, 0x0000000763800000, 0x0000000763800000|100%| O|  |TAMS 0x0000000763600000| PB 0x0000000763600000| Untracked 
| 284|0x0000000763800000, 0x0000000763a00000, 0x0000000763a00000|100%| O|  |TAMS 0x0000000763800000| PB 0x0000000763800000| Untracked 
| 285|0x0000000763a00000, 0x0000000763c00000, 0x0000000763c00000|100%| O|  |TAMS 0x0000000763a00000| PB 0x0000000763a00000| Untracked 
| 286|0x0000000763c00000, 0x0000000763e00000, 0x0000000763e00000|100%| O|  |TAMS 0x0000000763c00000| PB 0x0000000763c00000| Untracked 
| 287|0x0000000763e00000, 0x0000000764000000, 0x0000000764000000|100%| O|  |TAMS 0x0000000763e00000| PB 0x0000000763e00000| Untracked 
| 288|0x0000000764000000, 0x0000000764200000, 0x0000000764200000|100%| O|  |TAMS 0x0000000764000000| PB 0x0000000764000000| Untracked 
| 289|0x0000000764200000, 0x0000000764400000, 0x0000000764400000|100%| O|  |TAMS 0x0000000764200000| PB 0x0000000764200000| Untracked 
| 290|0x0000000764400000, 0x0000000764600000, 0x0000000764600000|100%| O|  |TAMS 0x0000000764400000| PB 0x0000000764400000| Untracked 
| 291|0x0000000764600000, 0x0000000764800000, 0x0000000764800000|100%| O|  |TAMS 0x0000000764600000| PB 0x0000000764600000| Untracked 
| 292|0x0000000764800000, 0x0000000764a00000, 0x0000000764a00000|100%| O|  |TAMS 0x0000000764800000| PB 0x0000000764800000| Untracked 
| 293|0x0000000764a00000, 0x0000000764c00000, 0x0000000764c00000|100%| O|  |TAMS 0x0000000764a00000| PB 0x0000000764a00000| Untracked 
| 294|0x0000000764c00000, 0x0000000764e00000, 0x0000000764e00000|100%| O|  |TAMS 0x0000000764c00000| PB 0x0000000764c00000| Untracked 
| 295|0x0000000764e00000, 0x0000000765000000, 0x0000000765000000|100%| O|  |TAMS 0x0000000764e00000| PB 0x0000000764e00000| Untracked 
| 296|0x0000000765000000, 0x0000000765200000, 0x0000000765200000|100%| O|  |TAMS 0x0000000765000000| PB 0x0000000765000000| Untracked 
| 297|0x0000000765200000, 0x0000000765400000, 0x0000000765400000|100%| O|  |TAMS 0x0000000765200000| PB 0x0000000765200000| Untracked 
| 298|0x0000000765400000, 0x0000000765600000, 0x0000000765600000|100%| O|  |TAMS 0x0000000765400000| PB 0x0000000765400000| Untracked 
| 299|0x0000000765600000, 0x0000000765800000, 0x0000000765800000|100%| O|  |TAMS 0x0000000765600000| PB 0x0000000765600000| Untracked 
| 300|0x0000000765800000, 0x0000000765a00000, 0x0000000765a00000|100%| O|  |TAMS 0x0000000765800000| PB 0x0000000765800000| Untracked 
| 301|0x0000000765a00000, 0x0000000765c00000, 0x0000000765c00000|100%| O|  |TAMS 0x0000000765a00000| PB 0x0000000765a00000| Untracked 
| 302|0x0000000765c00000, 0x0000000765e00000, 0x0000000765e00000|100%| O|  |TAMS 0x0000000765c00000| PB 0x0000000765c00000| Untracked 
| 303|0x0000000765e00000, 0x0000000766000000, 0x0000000766000000|100%| O|  |TAMS 0x0000000765e00000| PB 0x0000000765e00000| Untracked 
| 304|0x0000000766000000, 0x0000000766200000, 0x0000000766200000|100%| O|  |TAMS 0x0000000766000000| PB 0x0000000766000000| Untracked 
| 305|0x0000000766200000, 0x0000000766400000, 0x0000000766400000|100%| O|  |TAMS 0x0000000766200000| PB 0x0000000766200000| Untracked 
| 306|0x0000000766400000, 0x0000000766600000, 0x0000000766600000|100%| O|  |TAMS 0x0000000766400000| PB 0x0000000766400000| Untracked 
| 307|0x0000000766600000, 0x0000000766800000, 0x0000000766800000|100%| O|  |TAMS 0x0000000766600000| PB 0x0000000766600000| Untracked 
| 308|0x0000000766800000, 0x0000000766a00000, 0x0000000766a00000|100%| O|  |TAMS 0x0000000766800000| PB 0x0000000766800000| Untracked 
| 309|0x0000000766a00000, 0x0000000766c00000, 0x0000000766c00000|100%| O|  |TAMS 0x0000000766a00000| PB 0x0000000766a00000| Untracked 
| 310|0x0000000766c00000, 0x0000000766e00000, 0x0000000766e00000|100%| O|  |TAMS 0x0000000766c00000| PB 0x0000000766c00000| Untracked 
| 311|0x0000000766e00000, 0x0000000767000000, 0x0000000767000000|100%| O|  |TAMS 0x0000000766e00000| PB 0x0000000766e00000| Untracked 
| 312|0x0000000767000000, 0x0000000767200000, 0x0000000767200000|100%| O|  |TAMS 0x0000000767000000| PB 0x0000000767000000| Untracked 
| 313|0x0000000767200000, 0x0000000767400000, 0x0000000767400000|100%| O|  |TAMS 0x0000000767200000| PB 0x0000000767200000| Untracked 
| 314|0x0000000767400000, 0x0000000767600000, 0x0000000767600000|100%| O|  |TAMS 0x0000000767400000| PB 0x0000000767400000| Untracked 
| 315|0x0000000767600000, 0x0000000767800000, 0x0000000767800000|100%| O|  |TAMS 0x0000000767600000| PB 0x0000000767600000| Untracked 
| 316|0x0000000767800000, 0x0000000767a00000, 0x0000000767a00000|100%| O|  |TAMS 0x0000000767800000| PB 0x0000000767800000| Untracked 
| 317|0x0000000767a00000, 0x0000000767c00000, 0x0000000767c00000|100%| O|  |TAMS 0x0000000767a00000| PB 0x0000000767a00000| Untracked 
| 318|0x0000000767c00000, 0x0000000767e00000, 0x0000000767e00000|100%| O|  |TAMS 0x0000000767c00000| PB 0x0000000767c00000| Untracked 
| 319|0x0000000767e00000, 0x0000000768000000, 0x0000000768000000|100%| O|  |TAMS 0x0000000767e00000| PB 0x0000000767e00000| Untracked 
| 320|0x0000000768000000, 0x0000000768200000, 0x0000000768200000|100%| O|  |TAMS 0x0000000768000000| PB 0x0000000768000000| Untracked 
| 321|0x0000000768200000, 0x0000000768400000, 0x0000000768400000|100%| O|  |TAMS 0x0000000768200000| PB 0x0000000768200000| Untracked 
| 322|0x0000000768400000, 0x0000000768600000, 0x0000000768600000|100%| O|  |TAMS 0x0000000768400000| PB 0x0000000768400000| Untracked 
| 323|0x0000000768600000, 0x0000000768800000, 0x0000000768800000|100%| O|  |TAMS 0x0000000768600000| PB 0x0000000768600000| Untracked 
| 324|0x0000000768800000, 0x0000000768a00000, 0x0000000768a00000|100%| O|  |TAMS 0x0000000768800000| PB 0x0000000768800000| Untracked 
| 325|0x0000000768a00000, 0x0000000768c00000, 0x0000000768c00000|100%| O|  |TAMS 0x0000000768a00000| PB 0x0000000768a00000| Untracked 
| 326|0x0000000768c00000, 0x0000000768e00000, 0x0000000768e00000|100%| O|  |TAMS 0x0000000768c00000| PB 0x0000000768c00000| Untracked 
| 327|0x0000000768e00000, 0x0000000769000000, 0x0000000769000000|100%| O|  |TAMS 0x0000000768e00000| PB 0x0000000768e00000| Untracked 
| 328|0x0000000769000000, 0x0000000769200000, 0x0000000769200000|100%| O|  |TAMS 0x0000000769000000| PB 0x0000000769000000| Untracked 
| 329|0x0000000769200000, 0x0000000769300000, 0x0000000769400000| 50%| O|  |TAMS 0x0000000769200000| PB 0x0000000769200000| Untracked 
| 330|0x0000000769400000, 0x0000000769400000, 0x0000000769600000|  0%| F|  |TAMS 0x0000000769400000| PB 0x0000000769400000| Untracked 
| 331|0x0000000769600000, 0x0000000769600000, 0x0000000769800000|  0%| F|  |TAMS 0x0000000769600000| PB 0x0000000769600000| Untracked 
| 332|0x0000000769800000, 0x0000000769800000, 0x0000000769a00000|  0%| F|  |TAMS 0x0000000769800000| PB 0x0000000769800000| Untracked 
| 333|0x0000000769a00000, 0x0000000769a00000, 0x0000000769c00000|  0%| F|  |TAMS 0x0000000769a00000| PB 0x0000000769a00000| Untracked 
| 334|0x0000000769c00000, 0x0000000769c00000, 0x0000000769e00000|  0%| F|  |TAMS 0x0000000769c00000| PB 0x0000000769c00000| Untracked 
| 335|0x0000000769e00000, 0x0000000769e00000, 0x000000076a000000|  0%| F|  |TAMS 0x0000000769e00000| PB 0x0000000769e00000| Untracked 
| 336|0x000000076a000000, 0x000000076a200000, 0x000000076a200000|100%| O|  |TAMS 0x000000076a000000| PB 0x000000076a000000| Untracked 
| 337|0x000000076a200000, 0x000000076a400000, 0x000000076a400000|100%| O|  |TAMS 0x000000076a200000| PB 0x000000076a200000| Untracked 
| 338|0x000000076a400000, 0x000000076a600000, 0x000000076a600000|100%| O|  |TAMS 0x000000076a400000| PB 0x000000076a400000| Untracked 
| 339|0x000000076a600000, 0x000000076a800000, 0x000000076a800000|100%| O|  |TAMS 0x000000076a600000| PB 0x000000076a600000| Untracked 
| 340|0x000000076a800000, 0x000000076aa00000, 0x000000076aa00000|100%| O|  |TAMS 0x000000076a800000| PB 0x000000076a800000| Untracked 
| 341|0x000000076aa00000, 0x000000076ac00000, 0x000000076ac00000|100%| O|  |TAMS 0x000000076aa00000| PB 0x000000076aa00000| Untracked 
| 342|0x000000076ac00000, 0x000000076ae00000, 0x000000076ae00000|100%| O|  |TAMS 0x000000076ac00000| PB 0x000000076ac00000| Untracked 
| 343|0x000000076ae00000, 0x000000076b000000, 0x000000076b000000|100%| O|  |TAMS 0x000000076ae00000| PB 0x000000076ae00000| Untracked 
| 344|0x000000076b000000, 0x000000076b000000, 0x000000076b200000|  0%| F|  |TAMS 0x000000076b000000| PB 0x000000076b000000| Untracked 
| 345|0x000000076b200000, 0x000000076b200000, 0x000000076b400000|  0%| F|  |TAMS 0x000000076b200000| PB 0x000000076b200000| Untracked 
| 346|0x000000076b400000, 0x000000076b400000, 0x000000076b600000|  0%| F|  |TAMS 0x000000076b400000| PB 0x000000076b400000| Untracked 
| 347|0x000000076b600000, 0x000000076b600000, 0x000000076b800000|  0%| F|  |TAMS 0x000000076b600000| PB 0x000000076b600000| Untracked 
| 348|0x000000076b800000, 0x000000076b800000, 0x000000076ba00000|  0%| F|  |TAMS 0x000000076b800000| PB 0x000000076b800000| Untracked 
| 349|0x000000076ba00000, 0x000000076ba00000, 0x000000076bc00000|  0%| F|  |TAMS 0x000000076ba00000| PB 0x000000076ba00000| Untracked 
| 350|0x000000076bc00000, 0x000000076bc00000, 0x000000076be00000|  0%| F|  |TAMS 0x000000076bc00000| PB 0x000000076bc00000| Untracked 
| 351|0x000000076be00000, 0x000000076be00000, 0x000000076c000000|  0%| F|  |TAMS 0x000000076be00000| PB 0x000000076be00000| Untracked 
| 352|0x000000076c000000, 0x000000076c200000, 0x000000076c200000|100%| O|  |TAMS 0x000000076c000000| PB 0x000000076c000000| Untracked 
| 353|0x000000076c200000, 0x000000076c400000, 0x000000076c400000|100%| O|  |TAMS 0x000000076c200000| PB 0x000000076c200000| Untracked 
| 354|0x000000076c400000, 0x000000076c600000, 0x000000076c600000|100%| O|  |TAMS 0x000000076c400000| PB 0x000000076c400000| Untracked 
| 355|0x000000076c600000, 0x000000076c800000, 0x000000076c800000|100%| O|  |TAMS 0x000000076c600000| PB 0x000000076c600000| Untracked 
| 356|0x000000076c800000, 0x000000076ca00000, 0x000000076ca00000|100%| O|  |TAMS 0x000000076c800000| PB 0x000000076c800000| Untracked 
| 357|0x000000076ca00000, 0x000000076cc00000, 0x000000076cc00000|100%| O|  |TAMS 0x000000076ca00000| PB 0x000000076ca00000| Untracked 
| 358|0x000000076cc00000, 0x000000076ce00000, 0x000000076ce00000|100%| O|  |TAMS 0x000000076cc00000| PB 0x000000076cc00000| Untracked 
| 359|0x000000076ce00000, 0x000000076d000000, 0x000000076d000000|100%| O|  |TAMS 0x000000076ce00000| PB 0x000000076ce00000| Untracked 
| 360|0x000000076d000000, 0x000000076d200000, 0x000000076d200000|100%| O|  |TAMS 0x000000076d000000| PB 0x000000076d000000| Untracked 
| 361|0x000000076d200000, 0x000000076d400000, 0x000000076d400000|100%| O|  |TAMS 0x000000076d200000| PB 0x000000076d200000| Untracked 
| 362|0x000000076d400000, 0x000000076d600000, 0x000000076d600000|100%| O|  |TAMS 0x000000076d400000| PB 0x000000076d400000| Untracked 
| 363|0x000000076d600000, 0x000000076d600000, 0x000000076d800000|  0%| F|  |TAMS 0x000000076d600000| PB 0x000000076d600000| Untracked 
| 364|0x000000076d800000, 0x000000076d800000, 0x000000076da00000|  0%| F|  |TAMS 0x000000076d800000| PB 0x000000076d800000| Untracked 
| 365|0x000000076da00000, 0x000000076da00000, 0x000000076dc00000|  0%| F|  |TAMS 0x000000076da00000| PB 0x000000076da00000| Untracked 
| 366|0x000000076dc00000, 0x000000076dc00000, 0x000000076de00000|  0%| F|  |TAMS 0x000000076dc00000| PB 0x000000076dc00000| Untracked 
| 367|0x000000076de00000, 0x000000076de00000, 0x000000076e000000|  0%| F|  |TAMS 0x000000076de00000| PB 0x000000076de00000| Untracked 
| 368|0x000000076e000000, 0x000000076e000000, 0x000000076e200000|  0%| F|  |TAMS 0x000000076e000000| PB 0x000000076e000000| Untracked 
| 369|0x000000076e200000, 0x000000076e200000, 0x000000076e400000|  0%| F|  |TAMS 0x000000076e200000| PB 0x000000076e200000| Untracked 
| 370|0x000000076e400000, 0x000000076e400000, 0x000000076e600000|  0%| F|  |TAMS 0x000000076e400000| PB 0x000000076e400000| Untracked 
| 371|0x000000076e600000, 0x000000076e600000, 0x000000076e800000|  0%| F|  |TAMS 0x000000076e600000| PB 0x000000076e600000| Untracked 
| 372|0x000000076e800000, 0x000000076e800000, 0x000000076ea00000|  0%| F|  |TAMS 0x000000076e800000| PB 0x000000076e800000| Untracked 
| 373|0x000000076ea00000, 0x000000076ea00000, 0x000000076ec00000|  0%| F|  |TAMS 0x000000076ea00000| PB 0x000000076ea00000| Untracked 
| 374|0x000000076ec00000, 0x000000076ec00000, 0x000000076ee00000|  0%| F|  |TAMS 0x000000076ec00000| PB 0x000000076ec00000| Untracked 
| 375|0x000000076ee00000, 0x000000076ee00000, 0x000000076f000000|  0%| F|  |TAMS 0x000000076ee00000| PB 0x000000076ee00000| Untracked 
| 376|0x000000076f000000, 0x000000076f000000, 0x000000076f200000|  0%| F|  |TAMS 0x000000076f000000| PB 0x000000076f000000| Untracked 
| 377|0x000000076f200000, 0x000000076f200000, 0x000000076f400000|  0%| F|  |TAMS 0x000000076f200000| PB 0x000000076f200000| Untracked 
| 378|0x000000076f400000, 0x000000076f400000, 0x000000076f600000|  0%| F|  |TAMS 0x000000076f400000| PB 0x000000076f400000| Untracked 
| 379|0x000000076f600000, 0x000000076f600000, 0x000000076f800000|  0%| F|  |TAMS 0x000000076f600000| PB 0x000000076f600000| Untracked 
| 380|0x000000076f800000, 0x000000076f800000, 0x000000076fa00000|  0%| F|  |TAMS 0x000000076f800000| PB 0x000000076f800000| Untracked 
| 381|0x000000076fa00000, 0x000000076fa00000, 0x000000076fc00000|  0%| F|  |TAMS 0x000000076fa00000| PB 0x000000076fa00000| Untracked 
| 382|0x000000076fc00000, 0x000000076fc00000, 0x000000076fe00000|  0%| F|  |TAMS 0x000000076fc00000| PB 0x000000076fc00000| Untracked 
| 383|0x000000076fe00000, 0x000000076fe00000, 0x0000000770000000|  0%| F|  |TAMS 0x000000076fe00000| PB 0x000000076fe00000| Untracked 
| 384|0x0000000770000000, 0x0000000770000000, 0x0000000770200000|  0%| F|  |TAMS 0x0000000770000000| PB 0x0000000770000000| Untracked 
| 385|0x0000000770200000, 0x0000000770200000, 0x0000000770400000|  0%| F|  |TAMS 0x0000000770200000| PB 0x0000000770200000| Untracked 
| 386|0x0000000770400000, 0x0000000770400000, 0x0000000770600000|  0%| F|  |TAMS 0x0000000770400000| PB 0x0000000770400000| Untracked 
| 387|0x0000000770600000, 0x0000000770600000, 0x0000000770800000|  0%| F|  |TAMS 0x0000000770600000| PB 0x0000000770600000| Untracked 
| 388|0x0000000770800000, 0x0000000770800000, 0x0000000770a00000|  0%| F|  |TAMS 0x0000000770800000| PB 0x0000000770800000| Untracked 
| 389|0x0000000770a00000, 0x0000000770a00000, 0x0000000770c00000|  0%| F|  |TAMS 0x0000000770a00000| PB 0x0000000770a00000| Untracked 
| 390|0x0000000770c00000, 0x0000000770c00000, 0x0000000770e00000|  0%| F|  |TAMS 0x0000000770c00000| PB 0x0000000770c00000| Untracked 
| 391|0x0000000770e00000, 0x0000000770e00000, 0x0000000771000000|  0%| F|  |TAMS 0x0000000770e00000| PB 0x0000000770e00000| Untracked 
| 392|0x0000000771000000, 0x0000000771000000, 0x0000000771200000|  0%| F|  |TAMS 0x0000000771000000| PB 0x0000000771000000| Untracked 
| 393|0x0000000771200000, 0x0000000771200000, 0x0000000771400000|  0%| F|  |TAMS 0x0000000771200000| PB 0x0000000771200000| Untracked 
| 394|0x0000000771400000, 0x0000000771400000, 0x0000000771600000|  0%| F|  |TAMS 0x0000000771400000| PB 0x0000000771400000| Untracked 
| 395|0x0000000771600000, 0x0000000771600000, 0x0000000771800000|  0%| F|  |TAMS 0x0000000771600000| PB 0x0000000771600000| Untracked 
| 396|0x0000000771800000, 0x0000000771800000, 0x0000000771a00000|  0%| F|  |TAMS 0x0000000771800000| PB 0x0000000771800000| Untracked 
| 397|0x0000000771a00000, 0x0000000771a00000, 0x0000000771c00000|  0%| F|  |TAMS 0x0000000771a00000| PB 0x0000000771a00000| Untracked 
| 398|0x0000000771c00000, 0x0000000771c00000, 0x0000000771e00000|  0%| F|  |TAMS 0x0000000771c00000| PB 0x0000000771c00000| Untracked 
| 399|0x0000000771e00000, 0x0000000771e00000, 0x0000000772000000|  0%| F|  |TAMS 0x0000000771e00000| PB 0x0000000771e00000| Untracked 
| 400|0x0000000772000000, 0x0000000772000000, 0x0000000772200000|  0%| F|  |TAMS 0x0000000772000000| PB 0x0000000772000000| Untracked 
| 401|0x0000000772200000, 0x0000000772200000, 0x0000000772400000|  0%| F|  |TAMS 0x0000000772200000| PB 0x0000000772200000| Untracked 
| 402|0x0000000772400000, 0x0000000772400000, 0x0000000772600000|  0%| F|  |TAMS 0x0000000772400000| PB 0x0000000772400000| Untracked 
| 403|0x0000000772600000, 0x0000000772600000, 0x0000000772800000|  0%| F|  |TAMS 0x0000000772600000| PB 0x0000000772600000| Untracked 
| 404|0x0000000772800000, 0x0000000772800000, 0x0000000772a00000|  0%| F|  |TAMS 0x0000000772800000| PB 0x0000000772800000| Untracked 
| 405|0x0000000772a00000, 0x0000000772a00000, 0x0000000772c00000|  0%| F|  |TAMS 0x0000000772a00000| PB 0x0000000772a00000| Untracked 
| 406|0x0000000772c00000, 0x0000000772c00000, 0x0000000772e00000|  0%| F|  |TAMS 0x0000000772c00000| PB 0x0000000772c00000| Untracked 
| 407|0x0000000772e00000, 0x0000000772e00000, 0x0000000773000000|  0%| F|  |TAMS 0x0000000772e00000| PB 0x0000000772e00000| Untracked 
| 408|0x0000000773000000, 0x0000000773000000, 0x0000000773200000|  0%| F|  |TAMS 0x0000000773000000| PB 0x0000000773000000| Untracked 
| 409|0x0000000773200000, 0x0000000773200000, 0x0000000773400000|  0%| F|  |TAMS 0x0000000773200000| PB 0x0000000773200000| Untracked 
| 410|0x0000000773400000, 0x0000000773400000, 0x0000000773600000|  0%| F|  |TAMS 0x0000000773400000| PB 0x0000000773400000| Untracked 
| 411|0x0000000773600000, 0x0000000773600000, 0x0000000773800000|  0%| F|  |TAMS 0x0000000773600000| PB 0x0000000773600000| Untracked 
| 412|0x0000000773800000, 0x0000000773800000, 0x0000000773a00000|  0%| F|  |TAMS 0x0000000773800000| PB 0x0000000773800000| Untracked 
| 413|0x0000000773a00000, 0x0000000773a00000, 0x0000000773c00000|  0%| F|  |TAMS 0x0000000773a00000| PB 0x0000000773a00000| Untracked 
| 414|0x0000000773c00000, 0x0000000773c00000, 0x0000000773e00000|  0%| F|  |TAMS 0x0000000773c00000| PB 0x0000000773c00000| Untracked 
| 415|0x0000000773e00000, 0x0000000773e00000, 0x0000000774000000|  0%| F|  |TAMS 0x0000000773e00000| PB 0x0000000773e00000| Untracked 
| 416|0x0000000774000000, 0x0000000774000000, 0x0000000774200000|  0%| F|  |TAMS 0x0000000774000000| PB 0x0000000774000000| Untracked 
| 417|0x0000000774200000, 0x0000000774300000, 0x0000000774400000| 50%| S|CS|TAMS 0x0000000774200000| PB 0x0000000774200000| Complete 
| 418|0x0000000774400000, 0x0000000774600000, 0x0000000774600000|100%| S|CS|TAMS 0x0000000774400000| PB 0x0000000774400000| Complete 
| 419|0x0000000774600000, 0x0000000774800000, 0x0000000774800000|100%| S|CS|TAMS 0x0000000774600000| PB 0x0000000774600000| Complete 
| 420|0x0000000774800000, 0x0000000774a00000, 0x0000000774a00000|100%| S|CS|TAMS 0x0000000774800000| PB 0x0000000774800000| Complete 
| 421|0x0000000774a00000, 0x0000000774c00000, 0x0000000774c00000|100%| S|CS|TAMS 0x0000000774a00000| PB 0x0000000774a00000| Complete 
| 422|0x0000000774c00000, 0x0000000774e00000, 0x0000000774e00000|100%| S|CS|TAMS 0x0000000774c00000| PB 0x0000000774c00000| Complete 
| 423|0x0000000774e00000, 0x0000000775000000, 0x0000000775000000|100%| S|CS|TAMS 0x0000000774e00000| PB 0x0000000774e00000| Complete 
| 424|0x0000000775000000, 0x0000000775200000, 0x0000000775200000|100%| S|CS|TAMS 0x0000000775000000| PB 0x0000000775000000| Complete 
| 425|0x0000000775200000, 0x0000000775400000, 0x0000000775400000|100%| S|CS|TAMS 0x0000000775200000| PB 0x0000000775200000| Complete 
| 426|0x0000000775400000, 0x0000000775600000, 0x0000000775600000|100%| S|CS|TAMS 0x0000000775400000| PB 0x0000000775400000| Complete 
| 427|0x0000000775600000, 0x0000000775800000, 0x0000000775800000|100%| S|CS|TAMS 0x0000000775600000| PB 0x0000000775600000| Complete 
| 428|0x0000000775800000, 0x0000000775a00000, 0x0000000775a00000|100%| S|CS|TAMS 0x0000000775800000| PB 0x0000000775800000| Complete 
| 429|0x0000000775a00000, 0x0000000775c00000, 0x0000000775c00000|100%| S|CS|TAMS 0x0000000775a00000| PB 0x0000000775a00000| Complete 
| 430|0x0000000775c00000, 0x0000000775e00000, 0x0000000775e00000|100%| S|CS|TAMS 0x0000000775c00000| PB 0x0000000775c00000| Complete 
| 431|0x0000000775e00000, 0x0000000776000000, 0x0000000776000000|100%| S|CS|TAMS 0x0000000775e00000| PB 0x0000000775e00000| Complete 
| 432|0x0000000776000000, 0x0000000776200000, 0x0000000776200000|100%| S|CS|TAMS 0x0000000776000000| PB 0x0000000776000000| Complete 
| 433|0x0000000776200000, 0x0000000776400000, 0x0000000776400000|100%| S|CS|TAMS 0x0000000776200000| PB 0x0000000776200000| Complete 
| 434|0x0000000776400000, 0x0000000776600000, 0x0000000776600000|100%| S|CS|TAMS 0x0000000776400000| PB 0x0000000776400000| Complete 
| 435|0x0000000776600000, 0x0000000776800000, 0x0000000776800000|100%| S|CS|TAMS 0x0000000776600000| PB 0x0000000776600000| Complete 
| 436|0x0000000776800000, 0x0000000776a00000, 0x0000000776a00000|100%| S|CS|TAMS 0x0000000776800000| PB 0x0000000776800000| Complete 
| 437|0x0000000776a00000, 0x0000000776c00000, 0x0000000776c00000|100%| S|CS|TAMS 0x0000000776a00000| PB 0x0000000776a00000| Complete 
| 438|0x0000000776c00000, 0x0000000776e00000, 0x0000000776e00000|100%| S|CS|TAMS 0x0000000776c00000| PB 0x0000000776c00000| Complete 
| 439|0x0000000776e00000, 0x0000000777000000, 0x0000000777000000|100%| S|CS|TAMS 0x0000000776e00000| PB 0x0000000776e00000| Complete 
| 440|0x0000000777000000, 0x0000000777200000, 0x0000000777200000|100%| S|CS|TAMS 0x0000000777000000| PB 0x0000000777000000| Complete 
| 441|0x0000000777200000, 0x0000000777400000, 0x0000000777400000|100%| S|CS|TAMS 0x0000000777200000| PB 0x0000000777200000| Complete 
| 442|0x0000000777400000, 0x0000000777600000, 0x0000000777600000|100%| S|CS|TAMS 0x0000000777400000| PB 0x0000000777400000| Complete 
| 443|0x0000000777600000, 0x0000000777800000, 0x0000000777800000|100%| S|CS|TAMS 0x0000000777600000| PB 0x0000000777600000| Complete 
| 444|0x0000000777800000, 0x0000000777a00000, 0x0000000777a00000|100%| S|CS|TAMS 0x0000000777800000| PB 0x0000000777800000| Complete 
| 445|0x0000000777a00000, 0x0000000777c00000, 0x0000000777c00000|100%| S|CS|TAMS 0x0000000777a00000| PB 0x0000000777a00000| Complete 
| 446|0x0000000777c00000, 0x0000000777e00000, 0x0000000777e00000|100%| S|CS|TAMS 0x0000000777c00000| PB 0x0000000777c00000| Complete 
| 447|0x0000000777e00000, 0x0000000778000000, 0x0000000778000000|100%| S|CS|TAMS 0x0000000777e00000| PB 0x0000000777e00000| Complete 
| 448|0x0000000778000000, 0x0000000778200000, 0x0000000778200000|100%| S|CS|TAMS 0x0000000778000000| PB 0x0000000778000000| Complete 
| 449|0x0000000778200000, 0x0000000778400000, 0x0000000778400000|100%| S|CS|TAMS 0x0000000778200000| PB 0x0000000778200000| Complete 
| 450|0x0000000778400000, 0x0000000778600000, 0x0000000778600000|100%| S|CS|TAMS 0x0000000778400000| PB 0x0000000778400000| Complete 
| 451|0x0000000778600000, 0x0000000778800000, 0x0000000778800000|100%| S|CS|TAMS 0x0000000778600000| PB 0x0000000778600000| Complete 
| 452|0x0000000778800000, 0x0000000778a00000, 0x0000000778a00000|100%| S|CS|TAMS 0x0000000778800000| PB 0x0000000778800000| Complete 
| 453|0x0000000778a00000, 0x0000000778c00000, 0x0000000778c00000|100%| S|CS|TAMS 0x0000000778a00000| PB 0x0000000778a00000| Complete 
| 454|0x0000000778c00000, 0x0000000778c00000, 0x0000000778e00000|  0%| F|  |TAMS 0x0000000778c00000| PB 0x0000000778c00000| Untracked 
| 455|0x0000000778e00000, 0x0000000778e00000, 0x0000000779000000|  0%| F|  |TAMS 0x0000000778e00000| PB 0x0000000778e00000| Untracked 
| 456|0x0000000779000000, 0x0000000779000000, 0x0000000779200000|  0%| F|  |TAMS 0x0000000779000000| PB 0x0000000779000000| Untracked 
| 457|0x0000000779200000, 0x0000000779200000, 0x0000000779400000|  0%| F|  |TAMS 0x0000000779200000| PB 0x0000000779200000| Untracked 
| 458|0x0000000779400000, 0x0000000779400000, 0x0000000779600000|  0%| F|  |TAMS 0x0000000779400000| PB 0x0000000779400000| Untracked 
| 459|0x0000000779600000, 0x0000000779600000, 0x0000000779800000|  0%| F|  |TAMS 0x0000000779600000| PB 0x0000000779600000| Untracked 
| 460|0x0000000779800000, 0x0000000779800000, 0x0000000779a00000|  0%| F|  |TAMS 0x0000000779800000| PB 0x0000000779800000| Untracked 
| 461|0x0000000779a00000, 0x0000000779a00000, 0x0000000779c00000|  0%| F|  |TAMS 0x0000000779a00000| PB 0x0000000779a00000| Untracked 
| 462|0x0000000779c00000, 0x0000000779c00000, 0x0000000779e00000|  0%| F|  |TAMS 0x0000000779c00000| PB 0x0000000779c00000| Untracked 
| 463|0x0000000779e00000, 0x0000000779e00000, 0x000000077a000000|  0%| F|  |TAMS 0x0000000779e00000| PB 0x0000000779e00000| Untracked 
| 464|0x000000077a000000, 0x000000077a000000, 0x000000077a200000|  0%| F|  |TAMS 0x000000077a000000| PB 0x000000077a000000| Untracked 
| 465|0x000000077a200000, 0x000000077a200000, 0x000000077a400000|  0%| F|  |TAMS 0x000000077a200000| PB 0x000000077a200000| Untracked 
| 466|0x000000077a400000, 0x000000077a400000, 0x000000077a600000|  0%| F|  |TAMS 0x000000077a400000| PB 0x000000077a400000| Untracked 
| 467|0x000000077a600000, 0x000000077a600000, 0x000000077a800000|  0%| F|  |TAMS 0x000000077a600000| PB 0x000000077a600000| Untracked 
| 468|0x000000077a800000, 0x000000077a800000, 0x000000077aa00000|  0%| F|  |TAMS 0x000000077a800000| PB 0x000000077a800000| Untracked 
| 469|0x000000077aa00000, 0x000000077aa00000, 0x000000077ac00000|  0%| F|  |TAMS 0x000000077aa00000| PB 0x000000077aa00000| Untracked 
| 470|0x000000077ac00000, 0x000000077ac00000, 0x000000077ae00000|  0%| F|  |TAMS 0x000000077ac00000| PB 0x000000077ac00000| Untracked 
| 471|0x000000077ae00000, 0x000000077ae00000, 0x000000077b000000|  0%| F|  |TAMS 0x000000077ae00000| PB 0x000000077ae00000| Untracked 
| 472|0x000000077b000000, 0x000000077b000000, 0x000000077b200000|  0%| F|  |TAMS 0x000000077b000000| PB 0x000000077b000000| Untracked 
| 473|0x000000077b200000, 0x000000077b200000, 0x000000077b400000|  0%| F|  |TAMS 0x000000077b200000| PB 0x000000077b200000| Untracked 
| 474|0x000000077b400000, 0x000000077b400000, 0x000000077b600000|  0%| F|  |TAMS 0x000000077b400000| PB 0x000000077b400000| Untracked 
| 475|0x000000077b600000, 0x000000077b600000, 0x000000077b800000|  0%| F|  |TAMS 0x000000077b600000| PB 0x000000077b600000| Untracked 
| 476|0x000000077b800000, 0x000000077b800000, 0x000000077ba00000|  0%| F|  |TAMS 0x000000077b800000| PB 0x000000077b800000| Untracked 
| 477|0x000000077ba00000, 0x000000077ba00000, 0x000000077bc00000|  0%| F|  |TAMS 0x000000077ba00000| PB 0x000000077ba00000| Untracked 
| 478|0x000000077bc00000, 0x000000077bc00000, 0x000000077be00000|  0%| F|  |TAMS 0x000000077bc00000| PB 0x000000077bc00000| Untracked 
| 479|0x000000077be00000, 0x000000077be00000, 0x000000077c000000|  0%| F|  |TAMS 0x000000077be00000| PB 0x000000077be00000| Untracked 
| 480|0x000000077c000000, 0x000000077c000000, 0x000000077c200000|  0%| F|  |TAMS 0x000000077c000000| PB 0x000000077c000000| Untracked 
| 481|0x000000077c200000, 0x000000077c200000, 0x000000077c400000|  0%| F|  |TAMS 0x000000077c200000| PB 0x000000077c200000| Untracked 
| 482|0x000000077c400000, 0x000000077c400000, 0x000000077c600000|  0%| F|  |TAMS 0x000000077c400000| PB 0x000000077c400000| Untracked 
| 483|0x000000077c600000, 0x000000077c600000, 0x000000077c800000|  0%| F|  |TAMS 0x000000077c600000| PB 0x000000077c600000| Untracked 
| 484|0x000000077c800000, 0x000000077c800000, 0x000000077ca00000|  0%| F|  |TAMS 0x000000077c800000| PB 0x000000077c800000| Untracked 
| 485|0x000000077ca00000, 0x000000077ca00000, 0x000000077cc00000|  0%| F|  |TAMS 0x000000077ca00000| PB 0x000000077ca00000| Untracked 
| 486|0x000000077cc00000, 0x000000077cc00000, 0x000000077ce00000|  0%| F|  |TAMS 0x000000077cc00000| PB 0x000000077cc00000| Untracked 
| 487|0x000000077ce00000, 0x000000077ce00000, 0x000000077d000000|  0%| F|  |TAMS 0x000000077ce00000| PB 0x000000077ce00000| Untracked 
| 488|0x000000077d000000, 0x000000077d000000, 0x000000077d200000|  0%| F|  |TAMS 0x000000077d000000| PB 0x000000077d000000| Untracked 
| 489|0x000000077d200000, 0x000000077d200000, 0x000000077d400000|  0%| F|  |TAMS 0x000000077d200000| PB 0x000000077d200000| Untracked 
| 490|0x000000077d400000, 0x000000077d400000, 0x000000077d600000|  0%| F|  |TAMS 0x000000077d400000| PB 0x000000077d400000| Untracked 
| 491|0x000000077d600000, 0x000000077d600000, 0x000000077d800000|  0%| F|  |TAMS 0x000000077d600000| PB 0x000000077d600000| Untracked 
| 492|0x000000077d800000, 0x000000077d800000, 0x000000077da00000|  0%| F|  |TAMS 0x000000077d800000| PB 0x000000077d800000| Untracked 
| 493|0x000000077da00000, 0x000000077da00000, 0x000000077dc00000|  0%| F|  |TAMS 0x000000077da00000| PB 0x000000077da00000| Untracked 
| 494|0x000000077dc00000, 0x000000077dc00000, 0x000000077de00000|  0%| F|  |TAMS 0x000000077dc00000| PB 0x000000077dc00000| Untracked 
| 495|0x000000077de00000, 0x000000077de00000, 0x000000077e000000|  0%| F|  |TAMS 0x000000077de00000| PB 0x000000077de00000| Untracked 
| 496|0x000000077e000000, 0x000000077e000000, 0x000000077e200000|  0%| F|  |TAMS 0x000000077e000000| PB 0x000000077e000000| Untracked 
| 497|0x000000077e200000, 0x000000077e200000, 0x000000077e400000|  0%| F|  |TAMS 0x000000077e200000| PB 0x000000077e200000| Untracked 
| 498|0x000000077e400000, 0x000000077e400000, 0x000000077e600000|  0%| F|  |TAMS 0x000000077e400000| PB 0x000000077e400000| Untracked 
| 499|0x000000077e600000, 0x000000077e600000, 0x000000077e800000|  0%| F|  |TAMS 0x000000077e600000| PB 0x000000077e600000| Untracked 
| 500|0x000000077e800000, 0x000000077e800000, 0x000000077ea00000|  0%| F|  |TAMS 0x000000077e800000| PB 0x000000077e800000| Untracked 
| 501|0x000000077ea00000, 0x000000077ea00000, 0x000000077ec00000|  0%| F|  |TAMS 0x000000077ea00000| PB 0x000000077ea00000| Untracked 
| 502|0x000000077ec00000, 0x000000077ec00000, 0x000000077ee00000|  0%| F|  |TAMS 0x000000077ec00000| PB 0x000000077ec00000| Untracked 
| 503|0x000000077ee00000, 0x000000077ee00000, 0x000000077f000000|  0%| F|  |TAMS 0x000000077ee00000| PB 0x000000077ee00000| Untracked 
| 504|0x000000077f000000, 0x000000077f000000, 0x000000077f200000|  0%| F|  |TAMS 0x000000077f000000| PB 0x000000077f000000| Untracked 
| 505|0x000000077f200000, 0x000000077f200000, 0x000000077f400000|  0%| F|  |TAMS 0x000000077f200000| PB 0x000000077f200000| Untracked 
| 506|0x000000077f400000, 0x000000077f400000, 0x000000077f600000|  0%| F|  |TAMS 0x000000077f400000| PB 0x000000077f400000| Untracked 
| 507|0x000000077f600000, 0x000000077f600000, 0x000000077f800000|  0%| F|  |TAMS 0x000000077f600000| PB 0x000000077f600000| Untracked 
| 508|0x000000077f800000, 0x000000077f800000, 0x000000077fa00000|  0%| F|  |TAMS 0x000000077f800000| PB 0x000000077f800000| Untracked 
| 509|0x000000077fa00000, 0x000000077fa00000, 0x000000077fc00000|  0%| F|  |TAMS 0x000000077fa00000| PB 0x000000077fa00000| Untracked 
| 510|0x000000077fc00000, 0x000000077fc00000, 0x000000077fe00000|  0%| F|  |TAMS 0x000000077fc00000| PB 0x000000077fc00000| Untracked 
| 511|0x000000077fe00000, 0x000000077fe00000, 0x0000000780000000|  0%| F|  |TAMS 0x000000077fe00000| PB 0x000000077fe00000| Untracked 
| 512|0x0000000780000000, 0x0000000780000000, 0x0000000780200000|  0%| F|  |TAMS 0x0000000780000000| PB 0x0000000780000000| Untracked 
| 513|0x0000000780200000, 0x0000000780200000, 0x0000000780400000|  0%| F|  |TAMS 0x0000000780200000| PB 0x0000000780200000| Untracked 
| 514|0x0000000780400000, 0x0000000780400000, 0x0000000780600000|  0%| F|  |TAMS 0x0000000780400000| PB 0x0000000780400000| Untracked 
| 515|0x0000000780600000, 0x0000000780600000, 0x0000000780800000|  0%| F|  |TAMS 0x0000000780600000| PB 0x0000000780600000| Untracked 
| 516|0x0000000780800000, 0x0000000780800000, 0x0000000780a00000|  0%| F|  |TAMS 0x0000000780800000| PB 0x0000000780800000| Untracked 
| 517|0x0000000780a00000, 0x0000000780a00000, 0x0000000780c00000|  0%| F|  |TAMS 0x0000000780a00000| PB 0x0000000780a00000| Untracked 
| 518|0x0000000780c00000, 0x0000000780c00000, 0x0000000780e00000|  0%| F|  |TAMS 0x0000000780c00000| PB 0x0000000780c00000| Untracked 
| 519|0x0000000780e00000, 0x0000000780e00000, 0x0000000781000000|  0%| F|  |TAMS 0x0000000780e00000| PB 0x0000000780e00000| Untracked 
| 520|0x0000000781000000, 0x0000000781000000, 0x0000000781200000|  0%| F|  |TAMS 0x0000000781000000| PB 0x0000000781000000| Untracked 
| 521|0x0000000781200000, 0x0000000781200000, 0x0000000781400000|  0%| F|  |TAMS 0x0000000781200000| PB 0x0000000781200000| Untracked 
| 522|0x0000000781400000, 0x0000000781400000, 0x0000000781600000|  0%| F|  |TAMS 0x0000000781400000| PB 0x0000000781400000| Untracked 
| 523|0x0000000781600000, 0x0000000781600000, 0x0000000781800000|  0%| F|  |TAMS 0x0000000781600000| PB 0x0000000781600000| Untracked 
| 524|0x0000000781800000, 0x0000000781800000, 0x0000000781a00000|  0%| F|  |TAMS 0x0000000781800000| PB 0x0000000781800000| Untracked 
| 525|0x0000000781a00000, 0x0000000781a00000, 0x0000000781c00000|  0%| F|  |TAMS 0x0000000781a00000| PB 0x0000000781a00000| Untracked 
| 526|0x0000000781c00000, 0x0000000781c00000, 0x0000000781e00000|  0%| F|  |TAMS 0x0000000781c00000| PB 0x0000000781c00000| Untracked 
| 527|0x0000000781e00000, 0x0000000781e00000, 0x0000000782000000|  0%| F|  |TAMS 0x0000000781e00000| PB 0x0000000781e00000| Untracked 
| 528|0x0000000782000000, 0x0000000782000000, 0x0000000782200000|  0%| F|  |TAMS 0x0000000782000000| PB 0x0000000782000000| Untracked 
| 529|0x0000000782200000, 0x0000000782200000, 0x0000000782400000|  0%| F|  |TAMS 0x0000000782200000| PB 0x0000000782200000| Untracked 
| 530|0x0000000782400000, 0x0000000782400000, 0x0000000782600000|  0%| F|  |TAMS 0x0000000782400000| PB 0x0000000782400000| Untracked 
| 531|0x0000000782600000, 0x0000000782600000, 0x0000000782800000|  0%| F|  |TAMS 0x0000000782600000| PB 0x0000000782600000| Untracked 
| 532|0x0000000782800000, 0x0000000782800000, 0x0000000782a00000|  0%| F|  |TAMS 0x0000000782800000| PB 0x0000000782800000| Untracked 
| 533|0x0000000782a00000, 0x0000000782a00000, 0x0000000782c00000|  0%| F|  |TAMS 0x0000000782a00000| PB 0x0000000782a00000| Untracked 
| 534|0x0000000782c00000, 0x0000000782c00000, 0x0000000782e00000|  0%| F|  |TAMS 0x0000000782c00000| PB 0x0000000782c00000| Untracked 
| 535|0x0000000782e00000, 0x0000000782e00000, 0x0000000783000000|  0%| F|  |TAMS 0x0000000782e00000| PB 0x0000000782e00000| Untracked 
| 536|0x0000000783000000, 0x0000000783000000, 0x0000000783200000|  0%| F|  |TAMS 0x0000000783000000| PB 0x0000000783000000| Untracked 
| 537|0x0000000783200000, 0x0000000783200000, 0x0000000783400000|  0%| F|  |TAMS 0x0000000783200000| PB 0x0000000783200000| Untracked 
| 538|0x0000000783400000, 0x0000000783400000, 0x0000000783600000|  0%| F|  |TAMS 0x0000000783400000| PB 0x0000000783400000| Untracked 
| 539|0x0000000783600000, 0x0000000783600000, 0x0000000783800000|  0%| F|  |TAMS 0x0000000783600000| PB 0x0000000783600000| Untracked 
| 540|0x0000000783800000, 0x0000000783800000, 0x0000000783a00000|  0%| F|  |TAMS 0x0000000783800000| PB 0x0000000783800000| Untracked 
| 541|0x0000000783a00000, 0x0000000783a00000, 0x0000000783c00000|  0%| F|  |TAMS 0x0000000783a00000| PB 0x0000000783a00000| Untracked 
| 542|0x0000000783c00000, 0x0000000783c00000, 0x0000000783e00000|  0%| F|  |TAMS 0x0000000783c00000| PB 0x0000000783c00000| Untracked 
| 543|0x0000000783e00000, 0x0000000783e00000, 0x0000000784000000|  0%| F|  |TAMS 0x0000000783e00000| PB 0x0000000783e00000| Untracked 
| 544|0x0000000784000000, 0x0000000784000000, 0x0000000784200000|  0%| F|  |TAMS 0x0000000784000000| PB 0x0000000784000000| Untracked 
| 545|0x0000000784200000, 0x0000000784200000, 0x0000000784400000|  0%| F|  |TAMS 0x0000000784200000| PB 0x0000000784200000| Untracked 
| 546|0x0000000784400000, 0x0000000784400000, 0x0000000784600000|  0%| F|  |TAMS 0x0000000784400000| PB 0x0000000784400000| Untracked 
| 547|0x0000000784600000, 0x0000000784600000, 0x0000000784800000|  0%| F|  |TAMS 0x0000000784600000| PB 0x0000000784600000| Untracked 
| 548|0x0000000784800000, 0x0000000784800000, 0x0000000784a00000|  0%| F|  |TAMS 0x0000000784800000| PB 0x0000000784800000| Untracked 
| 549|0x0000000784a00000, 0x0000000784a00000, 0x0000000784c00000|  0%| F|  |TAMS 0x0000000784a00000| PB 0x0000000784a00000| Untracked 
| 550|0x0000000784c00000, 0x0000000784c00000, 0x0000000784e00000|  0%| F|  |TAMS 0x0000000784c00000| PB 0x0000000784c00000| Untracked 
| 551|0x0000000784e00000, 0x0000000784e00000, 0x0000000785000000|  0%| F|  |TAMS 0x0000000784e00000| PB 0x0000000784e00000| Untracked 
| 552|0x0000000785000000, 0x0000000785000000, 0x0000000785200000|  0%| F|  |TAMS 0x0000000785000000| PB 0x0000000785000000| Untracked 
| 553|0x0000000785200000, 0x0000000785200000, 0x0000000785400000|  0%| F|  |TAMS 0x0000000785200000| PB 0x0000000785200000| Untracked 
| 554|0x0000000785400000, 0x0000000785400000, 0x0000000785600000|  0%| F|  |TAMS 0x0000000785400000| PB 0x0000000785400000| Untracked 
| 555|0x0000000785600000, 0x0000000785600000, 0x0000000785800000|  0%| F|  |TAMS 0x0000000785600000| PB 0x0000000785600000| Untracked 
| 556|0x0000000785800000, 0x0000000785800000, 0x0000000785a00000|  0%| F|  |TAMS 0x0000000785800000| PB 0x0000000785800000| Untracked 
| 557|0x0000000785a00000, 0x0000000785a00000, 0x0000000785c00000|  0%| F|  |TAMS 0x0000000785a00000| PB 0x0000000785a00000| Untracked 
| 558|0x0000000785c00000, 0x0000000785c00000, 0x0000000785e00000|  0%| F|  |TAMS 0x0000000785c00000| PB 0x0000000785c00000| Untracked 
| 559|0x0000000785e00000, 0x0000000785e00000, 0x0000000786000000|  0%| F|  |TAMS 0x0000000785e00000| PB 0x0000000785e00000| Untracked 
| 560|0x0000000786000000, 0x0000000786000000, 0x0000000786200000|  0%| F|  |TAMS 0x0000000786000000| PB 0x0000000786000000| Untracked 
| 561|0x0000000786200000, 0x0000000786200000, 0x0000000786400000|  0%| F|  |TAMS 0x0000000786200000| PB 0x0000000786200000| Untracked 
| 562|0x0000000786400000, 0x0000000786400000, 0x0000000786600000|  0%| F|  |TAMS 0x0000000786400000| PB 0x0000000786400000| Untracked 
| 563|0x0000000786600000, 0x0000000786600000, 0x0000000786800000|  0%| F|  |TAMS 0x0000000786600000| PB 0x0000000786600000| Untracked 
| 564|0x0000000786800000, 0x0000000786800000, 0x0000000786a00000|  0%| F|  |TAMS 0x0000000786800000| PB 0x0000000786800000| Untracked 
| 565|0x0000000786a00000, 0x0000000786a00000, 0x0000000786c00000|  0%| F|  |TAMS 0x0000000786a00000| PB 0x0000000786a00000| Untracked 
| 566|0x0000000786c00000, 0x0000000786c00000, 0x0000000786e00000|  0%| F|  |TAMS 0x0000000786c00000| PB 0x0000000786c00000| Untracked 
| 567|0x0000000786e00000, 0x0000000786e00000, 0x0000000787000000|  0%| F|  |TAMS 0x0000000786e00000| PB 0x0000000786e00000| Untracked 
| 568|0x0000000787000000, 0x0000000787000000, 0x0000000787200000|  0%| F|  |TAMS 0x0000000787000000| PB 0x0000000787000000| Untracked 
| 569|0x0000000787200000, 0x0000000787200000, 0x0000000787400000|  0%| F|  |TAMS 0x0000000787200000| PB 0x0000000787200000| Untracked 
| 570|0x0000000787400000, 0x0000000787400000, 0x0000000787600000|  0%| F|  |TAMS 0x0000000787400000| PB 0x0000000787400000| Untracked 
| 571|0x0000000787600000, 0x0000000787600000, 0x0000000787800000|  0%| F|  |TAMS 0x0000000787600000| PB 0x0000000787600000| Untracked 
| 572|0x0000000787800000, 0x0000000787800000, 0x0000000787a00000|  0%| F|  |TAMS 0x0000000787800000| PB 0x0000000787800000| Untracked 
| 573|0x0000000787a00000, 0x0000000787a00000, 0x0000000787c00000|  0%| F|  |TAMS 0x0000000787a00000| PB 0x0000000787a00000| Untracked 
| 574|0x0000000787c00000, 0x0000000787c00000, 0x0000000787e00000|  0%| F|  |TAMS 0x0000000787c00000| PB 0x0000000787c00000| Untracked 
| 575|0x0000000787e00000, 0x0000000787e00000, 0x0000000788000000|  0%| F|  |TAMS 0x0000000787e00000| PB 0x0000000787e00000| Untracked 
| 576|0x0000000788000000, 0x0000000788000000, 0x0000000788200000|  0%| F|  |TAMS 0x0000000788000000| PB 0x0000000788000000| Untracked 
| 577|0x0000000788200000, 0x0000000788200000, 0x0000000788400000|  0%| F|  |TAMS 0x0000000788200000| PB 0x0000000788200000| Untracked 
| 578|0x0000000788400000, 0x0000000788400000, 0x0000000788600000|  0%| F|  |TAMS 0x0000000788400000| PB 0x0000000788400000| Untracked 
| 579|0x0000000788600000, 0x0000000788600000, 0x0000000788800000|  0%| F|  |TAMS 0x0000000788600000| PB 0x0000000788600000| Untracked 
| 580|0x0000000788800000, 0x0000000788800000, 0x0000000788a00000|  0%| F|  |TAMS 0x0000000788800000| PB 0x0000000788800000| Untracked 
| 581|0x0000000788a00000, 0x0000000788a00000, 0x0000000788c00000|  0%| F|  |TAMS 0x0000000788a00000| PB 0x0000000788a00000| Untracked 
| 582|0x0000000788c00000, 0x0000000788c00000, 0x0000000788e00000|  0%| F|  |TAMS 0x0000000788c00000| PB 0x0000000788c00000| Untracked 
| 583|0x0000000788e00000, 0x0000000788e00000, 0x0000000789000000|  0%| F|  |TAMS 0x0000000788e00000| PB 0x0000000788e00000| Untracked 
| 584|0x0000000789000000, 0x0000000789000000, 0x0000000789200000|  0%| F|  |TAMS 0x0000000789000000| PB 0x0000000789000000| Untracked 
| 585|0x0000000789200000, 0x0000000789200000, 0x0000000789400000|  0%| F|  |TAMS 0x0000000789200000| PB 0x0000000789200000| Untracked 
| 586|0x0000000789400000, 0x0000000789400000, 0x0000000789600000|  0%| F|  |TAMS 0x0000000789400000| PB 0x0000000789400000| Untracked 
| 587|0x0000000789600000, 0x0000000789600000, 0x0000000789800000|  0%| F|  |TAMS 0x0000000789600000| PB 0x0000000789600000| Untracked 
| 588|0x0000000789800000, 0x0000000789800000, 0x0000000789a00000|  0%| F|  |TAMS 0x0000000789800000| PB 0x0000000789800000| Untracked 
| 589|0x0000000789a00000, 0x0000000789a00000, 0x0000000789c00000|  0%| F|  |TAMS 0x0000000789a00000| PB 0x0000000789a00000| Untracked 
| 590|0x0000000789c00000, 0x0000000789c00000, 0x0000000789e00000|  0%| F|  |TAMS 0x0000000789c00000| PB 0x0000000789c00000| Untracked 
| 591|0x0000000789e00000, 0x0000000789e00000, 0x000000078a000000|  0%| F|  |TAMS 0x0000000789e00000| PB 0x0000000789e00000| Untracked 
| 592|0x000000078a000000, 0x000000078a000000, 0x000000078a200000|  0%| F|  |TAMS 0x000000078a000000| PB 0x000000078a000000| Untracked 
| 593|0x000000078a200000, 0x000000078a200000, 0x000000078a400000|  0%| F|  |TAMS 0x000000078a200000| PB 0x000000078a200000| Untracked 
| 594|0x000000078a400000, 0x000000078a400000, 0x000000078a600000|  0%| F|  |TAMS 0x000000078a400000| PB 0x000000078a400000| Untracked 
| 595|0x000000078a600000, 0x000000078a600000, 0x000000078a800000|  0%| F|  |TAMS 0x000000078a600000| PB 0x000000078a600000| Untracked 
| 596|0x000000078a800000, 0x000000078a800000, 0x000000078aa00000|  0%| F|  |TAMS 0x000000078a800000| PB 0x000000078a800000| Untracked 
| 597|0x000000078aa00000, 0x000000078aa00000, 0x000000078ac00000|  0%| F|  |TAMS 0x000000078aa00000| PB 0x000000078aa00000| Untracked 
| 598|0x000000078ac00000, 0x000000078ac00000, 0x000000078ae00000|  0%| F|  |TAMS 0x000000078ac00000| PB 0x000000078ac00000| Untracked 
| 599|0x000000078ae00000, 0x000000078ae00000, 0x000000078b000000|  0%| F|  |TAMS 0x000000078ae00000| PB 0x000000078ae00000| Untracked 
| 600|0x000000078b000000, 0x000000078b000000, 0x000000078b200000|  0%| F|  |TAMS 0x000000078b000000| PB 0x000000078b000000| Untracked 
| 601|0x000000078b200000, 0x000000078b200000, 0x000000078b400000|  0%| F|  |TAMS 0x000000078b200000| PB 0x000000078b200000| Untracked 
| 602|0x000000078b400000, 0x000000078b400000, 0x000000078b600000|  0%| F|  |TAMS 0x000000078b400000| PB 0x000000078b400000| Untracked 
| 603|0x000000078b600000, 0x000000078b600000, 0x000000078b800000|  0%| F|  |TAMS 0x000000078b600000| PB 0x000000078b600000| Untracked 
| 604|0x000000078b800000, 0x000000078b800000, 0x000000078ba00000|  0%| F|  |TAMS 0x000000078b800000| PB 0x000000078b800000| Untracked 
| 605|0x000000078ba00000, 0x000000078ba00000, 0x000000078bc00000|  0%| F|  |TAMS 0x000000078ba00000| PB 0x000000078ba00000| Untracked 
| 606|0x000000078bc00000, 0x000000078bc00000, 0x000000078be00000|  0%| F|  |TAMS 0x000000078bc00000| PB 0x000000078bc00000| Untracked 
| 607|0x000000078be00000, 0x000000078be00000, 0x000000078c000000|  0%| F|  |TAMS 0x000000078be00000| PB 0x000000078be00000| Untracked 
| 608|0x000000078c000000, 0x000000078c000000, 0x000000078c200000|  0%| F|  |TAMS 0x000000078c000000| PB 0x000000078c000000| Untracked 
| 609|0x000000078c200000, 0x000000078c200000, 0x000000078c400000|  0%| F|  |TAMS 0x000000078c200000| PB 0x000000078c200000| Untracked 
| 610|0x000000078c400000, 0x000000078c400000, 0x000000078c600000|  0%| F|  |TAMS 0x000000078c400000| PB 0x000000078c400000| Untracked 
| 611|0x000000078c600000, 0x000000078c600000, 0x000000078c800000|  0%| F|  |TAMS 0x000000078c600000| PB 0x000000078c600000| Untracked 
| 612|0x000000078c800000, 0x000000078c800000, 0x000000078ca00000|  0%| F|  |TAMS 0x000000078c800000| PB 0x000000078c800000| Untracked 
| 613|0x000000078ca00000, 0x000000078ca00000, 0x000000078cc00000|  0%| F|  |TAMS 0x000000078ca00000| PB 0x000000078ca00000| Untracked 
| 614|0x000000078cc00000, 0x000000078cc00000, 0x000000078ce00000|  0%| F|  |TAMS 0x000000078cc00000| PB 0x000000078cc00000| Untracked 
| 615|0x000000078ce00000, 0x000000078ce00000, 0x000000078d000000|  0%| F|  |TAMS 0x000000078ce00000| PB 0x000000078ce00000| Untracked 
| 616|0x000000078d000000, 0x000000078d000000, 0x000000078d200000|  0%| F|  |TAMS 0x000000078d000000| PB 0x000000078d000000| Untracked 
| 617|0x000000078d200000, 0x000000078d200000, 0x000000078d400000|  0%| F|  |TAMS 0x000000078d200000| PB 0x000000078d200000| Untracked 
| 618|0x000000078d400000, 0x000000078d400000, 0x000000078d600000|  0%| F|  |TAMS 0x000000078d400000| PB 0x000000078d400000| Untracked 
| 619|0x000000078d600000, 0x000000078d600000, 0x000000078d800000|  0%| F|  |TAMS 0x000000078d600000| PB 0x000000078d600000| Untracked 
| 620|0x000000078d800000, 0x000000078d800000, 0x000000078da00000|  0%| F|  |TAMS 0x000000078d800000| PB 0x000000078d800000| Untracked 
| 621|0x000000078da00000, 0x000000078da00000, 0x000000078dc00000|  0%| F|  |TAMS 0x000000078da00000| PB 0x000000078da00000| Untracked 
| 622|0x000000078dc00000, 0x000000078dc00000, 0x000000078de00000|  0%| F|  |TAMS 0x000000078dc00000| PB 0x000000078dc00000| Untracked 
| 623|0x000000078de00000, 0x000000078de00000, 0x000000078e000000|  0%| F|  |TAMS 0x000000078de00000| PB 0x000000078de00000| Untracked 
| 624|0x000000078e000000, 0x000000078e000000, 0x000000078e200000|  0%| F|  |TAMS 0x000000078e000000| PB 0x000000078e000000| Untracked 
| 625|0x000000078e200000, 0x000000078e200000, 0x000000078e400000|  0%| F|  |TAMS 0x000000078e200000| PB 0x000000078e200000| Untracked 
| 626|0x000000078e400000, 0x000000078e400000, 0x000000078e600000|  0%| F|  |TAMS 0x000000078e400000| PB 0x000000078e400000| Untracked 
| 627|0x000000078e600000, 0x000000078e600000, 0x000000078e800000|  0%| F|  |TAMS 0x000000078e600000| PB 0x000000078e600000| Untracked 
| 628|0x000000078e800000, 0x000000078e800000, 0x000000078ea00000|  0%| F|  |TAMS 0x000000078e800000| PB 0x000000078e800000| Untracked 
| 629|0x000000078ea00000, 0x000000078ea00000, 0x000000078ec00000|  0%| F|  |TAMS 0x000000078ea00000| PB 0x000000078ea00000| Untracked 
| 630|0x000000078ec00000, 0x000000078ec00000, 0x000000078ee00000|  0%| F|  |TAMS 0x000000078ec00000| PB 0x000000078ec00000| Untracked 
| 631|0x000000078ee00000, 0x000000078ee00000, 0x000000078f000000|  0%| F|  |TAMS 0x000000078ee00000| PB 0x000000078ee00000| Untracked 
| 632|0x000000078f000000, 0x000000078f000000, 0x000000078f200000|  0%| F|  |TAMS 0x000000078f000000| PB 0x000000078f000000| Untracked 
| 633|0x000000078f200000, 0x000000078f200000, 0x000000078f400000|  0%| F|  |TAMS 0x000000078f200000| PB 0x000000078f200000| Untracked 
| 634|0x000000078f400000, 0x000000078f400000, 0x000000078f600000|  0%| F|  |TAMS 0x000000078f400000| PB 0x000000078f400000| Untracked 
| 635|0x000000078f600000, 0x000000078f600000, 0x000000078f800000|  0%| F|  |TAMS 0x000000078f600000| PB 0x000000078f600000| Untracked 
| 636|0x000000078f800000, 0x000000078f800000, 0x000000078fa00000|  0%| F|  |TAMS 0x000000078f800000| PB 0x000000078f800000| Untracked 
| 637|0x000000078fa00000, 0x000000078fa00000, 0x000000078fc00000|  0%| F|  |TAMS 0x000000078fa00000| PB 0x000000078fa00000| Untracked 
| 638|0x000000078fc00000, 0x000000078fc00000, 0x000000078fe00000|  0%| F|  |TAMS 0x000000078fc00000| PB 0x000000078fc00000| Untracked 
| 639|0x000000078fe00000, 0x000000078fe00000, 0x0000000790000000|  0%| F|  |TAMS 0x000000078fe00000| PB 0x000000078fe00000| Untracked 
| 640|0x0000000790000000, 0x0000000790000000, 0x0000000790200000|  0%| F|  |TAMS 0x0000000790000000| PB 0x0000000790000000| Untracked 
| 641|0x0000000790200000, 0x0000000790200000, 0x0000000790400000|  0%| F|  |TAMS 0x0000000790200000| PB 0x0000000790200000| Untracked 
| 642|0x0000000790400000, 0x0000000790400000, 0x0000000790600000|  0%| F|  |TAMS 0x0000000790400000| PB 0x0000000790400000| Untracked 
| 643|0x0000000790600000, 0x0000000790600000, 0x0000000790800000|  0%| F|  |TAMS 0x0000000790600000| PB 0x0000000790600000| Untracked 
| 644|0x0000000790800000, 0x0000000790800000, 0x0000000790a00000|  0%| F|  |TAMS 0x0000000790800000| PB 0x0000000790800000| Untracked 
| 645|0x0000000790a00000, 0x0000000790a00000, 0x0000000790c00000|  0%| F|  |TAMS 0x0000000790a00000| PB 0x0000000790a00000| Untracked 
| 646|0x0000000790c00000, 0x0000000790c00000, 0x0000000790e00000|  0%| F|  |TAMS 0x0000000790c00000| PB 0x0000000790c00000| Untracked 
| 647|0x0000000790e00000, 0x0000000790e00000, 0x0000000791000000|  0%| F|  |TAMS 0x0000000790e00000| PB 0x0000000790e00000| Untracked 
| 648|0x0000000791000000, 0x0000000791000000, 0x0000000791200000|  0%| F|  |TAMS 0x0000000791000000| PB 0x0000000791000000| Untracked 
| 649|0x0000000791200000, 0x0000000791200000, 0x0000000791400000|  0%| F|  |TAMS 0x0000000791200000| PB 0x0000000791200000| Untracked 
| 650|0x0000000791400000, 0x0000000791400000, 0x0000000791600000|  0%| F|  |TAMS 0x0000000791400000| PB 0x0000000791400000| Untracked 
| 651|0x0000000791600000, 0x0000000791600000, 0x0000000791800000|  0%| F|  |TAMS 0x0000000791600000| PB 0x0000000791600000| Untracked 
| 652|0x0000000791800000, 0x0000000791800000, 0x0000000791a00000|  0%| F|  |TAMS 0x0000000791800000| PB 0x0000000791800000| Untracked 
| 653|0x0000000791a00000, 0x0000000791a00000, 0x0000000791c00000|  0%| F|  |TAMS 0x0000000791a00000| PB 0x0000000791a00000| Untracked 
| 654|0x0000000791c00000, 0x0000000791c00000, 0x0000000791e00000|  0%| F|  |TAMS 0x0000000791c00000| PB 0x0000000791c00000| Untracked 
| 655|0x0000000791e00000, 0x0000000791e00000, 0x0000000792000000|  0%| F|  |TAMS 0x0000000791e00000| PB 0x0000000791e00000| Untracked 
| 656|0x0000000792000000, 0x0000000792000000, 0x0000000792200000|  0%| F|  |TAMS 0x0000000792000000| PB 0x0000000792000000| Untracked 
| 657|0x0000000792200000, 0x0000000792200000, 0x0000000792400000|  0%| F|  |TAMS 0x0000000792200000| PB 0x0000000792200000| Untracked 
| 658|0x0000000792400000, 0x0000000792400000, 0x0000000792600000|  0%| F|  |TAMS 0x0000000792400000| PB 0x0000000792400000| Untracked 
| 659|0x0000000792600000, 0x0000000792600000, 0x0000000792800000|  0%| F|  |TAMS 0x0000000792600000| PB 0x0000000792600000| Untracked 
| 660|0x0000000792800000, 0x0000000792800000, 0x0000000792a00000|  0%| F|  |TAMS 0x0000000792800000| PB 0x0000000792800000| Untracked 
| 661|0x0000000792a00000, 0x0000000792a00000, 0x0000000792c00000|  0%| F|  |TAMS 0x0000000792a00000| PB 0x0000000792a00000| Untracked 
| 662|0x0000000792c00000, 0x0000000792c00000, 0x0000000792e00000|  0%| F|  |TAMS 0x0000000792c00000| PB 0x0000000792c00000| Untracked 
| 663|0x0000000792e00000, 0x0000000792e00000, 0x0000000793000000|  0%| F|  |TAMS 0x0000000792e00000| PB 0x0000000792e00000| Untracked 
| 664|0x0000000793000000, 0x0000000793000000, 0x0000000793200000|  0%| F|  |TAMS 0x0000000793000000| PB 0x0000000793000000| Untracked 
| 665|0x0000000793200000, 0x0000000793200000, 0x0000000793400000|  0%| F|  |TAMS 0x0000000793200000| PB 0x0000000793200000| Untracked 
| 666|0x0000000793400000, 0x0000000793400000, 0x0000000793600000|  0%| F|  |TAMS 0x0000000793400000| PB 0x0000000793400000| Untracked 
| 667|0x0000000793600000, 0x0000000793600000, 0x0000000793800000|  0%| F|  |TAMS 0x0000000793600000| PB 0x0000000793600000| Untracked 
| 668|0x0000000793800000, 0x0000000793800000, 0x0000000793a00000|  0%| F|  |TAMS 0x0000000793800000| PB 0x0000000793800000| Untracked 
| 669|0x0000000793a00000, 0x0000000793a00000, 0x0000000793c00000|  0%| F|  |TAMS 0x0000000793a00000| PB 0x0000000793a00000| Untracked 
| 670|0x0000000793c00000, 0x0000000793c00000, 0x0000000793e00000|  0%| F|  |TAMS 0x0000000793c00000| PB 0x0000000793c00000| Untracked 
| 671|0x0000000793e00000, 0x0000000793e00000, 0x0000000794000000|  0%| F|  |TAMS 0x0000000793e00000| PB 0x0000000793e00000| Untracked 
| 672|0x0000000794000000, 0x0000000794000000, 0x0000000794200000|  0%| F|  |TAMS 0x0000000794000000| PB 0x0000000794000000| Untracked 
| 673|0x0000000794200000, 0x0000000794200000, 0x0000000794400000|  0%| F|  |TAMS 0x0000000794200000| PB 0x0000000794200000| Untracked 
| 674|0x0000000794400000, 0x0000000794400000, 0x0000000794600000|  0%| F|  |TAMS 0x0000000794400000| PB 0x0000000794400000| Untracked 
| 675|0x0000000794600000, 0x0000000794600000, 0x0000000794800000|  0%| F|  |TAMS 0x0000000794600000| PB 0x0000000794600000| Untracked 
| 676|0x0000000794800000, 0x0000000794800000, 0x0000000794a00000|  0%| F|  |TAMS 0x0000000794800000| PB 0x0000000794800000| Untracked 
| 677|0x0000000794a00000, 0x0000000794a00000, 0x0000000794c00000|  0%| F|  |TAMS 0x0000000794a00000| PB 0x0000000794a00000| Untracked 
| 678|0x0000000794c00000, 0x0000000794c00000, 0x0000000794e00000|  0%| F|  |TAMS 0x0000000794c00000| PB 0x0000000794c00000| Untracked 
| 679|0x0000000794e00000, 0x0000000794e00000, 0x0000000795000000|  0%| F|  |TAMS 0x0000000794e00000| PB 0x0000000794e00000| Untracked 
| 680|0x0000000795000000, 0x0000000795000000, 0x0000000795200000|  0%| F|  |TAMS 0x0000000795000000| PB 0x0000000795000000| Untracked 
| 681|0x0000000795200000, 0x0000000795200000, 0x0000000795400000|  0%| F|  |TAMS 0x0000000795200000| PB 0x0000000795200000| Untracked 
| 682|0x0000000795400000, 0x0000000795400000, 0x0000000795600000|  0%| F|  |TAMS 0x0000000795400000| PB 0x0000000795400000| Untracked 
| 683|0x0000000795600000, 0x0000000795600000, 0x0000000795800000|  0%| F|  |TAMS 0x0000000795600000| PB 0x0000000795600000| Untracked 
| 684|0x0000000795800000, 0x0000000795800000, 0x0000000795a00000|  0%| F|  |TAMS 0x0000000795800000| PB 0x0000000795800000| Untracked 
| 685|0x0000000795a00000, 0x0000000795a00000, 0x0000000795c00000|  0%| F|  |TAMS 0x0000000795a00000| PB 0x0000000795a00000| Untracked 
| 686|0x0000000795c00000, 0x0000000795c00000, 0x0000000795e00000|  0%| F|  |TAMS 0x0000000795c00000| PB 0x0000000795c00000| Untracked 
| 687|0x0000000795e00000, 0x0000000795e00000, 0x0000000796000000|  0%| F|  |TAMS 0x0000000795e00000| PB 0x0000000795e00000| Untracked 
| 688|0x0000000796000000, 0x0000000796000000, 0x0000000796200000|  0%| F|  |TAMS 0x0000000796000000| PB 0x0000000796000000| Untracked 
| 689|0x0000000796200000, 0x0000000796200000, 0x0000000796400000|  0%| F|  |TAMS 0x0000000796200000| PB 0x0000000796200000| Untracked 
| 690|0x0000000796400000, 0x0000000796400000, 0x0000000796600000|  0%| F|  |TAMS 0x0000000796400000| PB 0x0000000796400000| Untracked 
| 691|0x0000000796600000, 0x0000000796600000, 0x0000000796800000|  0%| F|  |TAMS 0x0000000796600000| PB 0x0000000796600000| Untracked 
| 692|0x0000000796800000, 0x0000000796800000, 0x0000000796a00000|  0%| F|  |TAMS 0x0000000796800000| PB 0x0000000796800000| Untracked 
| 693|0x0000000796a00000, 0x0000000796a00000, 0x0000000796c00000|  0%| F|  |TAMS 0x0000000796a00000| PB 0x0000000796a00000| Untracked 
| 694|0x0000000796c00000, 0x0000000796c00000, 0x0000000796e00000|  0%| F|  |TAMS 0x0000000796c00000| PB 0x0000000796c00000| Untracked 
| 695|0x0000000796e00000, 0x0000000796e00000, 0x0000000797000000|  0%| F|  |TAMS 0x0000000796e00000| PB 0x0000000796e00000| Untracked 
| 696|0x0000000797000000, 0x0000000797000000, 0x0000000797200000|  0%| F|  |TAMS 0x0000000797000000| PB 0x0000000797000000| Untracked 
| 697|0x0000000797200000, 0x0000000797200000, 0x0000000797400000|  0%| F|  |TAMS 0x0000000797200000| PB 0x0000000797200000| Untracked 
| 698|0x0000000797400000, 0x0000000797400000, 0x0000000797600000|  0%| F|  |TAMS 0x0000000797400000| PB 0x0000000797400000| Untracked 
| 699|0x0000000797600000, 0x0000000797600000, 0x0000000797800000|  0%| F|  |TAMS 0x0000000797600000| PB 0x0000000797600000| Untracked 
| 700|0x0000000797800000, 0x0000000797800000, 0x0000000797a00000|  0%| F|  |TAMS 0x0000000797800000| PB 0x0000000797800000| Untracked 
| 701|0x0000000797a00000, 0x0000000797a00000, 0x0000000797c00000|  0%| F|  |TAMS 0x0000000797a00000| PB 0x0000000797a00000| Untracked 
| 702|0x0000000797c00000, 0x0000000797c00000, 0x0000000797e00000|  0%| F|  |TAMS 0x0000000797c00000| PB 0x0000000797c00000| Untracked 
| 703|0x0000000797e00000, 0x0000000797e00000, 0x0000000798000000|  0%| F|  |TAMS 0x0000000797e00000| PB 0x0000000797e00000| Untracked 
| 704|0x0000000798000000, 0x0000000798000000, 0x0000000798200000|  0%| F|  |TAMS 0x0000000798000000| PB 0x0000000798000000| Untracked 
| 705|0x0000000798200000, 0x0000000798200000, 0x0000000798400000|  0%| F|  |TAMS 0x0000000798200000| PB 0x0000000798200000| Untracked 
| 706|0x0000000798400000, 0x0000000798400000, 0x0000000798600000|  0%| F|  |TAMS 0x0000000798400000| PB 0x0000000798400000| Untracked 
| 707|0x0000000798600000, 0x0000000798600000, 0x0000000798800000|  0%| F|  |TAMS 0x0000000798600000| PB 0x0000000798600000| Untracked 
| 708|0x0000000798800000, 0x0000000798800000, 0x0000000798a00000|  0%| F|  |TAMS 0x0000000798800000| PB 0x0000000798800000| Untracked 
| 709|0x0000000798a00000, 0x0000000798a00000, 0x0000000798c00000|  0%| F|  |TAMS 0x0000000798a00000| PB 0x0000000798a00000| Untracked 
| 710|0x0000000798c00000, 0x0000000798c00000, 0x0000000798e00000|  0%| F|  |TAMS 0x0000000798c00000| PB 0x0000000798c00000| Untracked 
| 711|0x0000000798e00000, 0x0000000798e00000, 0x0000000799000000|  0%| F|  |TAMS 0x0000000798e00000| PB 0x0000000798e00000| Untracked 
| 712|0x0000000799000000, 0x0000000799000000, 0x0000000799200000|  0%| F|  |TAMS 0x0000000799000000| PB 0x0000000799000000| Untracked 
| 713|0x0000000799200000, 0x0000000799200000, 0x0000000799400000|  0%| F|  |TAMS 0x0000000799200000| PB 0x0000000799200000| Untracked 
| 714|0x0000000799400000, 0x0000000799400000, 0x0000000799600000|  0%| F|  |TAMS 0x0000000799400000| PB 0x0000000799400000| Untracked 
| 715|0x0000000799600000, 0x0000000799600000, 0x0000000799800000|  0%| F|  |TAMS 0x0000000799600000| PB 0x0000000799600000| Untracked 
| 716|0x0000000799800000, 0x0000000799800000, 0x0000000799a00000|  0%| F|  |TAMS 0x0000000799800000| PB 0x0000000799800000| Untracked 
| 717|0x0000000799a00000, 0x0000000799a00000, 0x0000000799c00000|  0%| F|  |TAMS 0x0000000799a00000| PB 0x0000000799a00000| Untracked 
| 718|0x0000000799c00000, 0x0000000799c00000, 0x0000000799e00000|  0%| F|  |TAMS 0x0000000799c00000| PB 0x0000000799c00000| Untracked 
| 719|0x0000000799e00000, 0x0000000799e00000, 0x000000079a000000|  0%| F|  |TAMS 0x0000000799e00000| PB 0x0000000799e00000| Untracked 
| 720|0x000000079a000000, 0x000000079a000000, 0x000000079a200000|  0%| F|  |TAMS 0x000000079a000000| PB 0x000000079a000000| Untracked 
| 721|0x000000079a200000, 0x000000079a200000, 0x000000079a400000|  0%| F|  |TAMS 0x000000079a200000| PB 0x000000079a200000| Untracked 
| 722|0x000000079a400000, 0x000000079a400000, 0x000000079a600000|  0%| F|  |TAMS 0x000000079a400000| PB 0x000000079a400000| Untracked 
| 723|0x000000079a600000, 0x000000079a600000, 0x000000079a800000|  0%| F|  |TAMS 0x000000079a600000| PB 0x000000079a600000| Untracked 
| 724|0x000000079a800000, 0x000000079a800000, 0x000000079aa00000|  0%| F|  |TAMS 0x000000079a800000| PB 0x000000079a800000| Untracked 
| 725|0x000000079aa00000, 0x000000079aa00000, 0x000000079ac00000|  0%| F|  |TAMS 0x000000079aa00000| PB 0x000000079aa00000| Untracked 
| 726|0x000000079ac00000, 0x000000079ac00000, 0x000000079ae00000|  0%| F|  |TAMS 0x000000079ac00000| PB 0x000000079ac00000| Untracked 
| 727|0x000000079ae00000, 0x000000079ae00000, 0x000000079b000000|  0%| F|  |TAMS 0x000000079ae00000| PB 0x000000079ae00000| Untracked 
| 728|0x000000079b000000, 0x000000079b000000, 0x000000079b200000|  0%| F|  |TAMS 0x000000079b000000| PB 0x000000079b000000| Untracked 
| 729|0x000000079b200000, 0x000000079b200000, 0x000000079b400000|  0%| F|  |TAMS 0x000000079b200000| PB 0x000000079b200000| Untracked 
| 730|0x000000079b400000, 0x000000079b400000, 0x000000079b600000|  0%| F|  |TAMS 0x000000079b400000| PB 0x000000079b400000| Untracked 
| 731|0x000000079b600000, 0x000000079b600000, 0x000000079b800000|  0%| F|  |TAMS 0x000000079b600000| PB 0x000000079b600000| Untracked 
| 732|0x000000079b800000, 0x000000079b800000, 0x000000079ba00000|  0%| F|  |TAMS 0x000000079b800000| PB 0x000000079b800000| Untracked 
| 733|0x000000079ba00000, 0x000000079ba00000, 0x000000079bc00000|  0%| F|  |TAMS 0x000000079ba00000| PB 0x000000079ba00000| Untracked 
| 734|0x000000079bc00000, 0x000000079bc00000, 0x000000079be00000|  0%| F|  |TAMS 0x000000079bc00000| PB 0x000000079bc00000| Untracked 
| 735|0x000000079be00000, 0x000000079be00000, 0x000000079c000000|  0%| F|  |TAMS 0x000000079be00000| PB 0x000000079be00000| Untracked 
| 736|0x000000079c000000, 0x000000079c000000, 0x000000079c200000|  0%| F|  |TAMS 0x000000079c000000| PB 0x000000079c000000| Untracked 
| 737|0x000000079c200000, 0x000000079c200000, 0x000000079c400000|  0%| F|  |TAMS 0x000000079c200000| PB 0x000000079c200000| Untracked 
| 738|0x000000079c400000, 0x000000079c400000, 0x000000079c600000|  0%| F|  |TAMS 0x000000079c400000| PB 0x000000079c400000| Untracked 
| 739|0x000000079c600000, 0x000000079c600000, 0x000000079c800000|  0%| F|  |TAMS 0x000000079c600000| PB 0x000000079c600000| Untracked 
| 740|0x000000079c800000, 0x000000079c800000, 0x000000079ca00000|  0%| F|  |TAMS 0x000000079c800000| PB 0x000000079c800000| Untracked 
| 741|0x000000079ca00000, 0x000000079ca00000, 0x000000079cc00000|  0%| F|  |TAMS 0x000000079ca00000| PB 0x000000079ca00000| Untracked 
| 742|0x000000079cc00000, 0x000000079cc00000, 0x000000079ce00000|  0%| F|  |TAMS 0x000000079cc00000| PB 0x000000079cc00000| Untracked 
| 743|0x000000079ce00000, 0x000000079ce00000, 0x000000079d000000|  0%| F|  |TAMS 0x000000079ce00000| PB 0x000000079ce00000| Untracked 
| 744|0x000000079d000000, 0x000000079d000000, 0x000000079d200000|  0%| F|  |TAMS 0x000000079d000000| PB 0x000000079d000000| Untracked 
| 745|0x000000079d200000, 0x000000079d200000, 0x000000079d400000|  0%| F|  |TAMS 0x000000079d200000| PB 0x000000079d200000| Untracked 
| 746|0x000000079d400000, 0x000000079d400000, 0x000000079d600000|  0%| F|  |TAMS 0x000000079d400000| PB 0x000000079d400000| Untracked 
| 747|0x000000079d600000, 0x000000079d600000, 0x000000079d800000|  0%| F|  |TAMS 0x000000079d600000| PB 0x000000079d600000| Untracked 
| 748|0x000000079d800000, 0x000000079d800000, 0x000000079da00000|  0%| F|  |TAMS 0x000000079d800000| PB 0x000000079d800000| Untracked 
| 749|0x000000079da00000, 0x000000079da00000, 0x000000079dc00000|  0%| F|  |TAMS 0x000000079da00000| PB 0x000000079da00000| Untracked 
| 750|0x000000079dc00000, 0x000000079dc00000, 0x000000079de00000|  0%| F|  |TAMS 0x000000079dc00000| PB 0x000000079dc00000| Untracked 
| 751|0x000000079de00000, 0x000000079de00000, 0x000000079e000000|  0%| F|  |TAMS 0x000000079de00000| PB 0x000000079de00000| Untracked 
| 752|0x000000079e000000, 0x000000079e000000, 0x000000079e200000|  0%| F|  |TAMS 0x000000079e000000| PB 0x000000079e000000| Untracked 
| 753|0x000000079e200000, 0x000000079e200000, 0x000000079e400000|  0%| F|  |TAMS 0x000000079e200000| PB 0x000000079e200000| Untracked 
| 754|0x000000079e400000, 0x000000079e400000, 0x000000079e600000|  0%| F|  |TAMS 0x000000079e400000| PB 0x000000079e400000| Untracked 
| 755|0x000000079e600000, 0x000000079e600000, 0x000000079e800000|  0%| F|  |TAMS 0x000000079e600000| PB 0x000000079e600000| Untracked 
| 756|0x000000079e800000, 0x000000079e800000, 0x000000079ea00000|  0%| F|  |TAMS 0x000000079e800000| PB 0x000000079e800000| Untracked 
| 757|0x000000079ea00000, 0x000000079ea00000, 0x000000079ec00000|  0%| F|  |TAMS 0x000000079ea00000| PB 0x000000079ea00000| Untracked 
| 758|0x000000079ec00000, 0x000000079ec00000, 0x000000079ee00000|  0%| F|  |TAMS 0x000000079ec00000| PB 0x000000079ec00000| Untracked 
| 759|0x000000079ee00000, 0x000000079ee00000, 0x000000079f000000|  0%| F|  |TAMS 0x000000079ee00000| PB 0x000000079ee00000| Untracked 
| 760|0x000000079f000000, 0x000000079f000000, 0x000000079f200000|  0%| F|  |TAMS 0x000000079f000000| PB 0x000000079f000000| Untracked 
| 761|0x000000079f200000, 0x000000079f200000, 0x000000079f400000|  0%| F|  |TAMS 0x000000079f200000| PB 0x000000079f200000| Untracked 
| 762|0x000000079f400000, 0x000000079f400000, 0x000000079f600000|  0%| F|  |TAMS 0x000000079f400000| PB 0x000000079f400000| Untracked 
| 763|0x000000079f600000, 0x000000079f600000, 0x000000079f800000|  0%| F|  |TAMS 0x000000079f600000| PB 0x000000079f600000| Untracked 
| 764|0x000000079f800000, 0x000000079f800000, 0x000000079fa00000|  0%| F|  |TAMS 0x000000079f800000| PB 0x000000079f800000| Untracked 
| 765|0x000000079fa00000, 0x000000079fa00000, 0x000000079fc00000|  0%| F|  |TAMS 0x000000079fa00000| PB 0x000000079fa00000| Untracked 
| 766|0x000000079fc00000, 0x000000079fc00000, 0x000000079fe00000|  0%| F|  |TAMS 0x000000079fc00000| PB 0x000000079fc00000| Untracked 
| 767|0x000000079fe00000, 0x000000079fe00000, 0x00000007a0000000|  0%| F|  |TAMS 0x000000079fe00000| PB 0x000000079fe00000| Untracked 
| 768|0x00000007a0000000, 0x00000007a0000000, 0x00000007a0200000|  0%| F|  |TAMS 0x00000007a0000000| PB 0x00000007a0000000| Untracked 
| 769|0x00000007a0200000, 0x00000007a0200000, 0x00000007a0400000|  0%| F|  |TAMS 0x00000007a0200000| PB 0x00000007a0200000| Untracked 
| 770|0x00000007a0400000, 0x00000007a0400000, 0x00000007a0600000|  0%| F|  |TAMS 0x00000007a0400000| PB 0x00000007a0400000| Untracked 
| 771|0x00000007a0600000, 0x00000007a0600000, 0x00000007a0800000|  0%| F|  |TAMS 0x00000007a0600000| PB 0x00000007a0600000| Untracked 
| 772|0x00000007a0800000, 0x00000007a0800000, 0x00000007a0a00000|  0%| F|  |TAMS 0x00000007a0800000| PB 0x00000007a0800000| Untracked 
| 773|0x00000007a0a00000, 0x00000007a0a00000, 0x00000007a0c00000|  0%| F|  |TAMS 0x00000007a0a00000| PB 0x00000007a0a00000| Untracked 
| 774|0x00000007a0c00000, 0x00000007a0c00000, 0x00000007a0e00000|  0%| F|  |TAMS 0x00000007a0c00000| PB 0x00000007a0c00000| Untracked 
| 775|0x00000007a0e00000, 0x00000007a0e00000, 0x00000007a1000000|  0%| F|  |TAMS 0x00000007a0e00000| PB 0x00000007a0e00000| Untracked 
| 776|0x00000007a1000000, 0x00000007a1000000, 0x00000007a1200000|  0%| F|  |TAMS 0x00000007a1000000| PB 0x00000007a1000000| Untracked 
| 777|0x00000007a1200000, 0x00000007a1200000, 0x00000007a1400000|  0%| F|  |TAMS 0x00000007a1200000| PB 0x00000007a1200000| Untracked 
| 778|0x00000007a1400000, 0x00000007a1400000, 0x00000007a1600000|  0%| F|  |TAMS 0x00000007a1400000| PB 0x00000007a1400000| Untracked 
| 779|0x00000007a1600000, 0x00000007a1700000, 0x00000007a1800000| 50%| E|  |TAMS 0x00000007a1600000| PB 0x00000007a1600000| Complete 
| 780|0x00000007a1800000, 0x00000007a1a00000, 0x00000007a1a00000|100%| E|CS|TAMS 0x00000007a1800000| PB 0x00000007a1800000| Complete 
| 781|0x00000007a1a00000, 0x00000007a1c00000, 0x00000007a1c00000|100%| E|CS|TAMS 0x00000007a1a00000| PB 0x00000007a1a00000| Complete 
| 782|0x00000007a1c00000, 0x00000007a1e00000, 0x00000007a1e00000|100%| E|CS|TAMS 0x00000007a1c00000| PB 0x00000007a1c00000| Complete 
| 783|0x00000007a1e00000, 0x00000007a2000000, 0x00000007a2000000|100%| E|CS|TAMS 0x00000007a1e00000| PB 0x00000007a1e00000| Complete 
| 784|0x00000007a2000000, 0x00000007a2200000, 0x00000007a2200000|100%| E|CS|TAMS 0x00000007a2000000| PB 0x00000007a2000000| Complete 
| 785|0x00000007a2200000, 0x00000007a2400000, 0x00000007a2400000|100%| E|CS|TAMS 0x00000007a2200000| PB 0x00000007a2200000| Complete 
| 786|0x00000007a2400000, 0x00000007a2600000, 0x00000007a2600000|100%| E|CS|TAMS 0x00000007a2400000| PB 0x00000007a2400000| Complete 
| 787|0x00000007a2600000, 0x00000007a2800000, 0x00000007a2800000|100%| E|CS|TAMS 0x00000007a2600000| PB 0x00000007a2600000| Complete 
| 788|0x00000007a2800000, 0x00000007a2a00000, 0x00000007a2a00000|100%| E|CS|TAMS 0x00000007a2800000| PB 0x00000007a2800000| Complete 
| 789|0x00000007a2a00000, 0x00000007a2c00000, 0x00000007a2c00000|100%| E|CS|TAMS 0x00000007a2a00000| PB 0x00000007a2a00000| Complete 
| 790|0x00000007a2c00000, 0x00000007a2e00000, 0x00000007a2e00000|100%| E|CS|TAMS 0x00000007a2c00000| PB 0x00000007a2c00000| Complete 
| 791|0x00000007a2e00000, 0x00000007a3000000, 0x00000007a3000000|100%| E|CS|TAMS 0x00000007a2e00000| PB 0x00000007a2e00000| Complete 
| 792|0x00000007a3000000, 0x00000007a3200000, 0x00000007a3200000|100%| E|CS|TAMS 0x00000007a3000000| PB 0x00000007a3000000| Complete 
| 793|0x00000007a3200000, 0x00000007a3400000, 0x00000007a3400000|100%| E|CS|TAMS 0x00000007a3200000| PB 0x00000007a3200000| Complete 
| 794|0x00000007a3400000, 0x00000007a3600000, 0x00000007a3600000|100%| E|CS|TAMS 0x00000007a3400000| PB 0x00000007a3400000| Complete 
| 795|0x00000007a3600000, 0x00000007a3800000, 0x00000007a3800000|100%| E|CS|TAMS 0x00000007a3600000| PB 0x00000007a3600000| Complete 
| 796|0x00000007a3800000, 0x00000007a3a00000, 0x00000007a3a00000|100%| E|CS|TAMS 0x00000007a3800000| PB 0x00000007a3800000| Complete 
| 797|0x00000007a3a00000, 0x00000007a3c00000, 0x00000007a3c00000|100%| E|CS|TAMS 0x00000007a3a00000| PB 0x00000007a3a00000| Complete 
| 798|0x00000007a3c00000, 0x00000007a3e00000, 0x00000007a3e00000|100%| E|CS|TAMS 0x00000007a3c00000| PB 0x00000007a3c00000| Complete 
| 799|0x00000007a3e00000, 0x00000007a4000000, 0x00000007a4000000|100%| E|CS|TAMS 0x00000007a3e00000| PB 0x00000007a3e00000| Complete 
| 800|0x00000007a4000000, 0x00000007a4200000, 0x00000007a4200000|100%| E|CS|TAMS 0x00000007a4000000| PB 0x00000007a4000000| Complete 
| 801|0x00000007a4200000, 0x00000007a4400000, 0x00000007a4400000|100%| E|CS|TAMS 0x00000007a4200000| PB 0x00000007a4200000| Complete 
| 802|0x00000007a4400000, 0x00000007a4600000, 0x00000007a4600000|100%| E|CS|TAMS 0x00000007a4400000| PB 0x00000007a4400000| Complete 
| 803|0x00000007a4600000, 0x00000007a4800000, 0x00000007a4800000|100%| E|CS|TAMS 0x00000007a4600000| PB 0x00000007a4600000| Complete 
| 804|0x00000007a4800000, 0x00000007a4a00000, 0x00000007a4a00000|100%| E|CS|TAMS 0x00000007a4800000| PB 0x00000007a4800000| Complete 
| 805|0x00000007a4a00000, 0x00000007a4c00000, 0x00000007a4c00000|100%| E|CS|TAMS 0x00000007a4a00000| PB 0x00000007a4a00000| Complete 
| 806|0x00000007a4c00000, 0x00000007a4e00000, 0x00000007a4e00000|100%| E|CS|TAMS 0x00000007a4c00000| PB 0x00000007a4c00000| Complete 
| 807|0x00000007a4e00000, 0x00000007a5000000, 0x00000007a5000000|100%| E|CS|TAMS 0x00000007a4e00000| PB 0x00000007a4e00000| Complete 
| 808|0x00000007a5000000, 0x00000007a5200000, 0x00000007a5200000|100%| E|CS|TAMS 0x00000007a5000000| PB 0x00000007a5000000| Complete 
| 809|0x00000007a5200000, 0x00000007a5400000, 0x00000007a5400000|100%| E|CS|TAMS 0x00000007a5200000| PB 0x00000007a5200000| Complete 
| 810|0x00000007a5400000, 0x00000007a5600000, 0x00000007a5600000|100%| E|CS|TAMS 0x00000007a5400000| PB 0x00000007a5400000| Complete 
| 811|0x00000007a5600000, 0x00000007a5800000, 0x00000007a5800000|100%| E|CS|TAMS 0x00000007a5600000| PB 0x00000007a5600000| Complete 
| 812|0x00000007a5800000, 0x00000007a5a00000, 0x00000007a5a00000|100%| E|CS|TAMS 0x00000007a5800000| PB 0x00000007a5800000| Complete 
| 813|0x00000007a5a00000, 0x00000007a5c00000, 0x00000007a5c00000|100%| E|CS|TAMS 0x00000007a5a00000| PB 0x00000007a5a00000| Complete 
| 814|0x00000007a5c00000, 0x00000007a5e00000, 0x00000007a5e00000|100%| E|CS|TAMS 0x00000007a5c00000| PB 0x00000007a5c00000| Complete 
| 815|0x00000007a5e00000, 0x00000007a6000000, 0x00000007a6000000|100%| E|CS|TAMS 0x00000007a5e00000| PB 0x00000007a5e00000| Complete 
| 816|0x00000007a6000000, 0x00000007a6200000, 0x00000007a6200000|100%| E|CS|TAMS 0x00000007a6000000| PB 0x00000007a6000000| Complete 
| 817|0x00000007a6200000, 0x00000007a6400000, 0x00000007a6400000|100%| E|CS|TAMS 0x00000007a6200000| PB 0x00000007a6200000| Complete 
| 818|0x00000007a6400000, 0x00000007a6600000, 0x00000007a6600000|100%| E|CS|TAMS 0x00000007a6400000| PB 0x00000007a6400000| Complete 
| 819|0x00000007a6600000, 0x00000007a6800000, 0x00000007a6800000|100%| E|CS|TAMS 0x00000007a6600000| PB 0x00000007a6600000| Complete 
| 820|0x00000007a6800000, 0x00000007a6a00000, 0x00000007a6a00000|100%| E|CS|TAMS 0x00000007a6800000| PB 0x00000007a6800000| Complete 
| 821|0x00000007a6a00000, 0x00000007a6c00000, 0x00000007a6c00000|100%| E|CS|TAMS 0x00000007a6a00000| PB 0x00000007a6a00000| Complete 
| 822|0x00000007a6c00000, 0x00000007a6e00000, 0x00000007a6e00000|100%| E|CS|TAMS 0x00000007a6c00000| PB 0x00000007a6c00000| Complete 
| 823|0x00000007a6e00000, 0x00000007a7000000, 0x00000007a7000000|100%| E|CS|TAMS 0x00000007a6e00000| PB 0x00000007a6e00000| Complete 
| 824|0x00000007a7000000, 0x00000007a7200000, 0x00000007a7200000|100%| E|CS|TAMS 0x00000007a7000000| PB 0x00000007a7000000| Complete 
| 825|0x00000007a7200000, 0x00000007a7400000, 0x00000007a7400000|100%| E|CS|TAMS 0x00000007a7200000| PB 0x00000007a7200000| Complete 
| 826|0x00000007a7400000, 0x00000007a7600000, 0x00000007a7600000|100%| E|CS|TAMS 0x00000007a7400000| PB 0x00000007a7400000| Complete 
| 827|0x00000007a7600000, 0x00000007a7800000, 0x00000007a7800000|100%| E|CS|TAMS 0x00000007a7600000| PB 0x00000007a7600000| Complete 
| 828|0x00000007a7800000, 0x00000007a7a00000, 0x00000007a7a00000|100%| E|CS|TAMS 0x00000007a7800000| PB 0x00000007a7800000| Complete 
| 829|0x00000007a7a00000, 0x00000007a7c00000, 0x00000007a7c00000|100%| E|CS|TAMS 0x00000007a7a00000| PB 0x00000007a7a00000| Complete 
| 830|0x00000007a7c00000, 0x00000007a7e00000, 0x00000007a7e00000|100%| E|CS|TAMS 0x00000007a7c00000| PB 0x00000007a7c00000| Complete 
| 831|0x00000007a7e00000, 0x00000007a8000000, 0x00000007a8000000|100%| E|CS|TAMS 0x00000007a7e00000| PB 0x00000007a7e00000| Complete 
| 832|0x00000007a8000000, 0x00000007a8200000, 0x00000007a8200000|100%| E|CS|TAMS 0x00000007a8000000| PB 0x00000007a8000000| Complete 
| 833|0x00000007a8200000, 0x00000007a8400000, 0x00000007a8400000|100%| E|CS|TAMS 0x00000007a8200000| PB 0x00000007a8200000| Complete 
| 834|0x00000007a8400000, 0x00000007a8600000, 0x00000007a8600000|100%| E|CS|TAMS 0x00000007a8400000| PB 0x00000007a8400000| Complete 
| 835|0x00000007a8600000, 0x00000007a8800000, 0x00000007a8800000|100%| E|CS|TAMS 0x00000007a8600000| PB 0x00000007a8600000| Complete 
| 836|0x00000007a8800000, 0x00000007a8a00000, 0x00000007a8a00000|100%| E|CS|TAMS 0x00000007a8800000| PB 0x00000007a8800000| Complete 
| 837|0x00000007a8a00000, 0x00000007a8c00000, 0x00000007a8c00000|100%| E|CS|TAMS 0x00000007a8a00000| PB 0x00000007a8a00000| Complete 
| 838|0x00000007a8c00000, 0x00000007a8e00000, 0x00000007a8e00000|100%| E|CS|TAMS 0x00000007a8c00000| PB 0x00000007a8c00000| Complete 
| 839|0x00000007a8e00000, 0x00000007a9000000, 0x00000007a9000000|100%| E|CS|TAMS 0x00000007a8e00000| PB 0x00000007a8e00000| Complete 
| 840|0x00000007a9000000, 0x00000007a9200000, 0x00000007a9200000|100%| E|CS|TAMS 0x00000007a9000000| PB 0x00000007a9000000| Complete 
| 841|0x00000007a9200000, 0x00000007a9400000, 0x00000007a9400000|100%| E|CS|TAMS 0x00000007a9200000| PB 0x00000007a9200000| Complete 
| 842|0x00000007a9400000, 0x00000007a9600000, 0x00000007a9600000|100%| E|CS|TAMS 0x00000007a9400000| PB 0x00000007a9400000| Complete 
| 843|0x00000007a9600000, 0x00000007a9800000, 0x00000007a9800000|100%| E|CS|TAMS 0x00000007a9600000| PB 0x00000007a9600000| Complete 
| 844|0x00000007a9800000, 0x00000007a9a00000, 0x00000007a9a00000|100%| E|CS|TAMS 0x00000007a9800000| PB 0x00000007a9800000| Complete 
| 845|0x00000007a9a00000, 0x00000007a9c00000, 0x00000007a9c00000|100%| E|CS|TAMS 0x00000007a9a00000| PB 0x00000007a9a00000| Complete 
| 846|0x00000007a9c00000, 0x00000007a9e00000, 0x00000007a9e00000|100%| E|CS|TAMS 0x00000007a9c00000| PB 0x00000007a9c00000| Complete 
| 847|0x00000007a9e00000, 0x00000007aa000000, 0x00000007aa000000|100%| E|CS|TAMS 0x00000007a9e00000| PB 0x00000007a9e00000| Complete 
| 848|0x00000007aa000000, 0x00000007aa200000, 0x00000007aa200000|100%| E|CS|TAMS 0x00000007aa000000| PB 0x00000007aa000000| Complete 
| 849|0x00000007aa200000, 0x00000007aa400000, 0x00000007aa400000|100%| E|CS|TAMS 0x00000007aa200000| PB 0x00000007aa200000| Complete 
| 850|0x00000007aa400000, 0x00000007aa600000, 0x00000007aa600000|100%| E|CS|TAMS 0x00000007aa400000| PB 0x00000007aa400000| Complete 
| 851|0x00000007aa600000, 0x00000007aa800000, 0x00000007aa800000|100%| E|CS|TAMS 0x00000007aa600000| PB 0x00000007aa600000| Complete 
| 852|0x00000007aa800000, 0x00000007aaa00000, 0x00000007aaa00000|100%| E|CS|TAMS 0x00000007aa800000| PB 0x00000007aa800000| Complete 
| 853|0x00000007aaa00000, 0x00000007aac00000, 0x00000007aac00000|100%| E|CS|TAMS 0x00000007aaa00000| PB 0x00000007aaa00000| Complete 
| 854|0x00000007aac00000, 0x00000007aae00000, 0x00000007aae00000|100%| E|CS|TAMS 0x00000007aac00000| PB 0x00000007aac00000| Complete 
| 855|0x00000007aae00000, 0x00000007ab000000, 0x00000007ab000000|100%| E|CS|TAMS 0x00000007aae00000| PB 0x00000007aae00000| Complete 
| 856|0x00000007ab000000, 0x00000007ab200000, 0x00000007ab200000|100%| E|CS|TAMS 0x00000007ab000000| PB 0x00000007ab000000| Complete 
| 857|0x00000007ab200000, 0x00000007ab400000, 0x00000007ab400000|100%| E|CS|TAMS 0x00000007ab200000| PB 0x00000007ab200000| Complete 
| 858|0x00000007ab400000, 0x00000007ab600000, 0x00000007ab600000|100%| E|CS|TAMS 0x00000007ab400000| PB 0x00000007ab400000| Complete 
| 859|0x00000007ab600000, 0x00000007ab800000, 0x00000007ab800000|100%| E|CS|TAMS 0x00000007ab600000| PB 0x00000007ab600000| Complete 
| 860|0x00000007ab800000, 0x00000007aba00000, 0x00000007aba00000|100%| E|CS|TAMS 0x00000007ab800000| PB 0x00000007ab800000| Complete 
|1473|0x00000007f8200000, 0x00000007f8400000, 0x00000007f8400000|100%| O|Cm|TAMS 0x00000007f8200000| PB 0x00000007f8200000| Complete 
|1474|0x00000007f8400000, 0x00000007f8600000, 0x00000007f8600000|100%| O|Cm|TAMS 0x00000007f8400000| PB 0x00000007f8400000| Complete 
|1475|0x00000007f8600000, 0x00000007f8800000, 0x00000007f8800000|100%| O|Cm|TAMS 0x00000007f8600000| PB 0x00000007f8600000| Complete 
|1476|0x00000007f8800000, 0x00000007f8a00000, 0x00000007f8a00000|100%| O|  |TAMS 0x00000007f8800000| PB 0x00000007f8800000| Untracked 
|1477|0x00000007f8a00000, 0x00000007f8c00000, 0x00000007f8c00000|100%| O|  |TAMS 0x00000007f8a00000| PB 0x00000007f8a00000| Untracked 
|1478|0x00000007f8c00000, 0x00000007f8e00000, 0x00000007f8e00000|100%| O|  |TAMS 0x00000007f8c00000| PB 0x00000007f8c00000| Untracked 
|1479|0x00000007f8e00000, 0x00000007f9000000, 0x00000007f9000000|100%| O|  |TAMS 0x00000007f8e00000| PB 0x00000007f8e00000| Untracked 
|1480|0x00000007f9000000, 0x00000007f9200000, 0x00000007f9200000|100%| O|  |TAMS 0x00000007f9000000| PB 0x00000007f9000000| Untracked 
|1481|0x00000007f9200000, 0x00000007f9400000, 0x00000007f9400000|100%| O|  |TAMS 0x00000007f9200000| PB 0x00000007f9200000| Untracked 
|1482|0x00000007f9400000, 0x00000007f9600000, 0x00000007f9600000|100%| O|  |TAMS 0x00000007f9400000| PB 0x00000007f9400000| Untracked 
|1483|0x00000007f9600000, 0x00000007f9800000, 0x00000007f9800000|100%| O|  |TAMS 0x00000007f9600000| PB 0x00000007f9600000| Untracked 
|1484|0x00000007f9800000, 0x00000007f9a00000, 0x00000007f9a00000|100%| O|  |TAMS 0x00000007f9800000| PB 0x00000007f9800000| Untracked 
|1485|0x00000007f9a00000, 0x00000007f9c00000, 0x00000007f9c00000|100%| O|  |TAMS 0x00000007f9a00000| PB 0x00000007f9a00000| Untracked 
|1486|0x00000007f9c00000, 0x00000007f9e00000, 0x00000007f9e00000|100%| O|  |TAMS 0x00000007f9c00000| PB 0x00000007f9c00000| Untracked 
|1487|0x00000007f9e00000, 0x00000007fa000000, 0x00000007fa000000|100%| O|  |TAMS 0x00000007f9e00000| PB 0x00000007f9e00000| Untracked 
|1488|0x00000007fa000000, 0x00000007fa200000, 0x00000007fa200000|100%| O|  |TAMS 0x00000007fa000000| PB 0x00000007fa000000| Untracked 
|1489|0x00000007fa200000, 0x00000007fa400000, 0x00000007fa400000|100%| O|  |TAMS 0x00000007fa200000| PB 0x00000007fa200000| Untracked 
|1490|0x00000007fa400000, 0x00000007fa600000, 0x00000007fa600000|100%| O|  |TAMS 0x00000007fa400000| PB 0x00000007fa400000| Untracked 
|1491|0x00000007fa600000, 0x00000007fa800000, 0x00000007fa800000|100%| O|  |TAMS 0x00000007fa600000| PB 0x00000007fa600000| Untracked 
|1492|0x00000007fa800000, 0x00000007faa00000, 0x00000007faa00000|100%| O|  |TAMS 0x00000007fa800000| PB 0x00000007fa800000| Untracked 
|1493|0x00000007faa00000, 0x00000007fac00000, 0x00000007fac00000|100%| O|  |TAMS 0x00000007faa00000| PB 0x00000007faa00000| Untracked 
|1494|0x00000007fac00000, 0x00000007fae00000, 0x00000007fae00000|100%| O|  |TAMS 0x00000007fac00000| PB 0x00000007fac00000| Untracked 
|1495|0x00000007fae00000, 0x00000007fb000000, 0x00000007fb000000|100%| O|  |TAMS 0x00000007fae00000| PB 0x00000007fae00000| Untracked 
|1496|0x00000007fb000000, 0x00000007fb200000, 0x00000007fb200000|100%| O|  |TAMS 0x00000007fb000000| PB 0x00000007fb000000| Untracked 
|1497|0x00000007fb200000, 0x00000007fb400000, 0x00000007fb400000|100%| O|  |TAMS 0x00000007fb200000| PB 0x00000007fb200000| Untracked 
|1498|0x00000007fb400000, 0x00000007fb600000, 0x00000007fb600000|100%| O|  |TAMS 0x00000007fb400000| PB 0x00000007fb400000| Untracked 
|1499|0x00000007fb600000, 0x00000007fb800000, 0x00000007fb800000|100%| O|  |TAMS 0x00000007fb600000| PB 0x00000007fb600000| Untracked 
|1500|0x00000007fb800000, 0x00000007fba00000, 0x00000007fba00000|100%| O|  |TAMS 0x00000007fb800000| PB 0x00000007fb800000| Untracked 
|1501|0x00000007fba00000, 0x00000007fbc00000, 0x00000007fbc00000|100%| O|  |TAMS 0x00000007fba00000| PB 0x00000007fba00000| Untracked 
|1502|0x00000007fbc00000, 0x00000007fbe00000, 0x00000007fbe00000|100%| O|  |TAMS 0x00000007fbc00000| PB 0x00000007fbc00000| Untracked 
|1503|0x00000007fbe00000, 0x00000007fc000000, 0x00000007fc000000|100%| O|  |TAMS 0x00000007fbe00000| PB 0x00000007fbe00000| Untracked 
|1504|0x00000007fc000000, 0x00000007fc200000, 0x00000007fc200000|100%| O|  |TAMS 0x00000007fc000000| PB 0x00000007fc000000| Untracked 
|1505|0x00000007fc200000, 0x00000007fc400000, 0x00000007fc400000|100%| O|  |TAMS 0x00000007fc200000| PB 0x00000007fc200000| Untracked 
|1506|0x00000007fc400000, 0x00000007fc600000, 0x00000007fc600000|100%| O|  |TAMS 0x00000007fc400000| PB 0x00000007fc400000| Untracked 
|1507|0x00000007fc600000, 0x00000007fc800000, 0x00000007fc800000|100%| O|  |TAMS 0x00000007fc600000| PB 0x00000007fc600000| Untracked 
|1508|0x00000007fc800000, 0x00000007fca00000, 0x00000007fca00000|100%| O|  |TAMS 0x00000007fc800000| PB 0x00000007fc800000| Untracked 
|1509|0x00000007fca00000, 0x00000007fcc00000, 0x00000007fcc00000|100%| O|  |TAMS 0x00000007fca00000| PB 0x00000007fca00000| Untracked 
|1510|0x00000007fcc00000, 0x00000007fce00000, 0x00000007fce00000|100%| O|  |TAMS 0x00000007fcc00000| PB 0x00000007fcc00000| Untracked 
|1511|0x00000007fce00000, 0x00000007fd000000, 0x00000007fd000000|100%| O|  |TAMS 0x00000007fce00000| PB 0x00000007fce00000| Untracked 
|1512|0x00000007fd000000, 0x00000007fd200000, 0x00000007fd200000|100%| O|  |TAMS 0x00000007fd000000| PB 0x00000007fd000000| Untracked 
|1513|0x00000007fd200000, 0x00000007fd400000, 0x00000007fd400000|100%| O|  |TAMS 0x00000007fd200000| PB 0x00000007fd200000| Untracked 
|1514|0x00000007fd400000, 0x00000007fd600000, 0x00000007fd600000|100%| O|  |TAMS 0x00000007fd400000| PB 0x00000007fd400000| Untracked 
|1515|0x00000007fd600000, 0x00000007fd800000, 0x00000007fd800000|100%| O|  |TAMS 0x00000007fd600000| PB 0x00000007fd600000| Untracked 
|1516|0x00000007fd800000, 0x00000007fda00000, 0x00000007fda00000|100%| E|CS|TAMS 0x00000007fd800000| PB 0x00000007fd800000| Complete 
|1517|0x00000007fda00000, 0x00000007fdc00000, 0x00000007fdc00000|100%| E|CS|TAMS 0x00000007fda00000| PB 0x00000007fda00000| Complete 
|1518|0x00000007fdc00000, 0x00000007fde00000, 0x00000007fde00000|100%| E|CS|TAMS 0x00000007fdc00000| PB 0x00000007fdc00000| Complete 
|1519|0x00000007fde00000, 0x00000007fe000000, 0x00000007fe000000|100%| E|CS|TAMS 0x00000007fde00000| PB 0x00000007fde00000| Complete 
|1520|0x00000007fe000000, 0x00000007fe200000, 0x00000007fe200000|100%| O|  |TAMS 0x00000007fe000000| PB 0x00000007fe000000| Untracked 
|1521|0x00000007fe200000, 0x00000007fe400000, 0x00000007fe400000|100%| E|CS|TAMS 0x00000007fe200000| PB 0x00000007fe200000| Complete 
|1522|0x00000007fe400000, 0x00000007fe600000, 0x00000007fe600000|100%| E|CS|TAMS 0x00000007fe400000| PB 0x00000007fe400000| Complete 
|1523|0x00000007fe600000, 0x00000007fe800000, 0x00000007fe800000|100%| E|CS|TAMS 0x00000007fe600000| PB 0x00000007fe600000| Complete 
|1524|0x00000007fe800000, 0x00000007fea00000, 0x00000007fea00000|100%| E|CS|TAMS 0x00000007fe800000| PB 0x00000007fe800000| Complete 
|1525|0x00000007fea00000, 0x00000007fec00000, 0x00000007fec00000|100%| E|CS|TAMS 0x00000007fea00000| PB 0x00000007fea00000| Complete 
|1526|0x00000007fec00000, 0x00000007fee00000, 0x00000007fee00000|100%| E|CS|TAMS 0x00000007fec00000| PB 0x00000007fec00000| Complete 
|1527|0x00000007fee00000, 0x00000007ff000000, 0x00000007ff000000|100%| E|CS|TAMS 0x00000007fee00000| PB 0x00000007fee00000| Complete 
|1528|0x00000007ff000000, 0x00000007ff200000, 0x00000007ff200000|100%| E|CS|TAMS 0x00000007ff000000| PB 0x00000007ff000000| Complete 
|1529|0x00000007ff200000, 0x00000007ff400000, 0x00000007ff400000|100%| E|CS|TAMS 0x00000007ff200000| PB 0x00000007ff200000| Complete 
|1530|0x00000007ff400000, 0x00000007ff600000, 0x00000007ff600000|100%| E|CS|TAMS 0x00000007ff400000| PB 0x00000007ff400000| Complete 
|1531|0x00000007ff600000, 0x00000007ff800000, 0x00000007ff800000|100%| E|CS|TAMS 0x00000007ff600000| PB 0x00000007ff600000| Complete 
|1532|0x00000007ff800000, 0x00000007ffa00000, 0x00000007ffa00000|100%| E|CS|TAMS 0x00000007ff800000| PB 0x00000007ff800000| Complete 
|1533|0x00000007ffa00000, 0x00000007ffc00000, 0x00000007ffc00000|100%| E|CS|TAMS 0x00000007ffa00000| PB 0x00000007ffa00000| Complete 
|1534|0x00000007ffc00000, 0x00000007ffe00000, 0x00000007ffe00000|100%| E|CS|TAMS 0x00000007ffc00000| PB 0x00000007ffc00000| Complete 
|1535|0x00000007ffe00000, 0x0000000800000000, 0x0000000800000000|100%| E|CS|TAMS 0x00000007ffe00000| PB 0x00000007ffe00000| Complete 

Card table byte_map: [0x00000186c6800000,0x00000186c6e00000] _byte_map_base: 0x00000186c2e00000

Marking Bits: (CMBitMap*) 0x00000186ae614480
 Bits: [0x00000186c6e00000, 0x00000186c9e00000)

Polling page: 0x00000186ac110000

Metaspace:

Usage:
  Non-class:    144.34 MB used.
      Class:     21.80 MB used.
       Both:    166.13 MB used.

Virtual space:
  Non-class space:      192.00 MB reserved,     145.62 MB ( 76%) committed,  3 nodes.
      Class space:        1.00 GB reserved,      23.12 MB (  2%) committed,  1 nodes.
             Both:        1.19 GB reserved,     168.75 MB ( 14%) committed. 

Chunk freelists:
   Non-Class:  13.53 MB
       Class:  8.86 MB
        Both:  22.39 MB

MaxMetaspaceSize: unlimited
CompressedClassSpaceSize: 1.00 GB
Initial GC threshold: 21.00 MB
Current GC threshold: 281.19 MB
CDS: on
 - commit_granule_bytes: 65536.
 - commit_granule_words: 8192.
 - virtual_space_node_default_size: 8388608.
 - enlarge_chunks_in_place: 1.
 - use_allocation_guard: 0.


Internal statistics:

num_allocs_failed_limit: 6.
num_arena_births: 5224.
num_arena_deaths: 452.
num_vsnodes_births: 4.
num_vsnodes_deaths: 0.
num_space_committed: 2699.
num_space_uncommitted: 4.
num_chunks_returned_to_freelist: 712.
num_chunks_taken_from_freelist: 13015.
num_chunk_merges: 313.
num_chunk_splits: 8421.
num_chunks_enlarged: 5379.
num_inconsistent_stats: 0.

CodeHeap 'non-profiled nmethods': size=120000Kb used=22725Kb max_used=22725Kb free=97274Kb
 bounds [0x00000186be770000, 0x00000186bfdb0000, 0x00000186c5ca0000]
CodeHeap 'profiled nmethods': size=120000Kb used=35480Kb max_used=47682Kb free=84519Kb
 bounds [0x00000186b6ca0000, 0x00000186b9ba0000, 0x00000186be1d0000]
CodeHeap 'non-nmethods': size=5760Kb used=3268Kb max_used=3358Kb free=2491Kb
 bounds [0x00000186be1d0000, 0x00000186be540000, 0x00000186be770000]
 total_blobs=20239 nmethods=18970 adapters=1170
 compilation: enabled
              stopped_count=0, restarted_count=0
 full_count=0

Compilation events (20 events):
Event: 116.304 Thread 0x0000018719671580 48099       4       com.android.tools.r8.shaking.k1::n (2 bytes)
Event: 116.305 Thread 0x0000018719671580 nmethod 48099 0x00000186bf5b7d10 code [0x00000186bf5b7ea0, 0x00000186bf5b7f28]
Event: 116.305 Thread 0x0000018719671580 48245       4       com.android.tools.r8.graph.h1::G0 (8 bytes)
Event: 116.306 Thread 0x00000186cc2044a0 nmethod 48108 0x00000186bfd90790 code [0x00000186bfd90920, 0x00000186bfd90a90]
Event: 116.306 Thread 0x0000018719671580 nmethod 48245 0x00000186bfd90b90 code [0x00000186bfd90d20, 0x00000186bfd90df8]
Event: 116.306 Thread 0x00000186cc2044a0 48434       4       com.android.tools.r8.graph.E0::a (24 bytes)
Event: 116.306 Thread 0x0000018719671580 48325       4       com.android.tools.r8.internal.X9::r (2 bytes)
Event: 116.306 Thread 0x0000018719671580 nmethod 48325 0x00000186bf5ddf10 code [0x00000186bf5de0a0, 0x00000186bf5de128]
Event: 116.306 Thread 0x0000018719671580 48491       4       com.android.tools.r8.synthesis.N::c (2 bytes)
Event: 116.306 Thread 0x0000018719671580 nmethod 48491 0x00000186bf5ecc10 code [0x00000186bf5ecda0, 0x00000186bf5ece28]
Event: 116.306 Thread 0x0000018719671580 48059       4       com.android.tools.r8.v::getName (8 bytes)
Event: 116.307 Thread 0x0000018719671580 nmethod 48059 0x00000186bf621b90 code [0x00000186bf621d20, 0x00000186bf621dd8]
Event: 116.307 Thread 0x0000018719671580 48480       4       com.android.tools.r8.internal.Oa::<init> (15 bytes)
Event: 116.308 Thread 0x0000018719671580 nmethod 48480 0x00000186bfd90f10 code [0x00000186bfd910a0, 0x00000186bfd91310]
Event: 116.308 Thread 0x0000018719671580 48517       4       com.android.tools.r8.shaking.x::a (65 bytes)
Event: 116.316 Thread 0x0000018719671580 nmethod 48517 0x00000186bfd91390 code [0x00000186bfd915e0, 0x00000186bfd91cf0]
Event: 116.316 Thread 0x0000018719671580 48518       4       com.android.tools.r8.shaking.O::p (214 bytes)
Event: 116.331 Thread 0x00000186cc2044a0 nmethod 48434 0x00000186bfd92510 code [0x00000186bfd92780, 0x00000186bfd936b8]
Event: 116.332 Thread 0x00000186cc2044a0 48521       4       com.android.tools.r8.shaking.O::k (107 bytes)
Event: 116.377 Thread 0x00000186cc204b40 48550       3       com.android.tools.r8.graph.X3::d (14 bytes)

GC Heap History (20 events):
Event: 105.804 GC heap before
{Heap before GC invocations=111 (full 0):
 garbage-first heap   total 1765376K, used 1560354K [0x0000000740000000, 0x0000000800000000)
  region size 2048K, 517 young (1058816K), 34 survivors (69632K)
 Metaspace       used 165829K, committed 168448K, reserved 1245184K
  class space    used 21799K, committed 23104K, reserved 1048576K
}
Event: 105.836 GC heap after
{Heap after GC invocations=112 (full 0):
 garbage-first heap   total 1765376K, used 555726K [0x0000000740000000, 0x0000000800000000)
  region size 2048K, 34 young (69632K), 34 survivors (69632K)
 Metaspace       used 165829K, committed 168448K, reserved 1245184K
  class space    used 21799K, committed 23104K, reserved 1048576K
}
Event: 106.334 GC heap before
{Heap before GC invocations=112 (full 0):
 garbage-first heap   total 1765376K, used 1542862K [0x0000000740000000, 0x0000000800000000)
  region size 2048K, 517 young (1058816K), 34 survivors (69632K)
 Metaspace       used 165862K, committed 168512K, reserved 1245184K
  class space    used 21799K, committed 23104K, reserved 1048576K
}
Event: 106.364 GC heap after
{Heap after GC invocations=113 (full 0):
 garbage-first heap   total 1765376K, used 558798K [0x0000000740000000, 0x0000000800000000)
  region size 2048K, 35 young (71680K), 35 survivors (71680K)
 Metaspace       used 165862K, committed 168512K, reserved 1245184K
  class space    used 21799K, committed 23104K, reserved 1048576K
}
Event: 107.079 GC heap before
{Heap before GC invocations=113 (full 0):
 garbage-first heap   total 1765376K, used 1543886K [0x0000000740000000, 0x0000000800000000)
  region size 2048K, 517 young (1058816K), 35 survivors (71680K)
 Metaspace       used 165877K, committed 168512K, reserved 1245184K
  class space    used 21798K, committed 23104K, reserved 1048576K
}
Event: 107.109 GC heap after
{Heap after GC invocations=114 (full 0):
 garbage-first heap   total 1765376K, used 557677K [0x0000000740000000, 0x0000000800000000)
  region size 2048K, 34 young (69632K), 34 survivors (69632K)
 Metaspace       used 165877K, committed 168512K, reserved 1245184K
  class space    used 21798K, committed 23104K, reserved 1048576K
}
Event: 107.680 GC heap before
{Heap before GC invocations=115 (full 0):
 garbage-first heap   total 1765376K, used 1546861K [0x0000000740000000, 0x0000000800000000)
  region size 2048K, 517 young (1058816K), 34 survivors (69632K)
 Metaspace       used 165926K, committed 168512K, reserved 1245184K
  class space    used 21803K, committed 23104K, reserved 1048576K
}
Event: 107.709 GC heap after
{Heap after GC invocations=116 (full 0):
 garbage-first heap   total 1765376K, used 559725K [0x0000000740000000, 0x0000000800000000)
  region size 2048K, 35 young (71680K), 35 survivors (71680K)
 Metaspace       used 165926K, committed 168512K, reserved 1245184K
  class space    used 21803K, committed 23104K, reserved 1048576K
}
Event: 108.538 GC heap before
{Heap before GC invocations=116 (full 0):
 garbage-first heap   total 1765376K, used 1548909K [0x0000000740000000, 0x0000000800000000)
  region size 2048K, 517 young (1058816K), 35 survivors (71680K)
 Metaspace       used 166405K, committed 169024K, reserved 1245184K
  class space    used 21864K, committed 23168K, reserved 1048576K
}
Event: 108.578 GC heap after
{Heap after GC invocations=117 (full 0):
 garbage-first heap   total 1765376K, used 550345K [0x0000000740000000, 0x0000000800000000)
  region size 2048K, 36 young (73728K), 36 survivors (73728K)
 Metaspace       used 166405K, committed 169024K, reserved 1245184K
  class space    used 21864K, committed 23168K, reserved 1048576K
}
Event: 108.601 GC heap before
{Heap before GC invocations=117 (full 0):
 garbage-first heap   total 1765376K, used 554441K [0x0000000740000000, 0x0000000800000000)
  region size 2048K, 39 young (79872K), 36 survivors (73728K)
 Metaspace       used 166407K, committed 169024K, reserved 1245184K
  class space    used 21864K, committed 23168K, reserved 1048576K
}
Event: 108.627 GC heap after
{Heap after GC invocations=118 (full 0):
 garbage-first heap   total 1765376K, used 553959K [0x0000000740000000, 0x0000000800000000)
  region size 2048K, 21 young (43008K), 21 survivors (43008K)
 Metaspace       used 166407K, committed 169024K, reserved 1245184K
  class space    used 21864K, committed 23168K, reserved 1048576K
}
Event: 112.331 GC heap before
{Heap before GC invocations=119 (full 0):
 garbage-first heap   total 1765376K, used 1586151K [0x0000000740000000, 0x0000000800000000)
  region size 2048K, 517 young (1058816K), 21 survivors (43008K)
 Metaspace       used 169050K, committed 171776K, reserved 1245184K
  class space    used 22184K, committed 23552K, reserved 1048576K
}
Event: 112.341 GC heap after
{Heap after GC invocations=120 (full 0):
 garbage-first heap   total 1765376K, used 529127K [0x0000000740000000, 0x0000000800000000)
  region size 2048K, 8 young (16384K), 8 survivors (16384K)
 Metaspace       used 169050K, committed 171776K, reserved 1245184K
  class space    used 22184K, committed 23552K, reserved 1048576K
}
Event: 113.637 GC heap before
{Heap before GC invocations=120 (full 0):
 garbage-first heap   total 1765376K, used 1651431K [0x0000000740000000, 0x0000000800000000)
  region size 2048K, 517 young (1058816K), 8 survivors (16384K)
 Metaspace       used 170090K, committed 172736K, reserved 1245184K
  class space    used 22319K, committed 23680K, reserved 1048576K
}
Event: 113.751 GC heap after
{Heap after GC invocations=121 (full 0):
 garbage-first heap   total 1892352K, used 735232K [0x0000000740000000, 0x0000000800000000)
  region size 2048K, 65 young (133120K), 65 survivors (133120K)
 Metaspace       used 170090K, committed 172736K, reserved 1245184K
  class space    used 22319K, committed 23680K, reserved 1048576K
}
Event: 114.760 GC heap before
{Heap before GC invocations=121 (full 0):
 garbage-first heap   total 1892352K, used 1660928K [0x0000000740000000, 0x0000000800000000)
  region size 2048K, 518 young (1060864K), 65 survivors (133120K)
 Metaspace       used 170094K, committed 172736K, reserved 1245184K
  class space    used 22319K, committed 23680K, reserved 1048576K
}
Event: 114.864 GC heap after
{Heap after GC invocations=122 (full 0):
 garbage-first heap   total 1892352K, used 809984K [0x0000000740000000, 0x0000000800000000)
  region size 2048K, 35 young (71680K), 35 survivors (71680K)
 Metaspace       used 170094K, committed 172736K, reserved 1245184K
  class space    used 22319K, committed 23680K, reserved 1048576K
}
Event: 116.197 GC heap before
{Heap before GC invocations=123 (full 0):
 garbage-first heap   total 1892352K, used 1680384K [0x0000000740000000, 0x0000000800000000)
  region size 2048K, 461 young (944128K), 35 survivors (71680K)
 Metaspace       used 170105K, committed 172800K, reserved 1245184K
  class space    used 22319K, committed 23680K, reserved 1048576K
}
Event: 116.258 GC heap after
{Heap after GC invocations=124 (full 0):
 garbage-first heap   total 1892352K, used 878592K [0x0000000740000000, 0x0000000800000000)
  region size 2048K, 37 young (75776K), 37 survivors (75776K)
 Metaspace       used 170105K, committed 172800K, reserved 1245184K
  class space    used 22319K, committed 23680K, reserved 1048576K
}

Dll operation events (16 events):
Event: 0.010 Loaded shared library C:\Users\vfxno\AppData\Local\Programs\Eclipse Adoptium\jdk-21.0.6.7-hotspot\bin\java.dll
Event: 0.042 Loaded shared library C:\Users\vfxno\AppData\Local\Programs\Eclipse Adoptium\jdk-21.0.6.7-hotspot\bin\jsvml.dll
Event: 0.086 Loaded shared library C:\Users\vfxno\AppData\Local\Programs\Eclipse Adoptium\jdk-21.0.6.7-hotspot\bin\zip.dll
Event: 0.090 Loaded shared library C:\Users\vfxno\AppData\Local\Programs\Eclipse Adoptium\jdk-21.0.6.7-hotspot\bin\instrument.dll
Event: 0.095 Loaded shared library C:\Users\vfxno\AppData\Local\Programs\Eclipse Adoptium\jdk-21.0.6.7-hotspot\bin\net.dll
Event: 0.097 Loaded shared library C:\Users\vfxno\AppData\Local\Programs\Eclipse Adoptium\jdk-21.0.6.7-hotspot\bin\nio.dll
Event: 0.100 Loaded shared library C:\Users\vfxno\AppData\Local\Programs\Eclipse Adoptium\jdk-21.0.6.7-hotspot\bin\zip.dll
Event: 0.315 Loaded shared library C:\Users\vfxno\AppData\Local\Programs\Eclipse Adoptium\jdk-21.0.6.7-hotspot\bin\jimage.dll
Event: 0.429 Loaded shared library C:\Users\vfxno\AppData\Local\Programs\Eclipse Adoptium\jdk-21.0.6.7-hotspot\bin\verify.dll
Event: 0.525 Loaded shared library C:\Users\vfxno\.gradle\native\1def1411415f61bf3af743bc5b6707747c0891f09f0c88961ee8f79bc544acac\windows-amd64\native-platform.dll
Event: 0.536 Loaded shared library C:\Users\vfxno\.gradle\native\0.2.7\x86_64-windows-gnu\gradle-fileevents.dll
Event: 1.477 Loaded shared library C:\Users\vfxno\AppData\Local\Programs\Eclipse Adoptium\jdk-21.0.6.7-hotspot\bin\management.dll
Event: 1.479 Loaded shared library C:\Users\vfxno\AppData\Local\Programs\Eclipse Adoptium\jdk-21.0.6.7-hotspot\bin\management_ext.dll
Event: 1.617 Loaded shared library C:\Users\vfxno\AppData\Local\Programs\Eclipse Adoptium\jdk-21.0.6.7-hotspot\bin\extnet.dll
Event: 1.838 Loaded shared library C:\Users\vfxno\AppData\Local\Programs\Eclipse Adoptium\jdk-21.0.6.7-hotspot\bin\sunmscapi.dll
Event: 41.100 Loaded shared library C:\Users\vfxno\AppData\Local\Programs\Eclipse Adoptium\jdk-21.0.6.7-hotspot\bin\awt.dll

Deoptimization events (20 events):
Event: 116.155 Thread 0x000001871426c2c0 Uncommon trap: trap_request=0xffffffde fr.pc=0x00000186bf9a2a50 relative=0x0000000000002ed0
Event: 116.155 Thread 0x000001871426c2c0 Uncommon trap: reason=class_check action=maybe_recompile pc=0x00000186bf9a2a50 method=com.android.tools.r8.graph.K4$a$$Lambda/0x00000186cf360000.accept(Ljava/lang/Object;Ljava/lang/Object;)V @ 9 c2
Event: 116.155 Thread 0x000001871426c2c0 DEOPT PACKING pc=0x00000186bf9a2a50 sp=0x0000005bf98fcf30
Event: 116.155 Thread 0x000001871426c2c0 DEOPT UNPACKING pc=0x00000186be2246a2 sp=0x0000005bf98fccd0 mode 2
Event: 116.358 Thread 0x000001871426c2c0 Uncommon trap: trap_request=0xffffff6e fr.pc=0x00000186bfd6ff00 relative=0x0000000000000f80
Event: 116.358 Thread 0x000001871426c2c0 Uncommon trap: reason=loop_limit_check action=maybe_recompile pc=0x00000186bfd6ff00 method=com.android.tools.r8.internal.N.putAll(Ljava/util/Map;)V @ 31 c2
Event: 116.358 Thread 0x000001871426c2c0 DEOPT PACKING pc=0x00000186bfd6ff00 sp=0x0000005bf98fcf60
Event: 116.358 Thread 0x000001871426c2c0 DEOPT UNPACKING pc=0x00000186be2246a2 sp=0x0000005bf98fcec0 mode 2
Event: 116.358 Thread 0x000001871426c2c0 Uncommon trap: trap_request=0xffffff6e fr.pc=0x00000186bf699e98 relative=0x0000000000000678
Event: 116.358 Thread 0x000001871426c2c0 Uncommon trap: reason=loop_limit_check action=maybe_recompile pc=0x00000186bf699e98 method=com.android.tools.r8.internal.N.putAll(Ljava/util/Map;)V @ 31 c2
Event: 116.358 Thread 0x000001871426c2c0 DEOPT PACKING pc=0x00000186bf699e98 sp=0x0000005bf98fce10
Event: 116.358 Thread 0x000001871426c2c0 DEOPT UNPACKING pc=0x00000186be2246a2 sp=0x0000005bf98fcdc8 mode 2
Event: 117.376 Thread 0x000001871a8a55c0 DEOPT PACKING pc=0x00000186b6d04b74 sp=0x0000005bfedfef80
Event: 117.376 Thread 0x000001871a34d4b0 DEOPT PACKING pc=0x00000186b6f9198d sp=0x0000005bff7feee0
Event: 117.376 Thread 0x0000018712c5b760 DEOPT PACKING pc=0x00000186b7167d60 sp=0x0000005bff9fec60
Event: 117.376 Thread 0x000001871a8a55c0 DEOPT UNPACKING pc=0x00000186be224e42 sp=0x0000005bfedfe460 mode 0
Event: 117.376 Thread 0x000001871a34d4b0 DEOPT UNPACKING pc=0x00000186be224e42 sp=0x0000005bff7fe3b0 mode 0
Event: 117.376 Thread 0x000001871a8a3b80 DEOPT PACKING pc=0x00000186b802805e sp=0x0000005bff3ff250
Event: 117.376 Thread 0x0000018712c5b760 DEOPT UNPACKING pc=0x00000186be224e42 sp=0x0000005bff9fe180 mode 0
Event: 117.377 Thread 0x000001871a8a3b80 DEOPT UNPACKING pc=0x00000186be224e42 sp=0x0000005bff3fe798 mode 0

Classes loaded (20 events):
Event: 112.387 Loading class java/security/InvalidAlgorithmParameterException
Event: 112.388 Loading class java/security/InvalidAlgorithmParameterException done
Event: 113.009 Loading class sun/security/rsa/RSACore$BlindingParameters
Event: 113.013 Loading class sun/security/rsa/RSACore$BlindingParameters done
Event: 113.013 Loading class sun/security/jca/JCAUtil$CachedSecureRandomHolder
Event: 113.013 Loading class sun/security/jca/JCAUtil$CachedSecureRandomHolder done
Event: 113.018 Loading class sun/security/rsa/RSACore$BlindingRandomPair
Event: 113.018 Loading class sun/security/rsa/RSACore$BlindingRandomPair done
Event: 113.030 Loading class java/security/spec/InvalidKeySpecException
Event: 113.031 Loading class java/security/spec/InvalidKeySpecException done
Event: 113.031 Loading class java/security/DigestException
Event: 113.031 Loading class java/security/DigestException done
Event: 113.050 Loading class java/nio/BufferOverflowException
Event: 113.051 Loading class java/nio/BufferOverflowException done
Event: 113.053 Loading class java/security/spec/MGF1ParameterSpec
Event: 113.053 Loading class java/security/spec/MGF1ParameterSpec done
Event: 113.055 Loading class java/util/concurrent/ForkJoinTask$AdaptedRunnableAction
Event: 113.055 Loading class java/util/concurrent/ForkJoinTask$AdaptedRunnableAction done
Event: 113.073 Loading class java/nio/BufferUnderflowException
Event: 113.073 Loading class java/nio/BufferUnderflowException done

Classes unloaded (20 events):
Event: 92.973 Thread 0x00000186cc1d2220 Unloading class 0x00000186cf201658 'jdk/internal/jimage/ImageReader'
Event: 92.973 Thread 0x00000186cc1d2220 Unloading class 0x00000186cf201438 'jdk/internal/jrtfs/SystemImage$2'
Event: 92.973 Thread 0x00000186cc1d2220 Unloading class 0x00000186cf201228 'jdk/internal/jrtfs/SystemImage$$Lambda+0x00000186cf201228'
Event: 92.973 Thread 0x00000186cc1d2220 Unloading class 0x00000186cf201000 'jdk/internal/jrtfs/ExplodedImage'
Event: 92.973 Thread 0x00000186cc1d2220 Unloading class 0x00000186cf200db0 'jdk/internal/jrtfs/SystemImage$1'
Event: 92.973 Thread 0x00000186cc1d2220 Unloading class 0x00000186cf200ba0 'jdk/internal/jrtfs/SystemImage'
Event: 92.973 Thread 0x00000186cc1d2220 Unloading class 0x00000186cf200948 'jdk/internal/jrtfs/JrtFileStore'
Event: 92.973 Thread 0x00000186cc1d2220 Unloading class 0x00000186cf2005d8 'jdk/internal/jrtfs/JrtPath'
Event: 92.973 Thread 0x00000186cc1d2220 Unloading class 0x00000186cf2002e8 'jdk/internal/jrtfs/JrtFileSystem'
Event: 92.973 Thread 0x00000186cc1d2220 Unloading class 0x00000186cf200000 'jdk/internal/jrtfs/JrtFileSystemProvider'
Event: 106.806 Thread 0x00000186cc1d2220 Unloading class 0x00000186cf5b8c00 'java/lang/invoke/LambdaForm$DMH+0x00000186cf5b8c00'
Event: 106.806 Thread 0x00000186cc1d2220 Unloading class 0x00000186cf5b8400 'java/lang/invoke/LambdaForm$DMH+0x00000186cf5b8400'
Event: 106.806 Thread 0x00000186cc1d2220 Unloading class 0x00000186cf57a000 'java/lang/invoke/LambdaForm$DMH+0x00000186cf57a000'
Event: 106.806 Thread 0x00000186cc1d2220 Unloading class 0x00000186cf579c00 'java/lang/invoke/LambdaForm$DMH+0x00000186cf579c00'
Event: 106.806 Thread 0x00000186cc1d2220 Unloading class 0x00000186cf579800 'java/lang/invoke/LambdaForm$DMH+0x00000186cf579800'
Event: 106.806 Thread 0x00000186cc1d2220 Unloading class 0x00000186cf579400 'java/lang/invoke/LambdaForm$DMH+0x00000186cf579400'
Event: 106.806 Thread 0x00000186cc1d2220 Unloading class 0x00000186cf579000 'java/lang/invoke/LambdaForm$DMH+0x00000186cf579000'
Event: 106.806 Thread 0x00000186cc1d2220 Unloading class 0x00000186cf578c00 'java/lang/invoke/LambdaForm$DMH+0x00000186cf578c00'
Event: 106.806 Thread 0x00000186cc1d2220 Unloading class 0x00000186cf578800 'java/lang/invoke/LambdaForm$DMH+0x00000186cf578800'
Event: 106.806 Thread 0x00000186cc1d2220 Unloading class 0x00000186cf578000 'java/lang/invoke/LambdaForm$DMH+0x00000186cf578000'

Classes redefined (0 events):
No events

Internal exceptions (20 events):
Event: 112.256 Thread 0x0000018718ace5e0 Exception <a 'sun/nio/fs/WindowsException'{0x000000076c349840}> (0x000000076c349840) 
thrown [s\src\hotspot\share\prims\jni.cpp, line 520]
Event: 112.256 Thread 0x0000018718ace5e0 Exception <a 'sun/nio/fs/WindowsException'{0x000000076c34a720}> (0x000000076c34a720) 
thrown [s\src\hotspot\share\prims\jni.cpp, line 520]
Event: 112.256 Thread 0x0000018718ace5e0 Exception <a 'sun/nio/fs/WindowsException'{0x000000076c34a8a0}> (0x000000076c34a8a0) 
thrown [s\src\hotspot\share\prims\jni.cpp, line 520]
Event: 112.267 Thread 0x000001871426c2c0 Exception <a 'sun/nio/fs/WindowsException'{0x000000076cfd78e0}> (0x000000076cfd78e0) 
thrown [s\src\hotspot\share\prims\jni.cpp, line 520]
Event: 112.270 Thread 0x000001871426c2c0 Exception <a 'sun/nio/fs/WindowsException'{0x000000076cfe8d68}> (0x000000076cfe8d68) 
thrown [s\src\hotspot\share\prims\jni.cpp, line 520]
Event: 112.270 Thread 0x000001871426c2c0 Exception <a 'sun/nio/fs/WindowsException'{0x000000076cfe8e58}> (0x000000076cfe8e58) 
thrown [s\src\hotspot\share\prims\jni.cpp, line 520]
Event: 112.270 Thread 0x000001871426c2c0 Exception <a 'sun/nio/fs/WindowsException'{0x000000076cfe8f48}> (0x000000076cfe8f48) 
thrown [s\src\hotspot\share\prims\jni.cpp, line 520]
Event: 112.270 Thread 0x000001871426c2c0 Exception <a 'sun/nio/fs/WindowsException'{0x000000076cfe9048}> (0x000000076cfe9048) 
thrown [s\src\hotspot\share\prims\jni.cpp, line 520]
Event: 112.270 Thread 0x000001871426c2c0 Exception <a 'sun/nio/fs/WindowsException'{0x000000076cfe9148}> (0x000000076cfe9148) 
thrown [s\src\hotspot\share\prims\jni.cpp, line 520]
Event: 112.270 Thread 0x000001871426c2c0 Exception <a 'sun/nio/fs/WindowsException'{0x000000076cfe92d8}> (0x000000076cfe92d8) 
thrown [s\src\hotspot\share\prims\jni.cpp, line 520]
Event: 112.307 Thread 0x0000018719e6eac0 Exception <a 'java/lang/NoSuchMethodError'{0x000000076be9c790}: 'java.lang.Object java.lang.invoke.DirectMethodHandle$Holder.newInvokeSpecial(java.lang.Object, java.lang.Object, java.lang.Object, java.lang.Object, java.lang.Object, int, java.lang.Object)'> (0x000000076be9c790) 
thrown [s\src\hotspot\share\interpreter\linkResolver.cpp, line 773]
Event: 112.307 Thread 0x0000018719e6eac0 Exception <a 'java/lang/NoSuchMethodError'{0x000000076bea09b0}: 'java.lang.Object java.lang.invoke.DirectMethodHandle$Holder.invokeSpecial(java.lang.Object, java.lang.Object, java.lang.Object, java.lang.Object, java.lang.Object, java.lang.Object, int, java.lang.Object)'> (0x000000076bea09b0) 
thrown [s\src\hotspot\share\interpreter\linkResolver.cpp, line 773]
Event: 112.307 Thread 0x0000018719e6eac0 Exception <a 'java/lang/NoSuchMethodError'{0x000000076bea44b0}: 'java.lang.Object java.lang.invoke.Invokers$Holder.linkToTargetMethod(java.lang.Object, java.lang.Object, java.lang.Object, java.lang.Object, int, java.lang.Object, java.lang.Object)'> (0x000000076bea44b0) 
thrown [s\src\hotspot\share\interpreter\linkResolver.cpp, line 773]
Event: 112.381 Thread 0x0000018719e6eac0 Exception <a 'sun/nio/fs/WindowsException'{0x00000007fe96abb8}> (0x00000007fe96abb8) 
thrown [s\src\hotspot\share\prims\jni.cpp, line 520]
Event: 113.062 Thread 0x000001871ab3d810 Implicit null exception at 0x00000186bf2ae6c3 to 0x00000186bf2af304
Event: 113.063 Thread 0x000001871ab2f400 Implicit null exception at 0x00000186beb2710b to 0x00000186beb271e0
Event: 113.136 Thread 0x0000018718acec70 Exception <a 'sun/nio/fs/WindowsException'{0x0000000784a72648}> (0x0000000784a72648) 
thrown [s\src\hotspot\share\prims\jni.cpp, line 520]
Event: 113.136 Thread 0x0000018718acec70 Exception <a 'sun/nio/fs/WindowsException'{0x0000000784a73a18}> (0x0000000784a73a18) 
thrown [s\src\hotspot\share\prims\jni.cpp, line 520]
Event: 113.136 Thread 0x0000018718acec70 Exception <a 'sun/nio/fs/WindowsException'{0x0000000784a73be8}> (0x0000000784a73be8) 
thrown [s\src\hotspot\share\prims\jni.cpp, line 520]
Event: 114.091 Thread 0x000001871426c2c0 Implicit null exception at 0x00000186bf999ba6 to 0x00000186bf99b778

ZGC Phase Switch (0 events):
No events

VM Operations (20 events):
Event: 113.751 Executing VM operation: G1CollectForAllocation (G1 Evacuation Pause) done
Event: 114.690 Executing VM operation: ICBufferFull
Event: 114.690 Executing VM operation: ICBufferFull done
Event: 114.690 Executing VM operation: ICBufferFull
Event: 114.690 Executing VM operation: ICBufferFull done
Event: 114.690 Executing VM operation: ICBufferFull
Event: 114.690 Executing VM operation: ICBufferFull done
Event: 114.690 Executing VM operation: ICBufferFull
Event: 114.691 Executing VM operation: ICBufferFull done
Event: 114.691 Executing VM operation: ICBufferFull
Event: 114.691 Executing VM operation: ICBufferFull done
Event: 114.759 Executing VM operation: G1CollectForAllocation (G1 Evacuation Pause)
Event: 114.864 Executing VM operation: G1CollectForAllocation (G1 Evacuation Pause) done
Event: 115.319 Executing VM operation: G1PauseRemark
Event: 115.334 Executing VM operation: G1PauseRemark done
Event: 115.650 Executing VM operation: G1PauseCleanup
Event: 115.651 Executing VM operation: G1PauseCleanup done
Event: 116.197 Executing VM operation: G1CollectForAllocation (G1 Evacuation Pause)
Event: 116.259 Executing VM operation: G1CollectForAllocation (G1 Evacuation Pause) done
Event: 117.268 Executing VM operation: Cleanup

Memory protections (0 events):
No events

Nmethod flushes (20 events):
Event: 115.331 Thread 0x00000186cc1d2220 flushing  nmethod 0x00000186b9489790
Event: 115.331 Thread 0x00000186cc1d2220 flushing  nmethod 0x00000186b9489f10
Event: 115.331 Thread 0x00000186cc1d2220 flushing  nmethod 0x00000186b948a690
Event: 115.331 Thread 0x00000186cc1d2220 flushing  nmethod 0x00000186b9496410
Event: 115.331 Thread 0x00000186cc1d2220 flushing  nmethod 0x00000186b94fef10
Event: 115.331 Thread 0x00000186cc1d2220 flushing  nmethod 0x00000186b950a410
Event: 115.331 Thread 0x00000186cc1d2220 flushing  nmethod 0x00000186b950f890
Event: 115.331 Thread 0x00000186cc1d2220 flushing  nmethod 0x00000186b950fc90
Event: 115.331 Thread 0x00000186cc1d2220 flushing  nmethod 0x00000186b9624110
Event: 115.331 Thread 0x00000186cc1d2220 flushing  nmethod 0x00000186b9628010
Event: 115.331 Thread 0x00000186cc1d2220 flushing  nmethod 0x00000186b966db90
Event: 115.331 Thread 0x00000186cc1d2220 flushing osr nmethod 0x00000186b966df10
Event: 115.331 Thread 0x00000186cc1d2220 flushing  nmethod 0x00000186b96fa590
Event: 115.331 Thread 0x00000186cc1d2220 flushing  nmethod 0x00000186b971d510
Event: 115.331 Thread 0x00000186cc1d2220 flushing  nmethod 0x00000186b971ec10
Event: 115.331 Thread 0x00000186cc1d2220 flushing  nmethod 0x00000186b9864190
Event: 115.331 Thread 0x00000186cc1d2220 flushing  nmethod 0x00000186b9865090
Event: 115.331 Thread 0x00000186cc1d2220 flushing  nmethod 0x00000186b9865a10
Event: 115.331 Thread 0x00000186cc1d2220 flushing  nmethod 0x00000186b9a05890
Event: 115.331 Thread 0x00000186cc1d2220 flushing  nmethod 0x00000186b9a05f10

Events (20 events):
Event: 79.513 Thread 0x0000018719e6f150 Thread added: 0x000001871a8a34f0
Event: 79.513 Thread 0x00000187198ad290 Thread added: 0x000001871866ef80
Event: 79.513 Thread 0x000001872097eb50 Thread added: 0x00000187210e5e40
Event: 79.513 Thread 0x000001871a8a34f0 Thread added: 0x000001871a8a3b80
Event: 79.513 Thread 0x000001871866ef80 Thread added: 0x000001871ab2e050
Event: 79.514 Thread 0x00000187210e5e40 Thread added: 0x000001871a34d4b0
Event: 79.514 Thread 0x000001871a8a3b80 Thread added: 0x000001872097d7a0
Event: 79.514 Thread 0x000001871ab2e050 Thread added: 0x0000018712c5b760
Event: 82.863 Thread 0x0000018718acf300 Thread added: 0x00000187210e57b0
Event: 112.399 Thread 0x0000018719e6eac0 Thread added: 0x0000018721634760
Event: 112.401 Thread 0x0000018721634760 Thread added: 0x000001871ab39d00
Event: 112.401 Thread 0x000001871ab39d00 Thread added: 0x0000018720e79ef0
Event: 112.401 Thread 0x0000018720e79ef0 Thread added: 0x000001871ab36880
Event: 112.402 Thread 0x000001871ab36880 Thread added: 0x000001871ab2ed70
Event: 112.402 Thread 0x000001871ab2ed70 Thread added: 0x000001871ab3caf0
Event: 113.058 Thread 0x000001871ab3caf0 Thread added: 0x0000018720e784b0
Event: 113.058 Thread 0x0000018720e784b0 Thread added: 0x00000187182f16a0
Event: 113.059 Thread 0x00000187182f16a0 Thread added: 0x000001871ab3d180
Event: 113.059 Thread 0x000001871ab3d180 Thread added: 0x000001871ab2f400
Event: 113.059 Thread 0x000001871ab2f400 Thread added: 0x000001871ab3d810


Dynamic libraries:
0x00007ff7ae300000 - 0x00007ff7ae30e000 	C:\Users\vfxno\AppData\Local\Programs\Eclipse Adoptium\jdk-21.0.6.7-hotspot\bin\java.exe
0x00007ffc01ce0000 - 0x00007ffc01f43000 	C:\WINDOWS\SYSTEM32\ntdll.dll
0x00007ffc00850000 - 0x00007ffc00917000 	C:\WINDOWS\System32\KERNEL32.DLL
0x00007ffbff310000 - 0x00007ffbff6d7000 	C:\WINDOWS\System32\KERNELBASE.dll
0x00007ffbff850000 - 0x00007ffbff99c000 	C:\WINDOWS\System32\ucrtbase.dll
0x00007ffbe3d80000 - 0x00007ffbe3d9e000 	C:\Users\vfxno\AppData\Local\Programs\Eclipse Adoptium\jdk-21.0.6.7-hotspot\bin\VCRUNTIME140.dll
0x00007ffbe4b50000 - 0x00007ffbe4b68000 	C:\Users\vfxno\AppData\Local\Programs\Eclipse Adoptium\jdk-21.0.6.7-hotspot\bin\jli.dll
0x00007ffc00920000 - 0x00007ffc00ae9000 	C:\WINDOWS\System32\USER32.dll
0x00007ffbff790000 - 0x00007ffbff7b7000 	C:\WINDOWS\System32\win32u.dll
0x00007ffbe97b0000 - 0x00007ffbe9a40000 	C:\WINDOWS\WinSxS\amd64_microsoft.windows.common-controls_6595b64144ccf1df_6.0.26100.3037_none_3e09262ce333c378\COMCTL32.dll
0x00007ffc01bb0000 - 0x00007ffc01bda000 	C:\WINDOWS\System32\GDI32.dll
0x00007ffc011d0000 - 0x00007ffc01279000 	C:\WINDOWS\System32\msvcrt.dll
0x00007ffbff1e0000 - 0x00007ffbff30b000 	C:\WINDOWS\System32\gdi32full.dll
0x00007ffbff6e0000 - 0x00007ffbff783000 	C:\WINDOWS\System32\msvcp_win.dll
0x00007ffbffc40000 - 0x00007ffbffc6f000 	C:\WINDOWS\System32\IMM32.DLL
0x00007ffbfc690000 - 0x00007ffbfc69c000 	C:\Users\vfxno\AppData\Local\Programs\Eclipse Adoptium\jdk-21.0.6.7-hotspot\bin\vcruntime140_1.dll
0x00007ffbd9320000 - 0x00007ffbd93ad000 	C:\Users\vfxno\AppData\Local\Programs\Eclipse Adoptium\jdk-21.0.6.7-hotspot\bin\msvcp140.dll
0x00007ffb51fd0000 - 0x00007ffb52d60000 	C:\Users\vfxno\AppData\Local\Programs\Eclipse Adoptium\jdk-21.0.6.7-hotspot\bin\server\jvm.dll
0x00007ffc01be0000 - 0x00007ffc01c94000 	C:\WINDOWS\System32\ADVAPI32.dll
0x00007ffc007a0000 - 0x00007ffc00846000 	C:\WINDOWS\System32\sechost.dll
0x00007ffc00e10000 - 0x00007ffc00f26000 	C:\WINDOWS\System32\RPCRT4.dll
0x00007ffbffbb0000 - 0x00007ffbffc24000 	C:\WINDOWS\System32\WS2_32.dll
0x00007ffbfd780000 - 0x00007ffbfd7ce000 	C:\WINDOWS\SYSTEM32\POWRPROF.dll
0x00007ffbfcbf0000 - 0x00007ffbfcbfb000 	C:\WINDOWS\SYSTEM32\VERSION.dll
0x00007ffbf7240000 - 0x00007ffbf7276000 	C:\WINDOWS\SYSTEM32\WINMM.dll
0x00007ffbfd7e0000 - 0x00007ffbfd7f4000 	C:\WINDOWS\SYSTEM32\UMPDC.dll
0x00007ffbfdfc0000 - 0x00007ffbfdfda000 	C:\WINDOWS\SYSTEM32\kernel.appcore.dll
0x00007ffbfbe00000 - 0x00007ffbfbe0a000 	C:\Users\vfxno\AppData\Local\Programs\Eclipse Adoptium\jdk-21.0.6.7-hotspot\bin\jimage.dll
0x00007ffbf4260000 - 0x00007ffbf44a1000 	C:\WINDOWS\SYSTEM32\DBGHELP.DLL
0x00007ffc017c0000 - 0x00007ffc01b3e000 	C:\WINDOWS\System32\combase.dll
0x00007ffc00d30000 - 0x00007ffc00e06000 	C:\WINDOWS\System32\OLEAUT32.dll
0x00007ffbe7060000 - 0x00007ffbe7099000 	C:\WINDOWS\SYSTEM32\dbgcore.DLL
0x00007ffbff080000 - 0x00007ffbff119000 	C:\WINDOWS\System32\bcryptPrimitives.dll
0x00007ffbde2b0000 - 0x00007ffbde2bf000 	C:\Users\vfxno\AppData\Local\Programs\Eclipse Adoptium\jdk-21.0.6.7-hotspot\bin\instrument.dll
0x00007ffbe08a0000 - 0x00007ffbe08bf000 	C:\Users\vfxno\AppData\Local\Programs\Eclipse Adoptium\jdk-21.0.6.7-hotspot\bin\java.dll
0x00007ffc00090000 - 0x00007ffc00794000 	C:\WINDOWS\System32\SHELL32.dll
0x00007ffbfce70000 - 0x00007ffbfd6a7000 	C:\WINDOWS\SYSTEM32\windows.storage.dll
0x00007ffc010d0000 - 0x00007ffc011b9000 	C:\WINDOWS\System32\SHCORE.dll
0x00007ffc00cd0000 - 0x00007ffc00d2d000 	C:\WINDOWS\System32\shlwapi.dll
0x00007ffbfef90000 - 0x00007ffbfefbe000 	C:\WINDOWS\SYSTEM32\profapi.dll
0x00007ffbd8fe0000 - 0x00007ffbd90b7000 	C:\Users\vfxno\AppData\Local\Programs\Eclipse Adoptium\jdk-21.0.6.7-hotspot\bin\jsvml.dll
0x00007ffbe0190000 - 0x00007ffbe01a8000 	C:\Users\vfxno\AppData\Local\Programs\Eclipse Adoptium\jdk-21.0.6.7-hotspot\bin\zip.dll
0x00007ffbe4950000 - 0x00007ffbe4960000 	C:\Users\vfxno\AppData\Local\Programs\Eclipse Adoptium\jdk-21.0.6.7-hotspot\bin\net.dll
0x00007ffbf8370000 - 0x00007ffbf848e000 	C:\WINDOWS\SYSTEM32\WINHTTP.dll
0x00007ffbfe4d0000 - 0x00007ffbfe53a000 	C:\WINDOWS\system32\mswsock.dll
0x00007ffbe0880000 - 0x00007ffbe0896000 	C:\Users\vfxno\AppData\Local\Programs\Eclipse Adoptium\jdk-21.0.6.7-hotspot\bin\nio.dll
0x00007ffbe0a60000 - 0x00007ffbe0a70000 	C:\Users\vfxno\AppData\Local\Programs\Eclipse Adoptium\jdk-21.0.6.7-hotspot\bin\verify.dll
0x00007ffbe83b0000 - 0x00007ffbe83d7000 	C:\Users\vfxno\.gradle\native\1def1411415f61bf3af743bc5b6707747c0891f09f0c88961ee8f79bc544acac\windows-amd64\native-platform.dll
0x00007ffb991d0000 - 0x00007ffb99248000 	C:\Users\vfxno\.gradle\native\0.2.7\x86_64-windows-gnu\gradle-fileevents.dll
0x00007ffbe0700000 - 0x00007ffbe070a000 	C:\Users\vfxno\AppData\Local\Programs\Eclipse Adoptium\jdk-21.0.6.7-hotspot\bin\management.dll
0x00007ffbe0180000 - 0x00007ffbe018b000 	C:\Users\vfxno\AppData\Local\Programs\Eclipse Adoptium\jdk-21.0.6.7-hotspot\bin\management_ext.dll
0x00007ffbffc30000 - 0x00007ffbffc38000 	C:\WINDOWS\System32\PSAPI.DLL
0x00007ffbfdaa0000 - 0x00007ffbfdad2000 	C:\WINDOWS\SYSTEM32\IPHLPAPI.DLL
0x00007ffc00080000 - 0x00007ffc0008a000 	C:\WINDOWS\System32\NSI.dll
0x00007ffbde2c0000 - 0x00007ffbde2c9000 	C:\Users\vfxno\AppData\Local\Programs\Eclipse Adoptium\jdk-21.0.6.7-hotspot\bin\extnet.dll
0x00007ffbfe770000 - 0x00007ffbfe78c000 	C:\WINDOWS\SYSTEM32\CRYPTSP.dll
0x00007ffbfdf30000 - 0x00007ffbfdf68000 	C:\WINDOWS\system32\rsaenh.dll
0x00007ffbfe570000 - 0x00007ffbfe59b000 	C:\WINDOWS\SYSTEM32\USERENV.dll
0x00007ffbfe9b0000 - 0x00007ffbfe9d6000 	C:\WINDOWS\SYSTEM32\bcrypt.dll
0x00007ffbfe790000 - 0x00007ffbfe79c000 	C:\WINDOWS\SYSTEM32\CRYPTBASE.dll
0x00007ffbde2a0000 - 0x00007ffbde2ae000 	C:\Users\vfxno\AppData\Local\Programs\Eclipse Adoptium\jdk-21.0.6.7-hotspot\bin\sunmscapi.dll
0x00007ffbff9a0000 - 0x00007ffbffb16000 	C:\WINDOWS\System32\CRYPT32.dll
0x00007ffbfe970000 - 0x00007ffbfe9a0000 	C:\WINDOWS\SYSTEM32\ncrypt.dll
0x00007ffbfe920000 - 0x00007ffbfe95f000 	C:\WINDOWS\SYSTEM32\NTASN1.dll
0x00007ffbfbb60000 - 0x00007ffbfbb68000 	C:\WINDOWS\system32\wshunix.dll
0x00007ffb74b00000 - 0x00007ffb74c8e000 	C:\Users\vfxno\AppData\Local\Programs\Eclipse Adoptium\jdk-21.0.6.7-hotspot\bin\awt.dll
0x00007ffbfbf00000 - 0x00007ffbfbf9c000 	C:\WINDOWS\SYSTEM32\apphelp.dll
0x00007ffbfc360000 - 0x00007ffbfc38e000 	C:\WINDOWS\system32\DWMAPI.DLL
0x00007ffbfc010000 - 0x00007ffbfc0bd000 	C:\WINDOWS\system32\uxtheme.dll
0x00007ffbfe0e0000 - 0x00007ffbfe115000 	C:\WINDOWS\SYSTEM32\ntmarta.dll

dbghelp: loaded successfully - version: 4.0.5 - missing functions: none
symbol engine: initialized successfully - sym options: 0x614 - pdb path: .;C:\Users\vfxno\AppData\Local\Programs\Eclipse Adoptium\jdk-21.0.6.7-hotspot\bin;C:\WINDOWS\SYSTEM32;C:\WINDOWS\WinSxS\amd64_microsoft.windows.common-controls_6595b64144ccf1df_6.0.26100.3037_none_3e09262ce333c378;C:\Users\vfxno\AppData\Local\Programs\Eclipse Adoptium\jdk-21.0.6.7-hotspot\bin\server;C:\Users\vfxno\.gradle\native\1def1411415f61bf3af743bc5b6707747c0891f09f0c88961ee8f79bc544acac\windows-amd64;C:\Users\vfxno\.gradle\native\0.2.7\x86_64-windows-gnu

VM Arguments:
jvm_args: --add-opens=java.base/java.lang=ALL-UNNAMED --add-opens=java.base/java.lang.invoke=ALL-UNNAMED --add-opens=java.base/java.util=ALL-UNNAMED --add-opens=java.prefs/java.util.prefs=ALL-UNNAMED --add-exports=jdk.compiler/com.sun.tools.javac.api=ALL-UNNAMED --add-exports=jdk.compiler/com.sun.tools.javac.util=ALL-UNNAMED --add-opens=java.base/java.util=ALL-UNNAMED --add-opens=java.prefs/java.util.prefs=ALL-UNNAMED --add-opens=java.base/java.nio.charset=ALL-UNNAMED --add-opens=java.base/java.net=ALL-UNNAMED --add-opens=java.base/java.util.concurrent.atomic=ALL-UNNAMED --add-opens=java.xml/javax.xml.namespace=ALL-UNNAMED -Xmx3072m -Dfile.encoding=UTF-8 -Duser.country=GB -Duser.language=en -Duser.variant -javaagent:C:\Users\vfxno\.gradle\wrapper\dists\gradle-8.13-bin\5xuhj0ry160q40clulazy9h7d\gradle-8.13\lib\agents\gradle-instrumentation-agent-8.13.jar 
java_command: org.gradle.launcher.daemon.bootstrap.GradleDaemon 8.13
java_class_path (initial): C:\Users\vfxno\.gradle\wrapper\dists\gradle-8.13-bin\5xuhj0ry160q40clulazy9h7d\gradle-8.13\lib\gradle-daemon-main-8.13.jar
Launcher Type: SUN_STANDARD

[Global flags]
     intx CICompilerCount                          = 4                                         {product} {ergonomic}
     uint ConcGCThreads                            = 3                                         {product} {ergonomic}
     uint G1ConcRefinementThreads                  = 10                                        {product} {ergonomic}
   size_t G1HeapRegionSize                         = 2097152                                   {product} {ergonomic}
    uintx GCDrainStackTargetSize                   = 64                                        {product} {ergonomic}
   size_t InitialHeapSize                          = 264241152                                 {product} {ergonomic}
   size_t MarkStackSize                            = 4194304                                   {product} {ergonomic}
   size_t MaxHeapSize                              = 3221225472                                {product} {command line}
   size_t MaxNewSize                               = 1931476992                                {product} {ergonomic}
   size_t MinHeapDeltaBytes                        = 2097152                                   {product} {ergonomic}
   size_t MinHeapSize                              = 8388608                                   {product} {ergonomic}
    uintx NonNMethodCodeHeapSize                   = 5839372                                {pd product} {ergonomic}
    uintx NonProfiledCodeHeapSize                  = 122909434                              {pd product} {ergonomic}
    uintx ProfiledCodeHeapSize                     = 122909434                              {pd product} {ergonomic}
    uintx ReservedCodeCacheSize                    = 251658240                              {pd product} {ergonomic}
     bool SegmentedCodeCache                       = true                                      {product} {ergonomic}
   size_t SoftMaxHeapSize                          = 3221225472                             {manageable} {ergonomic}
     bool UseCompressedOops                        = true                           {product lp64_product} {ergonomic}
     bool UseG1GC                                  = true                                      {product} {ergonomic}
     bool UseLargePagesIndividualAllocation        = false                                  {pd product} {ergonomic}

Logging:
Log output configuration:
 #0: stdout all=warning uptime,level,tags foldmultilines=false
 #1: stderr all=off uptime,level,tags foldmultilines=false

Environment Variables:
CLASSPATH=C:\Users\vfxno\Downloads\moonlight-android\\gradle\wrapper\gradle-wrapper.jar
PATH=C:\VulkanSDK\1.4.309.0\Bin;C:\ProgramData\Scoop\GlobalScoopApps\shims;C:\WINDOWS\system32;C:\WINDOWS;C:\WINDOWS\System32\Wbem;C:\WINDOWS\System32\WindowsPowerShell\v1.0\;C:\WINDOWS\System32\OpenSSH\;C:\Program Files\NVIDIA Corporation\NVIDIA app\NvDLISR;C:\Program Files (x86)\NVIDIA Corporation\PhysX\Common;C:\Program Files\dotnet\;C:\ProgramData\Scoop\shims;C:\ProgramData\chocolatey\bin;C:\Program Files\Sunshine;C:\Program Files\Sunshine\tools;C:\Users\vfxno\AppData\Local\Programs\Python\Python313\Scripts\;C:\Users\vfxno\AppData\Local\Programs\Python\Python313\;C:\VulkanSDK\1.4.309.0\Bin;C:\Users\vfxno\AppData\Local\Programs\Eclipse Adoptium\jdk-21.0.6.7-hotspot\bin;C:\Users\vfxno\AppData\Local\Microsoft\WindowsApps;C:\Users\vfxno\AppData\Local\Programs\Microsoft VS Code\bin;C:\VulkanSDK;C:\VulkanSDK\1.4.309.0\Bin;C:\Users\vfxno\Documents\New folder;c:\Users\vfxno\AppData\Roaming\Code\User\globalStorage\github.copilot-chat\debugCommand
USERNAME=vfxno
LANG=en_US.UTF-8
OS=Windows_NT
PROCESSOR_IDENTIFIER=AMD64 Family 25 Model 80 Stepping 0, AuthenticAMD
TMP=C:\Users\vfxno\AppData\Local\Temp
TEMP=C:\Users\vfxno\AppData\Local\Temp




Periodic native trim disabled

---------------  S Y S T E M  ---------------

OS:
 Windows 11 , 64 bit Build 26100 (10.0.26100.3037)
OS uptime: 7 days 2:39 hours
Hyper-V role detected

CPU: total 12 (initial active 12) (12 cores per cpu, 2 threads per core) family 25 model 80 stepping 0 microcode 0xa500011, cx8, cmov, fxsr, ht, mmx, 3dnowpref, sse, sse2, sse3, ssse3, sse4a, sse4.1, sse4.2, popcnt, lzcnt, tsc, tscinvbit, avx, avx2, aes, erms, clmul, bmi1, bmi2, adx, sha, fma, vzeroupper, clflush, clflushopt, hv, rdtscp, rdpid, fsrm, f16c, cet_ss
Processor Information for the first 12 processors :
  Max Mhz: 3300, Current Mhz: 3300, Mhz Limit: 3300

Memory: 4k page, system-wide physical 16096M (996M free)
TotalPageFile size 24096M (AvailPageFile size 77M)
current process WorkingSet (physical memory assigned to process): 2298M, peak: 2374M
current process commit charge ("private bytes"): 2437M, peak: 2514M

vm_info: OpenJDK 64-Bit Server VM (21.0.6+7-LTS) for windows-amd64 JRE (21.0.6+7-LTS), built on 2025-01-21T00:00:00Z by "admin" with MS VC++ 17.7 (VS2022)

END.
