#
# There is insufficient memory for the Java Runtime Environment to continue.
# Native memory allocation (malloc) failed to allocate 709648 bytes. Error detail: Chunk::new
# Possible reasons:
#   The system is out of physical RAM or swap space
#   This process is running with CompressedOops enabled, and the Java Heap may be blocking the growth of the native heap
# Possible solutions:
#   Reduce memory load on the system
#   Increase physical memory or swap space
#   Check if swap backing store is full
#   Decrease Java heap size (-Xmx/-Xms)
#   Decrease number of Java threads
#   Decrease Java thread stack sizes (-Xss)
#   Set larger code cache with -XX:ReservedCodeCacheSize=
#   JVM is running with Zero Based Compressed Oops mode in which the Java heap is
#     placed in the first 32GB address space. The Java Heap base address is the
#     maximum limit for the native heap growth. Please use -XX:HeapBaseMinAddress
#     to set the Java Heap base and to place the Java Heap above 32GB virtual address.
# This output file may be truncated or incomplete.
#
#  Out of Memory Error (arena.cpp:168), pid=14948, tid=19516
#
# JRE version: OpenJDK Runtime Environment Temurin-21.0.6+7 (21.0.6+7) (build 21.0.6+7-LTS)
# Java VM: OpenJDK 64-Bit Server VM Temurin-21.0.6+7 (21.0.6+7-LTS, mixed mode, sharing, tiered, compressed oops, compressed class ptrs, g1 gc, windows-amd64)
# No core dump will be written. Minidumps are not enabled by default on client versions of Windows
#

---------------  S U M M A R Y ------------

Command Line: --add-opens=java.base/java.lang=ALL-UNNAMED --add-opens=java.base/java.lang.invoke=ALL-UNNAMED --add-opens=java.base/java.util=ALL-UNNAMED --add-opens=java.prefs/java.util.prefs=ALL-UNNAMED --add-exports=jdk.compiler/com.sun.tools.javac.api=ALL-UNNAMED --add-exports=jdk.compiler/com.sun.tools.javac.util=ALL-UNNAMED --add-opens=java.base/java.util=ALL-UNNAMED --add-opens=java.prefs/java.util.prefs=ALL-UNNAMED --add-opens=java.base/java.nio.charset=ALL-UNNAMED --add-opens=java.base/java.net=ALL-UNNAMED --add-opens=java.base/java.util.concurrent.atomic=ALL-UNNAMED --add-opens=java.xml/javax.xml.namespace=ALL-UNNAMED -Xmx3072m -Dfile.encoding=UTF-8 -Duser.country=GB -Duser.language=en -Duser.variant -javaagent:C:\Users\vfxno\.gradle\wrapper\dists\gradle-8.13-bin\5xuhj0ry160q40clulazy9h7d\gradle-8.13\lib\agents\gradle-instrumentation-agent-8.13.jar org.gradle.launcher.daemon.bootstrap.GradleDaemon 8.13

Host: AMD Ryzen 5 5600H with Radeon Graphics         , 12 cores, 15G,  Windows 11 , 64 bit Build 26100 (10.0.26100.3037)
Time: Mon Jul 28 15:23:13 2025 W. Europe Summer Time elapsed time: 44.071994 seconds (0d 0h 0m 44s)

---------------  T H R E A D  ---------------

Current thread (0x00000187955a4800):  JavaThread "C2 CompilerThread2" daemon [_thread_in_native, id=19516, stack(0x0000001b2d300000,0x0000001b2d400000) (1024K)]


Current CompileTask:
C2:44072 30827 %     4       com.android.tools.r8.internal.NW::a @ 59 (308 bytes)

Stack: [0x0000001b2d300000,0x0000001b2d400000]
Native frames: (J=compiled Java code, j=interpreted, Vv=VM code, C=native code)
V  [jvm.dll+0x6cdee9]
V  [jvm.dll+0x8a83d1]
V  [jvm.dll+0x8aa8fe]
V  [jvm.dll+0x8aafe3]
V  [jvm.dll+0x27f706]
V  [jvm.dll+0xc500d]
V  [jvm.dll+0xc5543]
V  [jvm.dll+0x3b678c]
V  [jvm.dll+0x1e0009]
V  [jvm.dll+0x247b42]
V  [jvm.dll+0x246fcf]
V  [jvm.dll+0x1c75ee]
V  [jvm.dll+0x25685a]
V  [jvm.dll+0x254dfa]
V  [jvm.dll+0x3f0256]
V  [jvm.dll+0x851f8b]
V  [jvm.dll+0x6cc5ed]
C  [ucrtbase.dll+0x37b0]
C  [KERNEL32.DLL+0x2e8d7]
C  [ntdll.dll+0xbbf2c]


---------------  P R O C E S S  ---------------

Threads class SMR info:
_java_thread_list=0x000001879a409500, length=205, elements={
0x0000018729da0930, 0x000001874822c5f0, 0x000001874822dd60, 0x0000018748235cf0,
0x0000018748238880, 0x000001874823a350, 0x000001874823bbf0, 0x0000018748248d10,
0x00000187482493b0, 0x00000187481fbe50, 0x000001874845dd30, 0x000001878f08c3a0,
0x000001878f1851a0, 0x000001878f133fe0, 0x000001878f4c9cd0, 0x000001878f4cc620,
0x000001878f32be70, 0x000001878f3344f0, 0x000001878f37b4b0, 0x000001878f1bbb10,
0x000001878f1ba760, 0x000001878f1bb480, 0x000001878f1b9a40, 0x000001878f1ba0d0,
0x000001878f1bc1a0, 0x000001878f1badf0, 0x000001878f1bc830, 0x000001878f1bcec0,
0x000001879242f100, 0x000001879242dd50, 0x000001879242f790, 0x000001879242e3e0,
0x00000187924304b0, 0x0000018792430b40, 0x000001879242ea70, 0x00000187939488e0,
0x000001879394a9b0, 0x000001879394b6d0, 0x000001879394b040, 0x000001879394bd60,
0x000001879394c3f0, 0x000001879394ca80, 0x0000018793949600, 0x000001879394d110,
0x0000018793949c90, 0x000001879394d7a0, 0x000001879394a320, 0x000001879394de30,
0x000001879394ff00, 0x000001879394e4c0, 0x000001879394eb50, 0x000001879394f1e0,
0x000001879394f870, 0x000001879312bb10, 0x000001879312adf0, 0x000001879312c1a0,
0x000001879312a0d0, 0x000001879312c830, 0x000001879312a760, 0x000001879312b480,
0x000001879312cec0, 0x0000018793129a40, 0x00000187931309d0, 0x000001879312e900,
0x000001879312f620, 0x000001879312fcb0, 0x000001879312d550, 0x0000018793131060,
0x000001879312ef90, 0x0000018793130340, 0x000001879312dbe0, 0x000001879312e270,
0x00000187945646a0, 0x00000187945660e0, 0x0000018794564010, 0x000001879456a910,
0x0000018794567b20, 0x0000018794568ed0, 0x000001879456b630, 0x0000018794568840,
0x0000018794569560, 0x00000187924311d0, 0x0000018794907f90, 0x0000018794909340,
0x0000018794908620, 0x00000187949099d0, 0x0000018794908cb0, 0x0000018794906550,
0x000001879490a060, 0x0000018794907900, 0x0000018794906be0, 0x000001879490a6f0,
0x0000018794907270, 0x000001879490baa0, 0x000001879490c130, 0x000001879490ce50,
0x000001879490ad80, 0x000001879490d4e0, 0x000001879490db70, 0x000001879490c7c0,
0x000001879490b410, 0x00000187948af2e0, 0x00000187948b0000, 0x00000187948b0690,
0x00000187948ae5c0, 0x00000187948b0d20, 0x00000187948ad8a0, 0x00000187948aec50,
0x00000187948b13b0, 0x00000187948adf30, 0x00000187948b3b10, 0x00000187948b3480,
0x00000187948b2df0, 0x00000187948b1a40, 0x000001879269bc80, 0x000001879269af60,
0x0000018792699bb0, 0x000001879269b5f0, 0x000001879269a8d0, 0x0000018792698800,
0x000001879269c310, 0x0000018792698e90, 0x0000018795525d20, 0x00000187955263b0,
0x00000187955242e0, 0x0000018795527df0, 0x0000018795528480, 0x0000018795529ec0,
0x0000018795528b10, 0x00000187955270d0, 0x00000187955291a0, 0x000001879552b270,
0x000001879552b900, 0x0000018795529830, 0x000001879552a550, 0x000001879552abe0,
0x00000187904f8e60, 0x00000187904f87d0, 0x00000187904f7420, 0x00000187904f7ab0,
0x00000187904f8140, 0x00000187904f9b80, 0x00000187904f6d90, 0x00000187904f94f0,
0x00000187904fbc50, 0x00000187904fb5c0, 0x00000187904fc2e0, 0x00000187904fa210,
0x00000187904fa8a0, 0x00000187904fd690, 0x00000187904fd000, 0x00000187904fc970,
0x00000187904fdd20, 0x00000187904fe3b0, 0x00000187904faf30, 0x000001879a886a30,
0x000001879a888470, 0x000001879a889190, 0x000001879a885d10, 0x000001879a888b00,
0x000001879a889820, 0x000001879a8870c0, 0x000001879a8863a0, 0x000001879a889eb0,
0x000001879a88a540, 0x000001879a88abd0, 0x000001879a887750, 0x000001879a88b260,
0x000001879a887de0, 0x000001879a88e6e0, 0x000001879a88ed70, 0x000001879a88b8f0,
0x000001879a88bf80, 0x000001879a88fa90, 0x000001879a88c610, 0x000001879a88cca0,
0x000001879a890120, 0x000001879a88d9c0, 0x000001879a8907b0, 0x000001879a88d330,
0x000001879a88e050, 0x000001879a892f10, 0x000001879a8914d0, 0x000001879a892880,
0x000001879a891b60, 0x000001879a890e40, 0x000001879a8921f0, 0x000001879a8935a0,
0x00000187955a5c70, 0x000001879a893c30, 0x00000187955a4800, 0x000001879b2279d0,
0x000001879b226620, 0x000001879b225f90, 0x000001879b226cb0, 0x000001879b228060,
0x000001879b2286f0, 0x000001879b225270, 0x000001879b229aa0, 0x000001879b227340,
0x000001879b22a7c0, 0x000001879b22c890, 0x000001879b22ae50, 0x00000187948b2760,
0x000001879bb5c1b0
}

Java Threads: ( => current thread )
  0x0000018729da0930 JavaThread "main"                              [_thread_blocked, id=19064, stack(0x0000001b20300000,0x0000001b20400000) (1024K)]
  0x000001874822c5f0 JavaThread "Reference Handler"          daemon [_thread_blocked, id=17560, stack(0x0000001b20b00000,0x0000001b20c00000) (1024K)]
  0x000001874822dd60 JavaThread "Finalizer"                  daemon [_thread_blocked, id=15780, stack(0x0000001b20c00000,0x0000001b20d00000) (1024K)]
  0x0000018748235cf0 JavaThread "Signal Dispatcher"          daemon [_thread_blocked, id=19180, stack(0x0000001b20d00000,0x0000001b20e00000) (1024K)]
  0x0000018748238880 JavaThread "Attach Listener"            daemon [_thread_blocked, id=17140, stack(0x0000001b20e00000,0x0000001b20f00000) (1024K)]
  0x000001874823a350 JavaThread "Service Thread"             daemon [_thread_blocked, id=18616, stack(0x0000001b20f00000,0x0000001b21000000) (1024K)]
  0x000001874823bbf0 JavaThread "Monitor Deflation Thread"   daemon [_thread_blocked, id=14120, stack(0x0000001b21000000,0x0000001b21100000) (1024K)]
  0x0000018748248d10 JavaThread "C2 CompilerThread0"         daemon [_thread_in_native, id=16532, stack(0x0000001b21100000,0x0000001b21200000) (1024K)]
  0x00000187482493b0 JavaThread "C1 CompilerThread0"         daemon [_thread_blocked, id=17048, stack(0x0000001b21200000,0x0000001b21300000) (1024K)]
  0x00000187481fbe50 JavaThread "Common-Cleaner"             daemon [_thread_blocked, id=6512, stack(0x0000001b21300000,0x0000001b21400000) (1024K)]
  0x000001874845dd30 JavaThread "Notification Thread"        daemon [_thread_blocked, id=19928, stack(0x0000001b21400000,0x0000001b21500000) (1024K)]
  0x000001878f08c3a0 JavaThread "Daemon health stats"               [_thread_blocked, id=18036, stack(0x0000001b21c00000,0x0000001b21d00000) (1024K)]
  0x000001878f1851a0 JavaThread "Incoming local TCP Connector on port 49689"        [_thread_in_native, id=20676, stack(0x0000001b21d00000,0x0000001b21e00000) (1024K)]
  0x000001878f133fe0 JavaThread "Daemon periodic checks"            [_thread_blocked, id=18940, stack(0x0000001b22200000,0x0000001b22300000) (1024K)]
  0x000001878f4c9cd0 JavaThread "Daemon"                            [_thread_blocked, id=18720, stack(0x0000001b22300000,0x0000001b22400000) (1024K)]
  0x000001878f4cc620 JavaThread "Handler for socket connection from /127.0.0.1:49689 to /127.0.0.1:49690"        [_thread_in_native, id=19656, stack(0x0000001b22400000,0x0000001b22500000) (1024K)]
  0x000001878f32be70 JavaThread "Cancel handler"                    [_thread_blocked, id=20548, stack(0x0000001b22500000,0x0000001b22600000) (1024K)]
  0x000001878f3344f0 JavaThread "Daemon worker"                     [_thread_blocked, id=21268, stack(0x0000001b22600000,0x0000001b22700000) (1024K)]
  0x000001878f37b4b0 JavaThread "Asynchronous log dispatcher for DefaultDaemonConnection: socket connection from /127.0.0.1:49689 to /127.0.0.1:49690"        [_thread_blocked, id=20600, stack(0x0000001b22700000,0x0000001b22800000) (1024K)]
  0x000001878f1bbb10 JavaThread "Stdin handler"                     [_thread_blocked, id=19144, stack(0x0000001b22800000,0x0000001b22900000) (1024K)]
  0x000001878f1ba760 JavaThread "Daemon client event forwarder"        [_thread_blocked, id=7184, stack(0x0000001b22900000,0x0000001b22a00000) (1024K)]
  0x000001878f1bb480 JavaThread "Cache worker for journal cache (C:\Users\vfxno\.gradle\caches\journal-1)"        [_thread_blocked, id=11292, stack(0x0000001b22a00000,0x0000001b22b00000) (1024K)]
  0x000001878f1b9a40 JavaThread "File lock request listener"        [_thread_in_native, id=12916, stack(0x0000001b22b00000,0x0000001b22c00000) (1024K)]
  0x000001878f1ba0d0 JavaThread "Cache worker for file hash cache (C:\Users\vfxno\.gradle\caches\8.13\fileHashes)"        [_thread_blocked, id=1384, stack(0x0000001b22c00000,0x0000001b22d00000) (1024K)]
  0x000001878f1bc1a0 JavaThread "Cache worker for file hash cache (C:\Users\vfxno\Downloads\moonlight-android\.gradle\8.13\fileHashes)"        [_thread_blocked, id=5672, stack(0x0000001b22f00000,0x0000001b23000000) (1024K)]
  0x000001878f1badf0 JavaThread "Cache worker for Build Output Cleanup Cache (C:\Users\vfxno\Downloads\moonlight-android\.gradle\buildOutputCleanup)"        [_thread_blocked, id=13460, stack(0x0000001b23000000,0x0000001b23100000) (1024K)]
  0x000001878f1bc830 JavaThread "File watcher server"        daemon [_thread_in_native, id=18704, stack(0x0000001b23100000,0x0000001b23200000) (1024K)]
  0x000001878f1bcec0 JavaThread "File watcher consumer"      daemon [_thread_blocked, id=3064, stack(0x0000001b23200000,0x0000001b23300000) (1024K)]
  0x000001879242f100 JavaThread "jar transforms"                    [_thread_blocked, id=19464, stack(0x0000001b23300000,0x0000001b23400000) (1024K)]
  0x000001879242dd50 JavaThread "jar transforms Thread 2"           [_thread_blocked, id=9284, stack(0x0000001b23400000,0x0000001b23500000) (1024K)]
  0x000001879242f790 JavaThread "Cache worker for checksums cache (C:\Users\vfxno\Downloads\moonlight-android\.gradle\8.13\checksums)"        [_thread_blocked, id=6684, stack(0x0000001b23500000,0x0000001b23600000) (1024K)]
  0x000001879242e3e0 JavaThread "Cache worker for file content cache (C:\Users\vfxno\.gradle\caches\8.13\fileContent)"        [_thread_blocked, id=13956, stack(0x0000001b23600000,0x0000001b23700000) (1024K)]
  0x00000187924304b0 JavaThread "Cache worker for cache directory md-supplier (C:\Users\vfxno\.gradle\caches\8.13\md-supplier)"        [_thread_blocked, id=20804, stack(0x0000001b23700000,0x0000001b23800000) (1024K)]
  0x0000018792430b40 JavaThread "Cache worker for cache directory md-rule (C:\Users\vfxno\.gradle\caches\8.13\md-rule)"        [_thread_blocked, id=7224, stack(0x0000001b23800000,0x0000001b23900000) (1024K)]
  0x000001879242ea70 JavaThread "jar transforms Thread 3"           [_thread_blocked, id=6340, stack(0x0000001b23900000,0x0000001b23a00000) (1024K)]
  0x00000187939488e0 JavaThread "Unconstrained build operations"        [_thread_blocked, id=8416, stack(0x0000001b23a00000,0x0000001b23b00000) (1024K)]
  0x000001879394a9b0 JavaThread "Unconstrained build operations Thread 2"        [_thread_blocked, id=3316, stack(0x0000001b23b00000,0x0000001b23c00000) (1024K)]
  0x000001879394b6d0 JavaThread "Unconstrained build operations Thread 3"        [_thread_blocked, id=21156, stack(0x0000001b23c00000,0x0000001b23d00000) (1024K)]
  0x000001879394b040 JavaThread "Unconstrained build operations Thread 4"        [_thread_blocked, id=16092, stack(0x0000001b23d00000,0x0000001b23e00000) (1024K)]
  0x000001879394bd60 JavaThread "Unconstrained build operations Thread 5"        [_thread_blocked, id=20592, stack(0x0000001b23e00000,0x0000001b23f00000) (1024K)]
  0x000001879394c3f0 JavaThread "Unconstrained build operations Thread 6"        [_thread_blocked, id=20608, stack(0x0000001b23f00000,0x0000001b24000000) (1024K)]
  0x000001879394ca80 JavaThread "Unconstrained build operations Thread 7"        [_thread_blocked, id=18848, stack(0x0000001b24000000,0x0000001b24100000) (1024K)]
  0x0000018793949600 JavaThread "Unconstrained build operations Thread 8"        [_thread_blocked, id=20716, stack(0x0000001b24100000,0x0000001b24200000) (1024K)]
  0x000001879394d110 JavaThread "Unconstrained build operations Thread 9"        [_thread_blocked, id=14964, stack(0x0000001b24200000,0x0000001b24300000) (1024K)]
  0x0000018793949c90 JavaThread "Unconstrained build operations Thread 10"        [_thread_blocked, id=12188, stack(0x0000001b24300000,0x0000001b24400000) (1024K)]
  0x000001879394d7a0 JavaThread "Unconstrained build operations Thread 11"        [_thread_blocked, id=16476, stack(0x0000001b24400000,0x0000001b24500000) (1024K)]
  0x000001879394a320 JavaThread "Unconstrained build operations Thread 12"        [_thread_blocked, id=320, stack(0x0000001b24500000,0x0000001b24600000) (1024K)]
  0x000001879394de30 JavaThread "Unconstrained build operations Thread 13"        [_thread_blocked, id=16448, stack(0x0000001b24600000,0x0000001b24700000) (1024K)]
  0x000001879394ff00 JavaThread "Unconstrained build operations Thread 14"        [_thread_blocked, id=14656, stack(0x0000001b24700000,0x0000001b24800000) (1024K)]
  0x000001879394e4c0 JavaThread "Unconstrained build operations Thread 15"        [_thread_blocked, id=10176, stack(0x0000001b24800000,0x0000001b24900000) (1024K)]
  0x000001879394eb50 JavaThread "Unconstrained build operations Thread 16"        [_thread_blocked, id=2336, stack(0x0000001b24900000,0x0000001b24a00000) (1024K)]
  0x000001879394f1e0 JavaThread "Unconstrained build operations Thread 17"        [_thread_blocked, id=13628, stack(0x0000001b24a00000,0x0000001b24b00000) (1024K)]
  0x000001879394f870 JavaThread "Unconstrained build operations Thread 18"        [_thread_blocked, id=10436, stack(0x0000001b24b00000,0x0000001b24c00000) (1024K)]
  0x000001879312bb10 JavaThread "Unconstrained build operations Thread 19"        [_thread_blocked, id=9128, stack(0x0000001b24c00000,0x0000001b24d00000) (1024K)]
  0x000001879312adf0 JavaThread "Unconstrained build operations Thread 20"        [_thread_blocked, id=4484, stack(0x0000001b24d00000,0x0000001b24e00000) (1024K)]
  0x000001879312c1a0 JavaThread "Unconstrained build operations Thread 21"        [_thread_blocked, id=5976, stack(0x0000001b24e00000,0x0000001b24f00000) (1024K)]
  0x000001879312a0d0 JavaThread "Unconstrained build operations Thread 22"        [_thread_blocked, id=18716, stack(0x0000001b24f00000,0x0000001b25000000) (1024K)]
  0x000001879312c830 JavaThread "Unconstrained build operations Thread 23"        [_thread_blocked, id=13580, stack(0x0000001b25000000,0x0000001b25100000) (1024K)]
  0x000001879312a760 JavaThread "Unconstrained build operations Thread 24"        [_thread_blocked, id=18096, stack(0x0000001b25100000,0x0000001b25200000) (1024K)]
  0x000001879312b480 JavaThread "Unconstrained build operations Thread 25"        [_thread_blocked, id=6232, stack(0x0000001b25200000,0x0000001b25300000) (1024K)]
  0x000001879312cec0 JavaThread "Unconstrained build operations Thread 26"        [_thread_blocked, id=2928, stack(0x0000001b25300000,0x0000001b25400000) (1024K)]
  0x0000018793129a40 JavaThread "Unconstrained build operations Thread 27"        [_thread_blocked, id=17836, stack(0x0000001b25400000,0x0000001b25500000) (1024K)]
  0x00000187931309d0 JavaThread "Unconstrained build operations Thread 28"        [_thread_blocked, id=17456, stack(0x0000001b25500000,0x0000001b25600000) (1024K)]
  0x000001879312e900 JavaThread "Unconstrained build operations Thread 29"        [_thread_blocked, id=15040, stack(0x0000001b25600000,0x0000001b25700000) (1024K)]
  0x000001879312f620 JavaThread "Unconstrained build operations Thread 30"        [_thread_blocked, id=20988, stack(0x0000001b25700000,0x0000001b25800000) (1024K)]
  0x000001879312fcb0 JavaThread "Unconstrained build operations Thread 31"        [_thread_blocked, id=18664, stack(0x0000001b25800000,0x0000001b25900000) (1024K)]
  0x000001879312d550 JavaThread "Unconstrained build operations Thread 32"        [_thread_blocked, id=20944, stack(0x0000001b25900000,0x0000001b25a00000) (1024K)]
  0x0000018793131060 JavaThread "Unconstrained build operations Thread 33"        [_thread_blocked, id=19996, stack(0x0000001b25a00000,0x0000001b25b00000) (1024K)]
  0x000001879312ef90 JavaThread "jar transforms Thread 4"           [_thread_blocked, id=9488, stack(0x0000001b25b00000,0x0000001b25c00000) (1024K)]
  0x0000018793130340 JavaThread "jar transforms Thread 5"           [_thread_blocked, id=17872, stack(0x0000001b25c00000,0x0000001b25d00000) (1024K)]
  0x000001879312dbe0 JavaThread "jar transforms Thread 6"           [_thread_blocked, id=5828, stack(0x0000001b25d00000,0x0000001b25e00000) (1024K)]
  0x000001879312e270 JavaThread "Memory manager"                    [_thread_blocked, id=21272, stack(0x0000001b25e00000,0x0000001b25f00000) (1024K)]
  0x00000187945646a0 JavaThread "Problems report writer"            [_thread_blocked, id=10408, stack(0x0000001b25f00000,0x0000001b26000000) (1024K)]
  0x00000187945660e0 JavaThread "included builds"                   [_thread_blocked, id=6148, stack(0x0000001b26000000,0x0000001b26100000) (1024K)]
  0x0000018794564010 JavaThread "Execution worker"                  [_thread_blocked, id=19604, stack(0x0000001b26100000,0x0000001b26200000) (1024K)]
  0x000001879456a910 JavaThread "Execution worker Thread 2"         [_thread_blocked, id=15008, stack(0x0000001b26200000,0x0000001b26300000) (1024K)]
  0x0000018794567b20 JavaThread "Execution worker Thread 3"         [_thread_blocked, id=13484, stack(0x0000001b26300000,0x0000001b26400000) (1024K)]
  0x0000018794568ed0 JavaThread "Execution worker Thread 4"         [_thread_blocked, id=19244, stack(0x0000001b26400000,0x0000001b26500000) (1024K)]
  0x000001879456b630 JavaThread "Execution worker Thread 5"         [_thread_blocked, id=21232, stack(0x0000001b26500000,0x0000001b26600000) (1024K)]
  0x0000018794568840 JavaThread "Execution worker Thread 6"         [_thread_blocked, id=19956, stack(0x0000001b26600000,0x0000001b26700000) (1024K)]
  0x0000018794569560 JavaThread "Execution worker Thread 7"         [_thread_blocked, id=4996, stack(0x0000001b26700000,0x0000001b26800000) (1024K)]
  0x00000187924311d0 JavaThread "Execution worker Thread 8"         [_thread_blocked, id=16600, stack(0x0000001b26800000,0x0000001b26900000) (1024K)]
  0x0000018794907f90 JavaThread "Execution worker Thread 9"         [_thread_blocked, id=8912, stack(0x0000001b26900000,0x0000001b26a00000) (1024K)]
  0x0000018794909340 JavaThread "Execution worker Thread 10"        [_thread_blocked, id=3548, stack(0x0000001b26a00000,0x0000001b26b00000) (1024K)]
  0x0000018794908620 JavaThread "Execution worker Thread 11"        [_thread_blocked, id=6200, stack(0x0000001b26b00000,0x0000001b26c00000) (1024K)]
  0x00000187949099d0 JavaThread "Cache worker for execution history cache (C:\Users\vfxno\Downloads\moonlight-android\.gradle\8.13\executionHistory)"        [_thread_blocked, id=16536, stack(0x0000001b26c00000,0x0000001b26d00000) (1024K)]
  0x0000018794908cb0 JavaThread "Exec process"                      [_thread_blocked, id=14720, stack(0x0000001b26d00000,0x0000001b26e00000) (1024K)]
  0x0000018794906550 JavaThread "Exec process Thread 2"             [_thread_blocked, id=2020, stack(0x0000001b26e00000,0x0000001b26f00000) (1024K)]
  0x000001879490a060 JavaThread "Exec process Thread 3"             [_thread_blocked, id=7152, stack(0x0000001b26f00000,0x0000001b27000000) (1024K)]
  0x0000018794907900 JavaThread "Unconstrained build operations Thread 34"        [_thread_blocked, id=5704, stack(0x0000001b21600000,0x0000001b21700000) (1024K)]
  0x0000018794906be0 JavaThread "Unconstrained build operations Thread 35"        [_thread_blocked, id=13076, stack(0x0000001b27000000,0x0000001b27100000) (1024K)]
  0x000001879490a6f0 JavaThread "Unconstrained build operations Thread 36"        [_thread_blocked, id=6840, stack(0x0000001b27100000,0x0000001b27200000) (1024K)]
  0x0000018794907270 JavaThread "Unconstrained build operations Thread 37"        [_thread_blocked, id=1196, stack(0x0000001b27200000,0x0000001b27300000) (1024K)]
  0x000001879490baa0 JavaThread "Unconstrained build operations Thread 38"        [_thread_blocked, id=12528, stack(0x0000001b27300000,0x0000001b27400000) (1024K)]
  0x000001879490c130 JavaThread "Unconstrained build operations Thread 39"        [_thread_blocked, id=7028, stack(0x0000001b27400000,0x0000001b27500000) (1024K)]
  0x000001879490ce50 JavaThread "Unconstrained build operations Thread 40"        [_thread_blocked, id=19900, stack(0x0000001b27500000,0x0000001b27600000) (1024K)]
  0x000001879490ad80 JavaThread "Unconstrained build operations Thread 41"        [_thread_blocked, id=19620, stack(0x0000001b27600000,0x0000001b27700000) (1024K)]
  0x000001879490d4e0 JavaThread "Unconstrained build operations Thread 42"        [_thread_blocked, id=19708, stack(0x0000001b27700000,0x0000001b27800000) (1024K)]
  0x000001879490db70 JavaThread "Unconstrained build operations Thread 43"        [_thread_blocked, id=5004, stack(0x0000001b27800000,0x0000001b27900000) (1024K)]
  0x000001879490c7c0 JavaThread "Unconstrained build operations Thread 44"        [_thread_blocked, id=8516, stack(0x0000001b27900000,0x0000001b27a00000) (1024K)]
  0x000001879490b410 JavaThread "Unconstrained build operations Thread 45"        [_thread_blocked, id=4844, stack(0x0000001b27b00000,0x0000001b27c00000) (1024K)]
  0x00000187948af2e0 JavaThread "Unconstrained build operations Thread 46"        [_thread_blocked, id=4024, stack(0x0000001b27c00000,0x0000001b27d00000) (1024K)]
  0x00000187948b0000 JavaThread "Unconstrained build operations Thread 47"        [_thread_blocked, id=14936, stack(0x0000001b27d00000,0x0000001b27e00000) (1024K)]
  0x00000187948b0690 JavaThread "Unconstrained build operations Thread 48"        [_thread_blocked, id=18884, stack(0x0000001b27e00000,0x0000001b27f00000) (1024K)]
  0x00000187948ae5c0 JavaThread "Unconstrained build operations Thread 49"        [_thread_blocked, id=12844, stack(0x0000001b27f00000,0x0000001b28000000) (1024K)]
  0x00000187948b0d20 JavaThread "Unconstrained build operations Thread 50"        [_thread_blocked, id=7116, stack(0x0000001b28000000,0x0000001b28100000) (1024K)]
  0x00000187948ad8a0 JavaThread "Unconstrained build operations Thread 51"        [_thread_blocked, id=1580, stack(0x0000001b28100000,0x0000001b28200000) (1024K)]
  0x00000187948aec50 JavaThread "Unconstrained build operations Thread 52"        [_thread_blocked, id=3700, stack(0x0000001b28200000,0x0000001b28300000) (1024K)]
  0x00000187948b13b0 JavaThread "Unconstrained build operations Thread 53"        [_thread_blocked, id=14412, stack(0x0000001b28300000,0x0000001b28400000) (1024K)]
  0x00000187948adf30 JavaThread "Unconstrained build operations Thread 54"        [_thread_blocked, id=13760, stack(0x0000001b28400000,0x0000001b28500000) (1024K)]
  0x00000187948b3b10 JavaThread "Unconstrained build operations Thread 55"        [_thread_blocked, id=1460, stack(0x0000001b28500000,0x0000001b28600000) (1024K)]
  0x00000187948b3480 JavaThread "Unconstrained build operations Thread 56"        [_thread_blocked, id=17760, stack(0x0000001b28600000,0x0000001b28700000) (1024K)]
  0x00000187948b2df0 JavaThread "Unconstrained build operations Thread 57"        [_thread_blocked, id=9772, stack(0x0000001b28700000,0x0000001b28800000) (1024K)]
  0x00000187948b1a40 JavaThread "Unconstrained build operations Thread 58"        [_thread_blocked, id=14544, stack(0x0000001b28800000,0x0000001b28900000) (1024K)]
  0x000001879269bc80 JavaThread "Unconstrained build operations Thread 59"        [_thread_blocked, id=17756, stack(0x0000001b28900000,0x0000001b28a00000) (1024K)]
  0x000001879269af60 JavaThread "Unconstrained build operations Thread 60"        [_thread_blocked, id=19404, stack(0x0000001b28a00000,0x0000001b28b00000) (1024K)]
  0x0000018792699bb0 JavaThread "Unconstrained build operations Thread 61"        [_thread_blocked, id=3668, stack(0x0000001b28b00000,0x0000001b28c00000) (1024K)]
  0x000001879269b5f0 JavaThread "Unconstrained build operations Thread 62"        [_thread_blocked, id=8492, stack(0x0000001b28c00000,0x0000001b28d00000) (1024K)]
  0x000001879269a8d0 JavaThread "Unconstrained build operations Thread 63"        [_thread_blocked, id=18964, stack(0x0000001b28d00000,0x0000001b28e00000) (1024K)]
  0x0000018792698800 JavaThread "Unconstrained build operations Thread 64"        [_thread_blocked, id=15212, stack(0x0000001b28e00000,0x0000001b28f00000) (1024K)]
  0x000001879269c310 JavaThread "Unconstrained build operations Thread 65"        [_thread_blocked, id=4752, stack(0x0000001b28f00000,0x0000001b29000000) (1024K)]
  0x0000018792698e90 JavaThread "Unconstrained build operations Thread 66"        [_thread_blocked, id=20120, stack(0x0000001b29000000,0x0000001b29100000) (1024K)]
  0x0000018795525d20 JavaThread "Unconstrained build operations Thread 67"        [_thread_blocked, id=15792, stack(0x0000001b29100000,0x0000001b29200000) (1024K)]
  0x00000187955263b0 JavaThread "Unconstrained build operations Thread 68"        [_thread_blocked, id=8060, stack(0x0000001b29200000,0x0000001b29300000) (1024K)]
  0x00000187955242e0 JavaThread "Unconstrained build operations Thread 69"        [_thread_blocked, id=13524, stack(0x0000001b29300000,0x0000001b29400000) (1024K)]
  0x0000018795527df0 JavaThread "Unconstrained build operations Thread 70"        [_thread_blocked, id=17820, stack(0x0000001b29400000,0x0000001b29500000) (1024K)]
  0x0000018795528480 JavaThread "Unconstrained build operations Thread 71"        [_thread_blocked, id=17864, stack(0x0000001b29500000,0x0000001b29600000) (1024K)]
  0x0000018795529ec0 JavaThread "Unconstrained build operations Thread 72"        [_thread_blocked, id=17392, stack(0x0000001b29600000,0x0000001b29700000) (1024K)]
  0x0000018795528b10 JavaThread "Unconstrained build operations Thread 73"        [_thread_blocked, id=15200, stack(0x0000001b29700000,0x0000001b29800000) (1024K)]
  0x00000187955270d0 JavaThread "Unconstrained build operations Thread 74"        [_thread_blocked, id=9680, stack(0x0000001b29800000,0x0000001b29900000) (1024K)]
  0x00000187955291a0 JavaThread "Unconstrained build operations Thread 75"        [_thread_blocked, id=19632, stack(0x0000001b29900000,0x0000001b29a00000) (1024K)]
  0x000001879552b270 JavaThread "Unconstrained build operations Thread 76"        [_thread_blocked, id=19016, stack(0x0000001b29a00000,0x0000001b29b00000) (1024K)]
  0x000001879552b900 JavaThread "Unconstrained build operations Thread 77"        [_thread_blocked, id=16956, stack(0x0000001b29b00000,0x0000001b29c00000) (1024K)]
  0x0000018795529830 JavaThread "Unconstrained build operations Thread 78"        [_thread_blocked, id=12268, stack(0x0000001b29c00000,0x0000001b29d00000) (1024K)]
  0x000001879552a550 JavaThread "Unconstrained build operations Thread 79"        [_thread_blocked, id=10668, stack(0x0000001b29d00000,0x0000001b29e00000) (1024K)]
  0x000001879552abe0 JavaThread "Unconstrained build operations Thread 80"        [_thread_blocked, id=19820, stack(0x0000001b29e00000,0x0000001b29f00000) (1024K)]
  0x00000187904f8e60 JavaThread "Unconstrained build operations Thread 81"        [_thread_blocked, id=8816, stack(0x0000001b29f00000,0x0000001b2a000000) (1024K)]
  0x00000187904f87d0 JavaThread "Unconstrained build operations Thread 82"        [_thread_blocked, id=20384, stack(0x0000001b2a000000,0x0000001b2a100000) (1024K)]
  0x00000187904f7420 JavaThread "Unconstrained build operations Thread 83"        [_thread_blocked, id=7976, stack(0x0000001b2a100000,0x0000001b2a200000) (1024K)]
  0x00000187904f7ab0 JavaThread "Unconstrained build operations Thread 84"        [_thread_blocked, id=11412, stack(0x0000001b2a200000,0x0000001b2a300000) (1024K)]
  0x00000187904f8140 JavaThread "Unconstrained build operations Thread 85"        [_thread_blocked, id=13684, stack(0x0000001b2a300000,0x0000001b2a400000) (1024K)]
  0x00000187904f9b80 JavaThread "Unconstrained build operations Thread 86"        [_thread_blocked, id=20744, stack(0x0000001b2a400000,0x0000001b2a500000) (1024K)]
  0x00000187904f6d90 JavaThread "Unconstrained build operations Thread 87"        [_thread_blocked, id=20992, stack(0x0000001b2a500000,0x0000001b2a600000) (1024K)]
  0x00000187904f94f0 JavaThread "Unconstrained build operations Thread 88"        [_thread_blocked, id=20748, stack(0x0000001b2a600000,0x0000001b2a700000) (1024K)]
  0x00000187904fbc50 JavaThread "Unconstrained build operations Thread 89"        [_thread_blocked, id=21500, stack(0x0000001b2a700000,0x0000001b2a800000) (1024K)]
  0x00000187904fb5c0 JavaThread "Unconstrained build operations Thread 90"        [_thread_blocked, id=5052, stack(0x0000001b2a800000,0x0000001b2a900000) (1024K)]
  0x00000187904fc2e0 JavaThread "Unconstrained build operations Thread 91"        [_thread_blocked, id=1808, stack(0x0000001b2a900000,0x0000001b2aa00000) (1024K)]
  0x00000187904fa210 JavaThread "Unconstrained build operations Thread 92"        [_thread_blocked, id=14424, stack(0x0000001b2aa00000,0x0000001b2ab00000) (1024K)]
  0x00000187904fa8a0 JavaThread "Unconstrained build operations Thread 93"        [_thread_blocked, id=10172, stack(0x0000001b2ab00000,0x0000001b2ac00000) (1024K)]
  0x00000187904fd690 JavaThread "Unconstrained build operations Thread 94"        [_thread_blocked, id=16840, stack(0x0000001b2ac00000,0x0000001b2ad00000) (1024K)]
  0x00000187904fd000 JavaThread "Unconstrained build operations Thread 95"        [_thread_blocked, id=2800, stack(0x0000001b2ad00000,0x0000001b2ae00000) (1024K)]
  0x00000187904fc970 JavaThread "Unconstrained build operations Thread 96"        [_thread_blocked, id=19904, stack(0x0000001b2ae00000,0x0000001b2af00000) (1024K)]
  0x00000187904fdd20 JavaThread "Unconstrained build operations Thread 97"        [_thread_blocked, id=3844, stack(0x0000001b2af00000,0x0000001b2b000000) (1024K)]
  0x00000187904fe3b0 JavaThread "Unconstrained build operations Thread 98"        [_thread_blocked, id=7188, stack(0x0000001b2b000000,0x0000001b2b100000) (1024K)]
  0x00000187904faf30 JavaThread "Unconstrained build operations Thread 99"        [_thread_blocked, id=19428, stack(0x0000001b2b100000,0x0000001b2b200000) (1024K)]
  0x000001879a886a30 JavaThread "Unconstrained build operations Thread 100"        [_thread_blocked, id=21020, stack(0x0000001b2b200000,0x0000001b2b300000) (1024K)]
  0x000001879a888470 JavaThread "Unconstrained build operations Thread 101"        [_thread_blocked, id=16680, stack(0x0000001b2b300000,0x0000001b2b400000) (1024K)]
  0x000001879a889190 JavaThread "Unconstrained build operations Thread 102"        [_thread_blocked, id=19028, stack(0x0000001b2b400000,0x0000001b2b500000) (1024K)]
  0x000001879a885d10 JavaThread "Unconstrained build operations Thread 103"        [_thread_blocked, id=15028, stack(0x0000001b2b500000,0x0000001b2b600000) (1024K)]
  0x000001879a888b00 JavaThread "Unconstrained build operations Thread 104"        [_thread_blocked, id=17552, stack(0x0000001b2b600000,0x0000001b2b700000) (1024K)]
  0x000001879a889820 JavaThread "Unconstrained build operations Thread 105"        [_thread_blocked, id=7424, stack(0x0000001b2b700000,0x0000001b2b800000) (1024K)]
  0x000001879a8870c0 JavaThread "Unconstrained build operations Thread 106"        [_thread_blocked, id=14620, stack(0x0000001b2b800000,0x0000001b2b900000) (1024K)]
  0x000001879a8863a0 JavaThread "Unconstrained build operations Thread 107"        [_thread_blocked, id=15592, stack(0x0000001b2b900000,0x0000001b2ba00000) (1024K)]
  0x000001879a889eb0 JavaThread "Unconstrained build operations Thread 108"        [_thread_blocked, id=18284, stack(0x0000001b2ba00000,0x0000001b2bb00000) (1024K)]
  0x000001879a88a540 JavaThread "Unconstrained build operations Thread 109"        [_thread_blocked, id=20192, stack(0x0000001b2bb00000,0x0000001b2bc00000) (1024K)]
  0x000001879a88abd0 JavaThread "Unconstrained build operations Thread 110"        [_thread_blocked, id=8388, stack(0x0000001b2bc00000,0x0000001b2bd00000) (1024K)]
  0x000001879a887750 JavaThread "Unconstrained build operations Thread 111"        [_thread_blocked, id=7196, stack(0x0000001b2bd00000,0x0000001b2be00000) (1024K)]
  0x000001879a88b260 JavaThread "Unconstrained build operations Thread 112"        [_thread_blocked, id=19960, stack(0x0000001b2be00000,0x0000001b2bf00000) (1024K)]
  0x000001879a887de0 JavaThread "Unconstrained build operations Thread 113"        [_thread_blocked, id=10416, stack(0x0000001b2bf00000,0x0000001b2c000000) (1024K)]
  0x000001879a88e6e0 JavaThread "Unconstrained build operations Thread 114"        [_thread_blocked, id=12772, stack(0x0000001b2c000000,0x0000001b2c100000) (1024K)]
  0x000001879a88ed70 JavaThread "Unconstrained build operations Thread 115"        [_thread_blocked, id=18600, stack(0x0000001b2c100000,0x0000001b2c200000) (1024K)]
  0x000001879a88b8f0 JavaThread "Unconstrained build operations Thread 116"        [_thread_blocked, id=13116, stack(0x0000001b2c200000,0x0000001b2c300000) (1024K)]
  0x000001879a88bf80 JavaThread "Unconstrained build operations Thread 117"        [_thread_blocked, id=20004, stack(0x0000001b2c300000,0x0000001b2c400000) (1024K)]
  0x000001879a88fa90 JavaThread "Unconstrained build operations Thread 118"        [_thread_blocked, id=14476, stack(0x0000001b2c400000,0x0000001b2c500000) (1024K)]
  0x000001879a88c610 JavaThread "Unconstrained build operations Thread 119"        [_thread_blocked, id=15668, stack(0x0000001b2c500000,0x0000001b2c600000) (1024K)]
  0x000001879a88cca0 JavaThread "Unconstrained build operations Thread 120"        [_thread_blocked, id=14704, stack(0x0000001b2c600000,0x0000001b2c700000) (1024K)]
  0x000001879a890120 JavaThread "Cache worker for Java compile cache (C:\Users\vfxno\.gradle\caches\8.13\javaCompile)"        [_thread_blocked, id=9308, stack(0x0000001b2c700000,0x0000001b2c800000) (1024K)]
  0x000001879a88d9c0 JavaThread "Build operations"                  [_thread_blocked, id=8512, stack(0x0000001b2c800000,0x0000001b2c900000) (1024K)]
  0x000001879a8907b0 JavaThread "Build operations Thread 2"         [_thread_blocked, id=21308, stack(0x0000001b2c900000,0x0000001b2ca00000) (1024K)]
  0x000001879a88d330 JavaThread "Build operations Thread 3"         [_thread_blocked, id=1616, stack(0x0000001b2ca00000,0x0000001b2cb00000) (1024K)]
  0x000001879a88e050 JavaThread "Build operations Thread 4"         [_thread_blocked, id=16256, stack(0x0000001b2cb00000,0x0000001b2cc00000) (1024K)]
  0x000001879a892f10 JavaThread "Build operations Thread 5"         [_thread_blocked, id=10184, stack(0x0000001b2cc00000,0x0000001b2cd00000) (1024K)]
  0x000001879a8914d0 JavaThread "Build operations Thread 6"         [_thread_blocked, id=6580, stack(0x0000001b2cd00000,0x0000001b2ce00000) (1024K)]
  0x000001879a892880 JavaThread "Build operations Thread 7"         [_thread_blocked, id=16720, stack(0x0000001b2ce00000,0x0000001b2cf00000) (1024K)]
  0x000001879a891b60 JavaThread "Build operations Thread 8"         [_thread_blocked, id=18588, stack(0x0000001b2cf00000,0x0000001b2d000000) (1024K)]
  0x000001879a890e40 JavaThread "Build operations Thread 9"         [_thread_blocked, id=14908, stack(0x0000001b2d000000,0x0000001b2d100000) (1024K)]
  0x000001879a8921f0 JavaThread "Build operations Thread 10"        [_thread_blocked, id=8004, stack(0x0000001b2d100000,0x0000001b2d200000) (1024K)]
  0x000001879a8935a0 JavaThread "Build operations Thread 11"        [_thread_blocked, id=11260, stack(0x0000001b2d200000,0x0000001b2d300000) (1024K)]
  0x00000187955a5c70 JavaThread "C2 CompilerThread1"         daemon [_thread_in_native, id=7924, stack(0x0000001b21500000,0x0000001b21600000) (1024K)]
  0x000001879a893c30 JavaThread "WorkerExecutor Queue"              [_thread_in_Java, id=17044, stack(0x0000001b27a00000,0x0000001b27b00000) (1024K)]
=>0x00000187955a4800 JavaThread "C2 CompilerThread2"         daemon [_thread_in_native, id=19516, stack(0x0000001b2d300000,0x0000001b2d400000) (1024K)]
  0x000001879b2279d0 JavaThread "ForkJoinPool-1-worker-1"    daemon [_thread_blocked, id=10376, stack(0x0000001b2d400000,0x0000001b2d500000) (1024K)]
  0x000001879b226620 JavaThread "ForkJoinPool-1-worker-2"    daemon [_thread_blocked, id=17176, stack(0x0000001b2d500000,0x0000001b2d600000) (1024K)]
  0x000001879b225f90 JavaThread "ForkJoinPool-1-worker-3"    daemon [_thread_blocked, id=18332, stack(0x0000001b2d600000,0x0000001b2d700000) (1024K)]
  0x000001879b226cb0 JavaThread "ForkJoinPool-1-worker-4"    daemon [_thread_blocked, id=15604, stack(0x0000001b2d700000,0x0000001b2d800000) (1024K)]
  0x000001879b228060 JavaThread "ForkJoinPool-1-worker-5"    daemon [_thread_blocked, id=19552, stack(0x0000001b2d800000,0x0000001b2d900000) (1024K)]
  0x000001879b2286f0 JavaThread "ForkJoinPool-1-worker-6"    daemon [_thread_blocked, id=15716, stack(0x0000001b2d900000,0x0000001b2da00000) (1024K)]
  0x000001879b225270 JavaThread "ForkJoinPool-1-worker-7"    daemon [_thread_blocked, id=7996, stack(0x0000001b2da00000,0x0000001b2db00000) (1024K)]
  0x000001879b229aa0 JavaThread "ForkJoinPool-1-worker-8"    daemon [_thread_blocked, id=19308, stack(0x0000001b2db00000,0x0000001b2dc00000) (1024K)]
  0x000001879b227340 JavaThread "ForkJoinPool-1-worker-9"    daemon [_thread_blocked, id=13764, stack(0x0000001b2dc00000,0x0000001b2dd00000) (1024K)]
  0x000001879b22a7c0 JavaThread "ForkJoinPool-1-worker-10"   daemon [_thread_blocked, id=19668, stack(0x0000001b2dd00000,0x0000001b2de00000) (1024K)]
  0x000001879b22c890 JavaThread "ForkJoinPool-1-worker-11"   daemon [_thread_blocked, id=2092, stack(0x0000001b2de00000,0x0000001b2df00000) (1024K)]
  0x000001879b22ae50 JavaThread "ForkJoinPool-1-worker-12"   daemon [_thread_blocked, id=1356, stack(0x0000001b2df00000,0x0000001b2e000000) (1024K)]
  0x00000187948b2760 JavaThread "Build operations Thread 12"        [_thread_blocked, id=19132, stack(0x0000001b2e000000,0x0000001b2e100000) (1024K)]
  0x000001879bb5c1b0 JavaThread "File lock release action executor"        [_thread_blocked, id=2704, stack(0x0000001b2e100000,0x0000001b2e200000) (1024K)]
Total: 205

Other Threads:
  0x000001874820f790 VMThread "VM Thread"                           [id=19944, stack(0x0000001b20a00000,0x0000001b20b00000) (1024K)]
  0x00000187481fb4c0 WatcherThread "VM Periodic Task Thread"        [id=6388, stack(0x0000001b20900000,0x0000001b20a00000) (1024K)]
  0x0000018729df51f0 WorkerThread "GC Thread#0"                     [id=1984, stack(0x0000001b20400000,0x0000001b20500000) (1024K)]
  0x00000187486c2040 WorkerThread "GC Thread#1"                     [id=21220, stack(0x0000001b21700000,0x0000001b21800000) (1024K)]
  0x00000187486c23e0 WorkerThread "GC Thread#2"                     [id=20324, stack(0x0000001b21800000,0x0000001b21900000) (1024K)]
  0x00000187486c2780 WorkerThread "GC Thread#3"                     [id=6988, stack(0x0000001b21900000,0x0000001b21a00000) (1024K)]
  0x00000187488bdba0 WorkerThread "GC Thread#4"                     [id=10724, stack(0x0000001b21a00000,0x0000001b21b00000) (1024K)]
  0x00000187488cf460 WorkerThread "GC Thread#5"                     [id=20148, stack(0x0000001b21b00000,0x0000001b21c00000) (1024K)]
  0x000001878f137890 WorkerThread "GC Thread#6"                     [id=9564, stack(0x0000001b21e00000,0x0000001b21f00000) (1024K)]
  0x000001878f2f7c60 WorkerThread "GC Thread#7"                     [id=13240, stack(0x0000001b21f00000,0x0000001b22000000) (1024K)]
  0x000001878f300010 WorkerThread "GC Thread#8"                     [id=21084, stack(0x0000001b22000000,0x0000001b22100000) (1024K)]
  0x000001878f300780 WorkerThread "GC Thread#9"                     [id=8260, stack(0x0000001b22100000,0x0000001b22200000) (1024K)]
  0x0000018729e02f60 ConcurrentGCThread "G1 Main Marker"            [id=17020, stack(0x0000001b20500000,0x0000001b20600000) (1024K)]
  0x0000018729e03970 WorkerThread "G1 Conc#0"                       [id=16692, stack(0x0000001b20600000,0x0000001b20700000) (1024K)]
  0x000001878f30fd60 WorkerThread "G1 Conc#1"                       [id=3860, stack(0x0000001b22d00000,0x0000001b22e00000) (1024K)]
  0x000001878f30f620 WorkerThread "G1 Conc#2"                       [id=17812, stack(0x0000001b22e00000,0x0000001b22f00000) (1024K)]
  0x0000018729e5e6f0 ConcurrentGCThread "G1 Refine#0"               [id=21224, stack(0x0000001b20700000,0x0000001b20800000) (1024K)]
  0x00000187480cd250 ConcurrentGCThread "G1 Service"                [id=14236, stack(0x0000001b20800000,0x0000001b20900000) (1024K)]
Total: 18

Threads with active compile tasks:
C2 CompilerThread0  45118 32530       4       com.android.tools.r8.shaking.O::m (178 bytes)
C2 CompilerThread1  45118 30822 %     4       com.android.tools.r8.ir.optimize.z::a @ 162 (1785 bytes)
C2 CompilerThread2  45118 30827 %     4       com.android.tools.r8.internal.NW::a @ 59 (308 bytes)
Total: 3

VM state: not at safepoint (normal execution)

VM Mutex/Monitor currently owned by a thread: None

Heap address: 0x0000000740000000, size: 3072 MB, Compressed Oops mode: Zero based, Oop shift amount: 3

CDS archive(s) mapped at: [0x0000018749000000-0x0000018749c80000-0x0000018749c80000), size 13107200, SharedBaseAddress: 0x0000018749000000, ArchiveRelocationMode: 1.
Compressed class space mapped at: 0x000001874a000000-0x000001878a000000, reserved size: 1073741824
Narrow klass base: 0x0000018749000000, Narrow klass shift: 0, Narrow klass range: 0x100000000

GC Precious Log:
 CardTable entry size: 512
 Card Set container configuration: InlinePtr #cards 4 size 8 Array Of Cards #cards 16 size 48 Howl #buckets 8 coarsen threshold 3686 Howl Bitmap #cards 512 size 80 coarsen threshold 460 Card regions per heap region 1 cards per card region 4096
 CPUs: 12 total, 12 available
 Memory: 16096M
 Large Page Support: Disabled
 NUMA Support: Disabled
 Compressed Oops: Enabled (Zero based)
 Heap Region Size: 2M
 Heap Min Capacity: 8M
 Heap Initial Capacity: 252M
 Heap Max Capacity: 3G
 Pre-touch: Disabled
 Parallel Workers: 10
 Concurrent Workers: 3
 Concurrent Refinement Workers: 10
 Periodic GC: Disabled

Heap:
 garbage-first heap   total 1437696K, used 695658K [0x0000000740000000, 0x0000000800000000)
  region size 2048K, 100 young (204800K), 30 survivors (61440K)
 Metaspace       used 142646K, committed 145152K, reserved 1179648K
  class space    used 19454K, committed 20672K, reserved 1048576K

Heap Regions: E=young(eden), S=young(survivor), O=old, HS=humongous(starts), HC=humongous(continues), CS=collection set, F=free, TAMS=top-at-mark-start, PB=parsable bottom
|   0|0x0000000740000000, 0x0000000740200000, 0x0000000740200000|100%|HS|  |TAMS 0x0000000740200000| PB 0x0000000740000000| Complete 
|   1|0x0000000740200000, 0x0000000740400000, 0x0000000740400000|100%|HC|  |TAMS 0x0000000740400000| PB 0x0000000740200000| Complete 
|   2|0x0000000740400000, 0x0000000740600000, 0x0000000740600000|100%| O|  |TAMS 0x0000000740600000| PB 0x0000000740400000| Untracked 
|   3|0x0000000740600000, 0x0000000740800000, 0x0000000740800000|100%| O|  |TAMS 0x0000000740800000| PB 0x0000000740600000| Untracked 
|   4|0x0000000740800000, 0x0000000740a00000, 0x0000000740a00000|100%| O|  |TAMS 0x0000000740a00000| PB 0x0000000740800000| Untracked 
|   5|0x0000000740a00000, 0x0000000740c00000, 0x0000000740c00000|100%| O|  |TAMS 0x0000000740c00000| PB 0x0000000740a00000| Untracked 
|   6|0x0000000740c00000, 0x0000000740e00000, 0x0000000740e00000|100%| O|  |TAMS 0x0000000740e00000| PB 0x0000000740c00000| Untracked 
|   7|0x0000000740e00000, 0x0000000741000000, 0x0000000741000000|100%| O|  |TAMS 0x0000000741000000| PB 0x0000000740e00000| Untracked 
|   8|0x0000000741000000, 0x0000000741200000, 0x0000000741200000|100%| O|  |TAMS 0x0000000741200000| PB 0x0000000741000000| Untracked 
|   9|0x0000000741200000, 0x0000000741400000, 0x0000000741400000|100%| O|  |TAMS 0x0000000741400000| PB 0x0000000741200000| Untracked 
|  10|0x0000000741400000, 0x0000000741600000, 0x0000000741600000|100%| O|  |TAMS 0x0000000741600000| PB 0x0000000741400000| Untracked 
|  11|0x0000000741600000, 0x0000000741800000, 0x0000000741800000|100%| O|  |TAMS 0x0000000741800000| PB 0x0000000741600000| Untracked 
|  12|0x0000000741800000, 0x0000000741a00000, 0x0000000741a00000|100%| O|  |TAMS 0x0000000741a00000| PB 0x0000000741800000| Untracked 
|  13|0x0000000741a00000, 0x0000000741c00000, 0x0000000741c00000|100%| O|  |TAMS 0x0000000741c00000| PB 0x0000000741a00000| Updating 
|  14|0x0000000741c00000, 0x0000000741e00000, 0x0000000741e00000|100%| O|  |TAMS 0x0000000741e00000| PB 0x0000000741c00000| Untracked 
|  15|0x0000000741e00000, 0x0000000742000000, 0x0000000742000000|100%| O|  |TAMS 0x0000000742000000| PB 0x0000000741e00000| Untracked 
|  16|0x0000000742000000, 0x0000000742200000, 0x0000000742200000|100%| O|  |TAMS 0x0000000742200000| PB 0x0000000742000000| Updating 
|  17|0x0000000742200000, 0x0000000742400000, 0x0000000742400000|100%| O|  |TAMS 0x0000000742400000| PB 0x0000000742200000| Untracked 
|  18|0x0000000742400000, 0x0000000742600000, 0x0000000742600000|100%| O|  |TAMS 0x0000000742600000| PB 0x0000000742400000| Updating 
|  19|0x0000000742600000, 0x0000000742800000, 0x0000000742800000|100%| O|  |TAMS 0x0000000742800000| PB 0x0000000742600000| Untracked 
|  20|0x0000000742800000, 0x0000000742a00000, 0x0000000742a00000|100%| O|  |TAMS 0x0000000742a00000| PB 0x0000000742800000| Updating 
|  21|0x0000000742a00000, 0x0000000742c00000, 0x0000000742c00000|100%| O|  |TAMS 0x0000000742c00000| PB 0x0000000742a00000| Updating 
|  22|0x0000000742c00000, 0x0000000742e00000, 0x0000000742e00000|100%| O|  |TAMS 0x0000000742e00000| PB 0x0000000742c00000| Updating 
|  23|0x0000000742e00000, 0x0000000743000000, 0x0000000743000000|100%| O|  |TAMS 0x0000000743000000| PB 0x0000000742e00000| Untracked 
|  24|0x0000000743000000, 0x0000000743200000, 0x0000000743200000|100%| O|  |TAMS 0x0000000743200000| PB 0x0000000743000000| Updating 
|  25|0x0000000743200000, 0x0000000743400000, 0x0000000743400000|100%| O|  |TAMS 0x0000000743400000| PB 0x0000000743200000| Untracked 
|  26|0x0000000743400000, 0x0000000743600000, 0x0000000743600000|100%| O|  |TAMS 0x0000000743600000| PB 0x0000000743400000| Untracked 
|  27|0x0000000743600000, 0x0000000743800000, 0x0000000743800000|100%| O|  |TAMS 0x0000000743800000| PB 0x0000000743600000| Updating 
|  28|0x0000000743800000, 0x0000000743a00000, 0x0000000743a00000|100%| O|  |TAMS 0x0000000743a00000| PB 0x0000000743800000| Updating 
|  29|0x0000000743a00000, 0x0000000743c00000, 0x0000000743c00000|100%| O|  |TAMS 0x0000000743c00000| PB 0x0000000743a00000| Untracked 
|  30|0x0000000743c00000, 0x0000000743e00000, 0x0000000743e00000|100%| O|  |TAMS 0x0000000743e00000| PB 0x0000000743c00000| Untracked 
|  31|0x0000000743e00000, 0x0000000744000000, 0x0000000744000000|100%| O|  |TAMS 0x0000000744000000| PB 0x0000000743e00000| Updating 
|  32|0x0000000744000000, 0x0000000744200000, 0x0000000744200000|100%| O|  |TAMS 0x0000000744200000| PB 0x0000000744000000| Untracked 
|  33|0x0000000744200000, 0x0000000744400000, 0x0000000744400000|100%| O|  |TAMS 0x0000000744400000| PB 0x0000000744200000| Untracked 
|  34|0x0000000744400000, 0x0000000744600000, 0x0000000744600000|100%| O|  |TAMS 0x0000000744600000| PB 0x0000000744400000| Untracked 
|  35|0x0000000744600000, 0x0000000744800000, 0x0000000744800000|100%| O|  |TAMS 0x0000000744800000| PB 0x0000000744600000| Untracked 
|  36|0x0000000744800000, 0x0000000744a00000, 0x0000000744a00000|100%| O|  |TAMS 0x0000000744a00000| PB 0x0000000744800000| Untracked 
|  37|0x0000000744a00000, 0x0000000744c00000, 0x0000000744c00000|100%| O|  |TAMS 0x0000000744c00000| PB 0x0000000744a00000| Updating 
|  38|0x0000000744c00000, 0x0000000744e00000, 0x0000000744e00000|100%| O|  |TAMS 0x0000000744e00000| PB 0x0000000744c00000| Untracked 
|  39|0x0000000744e00000, 0x0000000745000000, 0x0000000745000000|100%| O|  |TAMS 0x0000000745000000| PB 0x0000000744e00000| Untracked 
|  40|0x0000000745000000, 0x0000000745200000, 0x0000000745200000|100%| O|  |TAMS 0x0000000745200000| PB 0x0000000745000000| Updating 
|  41|0x0000000745200000, 0x0000000745400000, 0x0000000745400000|100%| O|  |TAMS 0x0000000745400000| PB 0x0000000745200000| Untracked 
|  42|0x0000000745400000, 0x0000000745600000, 0x0000000745600000|100%| O|  |TAMS 0x0000000745600000| PB 0x0000000745400000| Untracked 
|  43|0x0000000745600000, 0x0000000745800000, 0x0000000745800000|100%| O|  |TAMS 0x0000000745800000| PB 0x0000000745600000| Untracked 
|  44|0x0000000745800000, 0x0000000745a00000, 0x0000000745a00000|100%| O|  |TAMS 0x0000000745a00000| PB 0x0000000745800000| Untracked 
|  45|0x0000000745a00000, 0x0000000745c00000, 0x0000000745c00000|100%| O|  |TAMS 0x0000000745c00000| PB 0x0000000745a00000| Untracked 
|  46|0x0000000745c00000, 0x0000000745e00000, 0x0000000745e00000|100%| O|  |TAMS 0x0000000745e00000| PB 0x0000000745c00000| Untracked 
|  47|0x0000000745e00000, 0x0000000746000000, 0x0000000746000000|100%| O|  |TAMS 0x0000000746000000| PB 0x0000000745e00000| Untracked 
|  48|0x0000000746000000, 0x0000000746200000, 0x0000000746200000|100%| O|  |TAMS 0x0000000746200000| PB 0x0000000746000000| Updating 
|  49|0x0000000746200000, 0x0000000746400000, 0x0000000746400000|100%| O|  |TAMS 0x0000000746400000| PB 0x0000000746400000| Untracked 
|  50|0x0000000746400000, 0x0000000746600000, 0x0000000746600000|100%| O|  |TAMS 0x0000000746600000| PB 0x0000000746600000| Untracked 
|  51|0x0000000746600000, 0x0000000746800000, 0x0000000746800000|100%| O|  |TAMS 0x0000000746800000| PB 0x0000000746800000| Untracked 
|  52|0x0000000746800000, 0x0000000746a00000, 0x0000000746a00000|100%| O|  |TAMS 0x0000000746a00000| PB 0x0000000746a00000| Untracked 
|  53|0x0000000746a00000, 0x0000000746c00000, 0x0000000746c00000|100%| O|  |TAMS 0x0000000746c00000| PB 0x0000000746c00000| Untracked 
|  54|0x0000000746c00000, 0x0000000746e00000, 0x0000000746e00000|100%| O|  |TAMS 0x0000000746e00000| PB 0x0000000746e00000| Updating 
|  55|0x0000000746e00000, 0x0000000747000000, 0x0000000747000000|100%| O|  |TAMS 0x0000000747000000| PB 0x0000000747000000| Untracked 
|  56|0x0000000747000000, 0x0000000747200000, 0x0000000747200000|100%| O|  |TAMS 0x0000000747200000| PB 0x0000000747200000| Untracked 
|  57|0x0000000747200000, 0x0000000747400000, 0x0000000747400000|100%| O|  |TAMS 0x0000000747400000| PB 0x0000000747400000| Updating 
|  58|0x0000000747400000, 0x0000000747600000, 0x0000000747600000|100%| O|  |TAMS 0x0000000747600000| PB 0x0000000747600000| Updating 
|  59|0x0000000747600000, 0x0000000747800000, 0x0000000747800000|100%| O|  |TAMS 0x0000000747800000| PB 0x0000000747800000| Updating 
|  60|0x0000000747800000, 0x0000000747a00000, 0x0000000747a00000|100%| O|  |TAMS 0x0000000747a00000| PB 0x0000000747a00000| Untracked 
|  61|0x0000000747a00000, 0x0000000747c00000, 0x0000000747c00000|100%| O|  |TAMS 0x0000000747c00000| PB 0x0000000747c00000| Untracked 
|  62|0x0000000747c00000, 0x0000000747e00000, 0x0000000747e00000|100%| O|  |TAMS 0x0000000747e00000| PB 0x0000000747e00000| Untracked 
|  63|0x0000000747e00000, 0x0000000748000000, 0x0000000748000000|100%| O|  |TAMS 0x0000000748000000| PB 0x0000000748000000| Updating 
|  64|0x0000000748000000, 0x0000000748200000, 0x0000000748200000|100%|HS|  |TAMS 0x0000000748000000| PB 0x0000000748000000| Complete 
|  65|0x0000000748200000, 0x0000000748400000, 0x0000000748400000|100%| O|  |TAMS 0x0000000748400000| PB 0x0000000748400000| Updating 
|  66|0x0000000748400000, 0x0000000748600000, 0x0000000748600000|100%| O|  |TAMS 0x0000000748600000| PB 0x0000000748600000| Updating 
|  67|0x0000000748600000, 0x0000000748800000, 0x0000000748800000|100%| O|  |TAMS 0x0000000748800000| PB 0x0000000748800000| Updating 
|  68|0x0000000748800000, 0x0000000748a00000, 0x0000000748a00000|100%| O|  |TAMS 0x0000000748a00000| PB 0x0000000748a00000| Updating 
|  69|0x0000000748a00000, 0x0000000748c00000, 0x0000000748c00000|100%| O|  |TAMS 0x0000000748c00000| PB 0x0000000748c00000| Updating 
|  70|0x0000000748c00000, 0x0000000748e00000, 0x0000000748e00000|100%| O|  |TAMS 0x0000000748e00000| PB 0x0000000748e00000| Updating 
|  71|0x0000000748e00000, 0x0000000749000000, 0x0000000749000000|100%| O|  |TAMS 0x0000000749000000| PB 0x0000000749000000| Updating 
|  72|0x0000000749000000, 0x0000000749200000, 0x0000000749200000|100%| O|  |TAMS 0x0000000749200000| PB 0x0000000749200000| Updating 
|  73|0x0000000749200000, 0x0000000749400000, 0x0000000749400000|100%| O|  |TAMS 0x0000000749400000| PB 0x0000000749400000| Untracked 
|  74|0x0000000749400000, 0x0000000749600000, 0x0000000749600000|100%| O|  |TAMS 0x0000000749600000| PB 0x0000000749600000| Updating 
|  75|0x0000000749600000, 0x0000000749800000, 0x0000000749800000|100%| O|  |TAMS 0x0000000749800000| PB 0x0000000749800000| Updating 
|  76|0x0000000749800000, 0x0000000749a00000, 0x0000000749a00000|100%| O|  |TAMS 0x0000000749a00000| PB 0x0000000749a00000| Untracked 
|  77|0x0000000749a00000, 0x0000000749c00000, 0x0000000749c00000|100%| O|  |TAMS 0x0000000749c00000| PB 0x0000000749c00000| Updating 
|  78|0x0000000749c00000, 0x0000000749e00000, 0x0000000749e00000|100%| O|  |TAMS 0x0000000749e00000| PB 0x0000000749e00000| Updating 
|  79|0x0000000749e00000, 0x000000074a000000, 0x000000074a000000|100%| O|  |TAMS 0x000000074a000000| PB 0x000000074a000000| Updating 
|  80|0x000000074a000000, 0x000000074a200000, 0x000000074a200000|100%| O|  |TAMS 0x000000074a200000| PB 0x000000074a200000| Updating 
|  81|0x000000074a200000, 0x000000074a400000, 0x000000074a400000|100%| O|  |TAMS 0x000000074a400000| PB 0x000000074a400000| Updating 
|  82|0x000000074a400000, 0x000000074a600000, 0x000000074a600000|100%|HS|  |TAMS 0x000000074a400000| PB 0x000000074a400000| Complete 
|  83|0x000000074a600000, 0x000000074a800000, 0x000000074a800000|100%| O|  |TAMS 0x000000074a800000| PB 0x000000074a800000| Updating 
|  84|0x000000074a800000, 0x000000074aa00000, 0x000000074aa00000|100%| O|  |TAMS 0x000000074aa00000| PB 0x000000074aa00000| Updating 
|  85|0x000000074aa00000, 0x000000074ac00000, 0x000000074ac00000|100%| O|  |TAMS 0x000000074ac00000| PB 0x000000074ac00000| Untracked 
|  86|0x000000074ac00000, 0x000000074ae00000, 0x000000074ae00000|100%| O|  |TAMS 0x000000074ae00000| PB 0x000000074ae00000| Untracked 
|  87|0x000000074ae00000, 0x000000074b000000, 0x000000074b000000|100%| O|  |TAMS 0x000000074b000000| PB 0x000000074b000000| Untracked 
|  88|0x000000074b000000, 0x000000074b200000, 0x000000074b200000|100%| O|  |TAMS 0x000000074b200000| PB 0x000000074b200000| Updating 
|  89|0x000000074b200000, 0x000000074b400000, 0x000000074b400000|100%| O|  |TAMS 0x000000074b400000| PB 0x000000074b400000| Updating 
|  90|0x000000074b400000, 0x000000074b600000, 0x000000074b600000|100%| O|  |TAMS 0x000000074b600000| PB 0x000000074b600000| Updating 
|  91|0x000000074b600000, 0x000000074b800000, 0x000000074b800000|100%| O|  |TAMS 0x000000074b800000| PB 0x000000074b800000| Untracked 
|  92|0x000000074b800000, 0x000000074ba00000, 0x000000074ba00000|100%| O|  |TAMS 0x000000074ba00000| PB 0x000000074ba00000| Untracked 
|  93|0x000000074ba00000, 0x000000074bc00000, 0x000000074bc00000|100%| O|  |TAMS 0x000000074bc00000| PB 0x000000074bc00000| Updating 
|  94|0x000000074bc00000, 0x000000074be00000, 0x000000074be00000|100%| O|  |TAMS 0x000000074be00000| PB 0x000000074be00000| Updating 
|  95|0x000000074be00000, 0x000000074c000000, 0x000000074c000000|100%| O|  |TAMS 0x000000074c000000| PB 0x000000074c000000| Updating 
|  96|0x000000074c000000, 0x000000074c200000, 0x000000074c200000|100%| O|  |TAMS 0x000000074c200000| PB 0x000000074c200000| Untracked 
|  97|0x000000074c200000, 0x000000074c400000, 0x000000074c400000|100%|HS|  |TAMS 0x000000074c400000| PB 0x000000074c200000| Complete 
|  98|0x000000074c400000, 0x000000074c600000, 0x000000074c600000|100%| O|  |TAMS 0x000000074c600000| PB 0x000000074c600000| Untracked 
|  99|0x000000074c600000, 0x000000074c800000, 0x000000074c800000|100%| O|  |TAMS 0x000000074c800000| PB 0x000000074c800000| Updating 
| 100|0x000000074c800000, 0x000000074ca00000, 0x000000074ca00000|100%| O|  |TAMS 0x000000074ca00000| PB 0x000000074ca00000| Untracked 
| 101|0x000000074ca00000, 0x000000074cc00000, 0x000000074cc00000|100%| O|  |TAMS 0x000000074cc00000| PB 0x000000074cc00000| Untracked 
| 102|0x000000074cc00000, 0x000000074ce00000, 0x000000074ce00000|100%| O|  |TAMS 0x000000074ce00000| PB 0x000000074ce00000| Untracked 
| 103|0x000000074ce00000, 0x000000074d000000, 0x000000074d000000|100%| O|  |TAMS 0x000000074d000000| PB 0x000000074d000000| Untracked 
| 104|0x000000074d000000, 0x000000074d200000, 0x000000074d200000|100%| O|  |TAMS 0x000000074d200000| PB 0x000000074d200000| Untracked 
| 105|0x000000074d200000, 0x000000074d400000, 0x000000074d400000|100%| O|  |TAMS 0x000000074d400000| PB 0x000000074d400000| Untracked 
| 106|0x000000074d400000, 0x000000074d600000, 0x000000074d600000|100%| O|  |TAMS 0x000000074d600000| PB 0x000000074d600000| Untracked 
| 107|0x000000074d600000, 0x000000074d800000, 0x000000074d800000|100%| O|  |TAMS 0x000000074d800000| PB 0x000000074d800000| Untracked 
| 108|0x000000074d800000, 0x000000074da00000, 0x000000074da00000|100%| O|  |TAMS 0x000000074da00000| PB 0x000000074da00000| Untracked 
| 109|0x000000074da00000, 0x000000074dc00000, 0x000000074dc00000|100%| O|  |TAMS 0x000000074dc00000| PB 0x000000074dc00000| Untracked 
| 110|0x000000074dc00000, 0x000000074de00000, 0x000000074de00000|100%| O|  |TAMS 0x000000074de00000| PB 0x000000074de00000| Untracked 
| 111|0x000000074de00000, 0x000000074e000000, 0x000000074e000000|100%| O|  |TAMS 0x000000074e000000| PB 0x000000074e000000| Untracked 
| 112|0x000000074e000000, 0x000000074e200000, 0x000000074e200000|100%| O|  |TAMS 0x000000074e200000| PB 0x000000074e200000| Untracked 
| 113|0x000000074e200000, 0x000000074e400000, 0x000000074e400000|100%| O|  |TAMS 0x000000074e400000| PB 0x000000074e400000| Updating 
| 114|0x000000074e400000, 0x000000074e600000, 0x000000074e600000|100%| O|  |TAMS 0x000000074e600000| PB 0x000000074e600000| Untracked 
| 115|0x000000074e600000, 0x000000074e800000, 0x000000074e800000|100%| O|  |TAMS 0x000000074e800000| PB 0x000000074e800000| Updating 
| 116|0x000000074e800000, 0x000000074ea00000, 0x000000074ea00000|100%| O|  |TAMS 0x000000074ea00000| PB 0x000000074ea00000| Updating 
| 117|0x000000074ea00000, 0x000000074ec00000, 0x000000074ec00000|100%| O|  |TAMS 0x000000074ec00000| PB 0x000000074ec00000| Updating 
| 118|0x000000074ec00000, 0x000000074ee00000, 0x000000074ee00000|100%| O|  |TAMS 0x000000074ee00000| PB 0x000000074ee00000| Updating 
| 119|0x000000074ee00000, 0x000000074f000000, 0x000000074f000000|100%| O|  |TAMS 0x000000074f000000| PB 0x000000074f000000| Updating 
| 120|0x000000074f000000, 0x000000074f200000, 0x000000074f200000|100%| O|  |TAMS 0x000000074f200000| PB 0x000000074f200000| Updating 
| 121|0x000000074f200000, 0x000000074f400000, 0x000000074f400000|100%| O|  |TAMS 0x000000074f400000| PB 0x000000074f400000| Untracked 
| 122|0x000000074f400000, 0x000000074f600000, 0x000000074f600000|100%| O|  |TAMS 0x000000074f600000| PB 0x000000074f600000| Updating 
| 123|0x000000074f600000, 0x000000074f800000, 0x000000074f800000|100%| O|  |TAMS 0x000000074f800000| PB 0x000000074f800000| Updating 
| 124|0x000000074f800000, 0x000000074f95a890, 0x000000074fa00000| 67%| O|  |TAMS 0x000000074f889100| PB 0x000000074f889100| Updating 
| 125|0x000000074fa00000, 0x000000074fc00000, 0x000000074fc00000|100%| O|  |TAMS 0x000000074fc00000| PB 0x000000074fc00000| Untracked 
| 126|0x000000074fc00000, 0x000000074fe00000, 0x000000074fe00000|100%| O|  |TAMS 0x000000074fe00000| PB 0x000000074fe00000| Untracked 
| 127|0x000000074fe00000, 0x0000000750000000, 0x0000000750000000|100%| O|  |TAMS 0x0000000750000000| PB 0x0000000750000000| Untracked 
| 128|0x0000000750000000, 0x0000000750200000, 0x0000000750200000|100%| O|  |TAMS 0x0000000750200000| PB 0x0000000750200000| Untracked 
| 129|0x0000000750200000, 0x0000000750400000, 0x0000000750400000|100%| O|  |TAMS 0x0000000750400000| PB 0x0000000750400000| Untracked 
| 130|0x0000000750400000, 0x0000000750600000, 0x0000000750600000|100%| O|  |TAMS 0x0000000750600000| PB 0x0000000750600000| Updating 
| 131|0x0000000750600000, 0x0000000750600000, 0x0000000750800000|  0%| F|  |TAMS 0x0000000750600000| PB 0x0000000750600000| Untracked 
| 132|0x0000000750800000, 0x0000000750a00000, 0x0000000750a00000|100%| O|  |TAMS 0x0000000750a00000| PB 0x0000000750a00000| Updating 
| 133|0x0000000750a00000, 0x0000000750c00000, 0x0000000750c00000|100%| O|  |TAMS 0x0000000750c00000| PB 0x0000000750c00000| Untracked 
| 134|0x0000000750c00000, 0x0000000750e00000, 0x0000000750e00000|100%| O|  |TAMS 0x0000000750e00000| PB 0x0000000750e00000| Untracked 
| 135|0x0000000750e00000, 0x0000000751000000, 0x0000000751000000|100%| O|  |TAMS 0x0000000751000000| PB 0x0000000751000000| Untracked 
| 136|0x0000000751000000, 0x0000000751200000, 0x0000000751200000|100%| O|  |TAMS 0x0000000751200000| PB 0x0000000751200000| Untracked 
| 137|0x0000000751200000, 0x0000000751400000, 0x0000000751400000|100%| O|  |TAMS 0x0000000751400000| PB 0x0000000751400000| Untracked 
| 138|0x0000000751400000, 0x0000000751600000, 0x0000000751600000|100%| O|  |TAMS 0x0000000751600000| PB 0x0000000751600000| Untracked 
| 139|0x0000000751600000, 0x0000000751800000, 0x0000000751800000|100%| O|  |TAMS 0x0000000751800000| PB 0x0000000751800000| Untracked 
| 140|0x0000000751800000, 0x0000000751a00000, 0x0000000751a00000|100%| O|  |TAMS 0x0000000751a00000| PB 0x0000000751a00000| Untracked 
| 141|0x0000000751a00000, 0x0000000751c00000, 0x0000000751c00000|100%| O|  |TAMS 0x0000000751c00000| PB 0x0000000751c00000| Updating 
| 142|0x0000000751c00000, 0x0000000751e00000, 0x0000000751e00000|100%| O|  |TAMS 0x0000000751e00000| PB 0x0000000751e00000| Updating 
| 143|0x0000000751e00000, 0x0000000752000000, 0x0000000752000000|100%| O|  |TAMS 0x0000000752000000| PB 0x0000000752000000| Updating 
| 144|0x0000000752000000, 0x0000000752200000, 0x0000000752200000|100%| O|  |TAMS 0x0000000752200000| PB 0x0000000752200000| Updating 
| 145|0x0000000752200000, 0x0000000752400000, 0x0000000752400000|100%| O|  |TAMS 0x0000000752400000| PB 0x0000000752400000| Updating 
| 146|0x0000000752400000, 0x0000000752400000, 0x0000000752600000|  0%| F|  |TAMS 0x0000000752400000| PB 0x0000000752400000| Untracked 
| 147|0x0000000752600000, 0x0000000752800000, 0x0000000752800000|100%| O|  |TAMS 0x0000000752800000| PB 0x0000000752800000| Updating 
| 148|0x0000000752800000, 0x0000000752a00000, 0x0000000752a00000|100%| O|  |TAMS 0x0000000752a00000| PB 0x0000000752a00000| Untracked 
| 149|0x0000000752a00000, 0x0000000752c00000, 0x0000000752c00000|100%| O|  |TAMS 0x0000000752c00000| PB 0x0000000752c00000| Untracked 
| 150|0x0000000752c00000, 0x0000000752e00000, 0x0000000752e00000|100%| O|  |TAMS 0x0000000752e00000| PB 0x0000000752e00000| Untracked 
| 151|0x0000000752e00000, 0x0000000753000000, 0x0000000753000000|100%| O|  |TAMS 0x0000000753000000| PB 0x0000000753000000| Untracked 
| 152|0x0000000753000000, 0x0000000753200000, 0x0000000753200000|100%| O|  |TAMS 0x0000000753200000| PB 0x0000000753200000| Untracked 
| 153|0x0000000753200000, 0x0000000753200000, 0x0000000753400000|  0%| F|  |TAMS 0x0000000753200000| PB 0x0000000753200000| Untracked 
| 154|0x0000000753400000, 0x0000000753600000, 0x0000000753600000|100%| O|  |TAMS 0x0000000753600000| PB 0x0000000753600000| Updating 
| 155|0x0000000753600000, 0x0000000753800000, 0x0000000753800000|100%| O|  |TAMS 0x0000000753800000| PB 0x0000000753800000| Updating 
| 156|0x0000000753800000, 0x0000000753a00000, 0x0000000753a00000|100%| O|  |TAMS 0x0000000753a00000| PB 0x0000000753a00000| Updating 
| 157|0x0000000753a00000, 0x0000000753a00000, 0x0000000753c00000|  0%| F|  |TAMS 0x0000000753a00000| PB 0x0000000753a00000| Untracked 
| 158|0x0000000753c00000, 0x0000000753e00000, 0x0000000753e00000|100%| O|  |TAMS 0x0000000753e00000| PB 0x0000000753e00000| Updating 
| 159|0x0000000753e00000, 0x0000000754000000, 0x0000000754000000|100%|HS|  |TAMS 0x0000000754000000| PB 0x0000000753e00000| Complete 
| 160|0x0000000754000000, 0x0000000754200000, 0x0000000754200000|100%|HS|  |TAMS 0x0000000754200000| PB 0x0000000754000000| Complete 
| 161|0x0000000754200000, 0x0000000754400000, 0x0000000754400000|100%|HS|  |TAMS 0x0000000754400000| PB 0x0000000754200000| Complete 
| 162|0x0000000754400000, 0x0000000754600000, 0x0000000754600000|100%| O|  |TAMS 0x0000000754600000| PB 0x0000000754600000| Untracked 
| 163|0x0000000754600000, 0x0000000754800000, 0x0000000754800000|100%| O|  |TAMS 0x0000000754800000| PB 0x0000000754800000| Untracked 
| 164|0x0000000754800000, 0x0000000754a00000, 0x0000000754a00000|100%| O|  |TAMS 0x0000000754a00000| PB 0x0000000754a00000| Untracked 
| 165|0x0000000754a00000, 0x0000000754c00000, 0x0000000754c00000|100%| O|  |TAMS 0x0000000754c00000| PB 0x0000000754c00000| Untracked 
| 166|0x0000000754c00000, 0x0000000754e00000, 0x0000000754e00000|100%| O|  |TAMS 0x0000000754e00000| PB 0x0000000754e00000| Updating 
| 167|0x0000000754e00000, 0x0000000755000000, 0x0000000755000000|100%| O|  |TAMS 0x0000000755000000| PB 0x0000000755000000| Updating 
| 168|0x0000000755000000, 0x0000000755200000, 0x0000000755200000|100%| O|  |TAMS 0x0000000755200000| PB 0x0000000755200000| Updating 
| 169|0x0000000755200000, 0x0000000755200000, 0x0000000755400000|  0%| F|  |TAMS 0x0000000755200000| PB 0x0000000755200000| Untracked 
| 170|0x0000000755400000, 0x0000000755600000, 0x0000000755600000|100%| O|  |TAMS 0x0000000755600000| PB 0x0000000755600000| Updating 
| 171|0x0000000755600000, 0x0000000755800000, 0x0000000755800000|100%| O|  |TAMS 0x0000000755800000| PB 0x0000000755800000| Updating 
| 172|0x0000000755800000, 0x0000000755800000, 0x0000000755a00000|  0%| F|  |TAMS 0x0000000755800000| PB 0x0000000755800000| Untracked 
| 173|0x0000000755a00000, 0x0000000755a00000, 0x0000000755c00000|  0%| F|  |TAMS 0x0000000755a00000| PB 0x0000000755a00000| Untracked 
| 174|0x0000000755c00000, 0x0000000755c00000, 0x0000000755e00000|  0%| F|  |TAMS 0x0000000755c00000| PB 0x0000000755c00000| Untracked 
| 175|0x0000000755e00000, 0x0000000755e00000, 0x0000000756000000|  0%| F|  |TAMS 0x0000000755e00000| PB 0x0000000755e00000| Untracked 
| 176|0x0000000756000000, 0x0000000756200000, 0x0000000756200000|100%| O|  |TAMS 0x0000000756200000| PB 0x0000000756200000| Updating 
| 177|0x0000000756200000, 0x0000000756400000, 0x0000000756400000|100%| O|  |TAMS 0x0000000756400000| PB 0x0000000756400000| Updating 
| 178|0x0000000756400000, 0x0000000756400000, 0x0000000756600000|  0%| F|  |TAMS 0x0000000756400000| PB 0x0000000756400000| Untracked 
| 179|0x0000000756600000, 0x0000000756800000, 0x0000000756800000|100%| O|  |TAMS 0x0000000756800000| PB 0x0000000756800000| Updating 
| 180|0x0000000756800000, 0x0000000756a00000, 0x0000000756a00000|100%| O|  |TAMS 0x0000000756a00000| PB 0x0000000756a00000| Untracked 
| 181|0x0000000756a00000, 0x0000000756c00000, 0x0000000756c00000|100%| O|  |TAMS 0x0000000756c00000| PB 0x0000000756c00000| Updating 
| 182|0x0000000756c00000, 0x0000000756e00000, 0x0000000756e00000|100%| O|  |TAMS 0x0000000756e00000| PB 0x0000000756e00000| Updating 
| 183|0x0000000756e00000, 0x0000000757000000, 0x0000000757000000|100%| O|  |TAMS 0x0000000757000000| PB 0x0000000757000000| Updating 
| 184|0x0000000757000000, 0x0000000757200000, 0x0000000757200000|100%| O|  |TAMS 0x0000000757200000| PB 0x0000000757200000| Updating 
| 185|0x0000000757200000, 0x0000000757200000, 0x0000000757400000|  0%| F|  |TAMS 0x0000000757200000| PB 0x0000000757200000| Untracked 
| 186|0x0000000757400000, 0x0000000757600000, 0x0000000757600000|100%| O|  |TAMS 0x0000000757600000| PB 0x0000000757600000| Updating 
| 187|0x0000000757600000, 0x0000000757800000, 0x0000000757800000|100%| O|  |TAMS 0x0000000757800000| PB 0x0000000757800000| Untracked 
| 188|0x0000000757800000, 0x0000000757a00000, 0x0000000757a00000|100%| O|  |TAMS 0x0000000757a00000| PB 0x0000000757a00000| Untracked 
| 189|0x0000000757a00000, 0x0000000757c00000, 0x0000000757c00000|100%| O|  |TAMS 0x0000000757c00000| PB 0x0000000757c00000| Untracked 
| 190|0x0000000757c00000, 0x0000000757e00000, 0x0000000757e00000|100%| O|  |TAMS 0x0000000757e00000| PB 0x0000000757e00000| Updating 
| 191|0x0000000757e00000, 0x0000000757e00000, 0x0000000758000000|  0%| F|  |TAMS 0x0000000757e00000| PB 0x0000000757e00000| Untracked 
| 192|0x0000000758000000, 0x0000000758000000, 0x0000000758200000|  0%| F|  |TAMS 0x0000000758000000| PB 0x0000000758000000| Untracked 
| 193|0x0000000758200000, 0x0000000758400000, 0x0000000758400000|100%| O|  |TAMS 0x0000000758400000| PB 0x0000000758400000| Updating 
| 194|0x0000000758400000, 0x0000000758600000, 0x0000000758600000|100%| O|  |TAMS 0x0000000758600000| PB 0x0000000758600000| Updating 
| 195|0x0000000758600000, 0x0000000758800000, 0x0000000758800000|100%| O|  |TAMS 0x0000000758800000| PB 0x0000000758800000| Updating 
| 196|0x0000000758800000, 0x0000000758a00000, 0x0000000758a00000|100%| O|  |TAMS 0x0000000758a00000| PB 0x0000000758a00000| Updating 
| 197|0x0000000758a00000, 0x0000000758c00000, 0x0000000758c00000|100%| O|  |TAMS 0x0000000758c00000| PB 0x0000000758c00000| Updating 
| 198|0x0000000758c00000, 0x0000000758e00000, 0x0000000758e00000|100%| O|  |TAMS 0x0000000758e00000| PB 0x0000000758e00000| Updating 
| 199|0x0000000758e00000, 0x0000000758e00000, 0x0000000759000000|  0%| F|  |TAMS 0x0000000758e00000| PB 0x0000000758e00000| Untracked 
| 200|0x0000000759000000, 0x0000000759200000, 0x0000000759200000|100%| O|  |TAMS 0x0000000759200000| PB 0x0000000759200000| Updating 
| 201|0x0000000759200000, 0x0000000759400000, 0x0000000759400000|100%| O|  |TAMS 0x0000000759400000| PB 0x0000000759400000| Untracked 
| 202|0x0000000759400000, 0x0000000759400000, 0x0000000759600000|  0%| F|  |TAMS 0x0000000759400000| PB 0x0000000759400000| Untracked 
| 203|0x0000000759600000, 0x0000000759800000, 0x0000000759800000|100%| O|  |TAMS 0x0000000759800000| PB 0x0000000759800000| Updating 
| 204|0x0000000759800000, 0x0000000759a00000, 0x0000000759a00000|100%| O|  |TAMS 0x0000000759a00000| PB 0x0000000759a00000| Untracked 
| 205|0x0000000759a00000, 0x0000000759c00000, 0x0000000759c00000|100%| O|  |TAMS 0x0000000759c00000| PB 0x0000000759c00000| Updating 
| 206|0x0000000759c00000, 0x0000000759e00000, 0x0000000759e00000|100%| O|  |TAMS 0x0000000759e00000| PB 0x0000000759e00000| Updating 
| 207|0x0000000759e00000, 0x000000075a000000, 0x000000075a000000|100%| O|  |TAMS 0x000000075a000000| PB 0x000000075a000000| Untracked 
| 208|0x000000075a000000, 0x000000075a200000, 0x000000075a200000|100%| O|  |TAMS 0x000000075a200000| PB 0x000000075a200000| Updating 
| 209|0x000000075a200000, 0x000000075a400000, 0x000000075a400000|100%| O|  |TAMS 0x000000075a400000| PB 0x000000075a400000| Updating 
| 210|0x000000075a400000, 0x000000075a600000, 0x000000075a600000|100%| O|  |TAMS 0x000000075a600000| PB 0x000000075a600000| Updating 
| 211|0x000000075a600000, 0x000000075a800000, 0x000000075a800000|100%| O|  |TAMS 0x000000075a800000| PB 0x000000075a800000| Untracked 
| 212|0x000000075a800000, 0x000000075aa00000, 0x000000075aa00000|100%| O|  |TAMS 0x000000075aa00000| PB 0x000000075aa00000| Untracked 
| 213|0x000000075aa00000, 0x000000075ac00000, 0x000000075ac00000|100%| O|  |TAMS 0x000000075ac00000| PB 0x000000075ac00000| Updating 
| 214|0x000000075ac00000, 0x000000075ae00000, 0x000000075ae00000|100%| O|  |TAMS 0x000000075ae00000| PB 0x000000075ae00000| Untracked 
| 215|0x000000075ae00000, 0x000000075b000000, 0x000000075b000000|100%| O|  |TAMS 0x000000075b000000| PB 0x000000075b000000| Untracked 
| 216|0x000000075b000000, 0x000000075b200000, 0x000000075b200000|100%| O|  |TAMS 0x000000075b200000| PB 0x000000075b200000| Untracked 
| 217|0x000000075b200000, 0x000000075b400000, 0x000000075b400000|100%| O|  |TAMS 0x000000075b400000| PB 0x000000075b400000| Untracked 
| 218|0x000000075b400000, 0x000000075b600000, 0x000000075b600000|100%| O|  |TAMS 0x000000075b600000| PB 0x000000075b600000| Untracked 
| 219|0x000000075b600000, 0x000000075b800000, 0x000000075b800000|100%| O|  |TAMS 0x000000075b800000| PB 0x000000075b800000| Untracked 
| 220|0x000000075b800000, 0x000000075ba00000, 0x000000075ba00000|100%| O|  |TAMS 0x000000075ba00000| PB 0x000000075ba00000| Untracked 
| 221|0x000000075ba00000, 0x000000075bc00000, 0x000000075bc00000|100%| O|  |TAMS 0x000000075bc00000| PB 0x000000075bc00000| Untracked 
| 222|0x000000075bc00000, 0x000000075be00000, 0x000000075be00000|100%| O|  |TAMS 0x000000075be00000| PB 0x000000075be00000| Untracked 
| 223|0x000000075be00000, 0x000000075c000000, 0x000000075c000000|100%| O|  |TAMS 0x000000075c000000| PB 0x000000075c000000| Updating 
| 224|0x000000075c000000, 0x000000075c200000, 0x000000075c200000|100%| O|  |TAMS 0x000000075c200000| PB 0x000000075c200000| Updating 
| 225|0x000000075c200000, 0x000000075c400000, 0x000000075c400000|100%| O|  |TAMS 0x000000075c400000| PB 0x000000075c400000| Updating 
| 226|0x000000075c400000, 0x000000075c600000, 0x000000075c600000|100%| O|  |TAMS 0x000000075c600000| PB 0x000000075c600000| Updating 
| 227|0x000000075c600000, 0x000000075c600000, 0x000000075c800000|  0%| F|  |TAMS 0x000000075c600000| PB 0x000000075c600000| Untracked 
| 228|0x000000075c800000, 0x000000075c800000, 0x000000075ca00000|  0%| F|  |TAMS 0x000000075c800000| PB 0x000000075c800000| Untracked 
| 229|0x000000075ca00000, 0x000000075cc00000, 0x000000075cc00000|100%|HS|  |TAMS 0x000000075cc00000| PB 0x000000075ca00000| Complete 
| 230|0x000000075cc00000, 0x000000075ce00000, 0x000000075ce00000|100%|HC|  |TAMS 0x000000075ce00000| PB 0x000000075cc00000| Complete 
| 231|0x000000075ce00000, 0x000000075d000000, 0x000000075d000000|100%|HC|  |TAMS 0x000000075d000000| PB 0x000000075ce00000| Complete 
| 232|0x000000075d000000, 0x000000075d200000, 0x000000075d200000|100%|HC|  |TAMS 0x000000075d200000| PB 0x000000075d000000| Complete 
| 233|0x000000075d200000, 0x000000075d400000, 0x000000075d400000|100%| O|  |TAMS 0x000000075d400000| PB 0x000000075d400000| Updating 
| 234|0x000000075d400000, 0x000000075d600000, 0x000000075d600000|100%| O|  |TAMS 0x000000075d600000| PB 0x000000075d600000| Updating 
| 235|0x000000075d600000, 0x000000075d800000, 0x000000075d800000|100%| O|  |TAMS 0x000000075d800000| PB 0x000000075d800000| Updating 
| 236|0x000000075d800000, 0x000000075da00000, 0x000000075da00000|100%| O|  |TAMS 0x000000075da00000| PB 0x000000075da00000| Untracked 
| 237|0x000000075da00000, 0x000000075da00000, 0x000000075dc00000|  0%| F|  |TAMS 0x000000075da00000| PB 0x000000075da00000| Untracked 
| 238|0x000000075dc00000, 0x000000075dc00000, 0x000000075de00000|  0%| F|  |TAMS 0x000000075dc00000| PB 0x000000075dc00000| Untracked 
| 239|0x000000075de00000, 0x000000075e000000, 0x000000075e000000|100%| O|  |TAMS 0x000000075e000000| PB 0x000000075e000000| Updating 
| 240|0x000000075e000000, 0x000000075e000000, 0x000000075e200000|  0%| F|  |TAMS 0x000000075e000000| PB 0x000000075e000000| Untracked 
| 241|0x000000075e200000, 0x000000075e200000, 0x000000075e400000|  0%| F|  |TAMS 0x000000075e200000| PB 0x000000075e200000| Untracked 
| 242|0x000000075e400000, 0x000000075e400000, 0x000000075e600000|  0%| F|  |TAMS 0x000000075e400000| PB 0x000000075e400000| Untracked 
| 243|0x000000075e600000, 0x000000075e600000, 0x000000075e800000|  0%| F|  |TAMS 0x000000075e600000| PB 0x000000075e600000| Untracked 
| 244|0x000000075e800000, 0x000000075e800000, 0x000000075ea00000|  0%| F|  |TAMS 0x000000075e800000| PB 0x000000075e800000| Untracked 
| 245|0x000000075ea00000, 0x000000075ea00000, 0x000000075ec00000|  0%| F|  |TAMS 0x000000075ea00000| PB 0x000000075ea00000| Untracked 
| 246|0x000000075ec00000, 0x000000075ec00000, 0x000000075ee00000|  0%| F|  |TAMS 0x000000075ec00000| PB 0x000000075ec00000| Untracked 
| 247|0x000000075ee00000, 0x000000075ee00000, 0x000000075f000000|  0%| F|  |TAMS 0x000000075ee00000| PB 0x000000075ee00000| Untracked 
| 248|0x000000075f000000, 0x000000075f000000, 0x000000075f200000|  0%| F|  |TAMS 0x000000075f000000| PB 0x000000075f000000| Untracked 
| 249|0x000000075f200000, 0x000000075f200000, 0x000000075f400000|  0%| F|  |TAMS 0x000000075f200000| PB 0x000000075f200000| Untracked 
| 250|0x000000075f400000, 0x000000075f600000, 0x000000075f600000|100%| O|  |TAMS 0x000000075f600000| PB 0x000000075f600000| Untracked 
| 251|0x000000075f600000, 0x000000075f800000, 0x000000075f800000|100%| O|  |TAMS 0x000000075f800000| PB 0x000000075f800000| Updating 
| 252|0x000000075f800000, 0x000000075f800000, 0x000000075fa00000|  0%| F|  |TAMS 0x000000075f800000| PB 0x000000075f800000| Untracked 
| 253|0x000000075fa00000, 0x000000075fa00000, 0x000000075fc00000|  0%| F|  |TAMS 0x000000075fa00000| PB 0x000000075fa00000| Untracked 
| 254|0x000000075fc00000, 0x000000075fc00000, 0x000000075fe00000|  0%| F|  |TAMS 0x000000075fc00000| PB 0x000000075fc00000| Untracked 
| 255|0x000000075fe00000, 0x0000000760000000, 0x0000000760000000|100%| O|  |TAMS 0x0000000760000000| PB 0x0000000760000000| Updating 
| 256|0x0000000760000000, 0x0000000760000000, 0x0000000760200000|  0%| F|  |TAMS 0x0000000760000000| PB 0x0000000760000000| Untracked 
| 257|0x0000000760200000, 0x0000000760200000, 0x0000000760400000|  0%| F|  |TAMS 0x0000000760200000| PB 0x0000000760200000| Untracked 
| 258|0x0000000760400000, 0x0000000760600000, 0x0000000760600000|100%| O|  |TAMS 0x0000000760600000| PB 0x0000000760600000| Updating 
| 259|0x0000000760600000, 0x0000000760800000, 0x0000000760800000|100%| O|  |TAMS 0x0000000760800000| PB 0x0000000760800000| Updating 
| 260|0x0000000760800000, 0x0000000760a00000, 0x0000000760a00000|100%|HS|  |TAMS 0x0000000760a00000| PB 0x0000000760800000| Complete 
| 261|0x0000000760a00000, 0x0000000760c00000, 0x0000000760c00000|100%|HS|  |TAMS 0x0000000760c00000| PB 0x0000000760a00000| Complete 
| 262|0x0000000760c00000, 0x0000000760e00000, 0x0000000760e00000|100%| O|  |TAMS 0x0000000760e00000| PB 0x0000000760e00000| Updating 
| 263|0x0000000760e00000, 0x0000000760e00000, 0x0000000761000000|  0%| F|  |TAMS 0x0000000760e00000| PB 0x0000000760e00000| Untracked 
| 264|0x0000000761000000, 0x0000000761000000, 0x0000000761200000|  0%| F|  |TAMS 0x0000000761000000| PB 0x0000000761000000| Untracked 
| 265|0x0000000761200000, 0x0000000761200000, 0x0000000761400000|  0%| F|  |TAMS 0x0000000761200000| PB 0x0000000761200000| Untracked 
| 266|0x0000000761400000, 0x0000000761400000, 0x0000000761600000|  0%| F|  |TAMS 0x0000000761400000| PB 0x0000000761400000| Untracked 
| 267|0x0000000761600000, 0x0000000761600000, 0x0000000761800000|  0%| F|  |TAMS 0x0000000761600000| PB 0x0000000761600000| Untracked 
| 268|0x0000000761800000, 0x0000000761800000, 0x0000000761a00000|  0%| F|  |TAMS 0x0000000761800000| PB 0x0000000761800000| Untracked 
| 269|0x0000000761a00000, 0x0000000761a00000, 0x0000000761c00000|  0%| F|  |TAMS 0x0000000761a00000| PB 0x0000000761a00000| Untracked 
| 270|0x0000000761c00000, 0x0000000761c00000, 0x0000000761e00000|  0%| F|  |TAMS 0x0000000761c00000| PB 0x0000000761c00000| Untracked 
| 271|0x0000000761e00000, 0x0000000761e00000, 0x0000000762000000|  0%| F|  |TAMS 0x0000000761e00000| PB 0x0000000761e00000| Untracked 
| 272|0x0000000762000000, 0x0000000762000000, 0x0000000762200000|  0%| F|  |TAMS 0x0000000762000000| PB 0x0000000762000000| Untracked 
| 273|0x0000000762200000, 0x0000000762200000, 0x0000000762400000|  0%| F|  |TAMS 0x0000000762200000| PB 0x0000000762200000| Untracked 
| 274|0x0000000762400000, 0x0000000762400000, 0x0000000762600000|  0%| F|  |TAMS 0x0000000762400000| PB 0x0000000762400000| Untracked 
| 275|0x0000000762600000, 0x0000000762600000, 0x0000000762800000|  0%| F|  |TAMS 0x0000000762600000| PB 0x0000000762600000| Untracked 
| 276|0x0000000762800000, 0x0000000762800000, 0x0000000762a00000|  0%| F|  |TAMS 0x0000000762800000| PB 0x0000000762800000| Untracked 
| 277|0x0000000762a00000, 0x0000000762a00000, 0x0000000762c00000|  0%| F|  |TAMS 0x0000000762a00000| PB 0x0000000762a00000| Untracked 
| 278|0x0000000762c00000, 0x0000000762c00000, 0x0000000762e00000|  0%| F|  |TAMS 0x0000000762c00000| PB 0x0000000762c00000| Untracked 
| 279|0x0000000762e00000, 0x0000000762e00000, 0x0000000763000000|  0%| F|  |TAMS 0x0000000762e00000| PB 0x0000000762e00000| Untracked 
| 280|0x0000000763000000, 0x0000000763000000, 0x0000000763200000|  0%| F|  |TAMS 0x0000000763000000| PB 0x0000000763000000| Untracked 
| 281|0x0000000763200000, 0x0000000763200000, 0x0000000763400000|  0%| F|  |TAMS 0x0000000763200000| PB 0x0000000763200000| Untracked 
| 282|0x0000000763400000, 0x0000000763400000, 0x0000000763600000|  0%| F|  |TAMS 0x0000000763400000| PB 0x0000000763400000| Untracked 
| 283|0x0000000763600000, 0x0000000763800000, 0x0000000763800000|100%| O|  |TAMS 0x0000000763800000| PB 0x0000000763800000| Untracked 
| 284|0x0000000763800000, 0x0000000763800000, 0x0000000763a00000|  0%| F|  |TAMS 0x0000000763800000| PB 0x0000000763800000| Untracked 
| 285|0x0000000763a00000, 0x0000000763a00000, 0x0000000763c00000|  0%| F|  |TAMS 0x0000000763a00000| PB 0x0000000763a00000| Untracked 
| 286|0x0000000763c00000, 0x0000000763c00000, 0x0000000763e00000|  0%| F|  |TAMS 0x0000000763c00000| PB 0x0000000763c00000| Untracked 
| 287|0x0000000763e00000, 0x0000000763e00000, 0x0000000764000000|  0%| F|  |TAMS 0x0000000763e00000| PB 0x0000000763e00000| Untracked 
| 288|0x0000000764000000, 0x0000000764000000, 0x0000000764200000|  0%| F|  |TAMS 0x0000000764000000| PB 0x0000000764000000| Untracked 
| 289|0x0000000764200000, 0x0000000764400000, 0x0000000764400000|100%| O|  |TAMS 0x0000000764400000| PB 0x0000000764400000| Updating 
| 290|0x0000000764400000, 0x0000000764400000, 0x0000000764600000|  0%| F|  |TAMS 0x0000000764400000| PB 0x0000000764400000| Untracked 
| 291|0x0000000764600000, 0x0000000764600000, 0x0000000764800000|  0%| F|  |TAMS 0x0000000764600000| PB 0x0000000764600000| Untracked 
| 292|0x0000000764800000, 0x0000000764800000, 0x0000000764a00000|  0%| F|  |TAMS 0x0000000764800000| PB 0x0000000764800000| Untracked 
| 293|0x0000000764a00000, 0x0000000764c00000, 0x0000000764c00000|100%| O|  |TAMS 0x0000000764c00000| PB 0x0000000764c00000| Updating 
| 294|0x0000000764c00000, 0x0000000764c00000, 0x0000000764e00000|  0%| F|  |TAMS 0x0000000764c00000| PB 0x0000000764c00000| Untracked 
| 295|0x0000000764e00000, 0x0000000764e00000, 0x0000000765000000|  0%| F|  |TAMS 0x0000000764e00000| PB 0x0000000764e00000| Untracked 
| 296|0x0000000765000000, 0x0000000765200000, 0x0000000765200000|100%| O|  |TAMS 0x0000000765200000| PB 0x0000000765200000| Updating 
| 297|0x0000000765200000, 0x0000000765200000, 0x0000000765400000|  0%| F|  |TAMS 0x0000000765200000| PB 0x0000000765200000| Untracked 
| 298|0x0000000765400000, 0x0000000765400000, 0x0000000765600000|  0%| F|  |TAMS 0x0000000765400000| PB 0x0000000765400000| Untracked 
| 299|0x0000000765600000, 0x0000000765600000, 0x0000000765800000|  0%| F|  |TAMS 0x0000000765600000| PB 0x0000000765600000| Untracked 
| 300|0x0000000765800000, 0x0000000765800000, 0x0000000765a00000|  0%| F|  |TAMS 0x0000000765800000| PB 0x0000000765800000| Untracked 
| 301|0x0000000765a00000, 0x0000000765a00000, 0x0000000765c00000|  0%| F|  |TAMS 0x0000000765a00000| PB 0x0000000765a00000| Untracked 
| 302|0x0000000765c00000, 0x0000000765c00000, 0x0000000765e00000|  0%| F|  |TAMS 0x0000000765c00000| PB 0x0000000765c00000| Untracked 
| 303|0x0000000765e00000, 0x0000000766000000, 0x0000000766000000|100%| O|  |TAMS 0x0000000766000000| PB 0x0000000766000000| Untracked 
| 304|0x0000000766000000, 0x0000000766000000, 0x0000000766200000|  0%| F|  |TAMS 0x0000000766000000| PB 0x0000000766000000| Untracked 
| 305|0x0000000766200000, 0x0000000766200000, 0x0000000766400000|  0%| F|  |TAMS 0x0000000766200000| PB 0x0000000766200000| Untracked 
| 306|0x0000000766400000, 0x0000000766400000, 0x0000000766600000|  0%| F|  |TAMS 0x0000000766400000| PB 0x0000000766400000| Untracked 
| 307|0x0000000766600000, 0x0000000766800000, 0x0000000766800000|100%| O|  |TAMS 0x0000000766800000| PB 0x0000000766800000| Updating 
| 308|0x0000000766800000, 0x0000000766a00000, 0x0000000766a00000|100%| O|  |TAMS 0x0000000766a00000| PB 0x0000000766a00000| Updating 
| 309|0x0000000766a00000, 0x0000000766c00000, 0x0000000766c00000|100%| O|  |TAMS 0x0000000766c00000| PB 0x0000000766c00000| Updating 
| 310|0x0000000766c00000, 0x0000000766e00000, 0x0000000766e00000|100%| O|  |TAMS 0x0000000766e00000| PB 0x0000000766e00000| Updating 
| 311|0x0000000766e00000, 0x0000000767000000, 0x0000000767000000|100%| O|  |TAMS 0x0000000767000000| PB 0x0000000767000000| Untracked 
| 312|0x0000000767000000, 0x0000000767200000, 0x0000000767200000|100%| O|  |TAMS 0x0000000767200000| PB 0x0000000767200000| Updating 
| 313|0x0000000767200000, 0x0000000767200000, 0x0000000767400000|  0%| F|  |TAMS 0x0000000767200000| PB 0x0000000767200000| Untracked 
| 314|0x0000000767400000, 0x0000000767400000, 0x0000000767600000|  0%| F|  |TAMS 0x0000000767400000| PB 0x0000000767400000| Untracked 
| 315|0x0000000767600000, 0x0000000767600000, 0x0000000767800000|  0%| F|  |TAMS 0x0000000767600000| PB 0x0000000767600000| Untracked 
| 316|0x0000000767800000, 0x0000000767800000, 0x0000000767a00000|  0%| F|  |TAMS 0x0000000767800000| PB 0x0000000767800000| Untracked 
| 317|0x0000000767a00000, 0x0000000767a00000, 0x0000000767c00000|  0%| F|  |TAMS 0x0000000767a00000| PB 0x0000000767a00000| Untracked 
| 318|0x0000000767c00000, 0x0000000767c00000, 0x0000000767e00000|  0%| F|  |TAMS 0x0000000767c00000| PB 0x0000000767c00000| Untracked 
| 319|0x0000000767e00000, 0x0000000767e00000, 0x0000000768000000|  0%| F|  |TAMS 0x0000000767e00000| PB 0x0000000767e00000| Untracked 
| 320|0x0000000768000000, 0x0000000768000000, 0x0000000768200000|  0%| F|  |TAMS 0x0000000768000000| PB 0x0000000768000000| Untracked 
| 321|0x0000000768200000, 0x0000000768200000, 0x0000000768400000|  0%| F|  |TAMS 0x0000000768200000| PB 0x0000000768200000| Untracked 
| 322|0x0000000768400000, 0x0000000768400000, 0x0000000768600000|  0%| F|  |TAMS 0x0000000768400000| PB 0x0000000768400000| Untracked 
| 323|0x0000000768600000, 0x0000000768600000, 0x0000000768800000|  0%| F|  |TAMS 0x0000000768600000| PB 0x0000000768600000| Untracked 
| 324|0x0000000768800000, 0x0000000768800000, 0x0000000768a00000|  0%| F|  |TAMS 0x0000000768800000| PB 0x0000000768800000| Untracked 
| 325|0x0000000768a00000, 0x0000000768a00000, 0x0000000768c00000|  0%| F|  |TAMS 0x0000000768a00000| PB 0x0000000768a00000| Untracked 
| 326|0x0000000768c00000, 0x0000000768c00000, 0x0000000768e00000|  0%| F|  |TAMS 0x0000000768c00000| PB 0x0000000768c00000| Untracked 
| 327|0x0000000768e00000, 0x0000000768e00000, 0x0000000769000000|  0%| F|  |TAMS 0x0000000768e00000| PB 0x0000000768e00000| Untracked 
| 328|0x0000000769000000, 0x0000000769000000, 0x0000000769200000|  0%| F|  |TAMS 0x0000000769000000| PB 0x0000000769000000| Untracked 
| 329|0x0000000769200000, 0x0000000769200000, 0x0000000769400000|  0%| F|  |TAMS 0x0000000769200000| PB 0x0000000769200000| Untracked 
| 330|0x0000000769400000, 0x0000000769400000, 0x0000000769600000|  0%| F|  |TAMS 0x0000000769400000| PB 0x0000000769400000| Untracked 
| 331|0x0000000769600000, 0x0000000769600000, 0x0000000769800000|  0%| F|  |TAMS 0x0000000769600000| PB 0x0000000769600000| Untracked 
| 332|0x0000000769800000, 0x0000000769800000, 0x0000000769a00000|  0%| F|  |TAMS 0x0000000769800000| PB 0x0000000769800000| Untracked 
| 333|0x0000000769a00000, 0x0000000769a00000, 0x0000000769c00000|  0%| F|  |TAMS 0x0000000769a00000| PB 0x0000000769a00000| Untracked 
| 334|0x0000000769c00000, 0x0000000769c00000, 0x0000000769e00000|  0%| F|  |TAMS 0x0000000769c00000| PB 0x0000000769c00000| Untracked 
| 335|0x0000000769e00000, 0x0000000769e00000, 0x000000076a000000|  0%| F|  |TAMS 0x0000000769e00000| PB 0x0000000769e00000| Untracked 
| 336|0x000000076a000000, 0x000000076a000000, 0x000000076a200000|  0%| F|  |TAMS 0x000000076a000000| PB 0x000000076a000000| Untracked 
| 337|0x000000076a200000, 0x000000076a200000, 0x000000076a400000|  0%| F|  |TAMS 0x000000076a200000| PB 0x000000076a200000| Untracked 
| 338|0x000000076a400000, 0x000000076a400000, 0x000000076a600000|  0%| F|  |TAMS 0x000000076a400000| PB 0x000000076a400000| Untracked 
| 339|0x000000076a600000, 0x000000076a600000, 0x000000076a800000|  0%| F|  |TAMS 0x000000076a600000| PB 0x000000076a600000| Untracked 
| 340|0x000000076a800000, 0x000000076a800000, 0x000000076aa00000|  0%| F|  |TAMS 0x000000076a800000| PB 0x000000076a800000| Untracked 
| 341|0x000000076aa00000, 0x000000076aa00000, 0x000000076ac00000|  0%| F|  |TAMS 0x000000076aa00000| PB 0x000000076aa00000| Untracked 
| 342|0x000000076ac00000, 0x000000076ac00000, 0x000000076ae00000|  0%| F|  |TAMS 0x000000076ac00000| PB 0x000000076ac00000| Untracked 
| 343|0x000000076ae00000, 0x000000076ae00000, 0x000000076b000000|  0%| F|  |TAMS 0x000000076ae00000| PB 0x000000076ae00000| Untracked 
| 344|0x000000076b000000, 0x000000076b000000, 0x000000076b200000|  0%| F|  |TAMS 0x000000076b000000| PB 0x000000076b000000| Untracked 
| 345|0x000000076b200000, 0x000000076b200000, 0x000000076b400000|  0%| F|  |TAMS 0x000000076b200000| PB 0x000000076b200000| Untracked 
| 346|0x000000076b400000, 0x000000076b600000, 0x000000076b600000|100%| S|CS|TAMS 0x000000076b400000| PB 0x000000076b400000| Complete 
| 347|0x000000076b600000, 0x000000076b800000, 0x000000076b800000|100%| S|CS|TAMS 0x000000076b600000| PB 0x000000076b600000| Complete 
| 348|0x000000076b800000, 0x000000076ba00000, 0x000000076ba00000|100%| S|CS|TAMS 0x000000076b800000| PB 0x000000076b800000| Complete 
| 349|0x000000076ba00000, 0x000000076bc00000, 0x000000076bc00000|100%| S|CS|TAMS 0x000000076ba00000| PB 0x000000076ba00000| Complete 
| 350|0x000000076bc00000, 0x000000076be00000, 0x000000076be00000|100%| S|CS|TAMS 0x000000076bc00000| PB 0x000000076bc00000| Complete 
| 351|0x000000076be00000, 0x000000076c000000, 0x000000076c000000|100%| S|CS|TAMS 0x000000076be00000| PB 0x000000076be00000| Complete 
| 352|0x000000076c000000, 0x000000076c200000, 0x000000076c200000|100%| S|CS|TAMS 0x000000076c000000| PB 0x000000076c000000| Complete 
| 353|0x000000076c200000, 0x000000076c400000, 0x000000076c400000|100%| S|CS|TAMS 0x000000076c200000| PB 0x000000076c200000| Complete 
| 354|0x000000076c400000, 0x000000076c600000, 0x000000076c600000|100%| S|CS|TAMS 0x000000076c400000| PB 0x000000076c400000| Complete 
| 355|0x000000076c600000, 0x000000076c800000, 0x000000076c800000|100%| S|CS|TAMS 0x000000076c600000| PB 0x000000076c600000| Complete 
| 356|0x000000076c800000, 0x000000076ca00000, 0x000000076ca00000|100%| S|CS|TAMS 0x000000076c800000| PB 0x000000076c800000| Complete 
| 357|0x000000076ca00000, 0x000000076cc00000, 0x000000076cc00000|100%| S|CS|TAMS 0x000000076ca00000| PB 0x000000076ca00000| Complete 
| 358|0x000000076cc00000, 0x000000076ce00000, 0x000000076ce00000|100%| S|CS|TAMS 0x000000076cc00000| PB 0x000000076cc00000| Complete 
| 359|0x000000076ce00000, 0x000000076d000000, 0x000000076d000000|100%| S|CS|TAMS 0x000000076ce00000| PB 0x000000076ce00000| Complete 
| 360|0x000000076d000000, 0x000000076d200000, 0x000000076d200000|100%| S|CS|TAMS 0x000000076d000000| PB 0x000000076d000000| Complete 
| 361|0x000000076d200000, 0x000000076d400000, 0x000000076d400000|100%| S|CS|TAMS 0x000000076d200000| PB 0x000000076d200000| Complete 
| 362|0x000000076d400000, 0x000000076d600000, 0x000000076d600000|100%| S|CS|TAMS 0x000000076d400000| PB 0x000000076d400000| Complete 
| 363|0x000000076d600000, 0x000000076d800000, 0x000000076d800000|100%| S|CS|TAMS 0x000000076d600000| PB 0x000000076d600000| Complete 
| 364|0x000000076d800000, 0x000000076da00000, 0x000000076da00000|100%| S|CS|TAMS 0x000000076d800000| PB 0x000000076d800000| Complete 
| 365|0x000000076da00000, 0x000000076dc00000, 0x000000076dc00000|100%| S|CS|TAMS 0x000000076da00000| PB 0x000000076da00000| Complete 
| 366|0x000000076dc00000, 0x000000076de00000, 0x000000076de00000|100%| S|CS|TAMS 0x000000076dc00000| PB 0x000000076dc00000| Complete 
| 367|0x000000076de00000, 0x000000076e000000, 0x000000076e000000|100%| S|CS|TAMS 0x000000076de00000| PB 0x000000076de00000| Complete 
| 368|0x000000076e000000, 0x000000076e200000, 0x000000076e200000|100%| S|CS|TAMS 0x000000076e000000| PB 0x000000076e000000| Complete 
| 369|0x000000076e200000, 0x000000076e400000, 0x000000076e400000|100%| S|CS|TAMS 0x000000076e200000| PB 0x000000076e200000| Complete 
| 370|0x000000076e400000, 0x000000076e600000, 0x000000076e600000|100%| S|CS|TAMS 0x000000076e400000| PB 0x000000076e400000| Complete 
| 371|0x000000076e600000, 0x000000076e800000, 0x000000076e800000|100%| S|CS|TAMS 0x000000076e600000| PB 0x000000076e600000| Complete 
| 372|0x000000076e800000, 0x000000076ea00000, 0x000000076ea00000|100%| S|CS|TAMS 0x000000076e800000| PB 0x000000076e800000| Complete 
| 373|0x000000076ea00000, 0x000000076ec00000, 0x000000076ec00000|100%| S|CS|TAMS 0x000000076ea00000| PB 0x000000076ea00000| Complete 
| 374|0x000000076ec00000, 0x000000076ee00000, 0x000000076ee00000|100%| S|CS|TAMS 0x000000076ec00000| PB 0x000000076ec00000| Complete 
| 375|0x000000076ee00000, 0x000000076f000000, 0x000000076f000000|100%| S|CS|TAMS 0x000000076ee00000| PB 0x000000076ee00000| Complete 
| 376|0x000000076f000000, 0x000000076f000000, 0x000000076f200000|  0%| F|  |TAMS 0x000000076f000000| PB 0x000000076f000000| Untracked 
| 377|0x000000076f200000, 0x000000076f200000, 0x000000076f400000|  0%| F|  |TAMS 0x000000076f200000| PB 0x000000076f200000| Untracked 
| 378|0x000000076f400000, 0x000000076f400000, 0x000000076f600000|  0%| F|  |TAMS 0x000000076f400000| PB 0x000000076f400000| Untracked 
| 379|0x000000076f600000, 0x000000076f600000, 0x000000076f800000|  0%| F|  |TAMS 0x000000076f600000| PB 0x000000076f600000| Untracked 
| 380|0x000000076f800000, 0x000000076f800000, 0x000000076fa00000|  0%| F|  |TAMS 0x000000076f800000| PB 0x000000076f800000| Untracked 
| 381|0x000000076fa00000, 0x000000076fa00000, 0x000000076fc00000|  0%| F|  |TAMS 0x000000076fa00000| PB 0x000000076fa00000| Untracked 
| 382|0x000000076fc00000, 0x000000076fc00000, 0x000000076fe00000|  0%| F|  |TAMS 0x000000076fc00000| PB 0x000000076fc00000| Untracked 
| 383|0x000000076fe00000, 0x000000076fe00000, 0x0000000770000000|  0%| F|  |TAMS 0x000000076fe00000| PB 0x000000076fe00000| Untracked 
| 384|0x0000000770000000, 0x0000000770000000, 0x0000000770200000|  0%| F|  |TAMS 0x0000000770000000| PB 0x0000000770000000| Untracked 
| 385|0x0000000770200000, 0x0000000770200000, 0x0000000770400000|  0%| F|  |TAMS 0x0000000770200000| PB 0x0000000770200000| Untracked 
| 386|0x0000000770400000, 0x0000000770400000, 0x0000000770600000|  0%| F|  |TAMS 0x0000000770400000| PB 0x0000000770400000| Untracked 
| 387|0x0000000770600000, 0x0000000770600000, 0x0000000770800000|  0%| F|  |TAMS 0x0000000770600000| PB 0x0000000770600000| Untracked 
| 388|0x0000000770800000, 0x0000000770800000, 0x0000000770a00000|  0%| F|  |TAMS 0x0000000770800000| PB 0x0000000770800000| Untracked 
| 389|0x0000000770a00000, 0x0000000770a00000, 0x0000000770c00000|  0%| F|  |TAMS 0x0000000770a00000| PB 0x0000000770a00000| Untracked 
| 390|0x0000000770c00000, 0x0000000770c00000, 0x0000000770e00000|  0%| F|  |TAMS 0x0000000770c00000| PB 0x0000000770c00000| Untracked 
| 391|0x0000000770e00000, 0x0000000770e00000, 0x0000000771000000|  0%| F|  |TAMS 0x0000000770e00000| PB 0x0000000770e00000| Untracked 
| 392|0x0000000771000000, 0x0000000771000000, 0x0000000771200000|  0%| F|  |TAMS 0x0000000771000000| PB 0x0000000771000000| Untracked 
| 393|0x0000000771200000, 0x0000000771200000, 0x0000000771400000|  0%| F|  |TAMS 0x0000000771200000| PB 0x0000000771200000| Untracked 
| 394|0x0000000771400000, 0x0000000771400000, 0x0000000771600000|  0%| F|  |TAMS 0x0000000771400000| PB 0x0000000771400000| Untracked 
| 395|0x0000000771600000, 0x0000000771600000, 0x0000000771800000|  0%| F|  |TAMS 0x0000000771600000| PB 0x0000000771600000| Untracked 
| 396|0x0000000771800000, 0x0000000771800000, 0x0000000771a00000|  0%| F|  |TAMS 0x0000000771800000| PB 0x0000000771800000| Untracked 
| 397|0x0000000771a00000, 0x0000000771a00000, 0x0000000771c00000|  0%| F|  |TAMS 0x0000000771a00000| PB 0x0000000771a00000| Untracked 
| 398|0x0000000771c00000, 0x0000000771c00000, 0x0000000771e00000|  0%| F|  |TAMS 0x0000000771c00000| PB 0x0000000771c00000| Untracked 
| 399|0x0000000771e00000, 0x0000000771e00000, 0x0000000772000000|  0%| F|  |TAMS 0x0000000771e00000| PB 0x0000000771e00000| Untracked 
| 400|0x0000000772000000, 0x0000000772000000, 0x0000000772200000|  0%| F|  |TAMS 0x0000000772000000| PB 0x0000000772000000| Untracked 
| 401|0x0000000772200000, 0x0000000772200000, 0x0000000772400000|  0%| F|  |TAMS 0x0000000772200000| PB 0x0000000772200000| Untracked 
| 402|0x0000000772400000, 0x0000000772400000, 0x0000000772600000|  0%| F|  |TAMS 0x0000000772400000| PB 0x0000000772400000| Untracked 
| 403|0x0000000772600000, 0x0000000772600000, 0x0000000772800000|  0%| F|  |TAMS 0x0000000772600000| PB 0x0000000772600000| Untracked 
| 404|0x0000000772800000, 0x0000000772800000, 0x0000000772a00000|  0%| F|  |TAMS 0x0000000772800000| PB 0x0000000772800000| Untracked 
| 405|0x0000000772a00000, 0x0000000772a00000, 0x0000000772c00000|  0%| F|  |TAMS 0x0000000772a00000| PB 0x0000000772a00000| Untracked 
| 406|0x0000000772c00000, 0x0000000772c00000, 0x0000000772e00000|  0%| F|  |TAMS 0x0000000772c00000| PB 0x0000000772c00000| Untracked 
| 407|0x0000000772e00000, 0x0000000772e00000, 0x0000000773000000|  0%| F|  |TAMS 0x0000000772e00000| PB 0x0000000772e00000| Untracked 
| 408|0x0000000773000000, 0x0000000773000000, 0x0000000773200000|  0%| F|  |TAMS 0x0000000773000000| PB 0x0000000773000000| Untracked 
| 409|0x0000000773200000, 0x0000000773200000, 0x0000000773400000|  0%| F|  |TAMS 0x0000000773200000| PB 0x0000000773200000| Untracked 
| 410|0x0000000773400000, 0x0000000773400000, 0x0000000773600000|  0%| F|  |TAMS 0x0000000773400000| PB 0x0000000773400000| Untracked 
| 411|0x0000000773600000, 0x0000000773600000, 0x0000000773800000|  0%| F|  |TAMS 0x0000000773600000| PB 0x0000000773600000| Untracked 
| 412|0x0000000773800000, 0x0000000773800000, 0x0000000773a00000|  0%| F|  |TAMS 0x0000000773800000| PB 0x0000000773800000| Untracked 
| 413|0x0000000773a00000, 0x0000000773a00000, 0x0000000773c00000|  0%| F|  |TAMS 0x0000000773a00000| PB 0x0000000773a00000| Untracked 
| 414|0x0000000773c00000, 0x0000000773c00000, 0x0000000773e00000|  0%| F|  |TAMS 0x0000000773c00000| PB 0x0000000773c00000| Untracked 
| 415|0x0000000773e00000, 0x0000000773e00000, 0x0000000774000000|  0%| F|  |TAMS 0x0000000773e00000| PB 0x0000000773e00000| Untracked 
| 416|0x0000000774000000, 0x0000000774000000, 0x0000000774200000|  0%| F|  |TAMS 0x0000000774000000| PB 0x0000000774000000| Untracked 
| 417|0x0000000774200000, 0x0000000774200000, 0x0000000774400000|  0%| F|  |TAMS 0x0000000774200000| PB 0x0000000774200000| Untracked 
| 418|0x0000000774400000, 0x0000000774400000, 0x0000000774600000|  0%| F|  |TAMS 0x0000000774400000| PB 0x0000000774400000| Untracked 
| 419|0x0000000774600000, 0x0000000774600000, 0x0000000774800000|  0%| F|  |TAMS 0x0000000774600000| PB 0x0000000774600000| Untracked 
| 420|0x0000000774800000, 0x0000000774800000, 0x0000000774a00000|  0%| F|  |TAMS 0x0000000774800000| PB 0x0000000774800000| Untracked 
| 421|0x0000000774a00000, 0x0000000774a00000, 0x0000000774c00000|  0%| F|  |TAMS 0x0000000774a00000| PB 0x0000000774a00000| Untracked 
| 422|0x0000000774c00000, 0x0000000774c00000, 0x0000000774e00000|  0%| F|  |TAMS 0x0000000774c00000| PB 0x0000000774c00000| Untracked 
| 423|0x0000000774e00000, 0x0000000774e00000, 0x0000000775000000|  0%| F|  |TAMS 0x0000000774e00000| PB 0x0000000774e00000| Untracked 
| 424|0x0000000775000000, 0x0000000775000000, 0x0000000775200000|  0%| F|  |TAMS 0x0000000775000000| PB 0x0000000775000000| Untracked 
| 425|0x0000000775200000, 0x0000000775200000, 0x0000000775400000|  0%| F|  |TAMS 0x0000000775200000| PB 0x0000000775200000| Untracked 
| 426|0x0000000775400000, 0x0000000775400000, 0x0000000775600000|  0%| F|  |TAMS 0x0000000775400000| PB 0x0000000775400000| Untracked 
| 427|0x0000000775600000, 0x0000000775600000, 0x0000000775800000|  0%| F|  |TAMS 0x0000000775600000| PB 0x0000000775600000| Untracked 
| 428|0x0000000775800000, 0x0000000775800000, 0x0000000775a00000|  0%| F|  |TAMS 0x0000000775800000| PB 0x0000000775800000| Untracked 
| 429|0x0000000775a00000, 0x0000000775a00000, 0x0000000775c00000|  0%| F|  |TAMS 0x0000000775a00000| PB 0x0000000775a00000| Untracked 
| 430|0x0000000775c00000, 0x0000000775c00000, 0x0000000775e00000|  0%| F|  |TAMS 0x0000000775c00000| PB 0x0000000775c00000| Untracked 
| 431|0x0000000775e00000, 0x0000000775e00000, 0x0000000776000000|  0%| F|  |TAMS 0x0000000775e00000| PB 0x0000000775e00000| Untracked 
| 432|0x0000000776000000, 0x0000000776000000, 0x0000000776200000|  0%| F|  |TAMS 0x0000000776000000| PB 0x0000000776000000| Untracked 
| 433|0x0000000776200000, 0x0000000776200000, 0x0000000776400000|  0%| F|  |TAMS 0x0000000776200000| PB 0x0000000776200000| Untracked 
| 434|0x0000000776400000, 0x0000000776400000, 0x0000000776600000|  0%| F|  |TAMS 0x0000000776400000| PB 0x0000000776400000| Untracked 
| 435|0x0000000776600000, 0x0000000776600000, 0x0000000776800000|  0%| F|  |TAMS 0x0000000776600000| PB 0x0000000776600000| Untracked 
| 436|0x0000000776800000, 0x0000000776800000, 0x0000000776a00000|  0%| F|  |TAMS 0x0000000776800000| PB 0x0000000776800000| Untracked 
| 437|0x0000000776a00000, 0x0000000776a00000, 0x0000000776c00000|  0%| F|  |TAMS 0x0000000776a00000| PB 0x0000000776a00000| Untracked 
| 438|0x0000000776c00000, 0x0000000776c00000, 0x0000000776e00000|  0%| F|  |TAMS 0x0000000776c00000| PB 0x0000000776c00000| Untracked 
| 439|0x0000000776e00000, 0x0000000776e00000, 0x0000000777000000|  0%| F|  |TAMS 0x0000000776e00000| PB 0x0000000776e00000| Untracked 
| 440|0x0000000777000000, 0x0000000777000000, 0x0000000777200000|  0%| F|  |TAMS 0x0000000777000000| PB 0x0000000777000000| Untracked 
| 441|0x0000000777200000, 0x0000000777200000, 0x0000000777400000|  0%| F|  |TAMS 0x0000000777200000| PB 0x0000000777200000| Untracked 
| 442|0x0000000777400000, 0x0000000777400000, 0x0000000777600000|  0%| F|  |TAMS 0x0000000777400000| PB 0x0000000777400000| Untracked 
| 443|0x0000000777600000, 0x0000000777600000, 0x0000000777800000|  0%| F|  |TAMS 0x0000000777600000| PB 0x0000000777600000| Untracked 
| 444|0x0000000777800000, 0x0000000777800000, 0x0000000777a00000|  0%| F|  |TAMS 0x0000000777800000| PB 0x0000000777800000| Untracked 
| 445|0x0000000777a00000, 0x0000000777a00000, 0x0000000777c00000|  0%| F|  |TAMS 0x0000000777a00000| PB 0x0000000777a00000| Untracked 
| 446|0x0000000777c00000, 0x0000000777c00000, 0x0000000777e00000|  0%| F|  |TAMS 0x0000000777c00000| PB 0x0000000777c00000| Untracked 
| 447|0x0000000777e00000, 0x0000000777e00000, 0x0000000778000000|  0%| F|  |TAMS 0x0000000777e00000| PB 0x0000000777e00000| Untracked 
| 448|0x0000000778000000, 0x0000000778000000, 0x0000000778200000|  0%| F|  |TAMS 0x0000000778000000| PB 0x0000000778000000| Untracked 
| 449|0x0000000778200000, 0x0000000778200000, 0x0000000778400000|  0%| F|  |TAMS 0x0000000778200000| PB 0x0000000778200000| Untracked 
| 450|0x0000000778400000, 0x0000000778400000, 0x0000000778600000|  0%| F|  |TAMS 0x0000000778400000| PB 0x0000000778400000| Untracked 
| 451|0x0000000778600000, 0x0000000778600000, 0x0000000778800000|  0%| F|  |TAMS 0x0000000778600000| PB 0x0000000778600000| Untracked 
| 452|0x0000000778800000, 0x0000000778800000, 0x0000000778a00000|  0%| F|  |TAMS 0x0000000778800000| PB 0x0000000778800000| Untracked 
| 453|0x0000000778a00000, 0x0000000778a00000, 0x0000000778c00000|  0%| F|  |TAMS 0x0000000778a00000| PB 0x0000000778a00000| Untracked 
| 454|0x0000000778c00000, 0x0000000778c00000, 0x0000000778e00000|  0%| F|  |TAMS 0x0000000778c00000| PB 0x0000000778c00000| Untracked 
| 455|0x0000000778e00000, 0x0000000778e00000, 0x0000000779000000|  0%| F|  |TAMS 0x0000000778e00000| PB 0x0000000778e00000| Untracked 
| 456|0x0000000779000000, 0x0000000779000000, 0x0000000779200000|  0%| F|  |TAMS 0x0000000779000000| PB 0x0000000779000000| Untracked 
| 457|0x0000000779200000, 0x0000000779200000, 0x0000000779400000|  0%| F|  |TAMS 0x0000000779200000| PB 0x0000000779200000| Untracked 
| 458|0x0000000779400000, 0x0000000779400000, 0x0000000779600000|  0%| F|  |TAMS 0x0000000779400000| PB 0x0000000779400000| Untracked 
| 459|0x0000000779600000, 0x0000000779600000, 0x0000000779800000|  0%| F|  |TAMS 0x0000000779600000| PB 0x0000000779600000| Untracked 
| 460|0x0000000779800000, 0x0000000779800000, 0x0000000779a00000|  0%| F|  |TAMS 0x0000000779800000| PB 0x0000000779800000| Untracked 
| 461|0x0000000779a00000, 0x0000000779a00000, 0x0000000779c00000|  0%| F|  |TAMS 0x0000000779a00000| PB 0x0000000779a00000| Untracked 
| 462|0x0000000779c00000, 0x0000000779c00000, 0x0000000779e00000|  0%| F|  |TAMS 0x0000000779c00000| PB 0x0000000779c00000| Untracked 
| 463|0x0000000779e00000, 0x0000000779e00000, 0x000000077a000000|  0%| F|  |TAMS 0x0000000779e00000| PB 0x0000000779e00000| Untracked 
| 464|0x000000077a000000, 0x000000077a000000, 0x000000077a200000|  0%| F|  |TAMS 0x000000077a000000| PB 0x000000077a000000| Untracked 
| 465|0x000000077a200000, 0x000000077a200000, 0x000000077a400000|  0%| F|  |TAMS 0x000000077a200000| PB 0x000000077a200000| Untracked 
| 466|0x000000077a400000, 0x000000077a400000, 0x000000077a600000|  0%| F|  |TAMS 0x000000077a400000| PB 0x000000077a400000| Untracked 
| 467|0x000000077a600000, 0x000000077a600000, 0x000000077a800000|  0%| F|  |TAMS 0x000000077a600000| PB 0x000000077a600000| Untracked 
| 468|0x000000077a800000, 0x000000077a800000, 0x000000077aa00000|  0%| F|  |TAMS 0x000000077a800000| PB 0x000000077a800000| Untracked 
| 469|0x000000077aa00000, 0x000000077aa00000, 0x000000077ac00000|  0%| F|  |TAMS 0x000000077aa00000| PB 0x000000077aa00000| Untracked 
| 470|0x000000077ac00000, 0x000000077ac00000, 0x000000077ae00000|  0%| F|  |TAMS 0x000000077ac00000| PB 0x000000077ac00000| Untracked 
| 471|0x000000077ae00000, 0x000000077ae00000, 0x000000077b000000|  0%| F|  |TAMS 0x000000077ae00000| PB 0x000000077ae00000| Untracked 
| 472|0x000000077b000000, 0x000000077b000000, 0x000000077b200000|  0%| F|  |TAMS 0x000000077b000000| PB 0x000000077b000000| Untracked 
| 473|0x000000077b200000, 0x000000077b200000, 0x000000077b400000|  0%| F|  |TAMS 0x000000077b200000| PB 0x000000077b200000| Untracked 
| 474|0x000000077b400000, 0x000000077b400000, 0x000000077b600000|  0%| F|  |TAMS 0x000000077b400000| PB 0x000000077b400000| Untracked 
| 475|0x000000077b600000, 0x000000077b600000, 0x000000077b800000|  0%| F|  |TAMS 0x000000077b600000| PB 0x000000077b600000| Untracked 
| 476|0x000000077b800000, 0x000000077b800000, 0x000000077ba00000|  0%| F|  |TAMS 0x000000077b800000| PB 0x000000077b800000| Untracked 
| 477|0x000000077ba00000, 0x000000077ba00000, 0x000000077bc00000|  0%| F|  |TAMS 0x000000077ba00000| PB 0x000000077ba00000| Untracked 
| 478|0x000000077bc00000, 0x000000077bc00000, 0x000000077be00000|  0%| F|  |TAMS 0x000000077bc00000| PB 0x000000077bc00000| Untracked 
| 479|0x000000077be00000, 0x000000077be00000, 0x000000077c000000|  0%| F|  |TAMS 0x000000077be00000| PB 0x000000077be00000| Untracked 
| 480|0x000000077c000000, 0x000000077c000000, 0x000000077c200000|  0%| F|  |TAMS 0x000000077c000000| PB 0x000000077c000000| Untracked 
| 481|0x000000077c200000, 0x000000077c200000, 0x000000077c400000|  0%| F|  |TAMS 0x000000077c200000| PB 0x000000077c200000| Untracked 
| 482|0x000000077c400000, 0x000000077c400000, 0x000000077c600000|  0%| F|  |TAMS 0x000000077c400000| PB 0x000000077c400000| Untracked 
| 483|0x000000077c600000, 0x000000077c600000, 0x000000077c800000|  0%| F|  |TAMS 0x000000077c600000| PB 0x000000077c600000| Untracked 
| 484|0x000000077c800000, 0x000000077c800000, 0x000000077ca00000|  0%| F|  |TAMS 0x000000077c800000| PB 0x000000077c800000| Untracked 
| 485|0x000000077ca00000, 0x000000077ca00000, 0x000000077cc00000|  0%| F|  |TAMS 0x000000077ca00000| PB 0x000000077ca00000| Untracked 
| 486|0x000000077cc00000, 0x000000077cc00000, 0x000000077ce00000|  0%| F|  |TAMS 0x000000077cc00000| PB 0x000000077cc00000| Untracked 
| 487|0x000000077ce00000, 0x000000077ce00000, 0x000000077d000000|  0%| F|  |TAMS 0x000000077ce00000| PB 0x000000077ce00000| Untracked 
| 488|0x000000077d000000, 0x000000077d000000, 0x000000077d200000|  0%| F|  |TAMS 0x000000077d000000| PB 0x000000077d000000| Untracked 
| 489|0x000000077d200000, 0x000000077d200000, 0x000000077d400000|  0%| F|  |TAMS 0x000000077d200000| PB 0x000000077d200000| Untracked 
| 490|0x000000077d400000, 0x000000077d400000, 0x000000077d600000|  0%| F|  |TAMS 0x000000077d400000| PB 0x000000077d400000| Untracked 
| 491|0x000000077d600000, 0x000000077d600000, 0x000000077d800000|  0%| F|  |TAMS 0x000000077d600000| PB 0x000000077d600000| Untracked 
| 492|0x000000077d800000, 0x000000077d800000, 0x000000077da00000|  0%| F|  |TAMS 0x000000077d800000| PB 0x000000077d800000| Untracked 
| 493|0x000000077da00000, 0x000000077da00000, 0x000000077dc00000|  0%| F|  |TAMS 0x000000077da00000| PB 0x000000077da00000| Untracked 
| 494|0x000000077dc00000, 0x000000077dc00000, 0x000000077de00000|  0%| F|  |TAMS 0x000000077dc00000| PB 0x000000077dc00000| Untracked 
| 495|0x000000077de00000, 0x000000077de00000, 0x000000077e000000|  0%| F|  |TAMS 0x000000077de00000| PB 0x000000077de00000| Untracked 
| 496|0x000000077e000000, 0x000000077e000000, 0x000000077e200000|  0%| F|  |TAMS 0x000000077e000000| PB 0x000000077e000000| Untracked 
| 497|0x000000077e200000, 0x000000077e200000, 0x000000077e400000|  0%| F|  |TAMS 0x000000077e200000| PB 0x000000077e200000| Untracked 
| 498|0x000000077e400000, 0x000000077e400000, 0x000000077e600000|  0%| F|  |TAMS 0x000000077e400000| PB 0x000000077e400000| Untracked 
| 499|0x000000077e600000, 0x000000077e600000, 0x000000077e800000|  0%| F|  |TAMS 0x000000077e600000| PB 0x000000077e600000| Untracked 
| 500|0x000000077e800000, 0x000000077e800000, 0x000000077ea00000|  0%| F|  |TAMS 0x000000077e800000| PB 0x000000077e800000| Untracked 
| 501|0x000000077ea00000, 0x000000077ea00000, 0x000000077ec00000|  0%| F|  |TAMS 0x000000077ea00000| PB 0x000000077ea00000| Untracked 
| 502|0x000000077ec00000, 0x000000077ec00000, 0x000000077ee00000|  0%| F|  |TAMS 0x000000077ec00000| PB 0x000000077ec00000| Untracked 
| 503|0x000000077ee00000, 0x000000077ee00000, 0x000000077f000000|  0%| F|  |TAMS 0x000000077ee00000| PB 0x000000077ee00000| Untracked 
| 504|0x000000077f000000, 0x000000077f000000, 0x000000077f200000|  0%| F|  |TAMS 0x000000077f000000| PB 0x000000077f000000| Untracked 
| 505|0x000000077f200000, 0x000000077f200000, 0x000000077f400000|  0%| F|  |TAMS 0x000000077f200000| PB 0x000000077f200000| Untracked 
| 506|0x000000077f400000, 0x000000077f400000, 0x000000077f600000|  0%| F|  |TAMS 0x000000077f400000| PB 0x000000077f400000| Untracked 
| 507|0x000000077f600000, 0x000000077f600000, 0x000000077f800000|  0%| F|  |TAMS 0x000000077f600000| PB 0x000000077f600000| Untracked 
| 508|0x000000077f800000, 0x000000077f800000, 0x000000077fa00000|  0%| F|  |TAMS 0x000000077f800000| PB 0x000000077f800000| Untracked 
| 509|0x000000077fa00000, 0x000000077fa00000, 0x000000077fc00000|  0%| F|  |TAMS 0x000000077fa00000| PB 0x000000077fa00000| Untracked 
| 510|0x000000077fc00000, 0x000000077fc00000, 0x000000077fe00000|  0%| F|  |TAMS 0x000000077fc00000| PB 0x000000077fc00000| Untracked 
| 511|0x000000077fe00000, 0x000000077fe00000, 0x0000000780000000|  0%| F|  |TAMS 0x000000077fe00000| PB 0x000000077fe00000| Untracked 
| 512|0x0000000780000000, 0x0000000780000000, 0x0000000780200000|  0%| F|  |TAMS 0x0000000780000000| PB 0x0000000780000000| Untracked 
| 513|0x0000000780200000, 0x0000000780200000, 0x0000000780400000|  0%| F|  |TAMS 0x0000000780200000| PB 0x0000000780200000| Untracked 
| 514|0x0000000780400000, 0x0000000780400000, 0x0000000780600000|  0%| F|  |TAMS 0x0000000780400000| PB 0x0000000780400000| Untracked 
| 515|0x0000000780600000, 0x0000000780600000, 0x0000000780800000|  0%| F|  |TAMS 0x0000000780600000| PB 0x0000000780600000| Untracked 
| 516|0x0000000780800000, 0x0000000780800000, 0x0000000780a00000|  0%| F|  |TAMS 0x0000000780800000| PB 0x0000000780800000| Untracked 
| 517|0x0000000780a00000, 0x0000000780a00000, 0x0000000780c00000|  0%| F|  |TAMS 0x0000000780a00000| PB 0x0000000780a00000| Untracked 
| 518|0x0000000780c00000, 0x0000000780c00000, 0x0000000780e00000|  0%| F|  |TAMS 0x0000000780c00000| PB 0x0000000780c00000| Untracked 
| 519|0x0000000780e00000, 0x0000000780e00000, 0x0000000781000000|  0%| F|  |TAMS 0x0000000780e00000| PB 0x0000000780e00000| Untracked 
| 520|0x0000000781000000, 0x0000000781000000, 0x0000000781200000|  0%| F|  |TAMS 0x0000000781000000| PB 0x0000000781000000| Untracked 
| 521|0x0000000781200000, 0x0000000781200000, 0x0000000781400000|  0%| F|  |TAMS 0x0000000781200000| PB 0x0000000781200000| Untracked 
| 522|0x0000000781400000, 0x0000000781400000, 0x0000000781600000|  0%| F|  |TAMS 0x0000000781400000| PB 0x0000000781400000| Untracked 
| 523|0x0000000781600000, 0x0000000781600000, 0x0000000781800000|  0%| F|  |TAMS 0x0000000781600000| PB 0x0000000781600000| Untracked 
| 524|0x0000000781800000, 0x0000000781800000, 0x0000000781a00000|  0%| F|  |TAMS 0x0000000781800000| PB 0x0000000781800000| Untracked 
| 525|0x0000000781a00000, 0x0000000781a00000, 0x0000000781c00000|  0%| F|  |TAMS 0x0000000781a00000| PB 0x0000000781a00000| Untracked 
| 526|0x0000000781c00000, 0x0000000781c00000, 0x0000000781e00000|  0%| F|  |TAMS 0x0000000781c00000| PB 0x0000000781c00000| Untracked 
| 527|0x0000000781e00000, 0x0000000781e00000, 0x0000000782000000|  0%| F|  |TAMS 0x0000000781e00000| PB 0x0000000781e00000| Untracked 
| 528|0x0000000782000000, 0x0000000782000000, 0x0000000782200000|  0%| F|  |TAMS 0x0000000782000000| PB 0x0000000782000000| Untracked 
| 529|0x0000000782200000, 0x0000000782200000, 0x0000000782400000|  0%| F|  |TAMS 0x0000000782200000| PB 0x0000000782200000| Untracked 
| 530|0x0000000782400000, 0x0000000782400000, 0x0000000782600000|  0%| F|  |TAMS 0x0000000782400000| PB 0x0000000782400000| Untracked 
| 531|0x0000000782600000, 0x0000000782600000, 0x0000000782800000|  0%| F|  |TAMS 0x0000000782600000| PB 0x0000000782600000| Untracked 
| 532|0x0000000782800000, 0x0000000782800000, 0x0000000782a00000|  0%| F|  |TAMS 0x0000000782800000| PB 0x0000000782800000| Untracked 
| 533|0x0000000782a00000, 0x0000000782a00000, 0x0000000782c00000|  0%| F|  |TAMS 0x0000000782a00000| PB 0x0000000782a00000| Untracked 
| 534|0x0000000782c00000, 0x0000000782c00000, 0x0000000782e00000|  0%| F|  |TAMS 0x0000000782c00000| PB 0x0000000782c00000| Untracked 
| 535|0x0000000782e00000, 0x0000000782e00000, 0x0000000783000000|  0%| F|  |TAMS 0x0000000782e00000| PB 0x0000000782e00000| Untracked 
| 536|0x0000000783000000, 0x0000000783000000, 0x0000000783200000|  0%| F|  |TAMS 0x0000000783000000| PB 0x0000000783000000| Untracked 
| 537|0x0000000783200000, 0x0000000783200000, 0x0000000783400000|  0%| F|  |TAMS 0x0000000783200000| PB 0x0000000783200000| Untracked 
| 538|0x0000000783400000, 0x0000000783400000, 0x0000000783600000|  0%| F|  |TAMS 0x0000000783400000| PB 0x0000000783400000| Untracked 
| 539|0x0000000783600000, 0x0000000783600000, 0x0000000783800000|  0%| F|  |TAMS 0x0000000783600000| PB 0x0000000783600000| Untracked 
| 540|0x0000000783800000, 0x0000000783800000, 0x0000000783a00000|  0%| F|  |TAMS 0x0000000783800000| PB 0x0000000783800000| Untracked 
| 541|0x0000000783a00000, 0x0000000783a00000, 0x0000000783c00000|  0%| F|  |TAMS 0x0000000783a00000| PB 0x0000000783a00000| Untracked 
| 542|0x0000000783c00000, 0x0000000783c00000, 0x0000000783e00000|  0%| F|  |TAMS 0x0000000783c00000| PB 0x0000000783c00000| Untracked 
| 543|0x0000000783e00000, 0x0000000783e00000, 0x0000000784000000|  0%| F|  |TAMS 0x0000000783e00000| PB 0x0000000783e00000| Untracked 
| 544|0x0000000784000000, 0x0000000784000000, 0x0000000784200000|  0%| F|  |TAMS 0x0000000784000000| PB 0x0000000784000000| Untracked 
| 545|0x0000000784200000, 0x0000000784200000, 0x0000000784400000|  0%| F|  |TAMS 0x0000000784200000| PB 0x0000000784200000| Untracked 
| 546|0x0000000784400000, 0x0000000784400000, 0x0000000784600000|  0%| F|  |TAMS 0x0000000784400000| PB 0x0000000784400000| Untracked 
| 547|0x0000000784600000, 0x0000000784600000, 0x0000000784800000|  0%| F|  |TAMS 0x0000000784600000| PB 0x0000000784600000| Untracked 
| 548|0x0000000784800000, 0x0000000784800000, 0x0000000784a00000|  0%| F|  |TAMS 0x0000000784800000| PB 0x0000000784800000| Untracked 
| 549|0x0000000784a00000, 0x0000000784a00000, 0x0000000784c00000|  0%| F|  |TAMS 0x0000000784a00000| PB 0x0000000784a00000| Untracked 
| 550|0x0000000784c00000, 0x0000000784c00000, 0x0000000784e00000|  0%| F|  |TAMS 0x0000000784c00000| PB 0x0000000784c00000| Untracked 
| 551|0x0000000784e00000, 0x0000000784e00000, 0x0000000785000000|  0%| F|  |TAMS 0x0000000784e00000| PB 0x0000000784e00000| Untracked 
| 552|0x0000000785000000, 0x0000000785000000, 0x0000000785200000|  0%| F|  |TAMS 0x0000000785000000| PB 0x0000000785000000| Untracked 
| 553|0x0000000785200000, 0x0000000785200000, 0x0000000785400000|  0%| F|  |TAMS 0x0000000785200000| PB 0x0000000785200000| Untracked 
| 554|0x0000000785400000, 0x0000000785400000, 0x0000000785600000|  0%| F|  |TAMS 0x0000000785400000| PB 0x0000000785400000| Untracked 
| 555|0x0000000785600000, 0x0000000785600000, 0x0000000785800000|  0%| F|  |TAMS 0x0000000785600000| PB 0x0000000785600000| Untracked 
| 556|0x0000000785800000, 0x0000000785800000, 0x0000000785a00000|  0%| F|  |TAMS 0x0000000785800000| PB 0x0000000785800000| Untracked 
| 557|0x0000000785a00000, 0x0000000785a00000, 0x0000000785c00000|  0%| F|  |TAMS 0x0000000785a00000| PB 0x0000000785a00000| Untracked 
| 558|0x0000000785c00000, 0x0000000785c00000, 0x0000000785e00000|  0%| F|  |TAMS 0x0000000785c00000| PB 0x0000000785c00000| Untracked 
| 559|0x0000000785e00000, 0x0000000785e00000, 0x0000000786000000|  0%| F|  |TAMS 0x0000000785e00000| PB 0x0000000785e00000| Untracked 
| 560|0x0000000786000000, 0x0000000786000000, 0x0000000786200000|  0%| F|  |TAMS 0x0000000786000000| PB 0x0000000786000000| Untracked 
| 561|0x0000000786200000, 0x0000000786200000, 0x0000000786400000|  0%| F|  |TAMS 0x0000000786200000| PB 0x0000000786200000| Untracked 
| 562|0x0000000786400000, 0x0000000786400000, 0x0000000786600000|  0%| F|  |TAMS 0x0000000786400000| PB 0x0000000786400000| Untracked 
| 563|0x0000000786600000, 0x0000000786600000, 0x0000000786800000|  0%| F|  |TAMS 0x0000000786600000| PB 0x0000000786600000| Untracked 
| 564|0x0000000786800000, 0x0000000786800000, 0x0000000786a00000|  0%| F|  |TAMS 0x0000000786800000| PB 0x0000000786800000| Untracked 
| 565|0x0000000786a00000, 0x0000000786a00000, 0x0000000786c00000|  0%| F|  |TAMS 0x0000000786a00000| PB 0x0000000786a00000| Untracked 
| 566|0x0000000786c00000, 0x0000000786c00000, 0x0000000786e00000|  0%| F|  |TAMS 0x0000000786c00000| PB 0x0000000786c00000| Untracked 
| 567|0x0000000786e00000, 0x0000000786e00000, 0x0000000787000000|  0%| F|  |TAMS 0x0000000786e00000| PB 0x0000000786e00000| Untracked 
| 568|0x0000000787000000, 0x0000000787000000, 0x0000000787200000|  0%| F|  |TAMS 0x0000000787000000| PB 0x0000000787000000| Untracked 
| 569|0x0000000787200000, 0x0000000787200000, 0x0000000787400000|  0%| F|  |TAMS 0x0000000787200000| PB 0x0000000787200000| Untracked 
| 570|0x0000000787400000, 0x0000000787400000, 0x0000000787600000|  0%| F|  |TAMS 0x0000000787400000| PB 0x0000000787400000| Untracked 
| 571|0x0000000787600000, 0x0000000787600000, 0x0000000787800000|  0%| F|  |TAMS 0x0000000787600000| PB 0x0000000787600000| Untracked 
| 572|0x0000000787800000, 0x0000000787800000, 0x0000000787a00000|  0%| F|  |TAMS 0x0000000787800000| PB 0x0000000787800000| Untracked 
| 573|0x0000000787a00000, 0x0000000787a00000, 0x0000000787c00000|  0%| F|  |TAMS 0x0000000787a00000| PB 0x0000000787a00000| Untracked 
| 574|0x0000000787c00000, 0x0000000787c00000, 0x0000000787e00000|  0%| F|  |TAMS 0x0000000787c00000| PB 0x0000000787c00000| Untracked 
| 575|0x0000000787e00000, 0x0000000787e00000, 0x0000000788000000|  0%| F|  |TAMS 0x0000000787e00000| PB 0x0000000787e00000| Untracked 
| 576|0x0000000788000000, 0x0000000788000000, 0x0000000788200000|  0%| F|  |TAMS 0x0000000788000000| PB 0x0000000788000000| Untracked 
| 577|0x0000000788200000, 0x0000000788200000, 0x0000000788400000|  0%| F|  |TAMS 0x0000000788200000| PB 0x0000000788200000| Untracked 
| 578|0x0000000788400000, 0x0000000788400000, 0x0000000788600000|  0%| F|  |TAMS 0x0000000788400000| PB 0x0000000788400000| Untracked 
| 579|0x0000000788600000, 0x0000000788600000, 0x0000000788800000|  0%| F|  |TAMS 0x0000000788600000| PB 0x0000000788600000| Untracked 
| 580|0x0000000788800000, 0x0000000788800000, 0x0000000788a00000|  0%| F|  |TAMS 0x0000000788800000| PB 0x0000000788800000| Untracked 
| 581|0x0000000788a00000, 0x0000000788a00000, 0x0000000788c00000|  0%| F|  |TAMS 0x0000000788a00000| PB 0x0000000788a00000| Untracked 
| 582|0x0000000788c00000, 0x0000000788c00000, 0x0000000788e00000|  0%| F|  |TAMS 0x0000000788c00000| PB 0x0000000788c00000| Untracked 
| 583|0x0000000788e00000, 0x0000000788e00000, 0x0000000789000000|  0%| F|  |TAMS 0x0000000788e00000| PB 0x0000000788e00000| Untracked 
| 584|0x0000000789000000, 0x0000000789000000, 0x0000000789200000|  0%| F|  |TAMS 0x0000000789000000| PB 0x0000000789000000| Untracked 
| 585|0x0000000789200000, 0x0000000789200000, 0x0000000789400000|  0%| F|  |TAMS 0x0000000789200000| PB 0x0000000789200000| Untracked 
| 586|0x0000000789400000, 0x0000000789400000, 0x0000000789600000|  0%| F|  |TAMS 0x0000000789400000| PB 0x0000000789400000| Untracked 
| 587|0x0000000789600000, 0x0000000789600000, 0x0000000789800000|  0%| F|  |TAMS 0x0000000789600000| PB 0x0000000789600000| Untracked 
| 588|0x0000000789800000, 0x0000000789800000, 0x0000000789a00000|  0%| F|  |TAMS 0x0000000789800000| PB 0x0000000789800000| Untracked 
| 589|0x0000000789a00000, 0x0000000789a00000, 0x0000000789c00000|  0%| F|  |TAMS 0x0000000789a00000| PB 0x0000000789a00000| Untracked 
| 590|0x0000000789c00000, 0x0000000789c00000, 0x0000000789e00000|  0%| F|  |TAMS 0x0000000789c00000| PB 0x0000000789c00000| Untracked 
| 591|0x0000000789e00000, 0x0000000789e00000, 0x000000078a000000|  0%| F|  |TAMS 0x0000000789e00000| PB 0x0000000789e00000| Untracked 
| 592|0x000000078a000000, 0x000000078a000000, 0x000000078a200000|  0%| F|  |TAMS 0x000000078a000000| PB 0x000000078a000000| Untracked 
| 593|0x000000078a200000, 0x000000078a200000, 0x000000078a400000|  0%| F|  |TAMS 0x000000078a200000| PB 0x000000078a200000| Untracked 
| 594|0x000000078a400000, 0x000000078a400000, 0x000000078a600000|  0%| F|  |TAMS 0x000000078a400000| PB 0x000000078a400000| Untracked 
| 595|0x000000078a600000, 0x000000078a600000, 0x000000078a800000|  0%| F|  |TAMS 0x000000078a600000| PB 0x000000078a600000| Untracked 
| 596|0x000000078a800000, 0x000000078a800000, 0x000000078aa00000|  0%| F|  |TAMS 0x000000078a800000| PB 0x000000078a800000| Untracked 
| 597|0x000000078aa00000, 0x000000078aa00000, 0x000000078ac00000|  0%| F|  |TAMS 0x000000078aa00000| PB 0x000000078aa00000| Untracked 
| 598|0x000000078ac00000, 0x000000078ac00000, 0x000000078ae00000|  0%| F|  |TAMS 0x000000078ac00000| PB 0x000000078ac00000| Untracked 
| 599|0x000000078ae00000, 0x000000078ae00000, 0x000000078b000000|  0%| F|  |TAMS 0x000000078ae00000| PB 0x000000078ae00000| Untracked 
| 600|0x000000078b000000, 0x000000078b000000, 0x000000078b200000|  0%| F|  |TAMS 0x000000078b000000| PB 0x000000078b000000| Untracked 
| 601|0x000000078b200000, 0x000000078b200000, 0x000000078b400000|  0%| F|  |TAMS 0x000000078b200000| PB 0x000000078b200000| Untracked 
| 602|0x000000078b400000, 0x000000078b400000, 0x000000078b600000|  0%| F|  |TAMS 0x000000078b400000| PB 0x000000078b400000| Untracked 
| 603|0x000000078b600000, 0x000000078b600000, 0x000000078b800000|  0%| F|  |TAMS 0x000000078b600000| PB 0x000000078b600000| Untracked 
| 604|0x000000078b800000, 0x000000078b800000, 0x000000078ba00000|  0%| F|  |TAMS 0x000000078b800000| PB 0x000000078b800000| Untracked 
| 605|0x000000078ba00000, 0x000000078ba00000, 0x000000078bc00000|  0%| F|  |TAMS 0x000000078ba00000| PB 0x000000078ba00000| Untracked 
| 606|0x000000078bc00000, 0x000000078bc00000, 0x000000078be00000|  0%| F|  |TAMS 0x000000078bc00000| PB 0x000000078bc00000| Untracked 
| 607|0x000000078be00000, 0x000000078be00000, 0x000000078c000000|  0%| F|  |TAMS 0x000000078be00000| PB 0x000000078be00000| Untracked 
| 608|0x000000078c000000, 0x000000078c000000, 0x000000078c200000|  0%| F|  |TAMS 0x000000078c000000| PB 0x000000078c000000| Untracked 
| 609|0x000000078c200000, 0x000000078c200000, 0x000000078c400000|  0%| F|  |TAMS 0x000000078c200000| PB 0x000000078c200000| Untracked 
| 610|0x000000078c400000, 0x000000078c400000, 0x000000078c600000|  0%| F|  |TAMS 0x000000078c400000| PB 0x000000078c400000| Untracked 
| 611|0x000000078c600000, 0x000000078c600000, 0x000000078c800000|  0%| F|  |TAMS 0x000000078c600000| PB 0x000000078c600000| Untracked 
| 612|0x000000078c800000, 0x000000078c800000, 0x000000078ca00000|  0%| F|  |TAMS 0x000000078c800000| PB 0x000000078c800000| Untracked 
| 613|0x000000078ca00000, 0x000000078ca00000, 0x000000078cc00000|  0%| F|  |TAMS 0x000000078ca00000| PB 0x000000078ca00000| Untracked 
| 614|0x000000078cc00000, 0x000000078cc00000, 0x000000078ce00000|  0%| F|  |TAMS 0x000000078cc00000| PB 0x000000078cc00000| Untracked 
| 615|0x000000078ce00000, 0x000000078ce00000, 0x000000078d000000|  0%| F|  |TAMS 0x000000078ce00000| PB 0x000000078ce00000| Untracked 
| 616|0x000000078d000000, 0x000000078d000000, 0x000000078d200000|  0%| F|  |TAMS 0x000000078d000000| PB 0x000000078d000000| Untracked 
| 617|0x000000078d200000, 0x000000078d200000, 0x000000078d400000|  0%| F|  |TAMS 0x000000078d200000| PB 0x000000078d200000| Untracked 
| 618|0x000000078d400000, 0x000000078d400000, 0x000000078d600000|  0%| F|  |TAMS 0x000000078d400000| PB 0x000000078d400000| Untracked 
| 619|0x000000078d600000, 0x000000078d600000, 0x000000078d800000|  0%| F|  |TAMS 0x000000078d600000| PB 0x000000078d600000| Untracked 
| 620|0x000000078d800000, 0x000000078d800000, 0x000000078da00000|  0%| F|  |TAMS 0x000000078d800000| PB 0x000000078d800000| Untracked 
| 621|0x000000078da00000, 0x000000078da00000, 0x000000078dc00000|  0%| F|  |TAMS 0x000000078da00000| PB 0x000000078da00000| Untracked 
| 622|0x000000078dc00000, 0x000000078dc00000, 0x000000078de00000|  0%| F|  |TAMS 0x000000078dc00000| PB 0x000000078dc00000| Untracked 
| 623|0x000000078de00000, 0x000000078de00000, 0x000000078e000000|  0%| F|  |TAMS 0x000000078de00000| PB 0x000000078de00000| Untracked 
| 624|0x000000078e000000, 0x000000078e000000, 0x000000078e200000|  0%| F|  |TAMS 0x000000078e000000| PB 0x000000078e000000| Untracked 
| 625|0x000000078e200000, 0x000000078e200000, 0x000000078e400000|  0%| F|  |TAMS 0x000000078e200000| PB 0x000000078e200000| Untracked 
| 626|0x000000078e400000, 0x000000078e400000, 0x000000078e600000|  0%| F|  |TAMS 0x000000078e400000| PB 0x000000078e400000| Untracked 
| 627|0x000000078e600000, 0x000000078e600000, 0x000000078e800000|  0%| F|  |TAMS 0x000000078e600000| PB 0x000000078e600000| Untracked 
| 628|0x000000078e800000, 0x000000078e900000, 0x000000078ea00000| 50%| E|  |TAMS 0x000000078e800000| PB 0x000000078e800000| Complete 
| 629|0x000000078ea00000, 0x000000078ec00000, 0x000000078ec00000|100%| E|CS|TAMS 0x000000078ea00000| PB 0x000000078ea00000| Complete 
| 630|0x000000078ec00000, 0x000000078ee00000, 0x000000078ee00000|100%| E|CS|TAMS 0x000000078ec00000| PB 0x000000078ec00000| Complete 
| 631|0x000000078ee00000, 0x000000078f000000, 0x000000078f000000|100%| E|CS|TAMS 0x000000078ee00000| PB 0x000000078ee00000| Complete 
| 632|0x000000078f000000, 0x000000078f200000, 0x000000078f200000|100%| E|CS|TAMS 0x000000078f000000| PB 0x000000078f000000| Complete 
| 633|0x000000078f200000, 0x000000078f400000, 0x000000078f400000|100%| E|CS|TAMS 0x000000078f200000| PB 0x000000078f200000| Complete 
| 634|0x000000078f400000, 0x000000078f600000, 0x000000078f600000|100%| E|CS|TAMS 0x000000078f400000| PB 0x000000078f400000| Complete 
| 635|0x000000078f600000, 0x000000078f800000, 0x000000078f800000|100%| E|CS|TAMS 0x000000078f600000| PB 0x000000078f600000| Complete 
| 636|0x000000078f800000, 0x000000078fa00000, 0x000000078fa00000|100%| E|CS|TAMS 0x000000078f800000| PB 0x000000078f800000| Complete 
| 637|0x000000078fa00000, 0x000000078fc00000, 0x000000078fc00000|100%| E|CS|TAMS 0x000000078fa00000| PB 0x000000078fa00000| Complete 
| 638|0x000000078fc00000, 0x000000078fe00000, 0x000000078fe00000|100%| E|CS|TAMS 0x000000078fc00000| PB 0x000000078fc00000| Complete 
| 639|0x000000078fe00000, 0x0000000790000000, 0x0000000790000000|100%| E|CS|TAMS 0x000000078fe00000| PB 0x000000078fe00000| Complete 
| 640|0x0000000790000000, 0x0000000790200000, 0x0000000790200000|100%| E|CS|TAMS 0x0000000790000000| PB 0x0000000790000000| Complete 
| 641|0x0000000790200000, 0x0000000790400000, 0x0000000790400000|100%| E|CS|TAMS 0x0000000790200000| PB 0x0000000790200000| Complete 
| 642|0x0000000790400000, 0x0000000790600000, 0x0000000790600000|100%| E|CS|TAMS 0x0000000790400000| PB 0x0000000790400000| Complete 
| 643|0x0000000790600000, 0x0000000790800000, 0x0000000790800000|100%| E|CS|TAMS 0x0000000790600000| PB 0x0000000790600000| Complete 
| 644|0x0000000790800000, 0x0000000790a00000, 0x0000000790a00000|100%| E|CS|TAMS 0x0000000790800000| PB 0x0000000790800000| Complete 
| 645|0x0000000790a00000, 0x0000000790c00000, 0x0000000790c00000|100%| E|CS|TAMS 0x0000000790a00000| PB 0x0000000790a00000| Complete 
| 646|0x0000000790c00000, 0x0000000790e00000, 0x0000000790e00000|100%| E|CS|TAMS 0x0000000790c00000| PB 0x0000000790c00000| Complete 
| 647|0x0000000790e00000, 0x0000000791000000, 0x0000000791000000|100%| E|CS|TAMS 0x0000000790e00000| PB 0x0000000790e00000| Complete 
| 648|0x0000000791000000, 0x0000000791200000, 0x0000000791200000|100%| E|CS|TAMS 0x0000000791000000| PB 0x0000000791000000| Complete 
| 649|0x0000000791200000, 0x0000000791400000, 0x0000000791400000|100%| E|CS|TAMS 0x0000000791200000| PB 0x0000000791200000| Complete 
| 650|0x0000000791400000, 0x0000000791600000, 0x0000000791600000|100%| E|CS|TAMS 0x0000000791400000| PB 0x0000000791400000| Complete 
| 651|0x0000000791600000, 0x0000000791800000, 0x0000000791800000|100%| E|CS|TAMS 0x0000000791600000| PB 0x0000000791600000| Complete 
| 652|0x0000000791800000, 0x0000000791a00000, 0x0000000791a00000|100%| E|CS|TAMS 0x0000000791800000| PB 0x0000000791800000| Complete 
| 653|0x0000000791a00000, 0x0000000791c00000, 0x0000000791c00000|100%| E|CS|TAMS 0x0000000791a00000| PB 0x0000000791a00000| Complete 
| 654|0x0000000791c00000, 0x0000000791e00000, 0x0000000791e00000|100%| E|CS|TAMS 0x0000000791c00000| PB 0x0000000791c00000| Complete 
| 655|0x0000000791e00000, 0x0000000792000000, 0x0000000792000000|100%| E|CS|TAMS 0x0000000791e00000| PB 0x0000000791e00000| Complete 
| 656|0x0000000792000000, 0x0000000792200000, 0x0000000792200000|100%| E|CS|TAMS 0x0000000792000000| PB 0x0000000792000000| Complete 
| 657|0x0000000792200000, 0x0000000792400000, 0x0000000792400000|100%| E|CS|TAMS 0x0000000792200000| PB 0x0000000792200000| Complete 
| 658|0x0000000792400000, 0x0000000792600000, 0x0000000792600000|100%| E|CS|TAMS 0x0000000792400000| PB 0x0000000792400000| Complete 
| 659|0x0000000792600000, 0x0000000792800000, 0x0000000792800000|100%| E|CS|TAMS 0x0000000792600000| PB 0x0000000792600000| Complete 
| 660|0x0000000792800000, 0x0000000792a00000, 0x0000000792a00000|100%| E|CS|TAMS 0x0000000792800000| PB 0x0000000792800000| Complete 
| 661|0x0000000792a00000, 0x0000000792c00000, 0x0000000792c00000|100%| E|CS|TAMS 0x0000000792a00000| PB 0x0000000792a00000| Complete 
| 662|0x0000000792c00000, 0x0000000792e00000, 0x0000000792e00000|100%| E|CS|TAMS 0x0000000792c00000| PB 0x0000000792c00000| Complete 
| 663|0x0000000792e00000, 0x0000000793000000, 0x0000000793000000|100%| E|CS|TAMS 0x0000000792e00000| PB 0x0000000792e00000| Complete 
| 664|0x0000000793000000, 0x0000000793200000, 0x0000000793200000|100%| E|CS|TAMS 0x0000000793000000| PB 0x0000000793000000| Complete 
| 665|0x0000000793200000, 0x0000000793400000, 0x0000000793400000|100%| E|CS|TAMS 0x0000000793200000| PB 0x0000000793200000| Complete 
| 666|0x0000000793400000, 0x0000000793600000, 0x0000000793600000|100%| E|CS|TAMS 0x0000000793400000| PB 0x0000000793400000| Complete 
| 667|0x0000000793600000, 0x0000000793800000, 0x0000000793800000|100%| E|CS|TAMS 0x0000000793600000| PB 0x0000000793600000| Complete 
| 668|0x0000000793800000, 0x0000000793a00000, 0x0000000793a00000|100%| E|CS|TAMS 0x0000000793800000| PB 0x0000000793800000| Complete 
| 669|0x0000000793a00000, 0x0000000793c00000, 0x0000000793c00000|100%| E|CS|TAMS 0x0000000793a00000| PB 0x0000000793a00000| Complete 
| 670|0x0000000793c00000, 0x0000000793e00000, 0x0000000793e00000|100%| E|CS|TAMS 0x0000000793c00000| PB 0x0000000793c00000| Complete 
| 671|0x0000000793e00000, 0x0000000794000000, 0x0000000794000000|100%| E|CS|TAMS 0x0000000793e00000| PB 0x0000000793e00000| Complete 
| 672|0x0000000794000000, 0x0000000794200000, 0x0000000794200000|100%| E|CS|TAMS 0x0000000794000000| PB 0x0000000794000000| Complete 
| 673|0x0000000794200000, 0x0000000794400000, 0x0000000794400000|100%| E|CS|TAMS 0x0000000794200000| PB 0x0000000794200000| Complete 
| 674|0x0000000794400000, 0x0000000794600000, 0x0000000794600000|100%| E|CS|TAMS 0x0000000794400000| PB 0x0000000794400000| Complete 
| 675|0x0000000794600000, 0x0000000794800000, 0x0000000794800000|100%| E|CS|TAMS 0x0000000794600000| PB 0x0000000794600000| Complete 
| 676|0x0000000794800000, 0x0000000794a00000, 0x0000000794a00000|100%| E|CS|TAMS 0x0000000794800000| PB 0x0000000794800000| Complete 
| 677|0x0000000794a00000, 0x0000000794c00000, 0x0000000794c00000|100%| E|CS|TAMS 0x0000000794a00000| PB 0x0000000794a00000| Complete 
| 678|0x0000000794c00000, 0x0000000794e00000, 0x0000000794e00000|100%| E|CS|TAMS 0x0000000794c00000| PB 0x0000000794c00000| Complete 
| 679|0x0000000794e00000, 0x0000000795000000, 0x0000000795000000|100%| E|CS|TAMS 0x0000000794e00000| PB 0x0000000794e00000| Complete 
| 680|0x0000000795000000, 0x0000000795200000, 0x0000000795200000|100%| E|CS|TAMS 0x0000000795000000| PB 0x0000000795000000| Complete 
| 681|0x0000000795200000, 0x0000000795400000, 0x0000000795400000|100%| E|CS|TAMS 0x0000000795200000| PB 0x0000000795200000| Complete 
| 682|0x0000000795400000, 0x0000000795600000, 0x0000000795600000|100%| E|CS|TAMS 0x0000000795400000| PB 0x0000000795400000| Complete 
| 683|0x0000000795600000, 0x0000000795800000, 0x0000000795800000|100%| E|CS|TAMS 0x0000000795600000| PB 0x0000000795600000| Complete 
| 684|0x0000000795800000, 0x0000000795a00000, 0x0000000795a00000|100%| E|CS|TAMS 0x0000000795800000| PB 0x0000000795800000| Complete 
| 685|0x0000000795a00000, 0x0000000795c00000, 0x0000000795c00000|100%| E|CS|TAMS 0x0000000795a00000| PB 0x0000000795a00000| Complete 
| 686|0x0000000795c00000, 0x0000000795e00000, 0x0000000795e00000|100%| E|CS|TAMS 0x0000000795c00000| PB 0x0000000795c00000| Complete 
| 687|0x0000000795e00000, 0x0000000796000000, 0x0000000796000000|100%| E|CS|TAMS 0x0000000795e00000| PB 0x0000000795e00000| Complete 
| 688|0x0000000796000000, 0x0000000796200000, 0x0000000796200000|100%| E|CS|TAMS 0x0000000796000000| PB 0x0000000796000000| Complete 
| 689|0x0000000796200000, 0x0000000796400000, 0x0000000796400000|100%| E|CS|TAMS 0x0000000796200000| PB 0x0000000796200000| Complete 
| 690|0x0000000796400000, 0x0000000796600000, 0x0000000796600000|100%| E|CS|TAMS 0x0000000796400000| PB 0x0000000796400000| Complete 
| 691|0x0000000796600000, 0x0000000796800000, 0x0000000796800000|100%| E|CS|TAMS 0x0000000796600000| PB 0x0000000796600000| Complete 
| 692|0x0000000796800000, 0x0000000796a00000, 0x0000000796a00000|100%| E|CS|TAMS 0x0000000796800000| PB 0x0000000796800000| Complete 
| 693|0x0000000796a00000, 0x0000000796c00000, 0x0000000796c00000|100%| E|CS|TAMS 0x0000000796a00000| PB 0x0000000796a00000| Complete 
| 694|0x0000000796c00000, 0x0000000796e00000, 0x0000000796e00000|100%| E|CS|TAMS 0x0000000796c00000| PB 0x0000000796c00000| Complete 
| 695|0x0000000796e00000, 0x0000000797000000, 0x0000000797000000|100%| E|CS|TAMS 0x0000000796e00000| PB 0x0000000796e00000| Complete 
| 696|0x0000000797000000, 0x0000000797200000, 0x0000000797200000|100%| E|CS|TAMS 0x0000000797000000| PB 0x0000000797000000| Complete 
| 697|0x0000000797200000, 0x0000000797400000, 0x0000000797400000|100%| E|CS|TAMS 0x0000000797200000| PB 0x0000000797200000| Complete 
| 698|0x0000000797400000, 0x0000000797600000, 0x0000000797600000|100%| E|CS|TAMS 0x0000000797400000| PB 0x0000000797400000| Complete 
|1533|0x00000007ffa00000, 0x00000007ffc00000, 0x00000007ffc00000|100%| O|  |TAMS 0x00000007ffc00000| PB 0x00000007ffa00000| Updating 
|1534|0x00000007ffc00000, 0x00000007ffe00000, 0x00000007ffe00000|100%| E|CS|TAMS 0x00000007ffc00000| PB 0x00000007ffc00000| Complete 
|1535|0x00000007ffe00000, 0x0000000800000000, 0x0000000800000000|100%| E|CS|TAMS 0x00000007ffe00000| PB 0x00000007ffe00000| Complete 

Card table byte_map: [0x0000018741fd0000,0x00000187425d0000] _byte_map_base: 0x000001873e5d0000

Marking Bits: (CMBitMap*) 0x0000018729df5800
 Bits: [0x00000187425d0000, 0x00000187455d0000)

Polling page: 0x0000018727b60000

Metaspace:

Usage:
  Non-class:    120.30 MB used.
      Class:     19.00 MB used.
       Both:    139.30 MB used.

Virtual space:
  Non-class space:      128.00 MB reserved,     121.56 MB ( 95%) committed,  2 nodes.
      Class space:        1.00 GB reserved,      20.19 MB (  2%) committed,  1 nodes.
             Both:        1.12 GB reserved,     141.75 MB ( 12%) committed. 

Chunk freelists:
   Non-Class:  6.47 MB
       Class:  11.77 MB
        Both:  18.23 MB

MaxMetaspaceSize: unlimited
CompressedClassSpaceSize: 1.00 GB
Initial GC threshold: 21.00 MB
Current GC threshold: 236.25 MB
CDS: on
 - commit_granule_bytes: 65536.
 - commit_granule_words: 8192.
 - virtual_space_node_default_size: 8388608.
 - enlarge_chunks_in_place: 1.
 - use_allocation_guard: 0.


Internal statistics:

num_allocs_failed_limit: 6.
num_arena_births: 4574.
num_arena_deaths: 160.
num_vsnodes_births: 3.
num_vsnodes_deaths: 0.
num_space_committed: 2270.
num_space_uncommitted: 2.
num_chunks_returned_to_freelist: 286.
num_chunks_taken_from_freelist: 11129.
num_chunk_merges: 113.
num_chunk_splits: 7324.
num_chunks_enlarged: 4759.
num_inconsistent_stats: 0.

CodeHeap 'non-profiled nmethods': size=120000Kb used=17097Kb max_used=17466Kb free=102902Kb
 bounds [0x0000018739f50000, 0x000001873b0e0000, 0x0000018741480000]
CodeHeap 'profiled nmethods': size=120000Kb used=40561Kb max_used=45923Kb free=79439Kb
 bounds [0x0000018732480000, 0x0000018735190000, 0x00000187399b0000]
CodeHeap 'non-nmethods': size=5760Kb used=3025Kb max_used=3134Kb free=2734Kb
 bounds [0x00000187399b0000, 0x0000018739ce0000, 0x0000018739f50000]
 total_blobs=21234 nmethods=20155 adapters=980
 compilation: enabled
              stopped_count=0, restarted_count=0
 full_count=0

Compilation events (20 events):
Event: 41.935 Thread 0x0000018748248d10 30825 %     4       com.android.tools.r8.ir.optimize.M::a @ 29 (770 bytes)
Event: 41.946 Thread 0x00000187482493b0 32516       2       org.gradle.internal.snapshot.AbstractInvalidateChildHandler$$Lambda/0x000001874ada9960::<init> (10 bytes)
Event: 41.946 Thread 0x00000187482493b0 nmethod 32516 0x0000018732eb9b90 code [0x0000018732eb9d20, 0x0000018732eb9e78]
Event: 41.947 Thread 0x00000187482493b0 32517       2       org.gradle.internal.snapshot.AbstractInvalidateChildHandler::handleAsDescendantOfChild (7 bytes)
Event: 41.947 Thread 0x00000187482493b0 nmethod 32517 0x000001873266ee10 code [0x000001873266f040, 0x000001873266f5a8]
Event: 41.948 Thread 0x00000187482493b0 32518       2       org.gradle.internal.snapshot.AbstractInvalidateChildHandler::handleAsDescendantOfChild (35 bytes)
Event: 41.948 Thread 0x00000187482493b0 nmethod 32518 0x0000018732ca8810 code [0x0000018732ca8a40, 0x0000018732ca8fa8]
Event: 41.948 Thread 0x00000187482493b0 32519       2       org.gradle.internal.snapshot.AbstractIncompleteFileSystemNode$1::handleAsDescendantOfChild (10 bytes)
Event: 41.948 Thread 0x00000187482493b0 nmethod 32519 0x00000187334f0e10 code [0x00000187334f0fc0, 0x00000187334f1160]
Event: 41.948 Thread 0x00000187482493b0 32520       2       org.gradle.internal.snapshot.AbstractIncompleteFileSystemNode$1::handleAsDescendantOfChild (16 bytes)
Event: 41.949 Thread 0x00000187482493b0 nmethod 32520 0x0000018732ebbb10 code [0x0000018732ebbcc0, 0x0000018732ebbe08]
Event: 41.967 Thread 0x00000187955a4800 nmethod 32358 0x000001873b0d4990 code [0x000001873b0d4e40, 0x000001873b0d7230]
Event: 41.967 Thread 0x00000187955a4800 30827 %     4       com.android.tools.r8.internal.NW::a @ 59 (308 bytes)
Event: 41.977 Thread 0x00000187482493b0 32521       2       org.gradle.internal.snapshot.AbstractListChildMap::invalidate (72 bytes)
Event: 41.978 Thread 0x00000187482493b0 nmethod 32521 0x00000187330b9210 code [0x00000187330b9460, 0x00000187330b9b18]
Event: 41.980 Thread 0x00000187482493b0 32522       2       org.gradle.internal.vfs.impl.DefaultSnapshotHierarchy$$Lambda/0x000001874ada9d70::apply (12 bytes)
Event: 41.981 Thread 0x00000187482493b0 nmethod 32522 0x0000018733138610 code [0x00000187331387c0, 0x0000018733138a68]
Event: 41.981 Thread 0x00000187482493b0 32523       2       org.gradle.internal.vfs.impl.DefaultSnapshotHierarchy::lambda$invalidate$0 (25 bytes)
Event: 41.981 Thread 0x00000187482493b0 nmethod 32523 0x00000187334fcd10 code [0x00000187334fcec0, 0x00000187334fd108]
Event: 42.148 Thread 0x00000187482493b0 32524       3       com.android.tools.r8.internal.QT::h (7 bytes)

GC Heap History (20 events):
Event: 33.989 GC heap after
{Heap after GC invocations=85 (full 0):
 garbage-first heap   total 1179648K, used 554287K [0x0000000740000000, 0x0000000800000000)
  region size 2048K, 17 young (34816K), 17 survivors (34816K)
 Metaspace       used 141599K, committed 144128K, reserved 1179648K
  class space    used 19347K, committed 20608K, reserved 1048576K
}
Event: 34.319 GC heap before
{Heap before GC invocations=85 (full 0):
 garbage-first heap   total 1179648K, used 1080623K [0x0000000740000000, 0x0000000800000000)
  region size 2048K, 275 young (563200K), 17 survivors (34816K)
 Metaspace       used 141774K, committed 144256K, reserved 1179648K
  class space    used 19351K, committed 20608K, reserved 1048576K
}
Event: 34.332 GC heap after
{Heap after GC invocations=86 (full 0):
 garbage-first heap   total 1179648K, used 554928K [0x0000000740000000, 0x0000000800000000)
  region size 2048K, 17 young (34816K), 17 survivors (34816K)
 Metaspace       used 141774K, committed 144256K, reserved 1179648K
  class space    used 19351K, committed 20608K, reserved 1048576K
}
Event: 34.742 GC heap before
{Heap before GC invocations=86 (full 0):
 garbage-first heap   total 1179648K, used 1081264K [0x0000000740000000, 0x0000000800000000)
  region size 2048K, 275 young (563200K), 17 survivors (34816K)
 Metaspace       used 141976K, committed 144512K, reserved 1179648K
  class space    used 19354K, committed 20608K, reserved 1048576K
}
Event: 34.757 GC heap after
{Heap after GC invocations=87 (full 0):
 garbage-first heap   total 1179648K, used 557600K [0x0000000740000000, 0x0000000800000000)
  region size 2048K, 19 young (38912K), 19 survivors (38912K)
 Metaspace       used 141976K, committed 144512K, reserved 1179648K
  class space    used 19354K, committed 20608K, reserved 1048576K
}
Event: 35.098 GC heap before
{Heap before GC invocations=88 (full 0):
 garbage-first heap   total 1179648K, used 1071648K [0x0000000740000000, 0x0000000800000000)
  region size 2048K, 273 young (559104K), 19 survivors (38912K)
 Metaspace       used 141988K, committed 144512K, reserved 1179648K
  class space    used 19349K, committed 20608K, reserved 1048576K
}
Event: 35.114 GC heap after
{Heap after GC invocations=89 (full 0):
 garbage-first heap   total 1179648K, used 552880K [0x0000000740000000, 0x0000000800000000)
  region size 2048K, 18 young (36864K), 18 survivors (36864K)
 Metaspace       used 141988K, committed 144512K, reserved 1179648K
  class space    used 19349K, committed 20608K, reserved 1048576K
}
Event: 35.419 GC heap before
{Heap before GC invocations=89 (full 0):
 garbage-first heap   total 1179648K, used 1079216K [0x0000000740000000, 0x0000000800000000)
  region size 2048K, 276 young (565248K), 18 survivors (36864K)
 Metaspace       used 142005K, committed 144512K, reserved 1179648K
  class space    used 19350K, committed 20608K, reserved 1048576K
}
Event: 35.446 GC heap after
{Heap after GC invocations=90 (full 0):
 garbage-first heap   total 1437696K, used 540713K [0x0000000740000000, 0x0000000800000000)
  region size 2048K, 20 young (40960K), 20 survivors (40960K)
 Metaspace       used 142005K, committed 144512K, reserved 1179648K
  class space    used 19350K, committed 20608K, reserved 1048576K
}
Event: 35.928 GC heap before
{Heap before GC invocations=90 (full 0):
 garbage-first heap   total 1437696K, used 1318953K [0x0000000740000000, 0x0000000800000000)
  region size 2048K, 401 young (821248K), 20 survivors (40960K)
 Metaspace       used 142021K, committed 144512K, reserved 1179648K
  class space    used 19351K, committed 20608K, reserved 1048576K
}
Event: 35.948 GC heap after
{Heap after GC invocations=91 (full 0):
 garbage-first heap   total 1437696K, used 543141K [0x0000000740000000, 0x0000000800000000)
  region size 2048K, 21 young (43008K), 21 survivors (43008K)
 Metaspace       used 142021K, committed 144512K, reserved 1179648K
  class space    used 19351K, committed 20608K, reserved 1048576K
}
Event: 36.498 GC heap before
{Heap before GC invocations=91 (full 0):
 garbage-first heap   total 1437696K, used 1317285K [0x0000000740000000, 0x0000000800000000)
  region size 2048K, 400 young (819200K), 21 survivors (43008K)
 Metaspace       used 142072K, committed 144576K, reserved 1179648K
  class space    used 19353K, committed 20608K, reserved 1048576K
}
Event: 36.516 GC heap after
{Heap after GC invocations=92 (full 0):
 garbage-first heap   total 1437696K, used 541440K [0x0000000740000000, 0x0000000800000000)
  region size 2048K, 20 young (40960K), 20 survivors (40960K)
 Metaspace       used 142072K, committed 144576K, reserved 1179648K
  class space    used 19353K, committed 20608K, reserved 1048576K
}
Event: 37.047 GC heap before
{Heap before GC invocations=92 (full 0):
 garbage-first heap   total 1437696K, used 1321728K [0x0000000740000000, 0x0000000800000000)
  region size 2048K, 401 young (821248K), 20 survivors (40960K)
 Metaspace       used 142094K, committed 144576K, reserved 1179648K
  class space    used 19353K, committed 20608K, reserved 1048576K
}
Event: 37.066 GC heap after
{Heap after GC invocations=93 (full 0):
 garbage-first heap   total 1437696K, used 543488K [0x0000000740000000, 0x0000000800000000)
  region size 2048K, 21 young (43008K), 21 survivors (43008K)
 Metaspace       used 142094K, committed 144576K, reserved 1179648K
  class space    used 19353K, committed 20608K, reserved 1048576K
}
Event: 37.973 GC heap before
{Heap before GC invocations=94 (full 0):
 garbage-first heap   total 1437696K, used 1319680K [0x0000000740000000, 0x0000000800000000)
  region size 2048K, 400 young (819200K), 21 survivors (43008K)
 Metaspace       used 142098K, committed 144576K, reserved 1179648K
  class space    used 19353K, committed 20608K, reserved 1048576K
}
Event: 37.991 GC heap after
{Heap after GC invocations=95 (full 0):
 garbage-first heap   total 1437696K, used 543488K [0x0000000740000000, 0x0000000800000000)
  region size 2048K, 21 young (43008K), 21 survivors (43008K)
 Metaspace       used 142098K, committed 144576K, reserved 1179648K
  class space    used 19353K, committed 20608K, reserved 1048576K
}
Event: 39.393 GC heap before
{Heap before GC invocations=95 (full 0):
 garbage-first heap   total 1437696K, used 1317632K [0x0000000740000000, 0x0000000800000000)
  region size 2048K, 400 young (819200K), 21 survivors (43008K)
 Metaspace       used 142573K, committed 145088K, reserved 1179648K
  class space    used 19438K, committed 20672K, reserved 1048576K
}
Event: 39.429 GC heap after
{Heap after GC invocations=96 (full 0):
 garbage-first heap   total 1437696K, used 528458K [0x0000000740000000, 0x0000000800000000)
  region size 2048K, 20 young (40960K), 20 survivors (40960K)
 Metaspace       used 142573K, committed 145088K, reserved 1179648K
  class space    used 19438K, committed 20672K, reserved 1048576K
}
Event: 42.265 GC heap before
{Heap before GC invocations=96 (full 0):
 garbage-first heap   total 1437696K, used 1189962K [0x0000000740000000, 0x0000000800000000)
  region size 2048K, 345 young (706560K), 20 survivors (40960K)
 Metaspace       used 142642K, committed 145152K, reserved 1179648K
  class space    used 19453K, committed 20672K, reserved 1048576K
}

Dll operation events (15 events):
Event: 0.011 Loaded shared library C:\Users\vfxno\AppData\Local\Programs\Eclipse Adoptium\jdk-21.0.6.7-hotspot\bin\java.dll
Event: 0.043 Loaded shared library C:\Users\vfxno\AppData\Local\Programs\Eclipse Adoptium\jdk-21.0.6.7-hotspot\bin\jsvml.dll
Event: 0.088 Loaded shared library C:\Users\vfxno\AppData\Local\Programs\Eclipse Adoptium\jdk-21.0.6.7-hotspot\bin\zip.dll
Event: 0.092 Loaded shared library C:\Users\vfxno\AppData\Local\Programs\Eclipse Adoptium\jdk-21.0.6.7-hotspot\bin\instrument.dll
Event: 0.097 Loaded shared library C:\Users\vfxno\AppData\Local\Programs\Eclipse Adoptium\jdk-21.0.6.7-hotspot\bin\net.dll
Event: 0.099 Loaded shared library C:\Users\vfxno\AppData\Local\Programs\Eclipse Adoptium\jdk-21.0.6.7-hotspot\bin\nio.dll
Event: 0.102 Loaded shared library C:\Users\vfxno\AppData\Local\Programs\Eclipse Adoptium\jdk-21.0.6.7-hotspot\bin\zip.dll
Event: 0.320 Loaded shared library C:\Users\vfxno\AppData\Local\Programs\Eclipse Adoptium\jdk-21.0.6.7-hotspot\bin\jimage.dll
Event: 0.432 Loaded shared library C:\Users\vfxno\AppData\Local\Programs\Eclipse Adoptium\jdk-21.0.6.7-hotspot\bin\verify.dll
Event: 0.522 Loaded shared library C:\Users\vfxno\.gradle\native\1def1411415f61bf3af743bc5b6707747c0891f09f0c88961ee8f79bc544acac\windows-amd64\native-platform.dll
Event: 0.537 Loaded shared library C:\Users\vfxno\.gradle\native\0.2.7\x86_64-windows-gnu\gradle-fileevents.dll
Event: 1.571 Loaded shared library C:\Users\vfxno\AppData\Local\Programs\Eclipse Adoptium\jdk-21.0.6.7-hotspot\bin\management.dll
Event: 1.573 Loaded shared library C:\Users\vfxno\AppData\Local\Programs\Eclipse Adoptium\jdk-21.0.6.7-hotspot\bin\management_ext.dll
Event: 1.709 Loaded shared library C:\Users\vfxno\AppData\Local\Programs\Eclipse Adoptium\jdk-21.0.6.7-hotspot\bin\extnet.dll
Event: 1.917 Loaded shared library C:\Users\vfxno\AppData\Local\Programs\Eclipse Adoptium\jdk-21.0.6.7-hotspot\bin\sunmscapi.dll

Deoptimization events (20 events):
Event: 41.535 Thread 0x000001879a893c30 Uncommon trap: trap_request=0xffffffde fr.pc=0x000001873ae9e5a8 relative=0x0000000000002188
Event: 41.535 Thread 0x000001879a893c30 Uncommon trap: reason=class_check action=maybe_recompile pc=0x000001873ae9e5a8 method=com.android.tools.r8.shaking.O.m(Lcom/android/tools/r8/graph/H2;)V @ 115 c2
Event: 41.535 Thread 0x000001879a893c30 DEOPT PACKING pc=0x000001873ae9e5a8 sp=0x0000001b27afd820
Event: 41.535 Thread 0x000001879a893c30 DEOPT UNPACKING pc=0x0000018739a046a2 sp=0x0000001b27afd838 mode 2
Event: 41.561 Thread 0x000001879a893c30 Uncommon trap: trap_request=0xffffffc6 fr.pc=0x000001873ad2a980 relative=0x00000000000017a0
Event: 41.561 Thread 0x000001879a893c30 Uncommon trap: reason=bimorphic_or_optimized_type_check action=maybe_recompile pc=0x000001873ad2a980 method=com.android.tools.r8.internal.ET.a(Lcom/android/tools/r8/graph/K5;Lcom/android/tools/r8/graph/g6;)V @ 82 c2
Event: 41.561 Thread 0x000001879a893c30 DEOPT PACKING pc=0x000001873ad2a980 sp=0x0000001b27afd960
Event: 41.561 Thread 0x000001879a893c30 DEOPT UNPACKING pc=0x0000018739a046a2 sp=0x0000001b27afd930 mode 2
Event: 41.687 Thread 0x000001879a893c30 Uncommon trap: trap_request=0xffffffde fr.pc=0x000001873ae9e5a8 relative=0x0000000000002188
Event: 41.687 Thread 0x000001879a893c30 Uncommon trap: reason=class_check action=maybe_recompile pc=0x000001873ae9e5a8 method=com.android.tools.r8.shaking.O.m(Lcom/android/tools/r8/graph/H2;)V @ 115 c2
Event: 41.687 Thread 0x000001879a893c30 DEOPT PACKING pc=0x000001873ae9e5a8 sp=0x0000001b27afd820
Event: 41.687 Thread 0x000001879a893c30 DEOPT UNPACKING pc=0x0000018739a046a2 sp=0x0000001b27afd838 mode 2
Event: 41.688 Thread 0x000001879a893c30 Uncommon trap: trap_request=0xffffffc6 fr.pc=0x000001873ad2a980 relative=0x00000000000017a0
Event: 41.688 Thread 0x000001879a893c30 Uncommon trap: reason=bimorphic_or_optimized_type_check action=maybe_recompile pc=0x000001873ad2a980 method=com.android.tools.r8.internal.ET.a(Lcom/android/tools/r8/graph/K5;Lcom/android/tools/r8/graph/g6;)V @ 82 c2
Event: 41.688 Thread 0x000001879a893c30 DEOPT PACKING pc=0x000001873ad2a980 sp=0x0000001b27afd960
Event: 41.688 Thread 0x000001879a893c30 DEOPT UNPACKING pc=0x0000018739a046a2 sp=0x0000001b27afd930 mode 2
Event: 41.688 Thread 0x000001879a893c30 Uncommon trap: trap_request=0xffffffc6 fr.pc=0x000001873ad2a980 relative=0x00000000000017a0
Event: 41.688 Thread 0x000001879a893c30 Uncommon trap: reason=bimorphic_or_optimized_type_check action=maybe_recompile pc=0x000001873ad2a980 method=com.android.tools.r8.internal.ET.a(Lcom/android/tools/r8/graph/K5;Lcom/android/tools/r8/graph/g6;)V @ 82 c2
Event: 41.688 Thread 0x000001879a893c30 DEOPT PACKING pc=0x000001873ad2a980 sp=0x0000001b27afd960
Event: 41.688 Thread 0x000001879a893c30 DEOPT UNPACKING pc=0x0000018739a046a2 sp=0x0000001b27afd930 mode 2

Classes loaded (20 events):
Event: 28.571 Loading class java/util/IdentityHashMap$EntryIterator$Entry
Event: 28.571 Loading class java/util/IdentityHashMap$EntryIterator$Entry done
Event: 29.559 Loading class java/util/ArrayDeque$DescendingIterator
Event: 29.559 Loading class java/util/ArrayDeque$DescendingIterator done
Event: 30.091 Loading class java/util/concurrent/ConcurrentHashMap$KeySpliterator
Event: 30.091 Loading class java/util/concurrent/ConcurrentHashMap$KeySpliterator done
Event: 33.389 Loading class java/util/IdentityHashMap$EntrySpliterator
Event: 33.389 Loading class java/util/IdentityHashMap$IdentityHashMapSpliterator
Event: 33.389 Loading class java/util/IdentityHashMap$IdentityHashMapSpliterator done
Event: 33.389 Loading class java/util/IdentityHashMap$EntrySpliterator done
Event: 33.391 Loading class java/util/stream/SortedOps$RefSortingSink
Event: 33.391 Loading class java/util/stream/SortedOps$RefSortingSink done
Event: 33.405 Loading class java/util/SortedSet$1
Event: 33.405 Loading class java/util/SortedSet$1 done
Event: 33.406 Loading class java/util/stream/SliceOps
Event: 33.407 Loading class java/util/stream/SliceOps done
Event: 33.407 Loading class java/util/stream/SliceOps$1
Event: 33.407 Loading class java/util/stream/SliceOps$1 done
Event: 33.412 Loading class java/util/stream/SliceOps$1$1
Event: 33.412 Loading class java/util/stream/SliceOps$1$1 done

Classes unloaded (20 events):
Event: 31.195 Thread 0x000001874820f790 Unloading class 0x000001874b246000 'java/lang/invoke/LambdaForm$DMH+0x000001874b246000'
Event: 31.195 Thread 0x000001874820f790 Unloading class 0x000001874b245800 'java/lang/invoke/LambdaForm$DMH+0x000001874b245800'
Event: 31.195 Thread 0x000001874820f790 Unloading class 0x000001874b245c00 'java/lang/invoke/LambdaForm$DMH+0x000001874b245c00'
Event: 31.195 Thread 0x000001874820f790 Unloading class 0x000001874b244400 'java/lang/invoke/LambdaForm$DMH+0x000001874b244400'
Event: 31.195 Thread 0x000001874820f790 Unloading class 0x000001874b245000 'java/lang/invoke/LambdaForm$DMH+0x000001874b245000'
Event: 31.195 Thread 0x000001874820f790 Unloading class 0x000001874b244000 'java/lang/invoke/LambdaForm$DMH+0x000001874b244000'
Event: 31.195 Thread 0x000001874820f790 Unloading class 0x000001874b245400 'java/lang/invoke/LambdaForm$DMH+0x000001874b245400'
Event: 31.195 Thread 0x000001874820f790 Unloading class 0x000001874b244800 'java/lang/invoke/LambdaForm$DMH+0x000001874b244800'
Event: 34.761 Thread 0x000001874820f790 Unloading class 0x000001874b344400 'java/lang/invoke/LambdaForm$DMH+0x000001874b344400'
Event: 34.761 Thread 0x000001874820f790 Unloading class 0x000001874b32ec00 'java/lang/invoke/LambdaForm$DMH+0x000001874b32ec00'
Event: 34.761 Thread 0x000001874820f790 Unloading class 0x000001874b32e800 'java/lang/invoke/LambdaForm$DMH+0x000001874b32e800'
Event: 34.761 Thread 0x000001874820f790 Unloading class 0x000001874b32e000 'java/lang/invoke/LambdaForm$DMH+0x000001874b32e000'
Event: 34.761 Thread 0x000001874820f790 Unloading class 0x000001874b32e400 'java/lang/invoke/LambdaForm$DMH+0x000001874b32e400'
Event: 34.761 Thread 0x000001874820f790 Unloading class 0x000001874b32dc00 'java/lang/invoke/LambdaForm$DMH+0x000001874b32dc00'
Event: 34.761 Thread 0x000001874820f790 Unloading class 0x000001874b32d800 'java/lang/invoke/LambdaForm$DMH+0x000001874b32d800'
Event: 34.761 Thread 0x000001874820f790 Unloading class 0x000001874b32d400 'java/lang/invoke/LambdaForm$DMH+0x000001874b32d400'
Event: 34.761 Thread 0x000001874820f790 Unloading class 0x000001874b32cc00 'java/lang/invoke/LambdaForm$DMH+0x000001874b32cc00'
Event: 34.761 Thread 0x000001874820f790 Unloading class 0x000001874b32d000 'java/lang/invoke/LambdaForm$DMH+0x000001874b32d000'
Event: 34.761 Thread 0x000001874820f790 Unloading class 0x000001874b32c800 'java/lang/invoke/LambdaForm$DMH+0x000001874b32c800'
Event: 34.761 Thread 0x000001874820f790 Unloading class 0x000001874b32c400 'java/lang/invoke/LambdaForm$DMH+0x000001874b32c400'

Classes redefined (0 events):
No events

Internal exceptions (20 events):
Event: 30.068 Thread 0x000001879b228060 Exception <a 'java/lang/IncompatibleClassChangeError'{0x000000077f11f338}: Found class java.lang.Object, but interface was expected> (0x000000077f11f338) 
thrown [s\src\hotspot\share\interpreter\linkResolver.cpp, line 840]
Event: 30.068 Thread 0x000001879b22a7c0 Exception <a 'java/lang/IncompatibleClassChangeError'{0x000000077f15dd08}: Found class java.lang.Object, but interface was expected> (0x000000077f15dd08) 
thrown [s\src\hotspot\share\interpreter\linkResolver.cpp, line 840]
Event: 30.068 Thread 0x000001879b226620 Exception <a 'java/lang/IncompatibleClassChangeError'{0x000000077f0da0f0}: Found class java.lang.Object, but interface was expected> (0x000000077f0da0f0) 
thrown [s\src\hotspot\share\interpreter\linkResolver.cpp, line 840]
Event: 30.070 Thread 0x000001879b2279d0 Exception <a 'java/lang/IncompatibleClassChangeError'{0x000000077ec522c8}: Found class java.lang.Object, but interface was expected> (0x000000077ec522c8) 
thrown [s\src\hotspot\share\interpreter\linkResolver.cpp, line 840]
Event: 30.070 Thread 0x000001879b226620 Exception <a 'java/lang/IncompatibleClassChangeError'{0x000000077f0e3af8}: Found class java.lang.Object, but interface was expected> (0x000000077f0e3af8) 
thrown [s\src\hotspot\share\interpreter\linkResolver.cpp, line 840]
Event: 30.183 Thread 0x000001879b226cb0 Exception <a 'java/lang/NoSuchMethodError'{0x000000077ac6baf0}: 'java.lang.Object java.lang.invoke.DirectMethodHandle$Holder.invokeStatic(java.lang.Object, java.lang.Object, java.lang.Object, long)'> (0x000000077ac6baf0) 
thrown [s\src\hotspot\share\interpreter\linkResolver.cpp, line 773]
Event: 32.506 Thread 0x000001879b227340 Exception <a 'java/lang/NoSuchMethodError'{0x000000076a839500}: 'java.lang.Object java.lang.invoke.DirectMethodHandle$Holder.invokeStatic(java.lang.Object, java.lang.Object, java.lang.Object, java.lang.Object, java.lang.Object, int, java.lang.Object)'> (0x000000076a839500) 
thrown [s\src\hotspot\share\interpreter\linkResolver.cpp, line 773]
Event: 32.506 Thread 0x000001879b225270 Exception <a 'java/lang/NoSuchMethodError'{0x000000076af55d80}: 'java.lang.Object java.lang.invoke.DirectMethodHandle$Holder.invokeStatic(java.lang.Object, java.lang.Object, java.lang.Object, java.lang.Object, java.lang.Object, int, java.lang.Object)'> (0x000000076af55d80) 
thrown [s\src\hotspot\share\interpreter\linkResolver.cpp, line 773]
Event: 32.506 Thread 0x000001879b226cb0 Exception <a 'java/lang/NoSuchMethodError'{0x000000076acc4980}: 'java.lang.Object java.lang.invoke.DirectMethodHandle$Holder.invokeStatic(java.lang.Object, java.lang.Object, java.lang.Object, java.lang.Object, java.lang.Object, int, java.lang.Object)'> (0x000000076acc4980) 
thrown [s\src\hotspot\share\interpreter\linkResolver.cpp, line 773]
Event: 32.506 Thread 0x000001879b2286f0 Exception <a 'java/lang/NoSuchMethodError'{0x000000076a60a4d8}: 'java.lang.Object java.lang.invoke.DirectMethodHandle$Holder.invokeStatic(java.lang.Object, java.lang.Object, java.lang.Object, java.lang.Object, java.lang.Object, int, java.lang.Object)'> (0x000000076a60a4d8) 
thrown [s\src\hotspot\share\interpreter\linkResolver.cpp, line 773]
Event: 32.506 Thread 0x000001879b225f90 Exception <a 'java/lang/NoSuchMethodError'{0x000000076b1b9da8}: 'java.lang.Object java.lang.invoke.DirectMethodHandle$Holder.invokeStatic(java.lang.Object, java.lang.Object, java.lang.Object, java.lang.Object, java.lang.Object, int, java.lang.Object)'> (0x000000076b1b9da8) 
thrown [s\src\hotspot\share\interpreter\linkResolver.cpp, line 773]
Event: 32.506 Thread 0x000001879b226620 Exception <a 'java/lang/NoSuchMethodError'{0x000000076aa64570}: 'java.lang.Object java.lang.invoke.DirectMethodHandle$Holder.invokeStatic(java.lang.Object, java.lang.Object, java.lang.Object, java.lang.Object, java.lang.Object, int, java.lang.Object)'> (0x000000076aa64570) 
thrown [s\src\hotspot\share\interpreter\linkResolver.cpp, line 773]
Event: 33.381 Thread 0x000001879b228060 Exception <a 'java/lang/NoSuchMethodError'{0x000000077468b528}: 'void java.lang.invoke.DirectMethodHandle$Holder.invokeStatic(java.lang.Object, java.lang.Object, java.lang.Object, java.lang.Object, java.lang.Object, java.lang.Object, java.lang.Object, java.lang.Object)'> (0x000000077468b528) 
thrown [s\src\hotspot\share\interpreter\linkResolver.cpp, line 773]
Event: 33.381 Thread 0x000001879b227340 Exception <a 'java/lang/NoSuchMethodError'{0x00000007744d0850}: 'void java.lang.invoke.DirectMethodHandle$Holder.invokeStatic(java.lang.Object, java.lang.Object, java.lang.Object, java.lang.Object, java.lang.Object, java.lang.Object, java.lang.Object, java.lang.Object)'> (0x00000007744d0850) 
thrown [s\src\hotspot\share\interpreter\linkResolver.cpp, line 773]
Event: 33.381 Thread 0x000001879b22a7c0 Exception <a 'java/lang/NoSuchMethodError'{0x000000077221b688}: 'void java.lang.invoke.DirectMethodHandle$Holder.invokeStatic(java.lang.Object, java.lang.Object, java.lang.Object, java.lang.Object, java.lang.Object, java.lang.Object, java.lang.Object, java.lang.Object)'> (0x000000077221b688) 
thrown [s\src\hotspot\share\interpreter\linkResolver.cpp, line 773]
Event: 33.381 Thread 0x000001879b22c890 Exception <a 'java/lang/NoSuchMethodError'{0x0000000775dd5f00}: 'void java.lang.invoke.DirectMethodHandle$Holder.invokeStatic(java.lang.Object, java.lang.Object, java.lang.Object, java.lang.Object, java.lang.Object, java.lang.Object, java.lang.Object, java.lang.Object)'> (0x0000000775dd5f00) 
thrown [s\src\hotspot\share\interpreter\linkResolver.cpp, line 773]
Event: 33.385 Thread 0x000001879b225270 Exception <a 'java/lang/NoSuchMethodError'{0x00000007749659c8}: 'void java.lang.invoke.DirectMethodHandle$Holder.invokeStatic(java.lang.Object, java.lang.Object, java.lang.Object, java.lang.Object, java.lang.Object, java.lang.Object, java.lang.Object, java.lang.Object, java.lang.Object)'> (0x00000007749659c8) 
thrown [s\src\hotspot\share\interpreter\linkResolver.cpp, line 773]
Event: 33.385 Thread 0x000001879b225f90 Exception <a 'java/lang/NoSuchMethodError'{0x00000007747b6f10}: 'void java.lang.invoke.DirectMethodHandle$Holder.invokeStatic(java.lang.Object, java.lang.Object, java.lang.Object, java.lang.Object, java.lang.Object, java.lang.Object, java.lang.Object, java.lang.Object, java.lang.Object)'> (0x00000007747b6f10) 
thrown [s\src\hotspot\share\interpreter\linkResolver.cpp, line 773]
Event: 33.385 Thread 0x000001879b226cb0 Exception <a 'java/lang/NoSuchMethodError'{0x0000000774b6b730}: 'void java.lang.invoke.DirectMethodHandle$Holder.invokeStatic(java.lang.Object, java.lang.Object, java.lang.Object, java.lang.Object, java.lang.Object, java.lang.Object, java.lang.Object, java.lang.Object, java.lang.Object)'> (0x0000000774b6b730) 
thrown [s\src\hotspot\share\interpreter\linkResolver.cpp, line 773]
Event: 36.710 Thread 0x000001879b229aa0 Implicit null exception at 0x000001873b026a1b to 0x000001873b029d61

ZGC Phase Switch (0 events):
No events

VM Operations (20 events):
Event: 39.094 Executing VM operation: HandshakeAllThreads (Deoptimize) done
Event: 39.393 Executing VM operation: G1CollectForAllocation (G1 Evacuation Pause)
Event: 39.429 Executing VM operation: G1CollectForAllocation (G1 Evacuation Pause) done
Event: 40.141 Executing VM operation: HandshakeAllThreads (Deoptimize)
Event: 40.142 Executing VM operation: HandshakeAllThreads (Deoptimize) done
Event: 40.232 Executing VM operation: HandshakeAllThreads (Deoptimize)
Event: 40.232 Executing VM operation: HandshakeAllThreads (Deoptimize) done
Event: 40.509 Executing VM operation: HandshakeAllThreads (Deoptimize)
Event: 40.510 Executing VM operation: HandshakeAllThreads (Deoptimize) done
Event: 40.510 Executing VM operation: Cleanup
Event: 40.510 Executing VM operation: Cleanup done
Event: 40.539 Executing VM operation: HandshakeAllThreads (Deoptimize)
Event: 40.540 Executing VM operation: HandshakeAllThreads (Deoptimize) done
Event: 40.627 Executing VM operation: HandshakeAllThreads (Deoptimize)
Event: 40.628 Executing VM operation: HandshakeAllThreads (Deoptimize) done
Event: 41.045 Executing VM operation: ICBufferFull
Event: 41.046 Executing VM operation: ICBufferFull done
Event: 42.050 Executing VM operation: Cleanup
Event: 42.051 Executing VM operation: Cleanup done
Event: 42.265 Executing VM operation: G1TryInitiateConcMark (G1 Humongous Allocation)

Memory protections (0 events):
No events

Nmethod flushes (20 events):
Event: 37.599 Thread 0x000001874820f790 flushing  nmethod 0x0000018733eb9810
Event: 37.599 Thread 0x000001874820f790 flushing  nmethod 0x0000018733efd090
Event: 37.599 Thread 0x000001874820f790 flushing  nmethod 0x00000187341b2690
Event: 37.599 Thread 0x000001874820f790 flushing  nmethod 0x000001873438bf90
Event: 37.599 Thread 0x000001874820f790 flushing  nmethod 0x00000187343f1d10
Event: 37.599 Thread 0x000001874820f790 flushing  nmethod 0x000001873485dc10
Event: 37.599 Thread 0x000001874820f790 flushing  nmethod 0x0000018734884610
Event: 37.599 Thread 0x000001874820f790 flushing  nmethod 0x00000187348fb990
Event: 37.599 Thread 0x000001874820f790 flushing  nmethod 0x0000018734b88f90
Event: 37.599 Thread 0x000001874820f790 flushing  nmethod 0x0000018734b89410
Event: 37.599 Thread 0x000001874820f790 flushing  nmethod 0x0000018734baf710
Event: 37.599 Thread 0x000001874820f790 flushing  nmethod 0x0000018734d3b310
Event: 37.599 Thread 0x000001874820f790 flushing  nmethod 0x0000018734d73090
Event: 37.599 Thread 0x000001874820f790 flushing  nmethod 0x0000018734d82e90
Event: 37.599 Thread 0x000001874820f790 flushing  nmethod 0x0000018734d8ac90
Event: 37.599 Thread 0x000001874820f790 flushing  nmethod 0x0000018734dbad90
Event: 37.599 Thread 0x000001874820f790 flushing  nmethod 0x0000018734dcb110
Event: 37.599 Thread 0x000001874820f790 flushing  nmethod 0x0000018734dd3c10
Event: 37.599 Thread 0x000001874820f790 flushing  nmethod 0x0000018734dd4510
Event: 37.599 Thread 0x000001874820f790 flushing  nmethod 0x0000018734dd6910

Events (20 events):
Event: 19.557 Thread 0x00000187955a4800 Thread exited: 0x00000187955a4800
Event: 19.576 Thread 0x00000187482493b0 Thread added: 0x00000187955a5c70
Event: 19.650 Thread 0x0000018794908620 Thread added: 0x000001879a893c30
Event: 19.677 Thread 0x00000187482493b0 Thread added: 0x00000187955a6340
Event: 20.122 Thread 0x00000187955a6340 Thread exited: 0x00000187955a6340
Event: 20.385 Thread 0x0000018748248d10 Thread added: 0x00000187955a4800
Event: 20.510 Thread 0x000001879a893c30 Thread added: 0x000001879b2279d0
Event: 20.510 Thread 0x000001879a893c30 Thread added: 0x000001879b226620
Event: 20.510 Thread 0x000001879b2279d0 Thread added: 0x000001879b225f90
Event: 20.510 Thread 0x000001879b226620 Thread added: 0x000001879b226cb0
Event: 20.510 Thread 0x000001879b225f90 Thread added: 0x000001879b228060
Event: 20.510 Thread 0x000001879b226cb0 Thread added: 0x000001879b2286f0
Event: 20.511 Thread 0x000001879a893c30 Thread added: 0x000001879b225270
Event: 20.511 Thread 0x000001879b228060 Thread added: 0x000001879b229aa0
Event: 20.511 Thread 0x000001879b2286f0 Thread added: 0x000001879b227340
Event: 20.511 Thread 0x000001879b225270 Thread added: 0x000001879b22a7c0
Event: 20.511 Thread 0x000001879b229aa0 Thread added: 0x000001879b22c890
Event: 20.512 Thread 0x000001879b227340 Thread added: 0x000001879b22ae50
Event: 21.467 Thread 0x0000018794567b20 Thread added: 0x00000187948b2760
Event: 39.018 Thread 0x000001878f1b9a40 Thread added: 0x000001879bb5c1b0


Dynamic libraries:
0x00007ff7ae300000 - 0x00007ff7ae30e000 	C:\Users\vfxno\AppData\Local\Programs\Eclipse Adoptium\jdk-21.0.6.7-hotspot\bin\java.exe
0x00007ffc01ce0000 - 0x00007ffc01f43000 	C:\WINDOWS\SYSTEM32\ntdll.dll
0x00007ffc00850000 - 0x00007ffc00917000 	C:\WINDOWS\System32\KERNEL32.DLL
0x00007ffbff310000 - 0x00007ffbff6d7000 	C:\WINDOWS\System32\KERNELBASE.dll
0x00007ffbff850000 - 0x00007ffbff99c000 	C:\WINDOWS\System32\ucrtbase.dll
0x00007ffbe3d80000 - 0x00007ffbe3d9e000 	C:\Users\vfxno\AppData\Local\Programs\Eclipse Adoptium\jdk-21.0.6.7-hotspot\bin\VCRUNTIME140.dll
0x00007ffbe4b50000 - 0x00007ffbe4b68000 	C:\Users\vfxno\AppData\Local\Programs\Eclipse Adoptium\jdk-21.0.6.7-hotspot\bin\jli.dll
0x00007ffc00920000 - 0x00007ffc00ae9000 	C:\WINDOWS\System32\USER32.dll
0x00007ffbff790000 - 0x00007ffbff7b7000 	C:\WINDOWS\System32\win32u.dll
0x00007ffc01bb0000 - 0x00007ffc01bda000 	C:\WINDOWS\System32\GDI32.dll
0x00007ffbe97b0000 - 0x00007ffbe9a40000 	C:\WINDOWS\WinSxS\amd64_microsoft.windows.common-controls_6595b64144ccf1df_6.0.26100.3037_none_3e09262ce333c378\COMCTL32.dll
0x00007ffbff1e0000 - 0x00007ffbff30b000 	C:\WINDOWS\System32\gdi32full.dll
0x00007ffc011d0000 - 0x00007ffc01279000 	C:\WINDOWS\System32\msvcrt.dll
0x00007ffbff6e0000 - 0x00007ffbff783000 	C:\WINDOWS\System32\msvcp_win.dll
0x00007ffbffc40000 - 0x00007ffbffc6f000 	C:\WINDOWS\System32\IMM32.DLL
0x00007ffbfc690000 - 0x00007ffbfc69c000 	C:\Users\vfxno\AppData\Local\Programs\Eclipse Adoptium\jdk-21.0.6.7-hotspot\bin\vcruntime140_1.dll
0x00007ffbd9320000 - 0x00007ffbd93ad000 	C:\Users\vfxno\AppData\Local\Programs\Eclipse Adoptium\jdk-21.0.6.7-hotspot\bin\msvcp140.dll
0x00007ffb51fd0000 - 0x00007ffb52d60000 	C:\Users\vfxno\AppData\Local\Programs\Eclipse Adoptium\jdk-21.0.6.7-hotspot\bin\server\jvm.dll
0x00007ffc01be0000 - 0x00007ffc01c94000 	C:\WINDOWS\System32\ADVAPI32.dll
0x00007ffc007a0000 - 0x00007ffc00846000 	C:\WINDOWS\System32\sechost.dll
0x00007ffc00e10000 - 0x00007ffc00f26000 	C:\WINDOWS\System32\RPCRT4.dll
0x00007ffbffbb0000 - 0x00007ffbffc24000 	C:\WINDOWS\System32\WS2_32.dll
0x00007ffbfd780000 - 0x00007ffbfd7ce000 	C:\WINDOWS\SYSTEM32\POWRPROF.dll
0x00007ffbf7240000 - 0x00007ffbf7276000 	C:\WINDOWS\SYSTEM32\WINMM.dll
0x00007ffbfcbf0000 - 0x00007ffbfcbfb000 	C:\WINDOWS\SYSTEM32\VERSION.dll
0x00007ffbfd7e0000 - 0x00007ffbfd7f4000 	C:\WINDOWS\SYSTEM32\UMPDC.dll
0x00007ffbfdfc0000 - 0x00007ffbfdfda000 	C:\WINDOWS\SYSTEM32\kernel.appcore.dll
0x00007ffbfbe00000 - 0x00007ffbfbe0a000 	C:\Users\vfxno\AppData\Local\Programs\Eclipse Adoptium\jdk-21.0.6.7-hotspot\bin\jimage.dll
0x00007ffbf4260000 - 0x00007ffbf44a1000 	C:\WINDOWS\SYSTEM32\DBGHELP.DLL
0x00007ffc017c0000 - 0x00007ffc01b3e000 	C:\WINDOWS\System32\combase.dll
0x00007ffc00d30000 - 0x00007ffc00e06000 	C:\WINDOWS\System32\OLEAUT32.dll
0x00007ffbe7060000 - 0x00007ffbe7099000 	C:\WINDOWS\SYSTEM32\dbgcore.DLL
0x00007ffbff080000 - 0x00007ffbff119000 	C:\WINDOWS\System32\bcryptPrimitives.dll
0x00007ffbde2b0000 - 0x00007ffbde2bf000 	C:\Users\vfxno\AppData\Local\Programs\Eclipse Adoptium\jdk-21.0.6.7-hotspot\bin\instrument.dll
0x00007ffbe08a0000 - 0x00007ffbe08bf000 	C:\Users\vfxno\AppData\Local\Programs\Eclipse Adoptium\jdk-21.0.6.7-hotspot\bin\java.dll
0x00007ffc00090000 - 0x00007ffc00794000 	C:\WINDOWS\System32\SHELL32.dll
0x00007ffbfce70000 - 0x00007ffbfd6a7000 	C:\WINDOWS\SYSTEM32\windows.storage.dll
0x00007ffc010d0000 - 0x00007ffc011b9000 	C:\WINDOWS\System32\SHCORE.dll
0x00007ffc00cd0000 - 0x00007ffc00d2d000 	C:\WINDOWS\System32\shlwapi.dll
0x00007ffbfef90000 - 0x00007ffbfefbe000 	C:\WINDOWS\SYSTEM32\profapi.dll
0x00007ffbd8fe0000 - 0x00007ffbd90b7000 	C:\Users\vfxno\AppData\Local\Programs\Eclipse Adoptium\jdk-21.0.6.7-hotspot\bin\jsvml.dll
0x00007ffbe0190000 - 0x00007ffbe01a8000 	C:\Users\vfxno\AppData\Local\Programs\Eclipse Adoptium\jdk-21.0.6.7-hotspot\bin\zip.dll
0x00007ffbe4950000 - 0x00007ffbe4960000 	C:\Users\vfxno\AppData\Local\Programs\Eclipse Adoptium\jdk-21.0.6.7-hotspot\bin\net.dll
0x00007ffbf8370000 - 0x00007ffbf848e000 	C:\WINDOWS\SYSTEM32\WINHTTP.dll
0x00007ffbfe4d0000 - 0x00007ffbfe53a000 	C:\WINDOWS\system32\mswsock.dll
0x00007ffbe0880000 - 0x00007ffbe0896000 	C:\Users\vfxno\AppData\Local\Programs\Eclipse Adoptium\jdk-21.0.6.7-hotspot\bin\nio.dll
0x00007ffbe0a60000 - 0x00007ffbe0a70000 	C:\Users\vfxno\AppData\Local\Programs\Eclipse Adoptium\jdk-21.0.6.7-hotspot\bin\verify.dll
0x00007ffbe83b0000 - 0x00007ffbe83d7000 	C:\Users\vfxno\.gradle\native\1def1411415f61bf3af743bc5b6707747c0891f09f0c88961ee8f79bc544acac\windows-amd64\native-platform.dll
0x00007ffb991d0000 - 0x00007ffb99248000 	C:\Users\vfxno\.gradle\native\0.2.7\x86_64-windows-gnu\gradle-fileevents.dll
0x00007ffbe0700000 - 0x00007ffbe070a000 	C:\Users\vfxno\AppData\Local\Programs\Eclipse Adoptium\jdk-21.0.6.7-hotspot\bin\management.dll
0x00007ffbe0180000 - 0x00007ffbe018b000 	C:\Users\vfxno\AppData\Local\Programs\Eclipse Adoptium\jdk-21.0.6.7-hotspot\bin\management_ext.dll
0x00007ffbffc30000 - 0x00007ffbffc38000 	C:\WINDOWS\System32\PSAPI.DLL
0x00007ffbfdaa0000 - 0x00007ffbfdad2000 	C:\WINDOWS\SYSTEM32\IPHLPAPI.DLL
0x00007ffc00080000 - 0x00007ffc0008a000 	C:\WINDOWS\System32\NSI.dll
0x00007ffbde2c0000 - 0x00007ffbde2c9000 	C:\Users\vfxno\AppData\Local\Programs\Eclipse Adoptium\jdk-21.0.6.7-hotspot\bin\extnet.dll
0x00007ffbfe770000 - 0x00007ffbfe78c000 	C:\WINDOWS\SYSTEM32\CRYPTSP.dll
0x00007ffbfdf30000 - 0x00007ffbfdf68000 	C:\WINDOWS\system32\rsaenh.dll
0x00007ffbfe570000 - 0x00007ffbfe59b000 	C:\WINDOWS\SYSTEM32\USERENV.dll
0x00007ffbfe9b0000 - 0x00007ffbfe9d6000 	C:\WINDOWS\SYSTEM32\bcrypt.dll
0x00007ffbfe790000 - 0x00007ffbfe79c000 	C:\WINDOWS\SYSTEM32\CRYPTBASE.dll
0x00007ffbde2a0000 - 0x00007ffbde2ae000 	C:\Users\vfxno\AppData\Local\Programs\Eclipse Adoptium\jdk-21.0.6.7-hotspot\bin\sunmscapi.dll
0x00007ffbff9a0000 - 0x00007ffbffb16000 	C:\WINDOWS\System32\CRYPT32.dll
0x00007ffbfe970000 - 0x00007ffbfe9a0000 	C:\WINDOWS\SYSTEM32\ncrypt.dll
0x00007ffbfe920000 - 0x00007ffbfe95f000 	C:\WINDOWS\SYSTEM32\NTASN1.dll
0x00007ffbfbb60000 - 0x00007ffbfbb68000 	C:\WINDOWS\system32\wshunix.dll

dbghelp: loaded successfully - version: 4.0.5 - missing functions: none
symbol engine: initialized successfully - sym options: 0x614 - pdb path: .;C:\Users\vfxno\AppData\Local\Programs\Eclipse Adoptium\jdk-21.0.6.7-hotspot\bin;C:\WINDOWS\SYSTEM32;C:\WINDOWS\WinSxS\amd64_microsoft.windows.common-controls_6595b64144ccf1df_6.0.26100.3037_none_3e09262ce333c378;C:\Users\vfxno\AppData\Local\Programs\Eclipse Adoptium\jdk-21.0.6.7-hotspot\bin\server;C:\Users\vfxno\.gradle\native\1def1411415f61bf3af743bc5b6707747c0891f09f0c88961ee8f79bc544acac\windows-amd64;C:\Users\vfxno\.gradle\native\0.2.7\x86_64-windows-gnu

VM Arguments:
jvm_args: --add-opens=java.base/java.lang=ALL-UNNAMED --add-opens=java.base/java.lang.invoke=ALL-UNNAMED --add-opens=java.base/java.util=ALL-UNNAMED --add-opens=java.prefs/java.util.prefs=ALL-UNNAMED --add-exports=jdk.compiler/com.sun.tools.javac.api=ALL-UNNAMED --add-exports=jdk.compiler/com.sun.tools.javac.util=ALL-UNNAMED --add-opens=java.base/java.util=ALL-UNNAMED --add-opens=java.prefs/java.util.prefs=ALL-UNNAMED --add-opens=java.base/java.nio.charset=ALL-UNNAMED --add-opens=java.base/java.net=ALL-UNNAMED --add-opens=java.base/java.util.concurrent.atomic=ALL-UNNAMED --add-opens=java.xml/javax.xml.namespace=ALL-UNNAMED -Xmx3072m -Dfile.encoding=UTF-8 -Duser.country=GB -Duser.language=en -Duser.variant -javaagent:C:\Users\vfxno\.gradle\wrapper\dists\gradle-8.13-bin\5xuhj0ry160q40clulazy9h7d\gradle-8.13\lib\agents\gradle-instrumentation-agent-8.13.jar 
java_command: org.gradle.launcher.daemon.bootstrap.GradleDaemon 8.13
java_class_path (initial): C:\Users\vfxno\.gradle\wrapper\dists\gradle-8.13-bin\5xuhj0ry160q40clulazy9h7d\gradle-8.13\lib\gradle-daemon-main-8.13.jar
Launcher Type: SUN_STANDARD

[Global flags]
     intx CICompilerCount                          = 4                                         {product} {ergonomic}
     uint ConcGCThreads                            = 3                                         {product} {ergonomic}
     uint G1ConcRefinementThreads                  = 10                                        {product} {ergonomic}
   size_t G1HeapRegionSize                         = 2097152                                   {product} {ergonomic}
    uintx GCDrainStackTargetSize                   = 64                                        {product} {ergonomic}
   size_t InitialHeapSize                          = 264241152                                 {product} {ergonomic}
   size_t MarkStackSize                            = 4194304                                   {product} {ergonomic}
   size_t MaxHeapSize                              = 3221225472                                {product} {command line}
   size_t MaxNewSize                               = 1931476992                                {product} {ergonomic}
   size_t MinHeapDeltaBytes                        = 2097152                                   {product} {ergonomic}
   size_t MinHeapSize                              = 8388608                                   {product} {ergonomic}
    uintx NonNMethodCodeHeapSize                   = 5839372                                {pd product} {ergonomic}
    uintx NonProfiledCodeHeapSize                  = 122909434                              {pd product} {ergonomic}
    uintx ProfiledCodeHeapSize                     = 122909434                              {pd product} {ergonomic}
    uintx ReservedCodeCacheSize                    = 251658240                              {pd product} {ergonomic}
     bool SegmentedCodeCache                       = true                                      {product} {ergonomic}
   size_t SoftMaxHeapSize                          = 3221225472                             {manageable} {ergonomic}
     bool UseCompressedOops                        = true                           {product lp64_product} {ergonomic}
     bool UseG1GC                                  = true                                      {product} {ergonomic}
     bool UseLargePagesIndividualAllocation        = false                                  {pd product} {ergonomic}

Logging:
Log output configuration:
 #0: stdout all=warning uptime,level,tags foldmultilines=false
 #1: stderr all=off uptime,level,tags foldmultilines=false

Environment Variables:
CLASSPATH=C:\Users\vfxno\Downloads\moonlight-android\\gradle\wrapper\gradle-wrapper.jar
PATH=C:\VulkanSDK\1.4.309.0\Bin;C:\ProgramData\Scoop\GlobalScoopApps\shims;C:\WINDOWS\system32;C:\WINDOWS;C:\WINDOWS\System32\Wbem;C:\WINDOWS\System32\WindowsPowerShell\v1.0\;C:\WINDOWS\System32\OpenSSH\;C:\Program Files\NVIDIA Corporation\NVIDIA app\NvDLISR;C:\Program Files (x86)\NVIDIA Corporation\PhysX\Common;C:\Program Files\dotnet\;C:\ProgramData\Scoop\shims;C:\ProgramData\chocolatey\bin;C:\Program Files\Sunshine;C:\Program Files\Sunshine\tools;C:\Users\vfxno\AppData\Local\Programs\Python\Python313\Scripts\;C:\Users\vfxno\AppData\Local\Programs\Python\Python313\;C:\VulkanSDK\1.4.309.0\Bin;C:\Users\vfxno\AppData\Local\Programs\Eclipse Adoptium\jdk-21.0.6.7-hotspot\bin;C:\Users\vfxno\AppData\Local\Microsoft\WindowsApps;C:\Users\vfxno\AppData\Local\Programs\Microsoft VS Code\bin;C:\VulkanSDK;C:\VulkanSDK\1.4.309.0\Bin;C:\Users\vfxno\Documents\New folder;c:\Users\vfxno\AppData\Roaming\Code\User\globalStorage\github.copilot-chat\debugCommand
USERNAME=vfxno
LANG=en_US.UTF-8
OS=Windows_NT
PROCESSOR_IDENTIFIER=AMD64 Family 25 Model 80 Stepping 0, AuthenticAMD
TMP=C:\Users\vfxno\AppData\Local\Temp
TEMP=C:\Users\vfxno\AppData\Local\Temp




Periodic native trim disabled

---------------  S Y S T E M  ---------------

OS:
 Windows 11 , 64 bit Build 26100 (10.0.26100.3037)
OS uptime: 7 days 2:40 hours
Hyper-V role detected

CPU: total 12 (initial active 12) (12 cores per cpu, 2 threads per core) family 25 model 80 stepping 0 microcode 0xa500011, cx8, cmov, fxsr, ht, mmx, 3dnowpref, sse, sse2, sse3, ssse3, sse4a, sse4.1, sse4.2, popcnt, lzcnt, tsc, tscinvbit, avx, avx2, aes, erms, clmul, bmi1, bmi2, adx, sha, fma, vzeroupper, clflush, clflushopt, hv, rdtscp, rdpid, fsrm, f16c, cet_ss
Processor Information for the first 12 processors :
  Max Mhz: 3300, Current Mhz: 3300, Mhz Limit: 3300

Memory: 4k page, system-wide physical 16096M (1225M free)
TotalPageFile size 24096M (AvailPageFile size 43M)
current process WorkingSet (physical memory assigned to process): 1894M, peak: 1933M
current process commit charge ("private bytes"): 1944M, peak: 1983M

vm_info: OpenJDK 64-Bit Server VM (21.0.6+7-LTS) for windows-amd64 JRE (21.0.6+7-LTS), built on 2025-01-21T00:00:00Z by "admin" with MS VC++ 17.7 (VS2022)

END.
