#
# There is insufficient memory for the Java Runtime Environment to continue.
# Native memory allocation (malloc) failed to allocate 1067536 bytes. Error detail: Chunk::new
# Possible reasons:
#   The system is out of physical RAM or swap space
#   This process is running with CompressedOops enabled, and the Java Heap may be blocking the growth of the native heap
# Possible solutions:
#   Reduce memory load on the system
#   Increase physical memory or swap space
#   Check if swap backing store is full
#   Decrease Java heap size (-Xmx/-Xms)
#   Decrease number of Java threads
#   Decrease Java thread stack sizes (-Xss)
#   Set larger code cache with -XX:ReservedCodeCacheSize=
#   JVM is running with Zero Based Compressed Oops mode in which the Java heap is
#     placed in the first 32GB address space. The Java Heap base address is the
#     maximum limit for the native heap growth. Please use -XX:HeapBaseMinAddress
#     to set the Java Heap base and to place the Java Heap above 32GB virtual address.
# This output file may be truncated or incomplete.
#
#  Out of Memory Error (arena.cpp:168), pid=2704, tid=4104
#
# JRE version: OpenJDK Runtime Environment Temurin-21.0.6+7 (21.0.6+7) (build 21.0.6+7-LTS)
# Java VM: OpenJDK 64-Bit Server VM Temurin-21.0.6+7 (21.0.6+7-LTS, mixed mode, sharing, tiered, compressed oops, compressed class ptrs, g1 gc, windows-amd64)
# No core dump will be written. Minidumps are not enabled by default on client versions of Windows
#

---------------  S U M M A R Y ------------

Command Line: --add-opens=java.base/java.lang=ALL-UNNAMED --add-opens=java.base/java.lang.invoke=ALL-UNNAMED --add-opens=java.base/java.util=ALL-UNNAMED --add-opens=java.prefs/java.util.prefs=ALL-UNNAMED --add-exports=jdk.compiler/com.sun.tools.javac.api=ALL-UNNAMED --add-exports=jdk.compiler/com.sun.tools.javac.util=ALL-UNNAMED --add-opens=java.base/java.util=ALL-UNNAMED --add-opens=java.prefs/java.util.prefs=ALL-UNNAMED --add-opens=java.base/java.nio.charset=ALL-UNNAMED --add-opens=java.base/java.net=ALL-UNNAMED --add-opens=java.base/java.util.concurrent.atomic=ALL-UNNAMED --add-opens=java.xml/javax.xml.namespace=ALL-UNNAMED -Xmx3072m -Dfile.encoding=UTF-8 -Duser.country=GB -Duser.language=en -Duser.variant -javaagent:C:\Users\vfxno\.gradle\wrapper\dists\gradle-8.13-bin\5xuhj0ry160q40clulazy9h7d\gradle-8.13\lib\agents\gradle-instrumentation-agent-8.13.jar org.gradle.launcher.daemon.bootstrap.GradleDaemon 8.13

Host: AMD Ryzen 5 5600H with Radeon Graphics         , 12 cores, 15G,  Windows 11 , 64 bit Build 26100 (10.0.26100.3037)
Time: Mon Jul 28 13:48:37 2025 W. Europe Summer Time elapsed time: 64.385719 seconds (0d 0h 1m 4s)

---------------  T H R E A D  ---------------

Current thread (0x00000201eb6eb3b0):  JavaThread "C2 CompilerThread1" daemon [_thread_in_native, id=4104, stack(0x000000092db00000,0x000000092dc00000) (1024K)]


Current CompileTask:
C2:64385 41752       4       com.android.tools.r8.ir.optimize.f0::a (510 bytes)

Stack: [0x000000092db00000,0x000000092dc00000]
Native frames: (J=compiled Java code, j=interpreted, Vv=VM code, C=native code)
V  [jvm.dll+0x6cdee9]
V  [jvm.dll+0x8a83d1]
V  [jvm.dll+0x8aa8fe]
V  [jvm.dll+0x8aafe3]
V  [jvm.dll+0x27f706]
V  [jvm.dll+0xc500d]
V  [jvm.dll+0xc5543]
V  [jvm.dll+0x2f2acd]
V  [jvm.dll+0x5f6a2a]
V  [jvm.dll+0x250bb2]
V  [jvm.dll+0x249526]
V  [jvm.dll+0x246ec4]
V  [jvm.dll+0x1c75ee]
V  [jvm.dll+0x25685a]
V  [jvm.dll+0x254dfa]
V  [jvm.dll+0x3f0256]
V  [jvm.dll+0x851f8b]
V  [jvm.dll+0x6cc5ed]
C  [ucrtbase.dll+0x37b0]
C  [KERNEL32.DLL+0x2e8d7]
C  [ntdll.dll+0xbbf2c]


---------------  P R O C E S S  ---------------

Threads class SMR info:
_java_thread_list=0x00000201eb0e4db0, length=239, elements={
0x00000201fa5c0f90, 0x00000201ff439cf0, 0x00000201ff43a840, 0x00000201ff441dd0,
0x00000201ff442fe0, 0x00000201ff443a30, 0x00000201ff445490, 0x00000201ff4519c0,
0x00000201ff472c80, 0x0000020199730030, 0x00000201999944c0, 0x00000201e0d3bdf0,
0x00000201e0cc1c40, 0x00000201e0c76be0, 0x00000201e0d68ca0, 0x00000201e0d6a490,
0x00000201e0d8f500, 0x00000201e0e33f30, 0x00000201e0c6ad50, 0x00000201e0c6e0b0,
0x00000201e0c70810, 0x00000201e0c71530, 0x00000201e0c6f460, 0x00000201e0c6e740,
0x00000201e0c70ea0, 0x00000201e0c6faf0, 0x00000201e0c70180, 0x00000201e0c6edd0,
0x00000201e4cd7de0, 0x00000201e4cd9820, 0x00000201e4cd8470, 0x00000201e4cd7750,
0x00000201e4cd9190, 0x00000201e4cd9eb0, 0x00000201e4cdabd0, 0x00000201e4cdb8f0,
0x00000201e4cdbf80, 0x00000201e4cd8b00, 0x00000201e4cde6e0, 0x00000201e4cdc610,
0x00000201e4cdd330, 0x00000201e4cdcca0, 0x00000201e4cde050, 0x00000201e4cdb260,
0x00000201e4cded70, 0x00000201e4cdd9c0, 0x00000201e51cce30, 0x00000201e51cb3f0,
0x00000201e51cd4c0, 0x00000201e51cdb50, 0x00000201e51cba80, 0x00000201e51ce1e0,
0x00000201e51cc110, 0x00000201e51ce870, 0x00000201e51cef00, 0x00000201e51cfc20,
0x00000201e51cc7a0, 0x00000201e51d2a10, 0x00000201e51d02b0, 0x00000201e51d2380,
0x00000201e51cf590, 0x00000201e51d0940, 0x00000201e51d1cf0, 0x00000201e51d0fd0,
0x00000201e51d1660, 0x00000201e55df900, 0x00000201e55dcb10, 0x00000201e55dc480,
0x00000201e55dff90, 0x00000201e55e0620, 0x00000201e55dd830, 0x00000201e55dd1a0,
0x00000201e55e1340, 0x00000201e24f5110, 0x00000201e24f57a0, 0x00000201e24f5e30,
0x00000201e24f64c0, 0x00000201e24f6b50, 0x00000201e24f7f00, 0x00000201e55e3aa0,
0x00000201e679a350, 0x00000201e679b700, 0x00000201e6799cc0, 0x00000201e679a9e0,
0x00000201e679c420, 0x00000201e679bd90, 0x00000201e679cab0, 0x00000201e679d7d0,
0x00000201e679d140, 0x00000201e679e4f0, 0x00000201e679b070, 0x00000201e679eb80,
0x00000201e679ff30, 0x00000201e67a0c50, 0x00000201e679f210, 0x00000201e67a12e0,
0x00000201e679f8a0, 0x00000201e67a05c0, 0x00000201e55de550, 0x00000201e5c32ff0,
0x00000201e5c33680, 0x00000201e5c33d10, 0x00000201e5c30890, 0x00000201e5c343a0,
0x00000201e5c30f20, 0x00000201e5c322d0, 0x00000201e5c35750, 0x00000201e5c37190,
0x00000201e5c350c0, 0x00000201e5c36470, 0x00000201e5c36b00, 0x00000201e5c34a30,
0x00000201e5c37820, 0x00000201e5c35de0, 0x00000201e24f0f70, 0x00000201e24f71e0,
0x00000201e6a923c0, 0x00000201e6a94490, 0x00000201e6a916a0, 0x00000201e6a93770,
0x00000201e6a91010, 0x00000201e6a930e0, 0x00000201e6a94b20, 0x00000201e6a951b0,
0x00000201e6a91d30, 0x00000201e6a92a50, 0x00000201e6a96560, 0x00000201e6a95840,
0x00000201e6a96bf0, 0x00000201e6a95ed0, 0x00000201e6a97280, 0x00000201e6a93e00,
0x00000201e6a97910, 0x00000201e6a97fa0, 0x00000201e6a98630, 0x00000201e5c30200,
0x00000201e6189590, 0x00000201e6186110, 0x00000201e6187b50, 0x00000201e61881e0,
0x00000201e6188870, 0x00000201e6188f00, 0x00000201e61867a0, 0x00000201e6189c20,
0x00000201e618a2b0, 0x00000201e6186e30, 0x00000201e618afd0, 0x00000201e618d730,
0x00000201e618a940, 0x00000201e618bcf0, 0x00000201e618b660, 0x00000201e618c380,
0x00000201e618d0a0, 0x00000201e618ca10, 0x00000201e6235fa0, 0x00000201e6234bf0,
0x00000201e6236630, 0x00000201e6235280, 0x00000201e62379e0, 0x00000201e6235910,
0x00000201e6234560, 0x00000201e6239420, 0x00000201e6239ab0, 0x00000201e623a140,
0x00000201e623a7d0, 0x00000201e6238070, 0x00000201e623bb80, 0x00000201e6240a40,
0x00000201e62431a0, 0x00000201e6241df0, 0x00000201eb705ad0, 0x00000201eb703a00,
0x00000201eb704720, 0x00000201eb702ce0, 0x00000201eb703370, 0x00000201eb704db0,
0x00000201eb704090, 0x00000201eb702650, 0x00000201eb7067f0, 0x00000201eb707510,
0x00000201eb707ba0, 0x00000201eb708230, 0x00000201eb706160, 0x00000201eb7088c0,
0x00000201eb705440, 0x00000201eb708f50, 0x00000201eb706e80, 0x00000201eb7095e0,
0x00000201eb70a300, 0x00000201eb70d0f0, 0x00000201eb70c3d0, 0x00000201eb70b020,
0x00000201eb70b6b0, 0x00000201eb70ca60, 0x00000201eb70a990, 0x00000201eb70bd40,
0x00000201eb70fee0, 0x00000201eb70f1c0, 0x00000201eb70e4a0, 0x00000201eb710c00,
0x00000201eb710570, 0x00000201eb70de10, 0x00000201eb70eb30, 0x00000201e670d2b0,
0x00000201e670ab50, 0x00000201e670b870, 0x00000201e670bf00, 0x00000201e670c590,
0x00000201e670b1e0, 0x00000201e670cc20, 0x00000201e670d940, 0x00000201e670a4c0,
0x00000201e670fa10, 0x00000201eb6eb3b0, 0x00000201eb6ec820, 0x00000201e623ae60,
0x00000201e623e2e0, 0x00000201e623dc50, 0x00000201e623e970, 0x00000201e623f000,
0x00000201e623f690, 0x00000201e623c210, 0x00000201e623c8a0, 0x00000201e623cf30,
0x00000201e623fd20, 0x00000201e623d5c0, 0x00000201e6242b10, 0x00000201e54b3f00,
0x00000201e3a0d680, 0x00000201e3a0dd10, 0x00000201e3a0cff0, 0x00000201e3a0e3a0,
0x00000201ec93f140, 0x00000201ec93f7d0, 0x00000201ec93fe60, 0x00000201ec9404f0,
0x00000201efcb3780, 0x00000201efcb16b0, 0x00000201efcb0990
}

Java Threads: ( => current thread )
  0x00000201fa5c0f90 JavaThread "main"                              [_thread_blocked, id=14752, stack(0x000000092c900000,0x000000092ca00000) (1024K)]
  0x00000201ff439cf0 JavaThread "Reference Handler"          daemon [_thread_blocked, id=6068, stack(0x000000092d100000,0x000000092d200000) (1024K)]
  0x00000201ff43a840 JavaThread "Finalizer"                  daemon [_thread_blocked, id=9676, stack(0x000000092d200000,0x000000092d300000) (1024K)]
  0x00000201ff441dd0 JavaThread "Signal Dispatcher"          daemon [_thread_blocked, id=16816, stack(0x000000092d300000,0x000000092d400000) (1024K)]
  0x00000201ff442fe0 JavaThread "Attach Listener"            daemon [_thread_blocked, id=7348, stack(0x000000092d400000,0x000000092d500000) (1024K)]
  0x00000201ff443a30 JavaThread "Service Thread"             daemon [_thread_blocked, id=16720, stack(0x000000092d500000,0x000000092d600000) (1024K)]
  0x00000201ff445490 JavaThread "Monitor Deflation Thread"   daemon [_thread_blocked, id=8136, stack(0x000000092d600000,0x000000092d700000) (1024K)]
  0x00000201ff4519c0 JavaThread "C2 CompilerThread0"         daemon [_thread_in_native, id=17636, stack(0x000000092d700000,0x000000092d800000) (1024K)]
  0x00000201ff472c80 JavaThread "C1 CompilerThread0"         daemon [_thread_in_native, id=8284, stack(0x000000092d800000,0x000000092d900000) (1024K)]
  0x0000020199730030 JavaThread "Common-Cleaner"             daemon [_thread_blocked, id=2720, stack(0x000000092d900000,0x000000092da00000) (1024K)]
  0x00000201999944c0 JavaThread "Notification Thread"        daemon [_thread_blocked, id=17092, stack(0x000000092da00000,0x000000092db00000) (1024K)]
  0x00000201e0d3bdf0 JavaThread "Daemon health stats"               [_thread_blocked, id=17836, stack(0x000000092e200000,0x000000092e300000) (1024K)]
  0x00000201e0cc1c40 JavaThread "Incoming local TCP Connector on port 63692"        [_thread_in_native, id=14244, stack(0x000000092e300000,0x000000092e400000) (1024K)]
  0x00000201e0c76be0 JavaThread "Daemon periodic checks"            [_thread_blocked, id=17264, stack(0x000000092e800000,0x000000092e900000) (1024K)]
  0x00000201e0d68ca0 JavaThread "Daemon"                            [_thread_blocked, id=17932, stack(0x000000092e900000,0x000000092ea00000) (1024K)]
  0x00000201e0d6a490 JavaThread "Handler for socket connection from /127.0.0.1:63692 to /127.0.0.1:63693"        [_thread_in_native, id=5124, stack(0x000000092ea00000,0x000000092eb00000) (1024K)]
  0x00000201e0d8f500 JavaThread "Cancel handler"                    [_thread_blocked, id=7952, stack(0x000000092eb00000,0x000000092ec00000) (1024K)]
  0x00000201e0e33f30 JavaThread "Daemon worker"                     [_thread_blocked, id=260, stack(0x000000092ec00000,0x000000092ed00000) (1024K)]
  0x00000201e0c6ad50 JavaThread "Asynchronous log dispatcher for DefaultDaemonConnection: socket connection from /127.0.0.1:63692 to /127.0.0.1:63693"        [_thread_blocked, id=17752, stack(0x000000092ed00000,0x000000092ee00000) (1024K)]
  0x00000201e0c6e0b0 JavaThread "Stdin handler"                     [_thread_blocked, id=3604, stack(0x000000092ee00000,0x000000092ef00000) (1024K)]
  0x00000201e0c70810 JavaThread "Daemon client event forwarder"        [_thread_blocked, id=13328, stack(0x000000092ef00000,0x000000092f000000) (1024K)]
  0x00000201e0c71530 JavaThread "Cache worker for journal cache (C:\Users\vfxno\.gradle\caches\journal-1)"        [_thread_blocked, id=14044, stack(0x000000092f000000,0x000000092f100000) (1024K)]
  0x00000201e0c6f460 JavaThread "File lock request listener"        [_thread_in_native, id=14816, stack(0x000000092f100000,0x000000092f200000) (1024K)]
  0x00000201e0c6e740 JavaThread "Cache worker for file hash cache (C:\Users\vfxno\.gradle\caches\8.13\fileHashes)"        [_thread_blocked, id=16828, stack(0x000000092f200000,0x000000092f300000) (1024K)]
  0x00000201e0c70ea0 JavaThread "Cache worker for file hash cache (C:\Users\vfxno\Downloads\moonlight-android\.gradle\8.13\fileHashes)"        [_thread_blocked, id=12428, stack(0x000000092f500000,0x000000092f600000) (1024K)]
  0x00000201e0c6faf0 JavaThread "Cache worker for Build Output Cleanup Cache (C:\Users\vfxno\Downloads\moonlight-android\.gradle\buildOutputCleanup)"        [_thread_blocked, id=17244, stack(0x000000092f600000,0x000000092f700000) (1024K)]
  0x00000201e0c70180 JavaThread "File watcher server"        daemon [_thread_in_native, id=2884, stack(0x000000092f700000,0x000000092f800000) (1024K)]
  0x00000201e0c6edd0 JavaThread "File watcher consumer"      daemon [_thread_blocked, id=20912, stack(0x000000092f800000,0x000000092f900000) (1024K)]
  0x00000201e4cd7de0 JavaThread "jar transforms"                    [_thread_blocked, id=14184, stack(0x000000092f900000,0x000000092fa00000) (1024K)]
  0x00000201e4cd9820 JavaThread "jar transforms Thread 2"           [_thread_blocked, id=4412, stack(0x000000092fa00000,0x000000092fb00000) (1024K)]
  0x00000201e4cd8470 JavaThread "Cache worker for checksums cache (C:\Users\vfxno\Downloads\moonlight-android\.gradle\8.13\checksums)"        [_thread_blocked, id=17024, stack(0x000000092fb00000,0x000000092fc00000) (1024K)]
  0x00000201e4cd7750 JavaThread "Cache worker for file content cache (C:\Users\vfxno\.gradle\caches\8.13\fileContent)"        [_thread_blocked, id=19024, stack(0x000000092fc00000,0x000000092fd00000) (1024K)]
  0x00000201e4cd9190 JavaThread "Cache worker for cache directory md-supplier (C:\Users\vfxno\.gradle\caches\8.13\md-supplier)"        [_thread_blocked, id=13352, stack(0x000000092fd00000,0x000000092fe00000) (1024K)]
  0x00000201e4cd9eb0 JavaThread "Cache worker for cache directory md-rule (C:\Users\vfxno\.gradle\caches\8.13\md-rule)"        [_thread_blocked, id=11908, stack(0x000000092fe00000,0x000000092ff00000) (1024K)]
  0x00000201e4cdabd0 JavaThread "jar transforms Thread 3"           [_thread_blocked, id=17032, stack(0x000000092ff00000,0x0000000930000000) (1024K)]
  0x00000201e4cdb8f0 JavaThread "Unconstrained build operations"        [_thread_blocked, id=18516, stack(0x0000000930000000,0x0000000930100000) (1024K)]
  0x00000201e4cdbf80 JavaThread "Unconstrained build operations Thread 2"        [_thread_blocked, id=16148, stack(0x0000000930100000,0x0000000930200000) (1024K)]
  0x00000201e4cd8b00 JavaThread "Unconstrained build operations Thread 3"        [_thread_blocked, id=6432, stack(0x0000000930200000,0x0000000930300000) (1024K)]
  0x00000201e4cde6e0 JavaThread "Unconstrained build operations Thread 4"        [_thread_blocked, id=14916, stack(0x0000000930300000,0x0000000930400000) (1024K)]
  0x00000201e4cdc610 JavaThread "Unconstrained build operations Thread 5"        [_thread_blocked, id=12916, stack(0x0000000930400000,0x0000000930500000) (1024K)]
  0x00000201e4cdd330 JavaThread "Unconstrained build operations Thread 6"        [_thread_blocked, id=21408, stack(0x0000000930500000,0x0000000930600000) (1024K)]
  0x00000201e4cdcca0 JavaThread "Unconstrained build operations Thread 7"        [_thread_blocked, id=5628, stack(0x0000000930600000,0x0000000930700000) (1024K)]
  0x00000201e4cde050 JavaThread "Unconstrained build operations Thread 8"        [_thread_blocked, id=13980, stack(0x0000000930700000,0x0000000930800000) (1024K)]
  0x00000201e4cdb260 JavaThread "Unconstrained build operations Thread 9"        [_thread_blocked, id=12560, stack(0x0000000930800000,0x0000000930900000) (1024K)]
  0x00000201e4cded70 JavaThread "Unconstrained build operations Thread 10"        [_thread_blocked, id=12960, stack(0x0000000930900000,0x0000000930a00000) (1024K)]
  0x00000201e4cdd9c0 JavaThread "Unconstrained build operations Thread 11"        [_thread_blocked, id=13960, stack(0x0000000930a00000,0x0000000930b00000) (1024K)]
  0x00000201e51cce30 JavaThread "Unconstrained build operations Thread 12"        [_thread_blocked, id=2488, stack(0x0000000930b00000,0x0000000930c00000) (1024K)]
  0x00000201e51cb3f0 JavaThread "Unconstrained build operations Thread 13"        [_thread_blocked, id=17304, stack(0x0000000930c00000,0x0000000930d00000) (1024K)]
  0x00000201e51cd4c0 JavaThread "Unconstrained build operations Thread 14"        [_thread_blocked, id=3696, stack(0x0000000930d00000,0x0000000930e00000) (1024K)]
  0x00000201e51cdb50 JavaThread "Unconstrained build operations Thread 15"        [_thread_blocked, id=13456, stack(0x0000000930e00000,0x0000000930f00000) (1024K)]
  0x00000201e51cba80 JavaThread "Unconstrained build operations Thread 16"        [_thread_blocked, id=4736, stack(0x0000000930f00000,0x0000000931000000) (1024K)]
  0x00000201e51ce1e0 JavaThread "Unconstrained build operations Thread 17"        [_thread_blocked, id=9284, stack(0x0000000931000000,0x0000000931100000) (1024K)]
  0x00000201e51cc110 JavaThread "Unconstrained build operations Thread 18"        [_thread_blocked, id=8948, stack(0x0000000931100000,0x0000000931200000) (1024K)]
  0x00000201e51ce870 JavaThread "Unconstrained build operations Thread 19"        [_thread_blocked, id=18704, stack(0x0000000931200000,0x0000000931300000) (1024K)]
  0x00000201e51cef00 JavaThread "Unconstrained build operations Thread 20"        [_thread_blocked, id=21436, stack(0x0000000931300000,0x0000000931400000) (1024K)]
  0x00000201e51cfc20 JavaThread "Unconstrained build operations Thread 21"        [_thread_blocked, id=20412, stack(0x0000000931400000,0x0000000931500000) (1024K)]
  0x00000201e51cc7a0 JavaThread "Unconstrained build operations Thread 22"        [_thread_blocked, id=7936, stack(0x0000000931500000,0x0000000931600000) (1024K)]
  0x00000201e51d2a10 JavaThread "Unconstrained build operations Thread 23"        [_thread_blocked, id=2632, stack(0x0000000931600000,0x0000000931700000) (1024K)]
  0x00000201e51d02b0 JavaThread "Unconstrained build operations Thread 24"        [_thread_blocked, id=12964, stack(0x0000000931700000,0x0000000931800000) (1024K)]
  0x00000201e51d2380 JavaThread "Unconstrained build operations Thread 25"        [_thread_blocked, id=15380, stack(0x0000000931800000,0x0000000931900000) (1024K)]
  0x00000201e51cf590 JavaThread "Unconstrained build operations Thread 26"        [_thread_blocked, id=7224, stack(0x0000000931900000,0x0000000931a00000) (1024K)]
  0x00000201e51d0940 JavaThread "Unconstrained build operations Thread 27"        [_thread_blocked, id=16872, stack(0x0000000931a00000,0x0000000931b00000) (1024K)]
  0x00000201e51d1cf0 JavaThread "Unconstrained build operations Thread 28"        [_thread_blocked, id=9292, stack(0x0000000931b00000,0x0000000931c00000) (1024K)]
  0x00000201e51d0fd0 JavaThread "Unconstrained build operations Thread 29"        [_thread_blocked, id=21328, stack(0x0000000931c00000,0x0000000931d00000) (1024K)]
  0x00000201e51d1660 JavaThread "Unconstrained build operations Thread 30"        [_thread_blocked, id=13340, stack(0x0000000931d00000,0x0000000931e00000) (1024K)]
  0x00000201e55df900 JavaThread "Unconstrained build operations Thread 31"        [_thread_blocked, id=5804, stack(0x0000000931e00000,0x0000000931f00000) (1024K)]
  0x00000201e55dcb10 JavaThread "Unconstrained build operations Thread 32"        [_thread_blocked, id=19648, stack(0x0000000931f00000,0x0000000932000000) (1024K)]
  0x00000201e55dc480 JavaThread "Unconstrained build operations Thread 33"        [_thread_blocked, id=20636, stack(0x0000000932000000,0x0000000932100000) (1024K)]
  0x00000201e55dff90 JavaThread "jar transforms Thread 4"           [_thread_blocked, id=8800, stack(0x0000000932100000,0x0000000932200000) (1024K)]
  0x00000201e55e0620 JavaThread "jar transforms Thread 5"           [_thread_blocked, id=16368, stack(0x0000000932200000,0x0000000932300000) (1024K)]
  0x00000201e55dd830 JavaThread "jar transforms Thread 6"           [_thread_blocked, id=10196, stack(0x0000000932300000,0x0000000932400000) (1024K)]
  0x00000201e55dd1a0 JavaThread "Memory manager"                    [_thread_blocked, id=18064, stack(0x0000000932400000,0x0000000932500000) (1024K)]
  0x00000201e55e1340 JavaThread "Problems report writer"            [_thread_blocked, id=19700, stack(0x0000000932500000,0x0000000932600000) (1024K)]
  0x00000201e24f5110 JavaThread "included builds"                   [_thread_blocked, id=14196, stack(0x0000000932600000,0x0000000932700000) (1024K)]
  0x00000201e24f57a0 JavaThread "Execution worker"                  [_thread_blocked, id=17852, stack(0x0000000932700000,0x0000000932800000) (1024K)]
  0x00000201e24f5e30 JavaThread "Execution worker Thread 2"         [_thread_blocked, id=8988, stack(0x0000000932800000,0x0000000932900000) (1024K)]
  0x00000201e24f64c0 JavaThread "Execution worker Thread 3"         [_thread_blocked, id=21192, stack(0x0000000932900000,0x0000000932a00000) (1024K)]
  0x00000201e24f6b50 JavaThread "Execution worker Thread 4"         [_thread_blocked, id=11272, stack(0x0000000932a00000,0x0000000932b00000) (1024K)]
  0x00000201e24f7f00 JavaThread "Execution worker Thread 5"         [_thread_blocked, id=18080, stack(0x0000000932b00000,0x0000000932c00000) (1024K)]
  0x00000201e55e3aa0 JavaThread "Execution worker Thread 6"         [_thread_blocked, id=2932, stack(0x0000000932c00000,0x0000000932d00000) (1024K)]
  0x00000201e679a350 JavaThread "Execution worker Thread 7"         [_thread_blocked, id=5492, stack(0x0000000932d00000,0x0000000932e00000) (1024K)]
  0x00000201e679b700 JavaThread "Execution worker Thread 8"         [_thread_blocked, id=17004, stack(0x0000000932e00000,0x0000000932f00000) (1024K)]
  0x00000201e6799cc0 JavaThread "Execution worker Thread 9"         [_thread_blocked, id=13956, stack(0x0000000932f00000,0x0000000933000000) (1024K)]
  0x00000201e679a9e0 JavaThread "Execution worker Thread 10"        [_thread_blocked, id=13984, stack(0x0000000933000000,0x0000000933100000) (1024K)]
  0x00000201e679c420 JavaThread "Execution worker Thread 11"        [_thread_blocked, id=21376, stack(0x0000000933100000,0x0000000933200000) (1024K)]
  0x00000201e679bd90 JavaThread "Cache worker for execution history cache (C:\Users\vfxno\Downloads\moonlight-android\.gradle\8.13\executionHistory)"        [_thread_blocked, id=16184, stack(0x0000000933200000,0x0000000933300000) (1024K)]
  0x00000201e679cab0 JavaThread "Exec process"                      [_thread_blocked, id=17388, stack(0x0000000933300000,0x0000000933400000) (1024K)]
  0x00000201e679d7d0 JavaThread "Exec process Thread 2"             [_thread_blocked, id=12648, stack(0x0000000933400000,0x0000000933500000) (1024K)]
  0x00000201e679d140 JavaThread "Exec process Thread 3"             [_thread_blocked, id=5496, stack(0x0000000933500000,0x0000000933600000) (1024K)]
  0x00000201e679e4f0 JavaThread "Unconstrained build operations Thread 34"        [_thread_blocked, id=11560, stack(0x000000092dc00000,0x000000092dd00000) (1024K)]
  0x00000201e679b070 JavaThread "Unconstrained build operations Thread 35"        [_thread_blocked, id=5452, stack(0x0000000933600000,0x0000000933700000) (1024K)]
  0x00000201e679eb80 JavaThread "Unconstrained build operations Thread 36"        [_thread_blocked, id=6608, stack(0x0000000933700000,0x0000000933800000) (1024K)]
  0x00000201e679ff30 JavaThread "Unconstrained build operations Thread 37"        [_thread_blocked, id=8440, stack(0x0000000933800000,0x0000000933900000) (1024K)]
  0x00000201e67a0c50 JavaThread "Unconstrained build operations Thread 38"        [_thread_blocked, id=19460, stack(0x0000000933900000,0x0000000933a00000) (1024K)]
  0x00000201e679f210 JavaThread "Unconstrained build operations Thread 39"        [_thread_blocked, id=4024, stack(0x0000000933a00000,0x0000000933b00000) (1024K)]
  0x00000201e67a12e0 JavaThread "Unconstrained build operations Thread 40"        [_thread_blocked, id=21224, stack(0x0000000933b00000,0x0000000933c00000) (1024K)]
  0x00000201e679f8a0 JavaThread "Unconstrained build operations Thread 41"        [_thread_blocked, id=13948, stack(0x0000000933c00000,0x0000000933d00000) (1024K)]
  0x00000201e67a05c0 JavaThread "Unconstrained build operations Thread 42"        [_thread_blocked, id=4588, stack(0x0000000933d00000,0x0000000933e00000) (1024K)]
  0x00000201e55de550 JavaThread "Unconstrained build operations Thread 43"        [_thread_blocked, id=5388, stack(0x0000000933e00000,0x0000000933f00000) (1024K)]
  0x00000201e5c32ff0 JavaThread "Unconstrained build operations Thread 44"        [_thread_blocked, id=15544, stack(0x0000000933f00000,0x0000000934000000) (1024K)]
  0x00000201e5c33680 JavaThread "WorkerExecutor Queue"              [_thread_blocked, id=16232, stack(0x0000000934100000,0x0000000934200000) (1024K)]
  0x00000201e5c33d10 JavaThread "Unconstrained build operations Thread 45"        [_thread_blocked, id=13708, stack(0x0000000934200000,0x0000000934300000) (1024K)]
  0x00000201e5c30890 JavaThread "Unconstrained build operations Thread 46"        [_thread_blocked, id=21284, stack(0x0000000934300000,0x0000000934400000) (1024K)]
  0x00000201e5c343a0 JavaThread "Unconstrained build operations Thread 47"        [_thread_blocked, id=15932, stack(0x0000000934400000,0x0000000934500000) (1024K)]
  0x00000201e5c30f20 JavaThread "Unconstrained build operations Thread 48"        [_thread_blocked, id=7020, stack(0x0000000934500000,0x0000000934600000) (1024K)]
  0x00000201e5c322d0 JavaThread "Unconstrained build operations Thread 49"        [_thread_blocked, id=14428, stack(0x0000000934600000,0x0000000934700000) (1024K)]
  0x00000201e5c35750 JavaThread "Unconstrained build operations Thread 50"        [_thread_blocked, id=2020, stack(0x0000000934700000,0x0000000934800000) (1024K)]
  0x00000201e5c37190 JavaThread "Unconstrained build operations Thread 51"        [_thread_blocked, id=13752, stack(0x0000000934800000,0x0000000934900000) (1024K)]
  0x00000201e5c350c0 JavaThread "Unconstrained build operations Thread 52"        [_thread_blocked, id=16084, stack(0x0000000934900000,0x0000000934a00000) (1024K)]
  0x00000201e5c36470 JavaThread "Unconstrained build operations Thread 53"        [_thread_blocked, id=18596, stack(0x0000000934a00000,0x0000000934b00000) (1024K)]
  0x00000201e5c36b00 JavaThread "Unconstrained build operations Thread 54"        [_thread_blocked, id=10960, stack(0x0000000934b00000,0x0000000934c00000) (1024K)]
  0x00000201e5c34a30 JavaThread "Unconstrained build operations Thread 55"        [_thread_blocked, id=18580, stack(0x0000000934c00000,0x0000000934d00000) (1024K)]
  0x00000201e5c37820 JavaThread "Unconstrained build operations Thread 56"        [_thread_blocked, id=20132, stack(0x0000000934d00000,0x0000000934e00000) (1024K)]
  0x00000201e5c35de0 JavaThread "Unconstrained build operations Thread 57"        [_thread_blocked, id=19396, stack(0x0000000934e00000,0x0000000934f00000) (1024K)]
  0x00000201e24f0f70 JavaThread "Unconstrained build operations Thread 58"        [_thread_blocked, id=21304, stack(0x0000000934f00000,0x0000000935000000) (1024K)]
  0x00000201e24f71e0 JavaThread "Unconstrained build operations Thread 59"        [_thread_blocked, id=16416, stack(0x0000000935000000,0x0000000935100000) (1024K)]
  0x00000201e6a923c0 JavaThread "Unconstrained build operations Thread 60"        [_thread_blocked, id=12892, stack(0x0000000935100000,0x0000000935200000) (1024K)]
  0x00000201e6a94490 JavaThread "Unconstrained build operations Thread 61"        [_thread_blocked, id=20552, stack(0x0000000935200000,0x0000000935300000) (1024K)]
  0x00000201e6a916a0 JavaThread "Unconstrained build operations Thread 62"        [_thread_blocked, id=17136, stack(0x0000000935300000,0x0000000935400000) (1024K)]
  0x00000201e6a93770 JavaThread "Unconstrained build operations Thread 63"        [_thread_blocked, id=14528, stack(0x0000000935400000,0x0000000935500000) (1024K)]
  0x00000201e6a91010 JavaThread "Unconstrained build operations Thread 64"        [_thread_blocked, id=8896, stack(0x0000000935500000,0x0000000935600000) (1024K)]
  0x00000201e6a930e0 JavaThread "Unconstrained build operations Thread 65"        [_thread_blocked, id=17416, stack(0x0000000935600000,0x0000000935700000) (1024K)]
  0x00000201e6a94b20 JavaThread "Unconstrained build operations Thread 66"        [_thread_blocked, id=13240, stack(0x0000000935700000,0x0000000935800000) (1024K)]
  0x00000201e6a951b0 JavaThread "WorkerExecutor Queue Thread 2"        [_thread_blocked, id=3924, stack(0x0000000935800000,0x0000000935900000) (1024K)]
  0x00000201e6a91d30 JavaThread "WorkerExecutor Queue Thread 3"        [_thread_blocked, id=4612, stack(0x0000000935900000,0x0000000935a00000) (1024K)]
  0x00000201e6a92a50 JavaThread "WorkerExecutor Queue Thread 4"        [_thread_blocked, id=16008, stack(0x0000000935a00000,0x0000000935b00000) (1024K)]
  0x00000201e6a96560 JavaThread "WorkerExecutor Queue Thread 5"        [_thread_blocked, id=6076, stack(0x0000000935b00000,0x0000000935c00000) (1024K)]
  0x00000201e6a95840 JavaThread "Exec process Thread 4"             [_thread_blocked, id=5960, stack(0x0000000935c00000,0x0000000935d00000) (1024K)]
  0x00000201e6a96bf0 JavaThread "Exec process Thread 5"             [_thread_blocked, id=19476, stack(0x0000000935d00000,0x0000000935e00000) (1024K)]
  0x00000201e6a95ed0 JavaThread "Exec process Thread 6"             [_thread_blocked, id=18732, stack(0x0000000935e00000,0x0000000935f00000) (1024K)]
  0x00000201e6a97280 JavaThread "Exec process Thread 7"             [_thread_blocked, id=7248, stack(0x0000000935f00000,0x0000000936000000) (1024K)]
  0x00000201e6a93e00 JavaThread "Unconstrained build operations Thread 67"        [_thread_blocked, id=12316, stack(0x0000000936000000,0x0000000936100000) (1024K)]
  0x00000201e6a97910 JavaThread "Unconstrained build operations Thread 68"        [_thread_blocked, id=20264, stack(0x0000000936100000,0x0000000936200000) (1024K)]
  0x00000201e6a97fa0 JavaThread "Unconstrained build operations Thread 69"        [_thread_blocked, id=17036, stack(0x0000000936200000,0x0000000936300000) (1024K)]
  0x00000201e6a98630 JavaThread "Unconstrained build operations Thread 70"        [_thread_blocked, id=1180, stack(0x0000000936300000,0x0000000936400000) (1024K)]
  0x00000201e5c30200 JavaThread "Exec process Thread 8"             [_thread_blocked, id=16952, stack(0x0000000936400000,0x0000000936500000) (1024K)]
  0x00000201e6189590 JavaThread "Exec process Thread 9"             [_thread_blocked, id=3188, stack(0x0000000936500000,0x0000000936600000) (1024K)]
  0x00000201e6186110 JavaThread "Unconstrained build operations Thread 71"        [_thread_blocked, id=15792, stack(0x0000000936600000,0x0000000936700000) (1024K)]
  0x00000201e6187b50 JavaThread "Unconstrained build operations Thread 72"        [_thread_blocked, id=18136, stack(0x0000000936700000,0x0000000936800000) (1024K)]
  0x00000201e61881e0 JavaThread "Unconstrained build operations Thread 73"        [_thread_blocked, id=17080, stack(0x0000000936800000,0x0000000936900000) (1024K)]
  0x00000201e6188870 JavaThread "Unconstrained build operations Thread 74"        [_thread_blocked, id=15640, stack(0x0000000936900000,0x0000000936a00000) (1024K)]
  0x00000201e6188f00 JavaThread "Unconstrained build operations Thread 75"        [_thread_blocked, id=11292, stack(0x0000000936a00000,0x0000000936b00000) (1024K)]
  0x00000201e61867a0 JavaThread "Unconstrained build operations Thread 76"        [_thread_blocked, id=16744, stack(0x0000000936b00000,0x0000000936c00000) (1024K)]
  0x00000201e6189c20 JavaThread "Unconstrained build operations Thread 77"        [_thread_blocked, id=17484, stack(0x0000000936c00000,0x0000000936d00000) (1024K)]
  0x00000201e618a2b0 JavaThread "Unconstrained build operations Thread 78"        [_thread_blocked, id=8320, stack(0x0000000936d00000,0x0000000936e00000) (1024K)]
  0x00000201e6186e30 JavaThread "Unconstrained build operations Thread 79"        [_thread_blocked, id=14908, stack(0x0000000936e00000,0x0000000936f00000) (1024K)]
  0x00000201e618afd0 JavaThread "Unconstrained build operations Thread 80"        [_thread_blocked, id=18636, stack(0x0000000936f00000,0x0000000937000000) (1024K)]
  0x00000201e618d730 JavaThread "Unconstrained build operations Thread 81"        [_thread_blocked, id=14988, stack(0x0000000937000000,0x0000000937100000) (1024K)]
  0x00000201e618a940 JavaThread "Unconstrained build operations Thread 82"        [_thread_blocked, id=12932, stack(0x0000000937100000,0x0000000937200000) (1024K)]
  0x00000201e618bcf0 JavaThread "Unconstrained build operations Thread 83"        [_thread_blocked, id=15652, stack(0x0000000937200000,0x0000000937300000) (1024K)]
  0x00000201e618b660 JavaThread "Unconstrained build operations Thread 84"        [_thread_blocked, id=14168, stack(0x0000000937300000,0x0000000937400000) (1024K)]
  0x00000201e618c380 JavaThread "Unconstrained build operations Thread 85"        [_thread_blocked, id=20416, stack(0x0000000937400000,0x0000000937500000) (1024K)]
  0x00000201e618d0a0 JavaThread "Unconstrained build operations Thread 86"        [_thread_blocked, id=5712, stack(0x0000000937500000,0x0000000937600000) (1024K)]
  0x00000201e618ca10 JavaThread "Unconstrained build operations Thread 87"        [_thread_blocked, id=12532, stack(0x0000000937600000,0x0000000937700000) (1024K)]
  0x00000201e6235fa0 JavaThread "Unconstrained build operations Thread 88"        [_thread_blocked, id=17592, stack(0x0000000937700000,0x0000000937800000) (1024K)]
  0x00000201e6234bf0 JavaThread "Unconstrained build operations Thread 89"        [_thread_blocked, id=19064, stack(0x0000000937800000,0x0000000937900000) (1024K)]
  0x00000201e6236630 JavaThread "Unconstrained build operations Thread 90"        [_thread_blocked, id=16272, stack(0x0000000937900000,0x0000000937a00000) (1024K)]
  0x00000201e6235280 JavaThread "Unconstrained build operations Thread 91"        [_thread_blocked, id=18844, stack(0x0000000937a00000,0x0000000937b00000) (1024K)]
  0x00000201e62379e0 JavaThread "Unconstrained build operations Thread 92"        [_thread_blocked, id=3876, stack(0x0000000937b00000,0x0000000937c00000) (1024K)]
  0x00000201e6235910 JavaThread "Unconstrained build operations Thread 93"        [_thread_blocked, id=18032, stack(0x0000000937c00000,0x0000000937d00000) (1024K)]
  0x00000201e6234560 JavaThread "WorkerExecutor Queue Thread 6"        [_thread_blocked, id=21236, stack(0x0000000937d00000,0x0000000937e00000) (1024K)]
  0x00000201e6239420 JavaThread "WorkerExecutor Queue Thread 7"        [_thread_blocked, id=3580, stack(0x0000000937e00000,0x0000000937f00000) (1024K)]
  0x00000201e6239ab0 JavaThread "WorkerExecutor Queue Thread 8"        [_thread_in_Java, id=10220, stack(0x0000000937f00000,0x0000000938000000) (1024K)]
  0x00000201e623a140 JavaThread "WorkerExecutor Queue Thread 9"        [_thread_blocked, id=21204, stack(0x0000000938000000,0x0000000938100000) (1024K)]
  0x00000201e623a7d0 JavaThread "Exec process Thread 10"            [_thread_blocked, id=2968, stack(0x0000000938200000,0x0000000938300000) (1024K)]
  0x00000201e6238070 JavaThread "Exec process Thread 11"            [_thread_blocked, id=19244, stack(0x0000000938300000,0x0000000938400000) (1024K)]
  0x00000201e623bb80 JavaThread "Exec process Thread 12"            [_thread_blocked, id=9484, stack(0x0000000938400000,0x0000000938500000) (1024K)]
  0x00000201e6240a40 JavaThread "WorkerExecutor Queue Thread 11"        [_thread_blocked, id=13648, stack(0x0000000938500000,0x0000000938600000) (1024K)]
  0x00000201e62431a0 JavaThread "WorkerExecutor Queue Thread 12"        [_thread_blocked, id=19284, stack(0x0000000938600000,0x0000000938700000) (1024K)]
  0x00000201e6241df0 JavaThread "Unconstrained build operations Thread 94"        [_thread_blocked, id=18680, stack(0x0000000938700000,0x0000000938800000) (1024K)]
  0x00000201eb705ad0 JavaThread "Unconstrained build operations Thread 95"        [_thread_blocked, id=6348, stack(0x0000000938800000,0x0000000938900000) (1024K)]
  0x00000201eb703a00 JavaThread "Unconstrained build operations Thread 96"        [_thread_blocked, id=21020, stack(0x0000000938900000,0x0000000938a00000) (1024K)]
  0x00000201eb704720 JavaThread "Unconstrained build operations Thread 97"        [_thread_blocked, id=8448, stack(0x0000000938a00000,0x0000000938b00000) (1024K)]
  0x00000201eb702ce0 JavaThread "Unconstrained build operations Thread 98"        [_thread_blocked, id=19308, stack(0x0000000938b00000,0x0000000938c00000) (1024K)]
  0x00000201eb703370 JavaThread "Unconstrained build operations Thread 99"        [_thread_blocked, id=18028, stack(0x0000000938c00000,0x0000000938d00000) (1024K)]
  0x00000201eb704db0 JavaThread "Unconstrained build operations Thread 100"        [_thread_blocked, id=8148, stack(0x0000000938d00000,0x0000000938e00000) (1024K)]
  0x00000201eb704090 JavaThread "Unconstrained build operations Thread 101"        [_thread_blocked, id=14120, stack(0x0000000938e00000,0x0000000938f00000) (1024K)]
  0x00000201eb702650 JavaThread "Unconstrained build operations Thread 102"        [_thread_blocked, id=18896, stack(0x0000000938f00000,0x0000000939000000) (1024K)]
  0x00000201eb7067f0 JavaThread "Unconstrained build operations Thread 103"        [_thread_blocked, id=18420, stack(0x0000000939000000,0x0000000939100000) (1024K)]
  0x00000201eb707510 JavaThread "Unconstrained build operations Thread 104"        [_thread_blocked, id=17068, stack(0x0000000939100000,0x0000000939200000) (1024K)]
  0x00000201eb707ba0 JavaThread "Unconstrained build operations Thread 105"        [_thread_blocked, id=6364, stack(0x0000000939200000,0x0000000939300000) (1024K)]
  0x00000201eb708230 JavaThread "Unconstrained build operations Thread 106"        [_thread_blocked, id=20492, stack(0x0000000939300000,0x0000000939400000) (1024K)]
  0x00000201eb706160 JavaThread "Unconstrained build operations Thread 107"        [_thread_blocked, id=19624, stack(0x0000000939400000,0x0000000939500000) (1024K)]
  0x00000201eb7088c0 JavaThread "Unconstrained build operations Thread 108"        [_thread_blocked, id=12980, stack(0x0000000939500000,0x0000000939600000) (1024K)]
  0x00000201eb705440 JavaThread "Unconstrained build operations Thread 109"        [_thread_blocked, id=4628, stack(0x0000000939600000,0x0000000939700000) (1024K)]
  0x00000201eb708f50 JavaThread "Unconstrained build operations Thread 110"        [_thread_blocked, id=20200, stack(0x0000000939700000,0x0000000939800000) (1024K)]
  0x00000201eb706e80 JavaThread "Unconstrained build operations Thread 111"        [_thread_blocked, id=14652, stack(0x0000000939800000,0x0000000939900000) (1024K)]
  0x00000201eb7095e0 JavaThread "Unconstrained build operations Thread 112"        [_thread_blocked, id=15312, stack(0x0000000939900000,0x0000000939a00000) (1024K)]
  0x00000201eb70a300 JavaThread "Unconstrained build operations Thread 113"        [_thread_blocked, id=15236, stack(0x0000000939a00000,0x0000000939b00000) (1024K)]
  0x00000201eb70d0f0 JavaThread "Unconstrained build operations Thread 114"        [_thread_blocked, id=13032, stack(0x0000000939b00000,0x0000000939c00000) (1024K)]
  0x00000201eb70c3d0 JavaThread "Unconstrained build operations Thread 115"        [_thread_blocked, id=19760, stack(0x0000000939c00000,0x0000000939d00000) (1024K)]
  0x00000201eb70b020 JavaThread "Unconstrained build operations Thread 116"        [_thread_blocked, id=4224, stack(0x0000000939d00000,0x0000000939e00000) (1024K)]
  0x00000201eb70b6b0 JavaThread "Unconstrained build operations Thread 117"        [_thread_blocked, id=18424, stack(0x0000000939e00000,0x0000000939f00000) (1024K)]
  0x00000201eb70ca60 JavaThread "Unconstrained build operations Thread 118"        [_thread_blocked, id=12760, stack(0x0000000939f00000,0x000000093a000000) (1024K)]
  0x00000201eb70a990 JavaThread "Unconstrained build operations Thread 119"        [_thread_blocked, id=19852, stack(0x000000093a000000,0x000000093a100000) (1024K)]
  0x00000201eb70bd40 JavaThread "Unconstrained build operations Thread 120"        [_thread_blocked, id=1892, stack(0x000000093a100000,0x000000093a200000) (1024K)]
  0x00000201eb70fee0 JavaThread "WorkerExecutor Queue Thread 13"        [_thread_blocked, id=8496, stack(0x000000093a200000,0x000000093a300000) (1024K)]
  0x00000201eb70f1c0 JavaThread "Exec process Thread 13"            [_thread_blocked, id=9588, stack(0x000000093a300000,0x000000093a400000) (1024K)]
  0x00000201eb70e4a0 JavaThread "Exec process Thread 14"            [_thread_blocked, id=12972, stack(0x000000093a400000,0x000000093a500000) (1024K)]
  0x00000201eb710c00 JavaThread "Exec process Thread 15"            [_thread_blocked, id=8000, stack(0x000000093a500000,0x000000093a600000) (1024K)]
  0x00000201eb710570 JavaThread "Exec process Thread 16"            [_thread_blocked, id=10604, stack(0x000000093a600000,0x000000093a700000) (1024K)]
  0x00000201eb70de10 JavaThread "Exec process Thread 17"            [_thread_blocked, id=18840, stack(0x000000093a700000,0x000000093a800000) (1024K)]
  0x00000201eb70eb30 JavaThread "Exec process Thread 18"            [_thread_blocked, id=20396, stack(0x000000093a800000,0x000000093a900000) (1024K)]
  0x00000201e670d2b0 JavaThread "Exec process Thread 19"            [_thread_blocked, id=12188, stack(0x000000093a900000,0x000000093aa00000) (1024K)]
  0x00000201e670ab50 JavaThread "Exec process Thread 20"            [_thread_blocked, id=12216, stack(0x000000093aa00000,0x000000093ab00000) (1024K)]
  0x00000201e670b870 JavaThread "Exec process Thread 21"            [_thread_blocked, id=14868, stack(0x000000093ab00000,0x000000093ac00000) (1024K)]
  0x00000201e670bf00 JavaThread "Exec process Thread 22"            [_thread_blocked, id=7116, stack(0x000000093ac00000,0x000000093ad00000) (1024K)]
  0x00000201e670c590 JavaThread "Exec process Thread 23"            [_thread_blocked, id=15588, stack(0x000000093ad00000,0x000000093ae00000) (1024K)]
  0x00000201e670b1e0 JavaThread "Exec process Thread 24"            [_thread_blocked, id=17844, stack(0x000000093ae00000,0x000000093af00000) (1024K)]
  0x00000201e670cc20 JavaThread "pool-3-thread-1"                   [_thread_blocked, id=15604, stack(0x000000093af00000,0x000000093b000000) (1024K)]
  0x00000201e670d940 JavaThread "stderr"                            [_thread_in_native, id=17668, stack(0x000000093b000000,0x000000093b100000) (1024K)]
  0x00000201e670a4c0 JavaThread "stdout"                            [_thread_in_native, id=9256, stack(0x000000093b100000,0x000000093b200000) (1024K)]
  0x00000201e670fa10 JavaThread "Java2D Disposer"            daemon [_thread_blocked, id=19632, stack(0x000000093b200000,0x000000093b300000) (1024K)]
=>0x00000201eb6eb3b0 JavaThread "C2 CompilerThread1"         daemon [_thread_in_native, id=4104, stack(0x000000092db00000,0x000000092dc00000) (1024K)]
  0x00000201eb6ec820 JavaThread "C2 CompilerThread2"         daemon [_thread_in_native, id=18344, stack(0x0000000934000000,0x0000000934100000) (1024K)]
  0x00000201e623ae60 JavaThread "ForkJoinPool-1-worker-1"    daemon [_thread_blocked, id=14236, stack(0x0000000938100000,0x0000000938200000) (1024K)]
  0x00000201e623e2e0 JavaThread "ForkJoinPool-1-worker-2"    daemon [_thread_blocked, id=4728, stack(0x000000093b300000,0x000000093b400000) (1024K)]
  0x00000201e623dc50 JavaThread "ForkJoinPool-1-worker-3"    daemon [_thread_blocked, id=20704, stack(0x000000093b400000,0x000000093b500000) (1024K)]
  0x00000201e623e970 JavaThread "ForkJoinPool-1-worker-4"    daemon [_thread_blocked, id=16292, stack(0x000000093b500000,0x000000093b600000) (1024K)]
  0x00000201e623f000 JavaThread "ForkJoinPool-1-worker-5"    daemon [_thread_blocked, id=13576, stack(0x000000093b600000,0x000000093b700000) (1024K)]
  0x00000201e623f690 JavaThread "ForkJoinPool-1-worker-7"    daemon [_thread_blocked, id=9568, stack(0x000000093b700000,0x000000093b800000) (1024K)]
  0x00000201e623c210 JavaThread "ForkJoinPool-1-worker-6"    daemon [_thread_blocked, id=12552, stack(0x000000093b800000,0x000000093b900000) (1024K)]
  0x00000201e623c8a0 JavaThread "ForkJoinPool-1-worker-8"    daemon [_thread_blocked, id=12528, stack(0x000000093b900000,0x000000093ba00000) (1024K)]
  0x00000201e623cf30 JavaThread "ForkJoinPool-1-worker-9"    daemon [_thread_blocked, id=17760, stack(0x000000093ba00000,0x000000093bb00000) (1024K)]
  0x00000201e623fd20 JavaThread "ForkJoinPool-1-worker-10"   daemon [_thread_blocked, id=17328, stack(0x000000093bb00000,0x000000093bc00000) (1024K)]
  0x00000201e623d5c0 JavaThread "ForkJoinPool-1-worker-11"   daemon [_thread_blocked, id=4528, stack(0x000000093bc00000,0x000000093bd00000) (1024K)]
  0x00000201e6242b10 JavaThread "ForkJoinPool-1-worker-12"   daemon [_thread_blocked, id=19240, stack(0x000000093bd00000,0x000000093be00000) (1024K)]
  0x00000201e54b3f00 JavaThread "Cache worker for Java compile cache (C:\Users\vfxno\.gradle\caches\8.13\javaCompile)"        [_thread_blocked, id=20864, stack(0x000000093be00000,0x000000093bf00000) (1024K)]
  0x00000201e3a0d680 JavaThread "Build operations"                  [_thread_blocked, id=9656, stack(0x000000093bf00000,0x000000093c000000) (1024K)]
  0x00000201e3a0dd10 JavaThread "Build operations Thread 2"         [_thread_blocked, id=20080, stack(0x000000093c000000,0x000000093c100000) (1024K)]
  0x00000201e3a0cff0 JavaThread "Build operations Thread 3"         [_thread_blocked, id=13176, stack(0x000000093c100000,0x000000093c200000) (1024K)]
  0x00000201e3a0e3a0 JavaThread "Build operations Thread 4"         [_thread_blocked, id=16188, stack(0x000000093c200000,0x000000093c300000) (1024K)]
  0x00000201ec93f140 JavaThread "Build operations Thread 5"         [_thread_blocked, id=10648, stack(0x000000093c300000,0x000000093c400000) (1024K)]
  0x00000201ec93f7d0 JavaThread "Build operations Thread 6"         [_thread_blocked, id=19924, stack(0x000000093c400000,0x000000093c500000) (1024K)]
  0x00000201ec93fe60 JavaThread "Build operations Thread 7"         [_thread_blocked, id=3992, stack(0x000000093c500000,0x000000093c600000) (1024K)]
  0x00000201ec9404f0 JavaThread "Build operations Thread 8"         [_thread_blocked, id=17664, stack(0x000000093c800000,0x000000093c900000) (1024K)]
  0x00000201efcb3780 JavaThread "Build operations Thread 9"         [_thread_blocked, id=10296, stack(0x000000093c900000,0x000000093ca00000) (1024K)]
  0x00000201efcb16b0 JavaThread "Build operations Thread 10"        [_thread_blocked, id=17628, stack(0x000000093ca00000,0x000000093cb00000) (1024K)]
  0x00000201efcb0990 JavaThread "Build operations Thread 11"        [_thread_blocked, id=10428, stack(0x000000093cb00000,0x000000093cc00000) (1024K)]
Total: 239

Other Threads:
  0x00000201ff41bec0 VMThread "VM Thread"                           [id=15748, stack(0x000000092d000000,0x000000092d100000) (1024K)]
  0x00000201ff405780 WatcherThread "VM Periodic Task Thread"        [id=14788, stack(0x000000092cf00000,0x000000092d000000) (1024K)]
  0x00000201fa614aa0 WorkerThread "GC Thread#0"                     [id=20432, stack(0x000000092ca00000,0x000000092cb00000) (1024K)]
  0x00000201ff41b780 WorkerThread "GC Thread#1"                     [id=17748, stack(0x000000092dd00000,0x000000092de00000) (1024K)]
  0x00000201ff41cd40 WorkerThread "GC Thread#2"                     [id=12796, stack(0x000000092de00000,0x000000092df00000) (1024K)]
  0x00000201ff41bb20 WorkerThread "GC Thread#3"                     [id=7572, stack(0x000000092df00000,0x000000092e000000) (1024K)]
  0x00000201ff41b3e0 WorkerThread "GC Thread#4"                     [id=15204, stack(0x000000092e000000,0x000000092e100000) (1024K)]
  0x00000201ff41c260 WorkerThread "GC Thread#5"                     [id=2036, stack(0x000000092e100000,0x000000092e200000) (1024K)]
  0x00000201e0d13dc0 WorkerThread "GC Thread#6"                     [id=15120, stack(0x000000092e400000,0x000000092e500000) (1024K)]
  0x00000201e0d15380 WorkerThread "GC Thread#7"                     [id=7132, stack(0x000000092e500000,0x000000092e600000) (1024K)]
  0x00000201e0d14fe0 WorkerThread "GC Thread#8"                     [id=15780, stack(0x000000092e600000,0x000000092e700000) (1024K)]
  0x00000201e0d165a0 WorkerThread "GC Thread#9"                     [id=21132, stack(0x000000092e700000,0x000000092e800000) (1024K)]
  0x00000201fa623820 ConcurrentGCThread "G1 Main Marker"            [id=5444, stack(0x000000092cb00000,0x000000092cc00000) (1024K)]
  0x00000201fa6251e0 WorkerThread "G1 Conc#0"                       [id=20268, stack(0x000000092cc00000,0x000000092cd00000) (1024K)]
  0x00000201e0d17080 WorkerThread "G1 Conc#1"                       [id=6388, stack(0x000000092f300000,0x000000092f400000) (1024K)]
  0x00000201e0d15e60 WorkerThread "G1 Conc#2"                       [id=19236, stack(0x000000092f400000,0x000000092f500000) (1024K)]
  0x00000201fa67e370 ConcurrentGCThread "G1 Refine#0"               [id=21468, stack(0x000000092cd00000,0x000000092ce00000) (1024K)]
  0x00000201ff2cf560 ConcurrentGCThread "G1 Service"                [id=16564, stack(0x000000092ce00000,0x000000092cf00000) (1024K)]
Total: 18

Threads with active compile tasks:
C2 CompilerThread0  64413 40570       4       com.android.tools.r8.internal.US::a (3042 bytes)
C2 CompilerThread1  64413 41752       4       com.android.tools.r8.ir.optimize.f0::a (510 bytes)
C2 CompilerThread2  64413 41767       4       com.android.tools.r8.ir.optimize.F::a (724 bytes)
Total: 3

VM state: not at safepoint (normal execution)

VM Mutex/Monitor currently owned by a thread: None

Heap address: 0x0000000740000000, size: 3072 MB, Compressed Oops mode: Zero based, Oop shift amount: 3

CDS archive(s) mapped at: [0x000002019a000000-0x000002019ac80000-0x000002019ac80000), size 13107200, SharedBaseAddress: 0x000002019a000000, ArchiveRelocationMode: 1.
Compressed class space mapped at: 0x000002019b000000-0x00000201db000000, reserved size: 1073741824
Narrow klass base: 0x000002019a000000, Narrow klass shift: 0, Narrow klass range: 0x100000000

GC Precious Log:
 CardTable entry size: 512
 Card Set container configuration: InlinePtr #cards 4 size 8 Array Of Cards #cards 16 size 48 Howl #buckets 8 coarsen threshold 3686 Howl Bitmap #cards 512 size 80 coarsen threshold 460 Card regions per heap region 1 cards per card region 4096
 CPUs: 12 total, 12 available
 Memory: 16096M
 Large Page Support: Disabled
 NUMA Support: Disabled
 Compressed Oops: Enabled (Zero based)
 Heap Region Size: 2M
 Heap Min Capacity: 8M
 Heap Initial Capacity: 252M
 Heap Max Capacity: 3G
 Pre-touch: Disabled
 Parallel Workers: 10
 Concurrent Workers: 3
 Concurrent Refinement Workers: 10
 Periodic GC: Disabled

Heap:
 garbage-first heap   total 1589248K, used 1008162K [0x0000000740000000, 0x0000000800000000)
  region size 2048K, 237 young (485376K), 25 survivors (51200K)
 Metaspace       used 165658K, committed 168256K, reserved 1245184K
  class space    used 21992K, committed 23296K, reserved 1048576K

Heap Regions: E=young(eden), S=young(survivor), O=old, HS=humongous(starts), HC=humongous(continues), CS=collection set, F=free, TAMS=top-at-mark-start, PB=parsable bottom
|   0|0x0000000740000000, 0x0000000740200000, 0x0000000740200000|100%|HS|  |TAMS 0x0000000740000000| PB 0x0000000740000000| Complete 
|   1|0x0000000740200000, 0x0000000740400000, 0x0000000740400000|100%|HC|  |TAMS 0x0000000740200000| PB 0x0000000740200000| Complete 
|   2|0x0000000740400000, 0x0000000740600000, 0x0000000740600000|100%| O|  |TAMS 0x0000000740400000| PB 0x0000000740400000| Untracked 
|   3|0x0000000740600000, 0x0000000740800000, 0x0000000740800000|100%| O|  |TAMS 0x0000000740600000| PB 0x0000000740600000| Untracked 
|   4|0x0000000740800000, 0x0000000740a00000, 0x0000000740a00000|100%| O|  |TAMS 0x0000000740800000| PB 0x0000000740800000| Untracked 
|   5|0x0000000740a00000, 0x0000000740c00000, 0x0000000740c00000|100%| O|  |TAMS 0x0000000740a00000| PB 0x0000000740a00000| Untracked 
|   6|0x0000000740c00000, 0x0000000740e00000, 0x0000000740e00000|100%| O|  |TAMS 0x0000000740c00000| PB 0x0000000740c00000| Untracked 
|   7|0x0000000740e00000, 0x0000000741000000, 0x0000000741000000|100%| O|  |TAMS 0x0000000740e00000| PB 0x0000000740e00000| Untracked 
|   8|0x0000000741000000, 0x0000000741200000, 0x0000000741200000|100%| O|  |TAMS 0x0000000741000000| PB 0x0000000741000000| Untracked 
|   9|0x0000000741200000, 0x0000000741400000, 0x0000000741400000|100%| O|  |TAMS 0x0000000741200000| PB 0x0000000741200000| Untracked 
|  10|0x0000000741400000, 0x0000000741600000, 0x0000000741600000|100%| O|  |TAMS 0x0000000741400000| PB 0x0000000741400000| Untracked 
|  11|0x0000000741600000, 0x0000000741800000, 0x0000000741800000|100%| O|  |TAMS 0x0000000741600000| PB 0x0000000741600000| Untracked 
|  12|0x0000000741800000, 0x0000000741a00000, 0x0000000741a00000|100%| O|  |TAMS 0x0000000741800000| PB 0x0000000741800000| Untracked 
|  13|0x0000000741a00000, 0x0000000741c00000, 0x0000000741c00000|100%| O|  |TAMS 0x0000000741a00000| PB 0x0000000741a00000| Untracked 
|  14|0x0000000741c00000, 0x0000000741e00000, 0x0000000741e00000|100%| O|  |TAMS 0x0000000741c00000| PB 0x0000000741c00000| Untracked 
|  15|0x0000000741e00000, 0x0000000742000000, 0x0000000742000000|100%| O|  |TAMS 0x0000000741e00000| PB 0x0000000741e00000| Untracked 
|  16|0x0000000742000000, 0x0000000742200000, 0x0000000742200000|100%| O|  |TAMS 0x0000000742000000| PB 0x0000000742000000| Untracked 
|  17|0x0000000742200000, 0x0000000742400000, 0x0000000742400000|100%| O|  |TAMS 0x0000000742200000| PB 0x0000000742200000| Untracked 
|  18|0x0000000742400000, 0x0000000742600000, 0x0000000742600000|100%| O|  |TAMS 0x0000000742400000| PB 0x0000000742400000| Untracked 
|  19|0x0000000742600000, 0x0000000742800000, 0x0000000742800000|100%| O|  |TAMS 0x0000000742600000| PB 0x0000000742600000| Untracked 
|  20|0x0000000742800000, 0x0000000742a00000, 0x0000000742a00000|100%| O|  |TAMS 0x0000000742800000| PB 0x0000000742800000| Untracked 
|  21|0x0000000742a00000, 0x0000000742c00000, 0x0000000742c00000|100%| O|  |TAMS 0x0000000742a00000| PB 0x0000000742a00000| Untracked 
|  22|0x0000000742c00000, 0x0000000742e00000, 0x0000000742e00000|100%| O|  |TAMS 0x0000000742c00000| PB 0x0000000742c00000| Untracked 
|  23|0x0000000742e00000, 0x0000000743000000, 0x0000000743000000|100%| O|  |TAMS 0x0000000742e00000| PB 0x0000000742e00000| Untracked 
|  24|0x0000000743000000, 0x0000000743200000, 0x0000000743200000|100%| O|  |TAMS 0x0000000743000000| PB 0x0000000743000000| Untracked 
|  25|0x0000000743200000, 0x0000000743400000, 0x0000000743400000|100%| O|  |TAMS 0x0000000743200000| PB 0x0000000743200000| Untracked 
|  26|0x0000000743400000, 0x0000000743600000, 0x0000000743600000|100%| O|  |TAMS 0x0000000743400000| PB 0x0000000743400000| Untracked 
|  27|0x0000000743600000, 0x0000000743800000, 0x0000000743800000|100%| O|  |TAMS 0x0000000743600000| PB 0x0000000743600000| Untracked 
|  28|0x0000000743800000, 0x0000000743a00000, 0x0000000743a00000|100%| O|  |TAMS 0x0000000743800000| PB 0x0000000743800000| Untracked 
|  29|0x0000000743a00000, 0x0000000743c00000, 0x0000000743c00000|100%| O|  |TAMS 0x0000000743a00000| PB 0x0000000743a00000| Untracked 
|  30|0x0000000743c00000, 0x0000000743e00000, 0x0000000743e00000|100%| O|  |TAMS 0x0000000743c00000| PB 0x0000000743c00000| Untracked 
|  31|0x0000000743e00000, 0x0000000744000000, 0x0000000744000000|100%| O|  |TAMS 0x0000000743e00000| PB 0x0000000743e00000| Untracked 
|  32|0x0000000744000000, 0x0000000744200000, 0x0000000744200000|100%| O|  |TAMS 0x0000000744000000| PB 0x0000000744000000| Untracked 
|  33|0x0000000744200000, 0x0000000744400000, 0x0000000744400000|100%| O|  |TAMS 0x0000000744200000| PB 0x0000000744200000| Untracked 
|  34|0x0000000744400000, 0x0000000744600000, 0x0000000744600000|100%| O|  |TAMS 0x0000000744400000| PB 0x0000000744400000| Untracked 
|  35|0x0000000744600000, 0x0000000744800000, 0x0000000744800000|100%| O|  |TAMS 0x0000000744600000| PB 0x0000000744600000| Untracked 
|  36|0x0000000744800000, 0x0000000744a00000, 0x0000000744a00000|100%| O|  |TAMS 0x0000000744800000| PB 0x0000000744800000| Untracked 
|  37|0x0000000744a00000, 0x0000000744c00000, 0x0000000744c00000|100%| O|  |TAMS 0x0000000744a00000| PB 0x0000000744a00000| Untracked 
|  38|0x0000000744c00000, 0x0000000744e00000, 0x0000000744e00000|100%| O|  |TAMS 0x0000000744c00000| PB 0x0000000744c00000| Untracked 
|  39|0x0000000744e00000, 0x0000000745000000, 0x0000000745000000|100%| O|  |TAMS 0x0000000744e00000| PB 0x0000000744e00000| Untracked 
|  40|0x0000000745000000, 0x0000000745200000, 0x0000000745200000|100%| O|  |TAMS 0x0000000745000000| PB 0x0000000745000000| Untracked 
|  41|0x0000000745200000, 0x0000000745400000, 0x0000000745400000|100%| O|  |TAMS 0x0000000745200000| PB 0x0000000745200000| Untracked 
|  42|0x0000000745400000, 0x0000000745600000, 0x0000000745600000|100%| O|  |TAMS 0x0000000745400000| PB 0x0000000745400000| Untracked 
|  43|0x0000000745600000, 0x0000000745800000, 0x0000000745800000|100%| O|  |TAMS 0x0000000745600000| PB 0x0000000745600000| Untracked 
|  44|0x0000000745800000, 0x0000000745a00000, 0x0000000745a00000|100%| O|  |TAMS 0x0000000745800000| PB 0x0000000745800000| Untracked 
|  45|0x0000000745a00000, 0x0000000745c00000, 0x0000000745c00000|100%| O|  |TAMS 0x0000000745a00000| PB 0x0000000745a00000| Untracked 
|  46|0x0000000745c00000, 0x0000000745e00000, 0x0000000745e00000|100%| O|  |TAMS 0x0000000745c00000| PB 0x0000000745c00000| Untracked 
|  47|0x0000000745e00000, 0x0000000746000000, 0x0000000746000000|100%| O|  |TAMS 0x0000000745e00000| PB 0x0000000745e00000| Untracked 
|  48|0x0000000746000000, 0x0000000746200000, 0x0000000746200000|100%| O|  |TAMS 0x0000000746000000| PB 0x0000000746000000| Untracked 
|  49|0x0000000746200000, 0x0000000746400000, 0x0000000746400000|100%| O|  |TAMS 0x0000000746200000| PB 0x0000000746200000| Untracked 
|  50|0x0000000746400000, 0x0000000746600000, 0x0000000746600000|100%| O|  |TAMS 0x0000000746400000| PB 0x0000000746400000| Untracked 
|  51|0x0000000746600000, 0x0000000746800000, 0x0000000746800000|100%| O|  |TAMS 0x0000000746600000| PB 0x0000000746600000| Untracked 
|  52|0x0000000746800000, 0x0000000746a00000, 0x0000000746a00000|100%| O|  |TAMS 0x0000000746800000| PB 0x0000000746800000| Untracked 
|  53|0x0000000746a00000, 0x0000000746c00000, 0x0000000746c00000|100%| O|  |TAMS 0x0000000746a00000| PB 0x0000000746a00000| Untracked 
|  54|0x0000000746c00000, 0x0000000746e00000, 0x0000000746e00000|100%| O|  |TAMS 0x0000000746c00000| PB 0x0000000746c00000| Untracked 
|  55|0x0000000746e00000, 0x0000000747000000, 0x0000000747000000|100%| O|  |TAMS 0x0000000746e00000| PB 0x0000000746e00000| Untracked 
|  56|0x0000000747000000, 0x0000000747200000, 0x0000000747200000|100%| O|  |TAMS 0x0000000747000000| PB 0x0000000747000000| Untracked 
|  57|0x0000000747200000, 0x0000000747400000, 0x0000000747400000|100%| O|  |TAMS 0x0000000747200000| PB 0x0000000747200000| Untracked 
|  58|0x0000000747400000, 0x0000000747600000, 0x0000000747600000|100%| O|  |TAMS 0x0000000747400000| PB 0x0000000747400000| Untracked 
|  59|0x0000000747600000, 0x0000000747800000, 0x0000000747800000|100%| O|  |TAMS 0x0000000747600000| PB 0x0000000747600000| Untracked 
|  60|0x0000000747800000, 0x0000000747a00000, 0x0000000747a00000|100%| O|  |TAMS 0x0000000747800000| PB 0x0000000747800000| Untracked 
|  61|0x0000000747a00000, 0x0000000747c00000, 0x0000000747c00000|100%| O|  |TAMS 0x0000000747a00000| PB 0x0000000747a00000| Untracked 
|  62|0x0000000747c00000, 0x0000000747e00000, 0x0000000747e00000|100%| O|Cm|TAMS 0x0000000747c00000| PB 0x0000000747c00000| Complete 
|  63|0x0000000747e00000, 0x0000000748000000, 0x0000000748000000|100%|HS|  |TAMS 0x0000000747e00000| PB 0x0000000747e00000| Complete 
|  64|0x0000000748000000, 0x0000000748200000, 0x0000000748200000|100%| O|  |TAMS 0x0000000748000000| PB 0x0000000748000000| Untracked 
|  65|0x0000000748200000, 0x0000000748400000, 0x0000000748400000|100%| O|Cm|TAMS 0x0000000748200000| PB 0x0000000748200000| Complete 
|  66|0x0000000748400000, 0x0000000748600000, 0x0000000748600000|100%|HS|  |TAMS 0x0000000748400000| PB 0x0000000748400000| Complete 
|  67|0x0000000748600000, 0x0000000748800000, 0x0000000748800000|100%| O|  |TAMS 0x0000000748600000| PB 0x0000000748600000| Untracked 
|  68|0x0000000748800000, 0x0000000748a00000, 0x0000000748a00000|100%|HS|  |TAMS 0x0000000748800000| PB 0x0000000748800000| Complete 
|  69|0x0000000748a00000, 0x0000000748c00000, 0x0000000748c00000|100%| O|  |TAMS 0x0000000748a00000| PB 0x0000000748a00000| Untracked 
|  70|0x0000000748c00000, 0x0000000748e00000, 0x0000000748e00000|100%|HS|  |TAMS 0x0000000748c00000| PB 0x0000000748c00000| Complete 
|  71|0x0000000748e00000, 0x0000000749000000, 0x0000000749000000|100%| O|  |TAMS 0x0000000748e00000| PB 0x0000000748e00000| Untracked 
|  72|0x0000000749000000, 0x0000000749200000, 0x0000000749200000|100%| O|  |TAMS 0x0000000749000000| PB 0x0000000749000000| Untracked 
|  73|0x0000000749200000, 0x0000000749400000, 0x0000000749400000|100%| O|  |TAMS 0x0000000749200000| PB 0x0000000749200000| Untracked 
|  74|0x0000000749400000, 0x0000000749600000, 0x0000000749600000|100%| O|  |TAMS 0x0000000749400000| PB 0x0000000749400000| Untracked 
|  75|0x0000000749600000, 0x0000000749800000, 0x0000000749800000|100%| O|  |TAMS 0x0000000749600000| PB 0x0000000749600000| Untracked 
|  76|0x0000000749800000, 0x0000000749a00000, 0x0000000749a00000|100%| O|  |TAMS 0x0000000749800000| PB 0x0000000749800000| Untracked 
|  77|0x0000000749a00000, 0x0000000749c00000, 0x0000000749c00000|100%| O|  |TAMS 0x0000000749a00000| PB 0x0000000749a00000| Untracked 
|  78|0x0000000749c00000, 0x0000000749e00000, 0x0000000749e00000|100%| O|  |TAMS 0x0000000749c00000| PB 0x0000000749c00000| Untracked 
|  79|0x0000000749e00000, 0x000000074a000000, 0x000000074a000000|100%| O|  |TAMS 0x0000000749e00000| PB 0x0000000749e00000| Untracked 
|  80|0x000000074a000000, 0x000000074a200000, 0x000000074a200000|100%| O|  |TAMS 0x000000074a000000| PB 0x000000074a000000| Untracked 
|  81|0x000000074a200000, 0x000000074a400000, 0x000000074a400000|100%| O|  |TAMS 0x000000074a200000| PB 0x000000074a200000| Untracked 
|  82|0x000000074a400000, 0x000000074a600000, 0x000000074a600000|100%| O|  |TAMS 0x000000074a400000| PB 0x000000074a400000| Untracked 
|  83|0x000000074a600000, 0x000000074a800000, 0x000000074a800000|100%| O|  |TAMS 0x000000074a600000| PB 0x000000074a600000| Untracked 
|  84|0x000000074a800000, 0x000000074aa00000, 0x000000074aa00000|100%| O|  |TAMS 0x000000074a800000| PB 0x000000074a800000| Untracked 
|  85|0x000000074aa00000, 0x000000074ac00000, 0x000000074ac00000|100%| O|  |TAMS 0x000000074aa00000| PB 0x000000074aa00000| Untracked 
|  86|0x000000074ac00000, 0x000000074ae00000, 0x000000074ae00000|100%| O|  |TAMS 0x000000074ac00000| PB 0x000000074ac00000| Untracked 
|  87|0x000000074ae00000, 0x000000074b000000, 0x000000074b000000|100%| O|  |TAMS 0x000000074ae00000| PB 0x000000074ae00000| Untracked 
|  88|0x000000074b000000, 0x000000074b200000, 0x000000074b200000|100%| O|  |TAMS 0x000000074b000000| PB 0x000000074b000000| Untracked 
|  89|0x000000074b200000, 0x000000074b400000, 0x000000074b400000|100%| O|  |TAMS 0x000000074b200000| PB 0x000000074b200000| Untracked 
|  90|0x000000074b400000, 0x000000074b600000, 0x000000074b600000|100%| O|  |TAMS 0x000000074b400000| PB 0x000000074b400000| Untracked 
|  91|0x000000074b600000, 0x000000074b800000, 0x000000074b800000|100%| O|  |TAMS 0x000000074b600000| PB 0x000000074b600000| Untracked 
|  92|0x000000074b800000, 0x000000074ba00000, 0x000000074ba00000|100%| O|  |TAMS 0x000000074b800000| PB 0x000000074b800000| Untracked 
|  93|0x000000074ba00000, 0x000000074bc00000, 0x000000074bc00000|100%| O|  |TAMS 0x000000074ba00000| PB 0x000000074ba00000| Untracked 
|  94|0x000000074bc00000, 0x000000074be00000, 0x000000074be00000|100%| O|  |TAMS 0x000000074bc00000| PB 0x000000074bc00000| Untracked 
|  95|0x000000074be00000, 0x000000074c000000, 0x000000074c000000|100%| O|  |TAMS 0x000000074be00000| PB 0x000000074be00000| Untracked 
|  96|0x000000074c000000, 0x000000074c200000, 0x000000074c200000|100%| O|  |TAMS 0x000000074c000000| PB 0x000000074c000000| Untracked 
|  97|0x000000074c200000, 0x000000074c400000, 0x000000074c400000|100%| O|  |TAMS 0x000000074c200000| PB 0x000000074c200000| Untracked 
|  98|0x000000074c400000, 0x000000074c600000, 0x000000074c600000|100%| O|  |TAMS 0x000000074c400000| PB 0x000000074c400000| Untracked 
|  99|0x000000074c600000, 0x000000074c800000, 0x000000074c800000|100%| O|  |TAMS 0x000000074c600000| PB 0x000000074c600000| Untracked 
| 100|0x000000074c800000, 0x000000074ca00000, 0x000000074ca00000|100%| O|  |TAMS 0x000000074c800000| PB 0x000000074c800000| Untracked 
| 101|0x000000074ca00000, 0x000000074cc00000, 0x000000074cc00000|100%| O|  |TAMS 0x000000074ca00000| PB 0x000000074ca00000| Untracked 
| 102|0x000000074cc00000, 0x000000074ce00000, 0x000000074ce00000|100%| O|  |TAMS 0x000000074cc00000| PB 0x000000074cc00000| Untracked 
| 103|0x000000074ce00000, 0x000000074d000000, 0x000000074d000000|100%| O|  |TAMS 0x000000074ce00000| PB 0x000000074ce00000| Untracked 
| 104|0x000000074d000000, 0x000000074d200000, 0x000000074d200000|100%| O|  |TAMS 0x000000074d000000| PB 0x000000074d000000| Untracked 
| 105|0x000000074d200000, 0x000000074d400000, 0x000000074d400000|100%| O|  |TAMS 0x000000074d200000| PB 0x000000074d200000| Untracked 
| 106|0x000000074d400000, 0x000000074d600000, 0x000000074d600000|100%| O|  |TAMS 0x000000074d400000| PB 0x000000074d400000| Untracked 
| 107|0x000000074d600000, 0x000000074d800000, 0x000000074d800000|100%| O|  |TAMS 0x000000074d600000| PB 0x000000074d600000| Untracked 
| 108|0x000000074d800000, 0x000000074da00000, 0x000000074da00000|100%| O|  |TAMS 0x000000074d800000| PB 0x000000074d800000| Untracked 
| 109|0x000000074da00000, 0x000000074dc00000, 0x000000074dc00000|100%| O|  |TAMS 0x000000074da00000| PB 0x000000074da00000| Untracked 
| 110|0x000000074dc00000, 0x000000074de00000, 0x000000074de00000|100%| O|  |TAMS 0x000000074dc00000| PB 0x000000074dc00000| Untracked 
| 111|0x000000074de00000, 0x000000074e000000, 0x000000074e000000|100%| O|  |TAMS 0x000000074de00000| PB 0x000000074de00000| Untracked 
| 112|0x000000074e000000, 0x000000074e200000, 0x000000074e200000|100%| O|  |TAMS 0x000000074e000000| PB 0x000000074e000000| Untracked 
| 113|0x000000074e200000, 0x000000074e400000, 0x000000074e400000|100%|HS|  |TAMS 0x000000074e200000| PB 0x000000074e200000| Complete 
| 114|0x000000074e400000, 0x000000074e600000, 0x000000074e600000|100%| O|  |TAMS 0x000000074e400000| PB 0x000000074e400000| Untracked 
| 115|0x000000074e600000, 0x000000074e800000, 0x000000074e800000|100%| O|  |TAMS 0x000000074e600000| PB 0x000000074e600000| Untracked 
| 116|0x000000074e800000, 0x000000074ea00000, 0x000000074ea00000|100%| O|  |TAMS 0x000000074e800000| PB 0x000000074e800000| Untracked 
| 117|0x000000074ea00000, 0x000000074ec00000, 0x000000074ec00000|100%| O|  |TAMS 0x000000074ea00000| PB 0x000000074ea00000| Untracked 
| 118|0x000000074ec00000, 0x000000074ee00000, 0x000000074ee00000|100%| O|  |TAMS 0x000000074ec00000| PB 0x000000074ec00000| Untracked 
| 119|0x000000074ee00000, 0x000000074f000000, 0x000000074f000000|100%| O|  |TAMS 0x000000074ee00000| PB 0x000000074ee00000| Untracked 
| 120|0x000000074f000000, 0x000000074f200000, 0x000000074f200000|100%| O|  |TAMS 0x000000074f000000| PB 0x000000074f000000| Untracked 
| 121|0x000000074f200000, 0x000000074f400000, 0x000000074f400000|100%| O|Cm|TAMS 0x000000074f200000| PB 0x000000074f200000| Complete 
| 122|0x000000074f400000, 0x000000074f600000, 0x000000074f600000|100%| O|  |TAMS 0x000000074f400000| PB 0x000000074f400000| Untracked 
| 123|0x000000074f600000, 0x000000074f800000, 0x000000074f800000|100%| O|  |TAMS 0x000000074f600000| PB 0x000000074f600000| Untracked 
| 124|0x000000074f800000, 0x000000074fa00000, 0x000000074fa00000|100%| O|  |TAMS 0x000000074f800000| PB 0x000000074f800000| Untracked 
| 125|0x000000074fa00000, 0x000000074fc00000, 0x000000074fc00000|100%| O|  |TAMS 0x000000074fa00000| PB 0x000000074fa00000| Untracked 
| 126|0x000000074fc00000, 0x000000074fe00000, 0x000000074fe00000|100%| O|  |TAMS 0x000000074fc00000| PB 0x000000074fc00000| Untracked 
| 127|0x000000074fe00000, 0x0000000750000000, 0x0000000750000000|100%| O|  |TAMS 0x000000074fe00000| PB 0x000000074fe00000| Untracked 
| 128|0x0000000750000000, 0x0000000750200000, 0x0000000750200000|100%| O|  |TAMS 0x0000000750000000| PB 0x0000000750000000| Untracked 
| 129|0x0000000750200000, 0x0000000750400000, 0x0000000750400000|100%| O|  |TAMS 0x0000000750200000| PB 0x0000000750200000| Untracked 
| 130|0x0000000750400000, 0x0000000750600000, 0x0000000750600000|100%| O|  |TAMS 0x0000000750400000| PB 0x0000000750400000| Untracked 
| 131|0x0000000750600000, 0x0000000750800000, 0x0000000750800000|100%| O|  |TAMS 0x0000000750600000| PB 0x0000000750600000| Untracked 
| 132|0x0000000750800000, 0x0000000750a00000, 0x0000000750a00000|100%| O|  |TAMS 0x0000000750800000| PB 0x0000000750800000| Untracked 
| 133|0x0000000750a00000, 0x0000000750c00000, 0x0000000750c00000|100%| O|  |TAMS 0x0000000750a00000| PB 0x0000000750a00000| Untracked 
| 134|0x0000000750c00000, 0x0000000750e00000, 0x0000000750e00000|100%| O|  |TAMS 0x0000000750c00000| PB 0x0000000750c00000| Untracked 
| 135|0x0000000750e00000, 0x0000000751000000, 0x0000000751000000|100%| O|  |TAMS 0x0000000750e00000| PB 0x0000000750e00000| Untracked 
| 136|0x0000000751000000, 0x0000000751200000, 0x0000000751200000|100%| O|  |TAMS 0x0000000751000000| PB 0x0000000751000000| Untracked 
| 137|0x0000000751200000, 0x0000000751400000, 0x0000000751400000|100%| O|  |TAMS 0x0000000751200000| PB 0x0000000751200000| Untracked 
| 138|0x0000000751400000, 0x0000000751600000, 0x0000000751600000|100%| O|  |TAMS 0x0000000751400000| PB 0x0000000751400000| Untracked 
| 139|0x0000000751600000, 0x0000000751800000, 0x0000000751800000|100%| O|  |TAMS 0x0000000751600000| PB 0x0000000751600000| Untracked 
| 140|0x0000000751800000, 0x0000000751a00000, 0x0000000751a00000|100%| O|  |TAMS 0x0000000751800000| PB 0x0000000751800000| Untracked 
| 141|0x0000000751a00000, 0x0000000751c00000, 0x0000000751c00000|100%| O|  |TAMS 0x0000000751a00000| PB 0x0000000751a00000| Untracked 
| 142|0x0000000751c00000, 0x0000000751e00000, 0x0000000751e00000|100%| O|  |TAMS 0x0000000751c00000| PB 0x0000000751c00000| Untracked 
| 143|0x0000000751e00000, 0x0000000752000000, 0x0000000752000000|100%| O|  |TAMS 0x0000000751e00000| PB 0x0000000751e00000| Untracked 
| 144|0x0000000752000000, 0x0000000752200000, 0x0000000752200000|100%| O|  |TAMS 0x0000000752000000| PB 0x0000000752000000| Untracked 
| 145|0x0000000752200000, 0x0000000752400000, 0x0000000752400000|100%| O|  |TAMS 0x0000000752200000| PB 0x0000000752200000| Untracked 
| 146|0x0000000752400000, 0x0000000752600000, 0x0000000752600000|100%| O|  |TAMS 0x0000000752400000| PB 0x0000000752400000| Untracked 
| 147|0x0000000752600000, 0x0000000752800000, 0x0000000752800000|100%| O|Cm|TAMS 0x0000000752600000| PB 0x0000000752600000| Complete 
| 148|0x0000000752800000, 0x0000000752a00000, 0x0000000752a00000|100%| O|Cm|TAMS 0x0000000752800000| PB 0x0000000752800000| Complete 
| 149|0x0000000752a00000, 0x0000000752c00000, 0x0000000752c00000|100%| O|  |TAMS 0x0000000752a00000| PB 0x0000000752a00000| Untracked 
| 150|0x0000000752c00000, 0x0000000752e00000, 0x0000000752e00000|100%| O|  |TAMS 0x0000000752c00000| PB 0x0000000752c00000| Untracked 
| 151|0x0000000752e00000, 0x0000000753000000, 0x0000000753000000|100%| O|  |TAMS 0x0000000752e00000| PB 0x0000000752e00000| Untracked 
| 152|0x0000000753000000, 0x0000000753200000, 0x0000000753200000|100%| O|  |TAMS 0x0000000753000000| PB 0x0000000753000000| Untracked 
| 153|0x0000000753200000, 0x0000000753400000, 0x0000000753400000|100%| O|  |TAMS 0x0000000753200000| PB 0x0000000753200000| Untracked 
| 154|0x0000000753400000, 0x0000000753600000, 0x0000000753600000|100%| O|  |TAMS 0x0000000753400000| PB 0x0000000753400000| Untracked 
| 155|0x0000000753600000, 0x0000000753800000, 0x0000000753800000|100%| O|  |TAMS 0x0000000753600000| PB 0x0000000753600000| Untracked 
| 156|0x0000000753800000, 0x0000000753a00000, 0x0000000753a00000|100%| O|  |TAMS 0x0000000753800000| PB 0x0000000753800000| Untracked 
| 157|0x0000000753a00000, 0x0000000753c00000, 0x0000000753c00000|100%| O|  |TAMS 0x0000000753a00000| PB 0x0000000753a00000| Untracked 
| 158|0x0000000753c00000, 0x0000000753e00000, 0x0000000753e00000|100%| O|  |TAMS 0x0000000753c00000| PB 0x0000000753c00000| Untracked 
| 159|0x0000000753e00000, 0x0000000754000000, 0x0000000754000000|100%| O|  |TAMS 0x0000000753e00000| PB 0x0000000753e00000| Untracked 
| 160|0x0000000754000000, 0x0000000754200000, 0x0000000754200000|100%| O|  |TAMS 0x0000000754000000| PB 0x0000000754000000| Untracked 
| 161|0x0000000754200000, 0x0000000754400000, 0x0000000754400000|100%| O|Cm|TAMS 0x0000000754200000| PB 0x0000000754200000| Complete 
| 162|0x0000000754400000, 0x0000000754600000, 0x0000000754600000|100%| O|  |TAMS 0x0000000754400000| PB 0x0000000754400000| Untracked 
| 163|0x0000000754600000, 0x0000000754800000, 0x0000000754800000|100%| O|  |TAMS 0x0000000754600000| PB 0x0000000754600000| Untracked 
| 164|0x0000000754800000, 0x0000000754a00000, 0x0000000754a00000|100%| O|  |TAMS 0x0000000754800000| PB 0x0000000754800000| Untracked 
| 165|0x0000000754a00000, 0x0000000754c00000, 0x0000000754c00000|100%| O|  |TAMS 0x0000000754a00000| PB 0x0000000754a00000| Untracked 
| 166|0x0000000754c00000, 0x0000000754e00000, 0x0000000754e00000|100%| O|  |TAMS 0x0000000754c00000| PB 0x0000000754c00000| Untracked 
| 167|0x0000000754e00000, 0x0000000755000000, 0x0000000755000000|100%| O|  |TAMS 0x0000000754e00000| PB 0x0000000754e00000| Untracked 
| 168|0x0000000755000000, 0x0000000755200000, 0x0000000755200000|100%| O|  |TAMS 0x0000000755000000| PB 0x0000000755000000| Untracked 
| 169|0x0000000755200000, 0x0000000755400000, 0x0000000755400000|100%| O|  |TAMS 0x0000000755200000| PB 0x0000000755200000| Untracked 
| 170|0x0000000755400000, 0x0000000755600000, 0x0000000755600000|100%| O|  |TAMS 0x0000000755400000| PB 0x0000000755400000| Untracked 
| 171|0x0000000755600000, 0x0000000755800000, 0x0000000755800000|100%| O|  |TAMS 0x0000000755600000| PB 0x0000000755600000| Untracked 
| 172|0x0000000755800000, 0x0000000755a00000, 0x0000000755a00000|100%| O|  |TAMS 0x0000000755800000| PB 0x0000000755800000| Untracked 
| 173|0x0000000755a00000, 0x0000000755c00000, 0x0000000755c00000|100%| O|  |TAMS 0x0000000755a00000| PB 0x0000000755a00000| Untracked 
| 174|0x0000000755c00000, 0x0000000755e00000, 0x0000000755e00000|100%| O|  |TAMS 0x0000000755c00000| PB 0x0000000755c00000| Untracked 
| 175|0x0000000755e00000, 0x0000000756000000, 0x0000000756000000|100%| O|  |TAMS 0x0000000755e00000| PB 0x0000000755e00000| Untracked 
| 176|0x0000000756000000, 0x0000000756200000, 0x0000000756200000|100%| O|  |TAMS 0x0000000756000000| PB 0x0000000756000000| Untracked 
| 177|0x0000000756200000, 0x0000000756400000, 0x0000000756400000|100%| O|  |TAMS 0x0000000756200000| PB 0x0000000756200000| Untracked 
| 178|0x0000000756400000, 0x0000000756600000, 0x0000000756600000|100%| O|  |TAMS 0x0000000756400000| PB 0x0000000756400000| Untracked 
| 179|0x0000000756600000, 0x0000000756800000, 0x0000000756800000|100%| O|  |TAMS 0x0000000756600000| PB 0x0000000756600000| Untracked 
| 180|0x0000000756800000, 0x0000000756a00000, 0x0000000756a00000|100%| O|  |TAMS 0x0000000756800000| PB 0x0000000756800000| Untracked 
| 181|0x0000000756a00000, 0x0000000756c00000, 0x0000000756c00000|100%| O|  |TAMS 0x0000000756a00000| PB 0x0000000756a00000| Untracked 
| 182|0x0000000756c00000, 0x0000000756e00000, 0x0000000756e00000|100%| O|  |TAMS 0x0000000756c00000| PB 0x0000000756c00000| Untracked 
| 183|0x0000000756e00000, 0x0000000757000000, 0x0000000757000000|100%| O|  |TAMS 0x0000000756e00000| PB 0x0000000756e00000| Untracked 
| 184|0x0000000757000000, 0x0000000757200000, 0x0000000757200000|100%| O|  |TAMS 0x0000000757000000| PB 0x0000000757000000| Untracked 
| 185|0x0000000757200000, 0x0000000757400000, 0x0000000757400000|100%| O|  |TAMS 0x0000000757200000| PB 0x0000000757200000| Untracked 
| 186|0x0000000757400000, 0x0000000757600000, 0x0000000757600000|100%| O|  |TAMS 0x0000000757400000| PB 0x0000000757400000| Untracked 
| 187|0x0000000757600000, 0x0000000757800000, 0x0000000757800000|100%| O|  |TAMS 0x0000000757600000| PB 0x0000000757600000| Untracked 
| 188|0x0000000757800000, 0x0000000757a00000, 0x0000000757a00000|100%| O|  |TAMS 0x0000000757800000| PB 0x0000000757800000| Untracked 
| 189|0x0000000757a00000, 0x0000000757c00000, 0x0000000757c00000|100%| O|  |TAMS 0x0000000757a00000| PB 0x0000000757a00000| Untracked 
| 190|0x0000000757c00000, 0x0000000757e00000, 0x0000000757e00000|100%| O|  |TAMS 0x0000000757c00000| PB 0x0000000757c00000| Untracked 
| 191|0x0000000757e00000, 0x0000000758000000, 0x0000000758000000|100%| O|  |TAMS 0x0000000757e00000| PB 0x0000000757e00000| Untracked 
| 192|0x0000000758000000, 0x0000000758200000, 0x0000000758200000|100%| O|  |TAMS 0x0000000758000000| PB 0x0000000758000000| Untracked 
| 193|0x0000000758200000, 0x0000000758400000, 0x0000000758400000|100%| O|Cm|TAMS 0x0000000758200000| PB 0x0000000758200000| Complete 
| 194|0x0000000758400000, 0x0000000758600000, 0x0000000758600000|100%| O|  |TAMS 0x0000000758400000| PB 0x0000000758400000| Untracked 
| 195|0x0000000758600000, 0x0000000758800000, 0x0000000758800000|100%| O|  |TAMS 0x0000000758600000| PB 0x0000000758600000| Untracked 
| 196|0x0000000758800000, 0x0000000758a00000, 0x0000000758a00000|100%| O|Cm|TAMS 0x0000000758800000| PB 0x0000000758800000| Complete 
| 197|0x0000000758a00000, 0x0000000758c00000, 0x0000000758c00000|100%| O|  |TAMS 0x0000000758a00000| PB 0x0000000758a00000| Untracked 
| 198|0x0000000758c00000, 0x0000000758e00000, 0x0000000758e00000|100%| O|  |TAMS 0x0000000758c00000| PB 0x0000000758c00000| Untracked 
| 199|0x0000000758e00000, 0x0000000759000000, 0x0000000759000000|100%| O|  |TAMS 0x0000000758e00000| PB 0x0000000758e00000| Untracked 
| 200|0x0000000759000000, 0x0000000759200000, 0x0000000759200000|100%| O|  |TAMS 0x0000000759000000| PB 0x0000000759000000| Untracked 
| 201|0x0000000759200000, 0x0000000759400000, 0x0000000759400000|100%| O|  |TAMS 0x0000000759200000| PB 0x0000000759200000| Untracked 
| 202|0x0000000759400000, 0x0000000759600000, 0x0000000759600000|100%| O|  |TAMS 0x0000000759400000| PB 0x0000000759400000| Untracked 
| 203|0x0000000759600000, 0x0000000759800000, 0x0000000759800000|100%| O|Cm|TAMS 0x0000000759600000| PB 0x0000000759600000| Complete 
| 204|0x0000000759800000, 0x0000000759a00000, 0x0000000759a00000|100%|HS|  |TAMS 0x0000000759800000| PB 0x0000000759800000| Complete 
| 205|0x0000000759a00000, 0x0000000759c00000, 0x0000000759c00000|100%|HC|  |TAMS 0x0000000759a00000| PB 0x0000000759a00000| Complete 
| 206|0x0000000759c00000, 0x0000000759e00000, 0x0000000759e00000|100%|HC|  |TAMS 0x0000000759c00000| PB 0x0000000759c00000| Complete 
| 207|0x0000000759e00000, 0x000000075a000000, 0x000000075a000000|100%|HC|  |TAMS 0x0000000759e00000| PB 0x0000000759e00000| Complete 
| 208|0x000000075a000000, 0x000000075a200000, 0x000000075a200000|100%| O|  |TAMS 0x000000075a000000| PB 0x000000075a000000| Untracked 
| 209|0x000000075a200000, 0x000000075a400000, 0x000000075a400000|100%| O|  |TAMS 0x000000075a200000| PB 0x000000075a200000| Untracked 
| 210|0x000000075a400000, 0x000000075a600000, 0x000000075a600000|100%| O|Cm|TAMS 0x000000075a400000| PB 0x000000075a400000| Complete 
| 211|0x000000075a600000, 0x000000075a800000, 0x000000075a800000|100%| O|  |TAMS 0x000000075a600000| PB 0x000000075a600000| Untracked 
| 212|0x000000075a800000, 0x000000075aa00000, 0x000000075aa00000|100%| O|  |TAMS 0x000000075a800000| PB 0x000000075a800000| Untracked 
| 213|0x000000075aa00000, 0x000000075ac00000, 0x000000075ac00000|100%| O|  |TAMS 0x000000075aa00000| PB 0x000000075aa00000| Untracked 
| 214|0x000000075ac00000, 0x000000075ae00000, 0x000000075ae00000|100%| O|  |TAMS 0x000000075ac00000| PB 0x000000075ac00000| Untracked 
| 215|0x000000075ae00000, 0x000000075b000000, 0x000000075b000000|100%| O|  |TAMS 0x000000075ae00000| PB 0x000000075ae00000| Untracked 
| 216|0x000000075b000000, 0x000000075b200000, 0x000000075b200000|100%| O|  |TAMS 0x000000075b000000| PB 0x000000075b000000| Untracked 
| 217|0x000000075b200000, 0x000000075b400000, 0x000000075b400000|100%| O|  |TAMS 0x000000075b200000| PB 0x000000075b200000| Untracked 
| 218|0x000000075b400000, 0x000000075b600000, 0x000000075b600000|100%| O|Cm|TAMS 0x000000075b400000| PB 0x000000075b400000| Complete 
| 219|0x000000075b600000, 0x000000075b800000, 0x000000075b800000|100%| O|  |TAMS 0x000000075b600000| PB 0x000000075b600000| Untracked 
| 220|0x000000075b800000, 0x000000075ba00000, 0x000000075ba00000|100%| O|Cm|TAMS 0x000000075b800000| PB 0x000000075b800000| Complete 
| 221|0x000000075ba00000, 0x000000075bc00000, 0x000000075bc00000|100%| O|Cm|TAMS 0x000000075ba00000| PB 0x000000075ba00000| Complete 
| 222|0x000000075bc00000, 0x000000075be00000, 0x000000075be00000|100%| O|  |TAMS 0x000000075bc00000| PB 0x000000075bc00000| Untracked 
| 223|0x000000075be00000, 0x000000075c000000, 0x000000075c000000|100%| O|  |TAMS 0x000000075be00000| PB 0x000000075be00000| Untracked 
| 224|0x000000075c000000, 0x000000075c200000, 0x000000075c200000|100%| O|  |TAMS 0x000000075c000000| PB 0x000000075c000000| Untracked 
| 225|0x000000075c200000, 0x000000075c400000, 0x000000075c400000|100%| O|  |TAMS 0x000000075c200000| PB 0x000000075c200000| Untracked 
| 226|0x000000075c400000, 0x000000075c600000, 0x000000075c600000|100%| O|  |TAMS 0x000000075c400000| PB 0x000000075c400000| Untracked 
| 227|0x000000075c600000, 0x000000075c800000, 0x000000075c800000|100%| O|  |TAMS 0x000000075c600000| PB 0x000000075c600000| Untracked 
| 228|0x000000075c800000, 0x000000075ca00000, 0x000000075ca00000|100%| O|  |TAMS 0x000000075c800000| PB 0x000000075c800000| Untracked 
| 229|0x000000075ca00000, 0x000000075cb88940, 0x000000075cc00000| 76%| O|  |TAMS 0x000000075ca00000| PB 0x000000075ca00000| Untracked 
| 230|0x000000075cc00000, 0x000000075cc00000, 0x000000075ce00000|  0%| F|  |TAMS 0x000000075cc00000| PB 0x000000075cc00000| Untracked 
| 231|0x000000075ce00000, 0x000000075ce00000, 0x000000075d000000|  0%| F|  |TAMS 0x000000075ce00000| PB 0x000000075ce00000| Untracked 
| 232|0x000000075d000000, 0x000000075d000000, 0x000000075d200000|  0%| F|  |TAMS 0x000000075d000000| PB 0x000000075d000000| Untracked 
| 233|0x000000075d200000, 0x000000075d200000, 0x000000075d400000|  0%| F|  |TAMS 0x000000075d200000| PB 0x000000075d200000| Untracked 
| 234|0x000000075d400000, 0x000000075d400000, 0x000000075d600000|  0%| F|  |TAMS 0x000000075d400000| PB 0x000000075d400000| Untracked 
| 235|0x000000075d600000, 0x000000075d600000, 0x000000075d800000|  0%| F|  |TAMS 0x000000075d600000| PB 0x000000075d600000| Untracked 
| 236|0x000000075d800000, 0x000000075d800000, 0x000000075da00000|  0%| F|  |TAMS 0x000000075d800000| PB 0x000000075d800000| Untracked 
| 237|0x000000075da00000, 0x000000075da00000, 0x000000075dc00000|  0%| F|  |TAMS 0x000000075da00000| PB 0x000000075da00000| Untracked 
| 238|0x000000075dc00000, 0x000000075dc00000, 0x000000075de00000|  0%| F|  |TAMS 0x000000075dc00000| PB 0x000000075dc00000| Untracked 
| 239|0x000000075de00000, 0x000000075de00000, 0x000000075e000000|  0%| F|  |TAMS 0x000000075de00000| PB 0x000000075de00000| Untracked 
| 240|0x000000075e000000, 0x000000075e000000, 0x000000075e200000|  0%| F|  |TAMS 0x000000075e000000| PB 0x000000075e000000| Untracked 
| 241|0x000000075e200000, 0x000000075e200000, 0x000000075e400000|  0%| F|  |TAMS 0x000000075e200000| PB 0x000000075e200000| Untracked 
| 242|0x000000075e400000, 0x000000075e400000, 0x000000075e600000|  0%| F|  |TAMS 0x000000075e400000| PB 0x000000075e400000| Untracked 
| 243|0x000000075e600000, 0x000000075e600000, 0x000000075e800000|  0%| F|  |TAMS 0x000000075e600000| PB 0x000000075e600000| Untracked 
| 244|0x000000075e800000, 0x000000075e800000, 0x000000075ea00000|  0%| F|  |TAMS 0x000000075e800000| PB 0x000000075e800000| Untracked 
| 245|0x000000075ea00000, 0x000000075ec00000, 0x000000075ec00000|100%| O|Cm|TAMS 0x000000075ea00000| PB 0x000000075ea00000| Complete 
| 246|0x000000075ec00000, 0x000000075ec00000, 0x000000075ee00000|  0%| F|  |TAMS 0x000000075ec00000| PB 0x000000075ec00000| Untracked 
| 247|0x000000075ee00000, 0x000000075ee00000, 0x000000075f000000|  0%| F|  |TAMS 0x000000075ee00000| PB 0x000000075ee00000| Untracked 
| 248|0x000000075f000000, 0x000000075f000000, 0x000000075f200000|  0%| F|  |TAMS 0x000000075f000000| PB 0x000000075f000000| Untracked 
| 249|0x000000075f200000, 0x000000075f200000, 0x000000075f400000|  0%| F|  |TAMS 0x000000075f200000| PB 0x000000075f200000| Untracked 
| 250|0x000000075f400000, 0x000000075f400000, 0x000000075f600000|  0%| F|  |TAMS 0x000000075f400000| PB 0x000000075f400000| Untracked 
| 251|0x000000075f600000, 0x000000075f600000, 0x000000075f800000|  0%| F|  |TAMS 0x000000075f600000| PB 0x000000075f600000| Untracked 
| 252|0x000000075f800000, 0x000000075f800000, 0x000000075fa00000|  0%| F|  |TAMS 0x000000075f800000| PB 0x000000075f800000| Untracked 
| 253|0x000000075fa00000, 0x000000075fa00000, 0x000000075fc00000|  0%| F|  |TAMS 0x000000075fa00000| PB 0x000000075fa00000| Untracked 
| 254|0x000000075fc00000, 0x000000075fc00000, 0x000000075fe00000|  0%| F|  |TAMS 0x000000075fc00000| PB 0x000000075fc00000| Untracked 
| 255|0x000000075fe00000, 0x000000075fe00000, 0x0000000760000000|  0%| F|  |TAMS 0x000000075fe00000| PB 0x000000075fe00000| Untracked 
| 256|0x0000000760000000, 0x0000000760000000, 0x0000000760200000|  0%| F|  |TAMS 0x0000000760000000| PB 0x0000000760000000| Untracked 
| 257|0x0000000760200000, 0x0000000760200000, 0x0000000760400000|  0%| F|  |TAMS 0x0000000760200000| PB 0x0000000760200000| Untracked 
| 258|0x0000000760400000, 0x0000000760600000, 0x0000000760600000|100%|HS|  |TAMS 0x0000000760400000| PB 0x0000000760400000| Complete 
| 259|0x0000000760600000, 0x0000000760800000, 0x0000000760800000|100%|HS|  |TAMS 0x0000000760600000| PB 0x0000000760600000| Complete 
| 260|0x0000000760800000, 0x0000000760800000, 0x0000000760a00000|  0%| F|  |TAMS 0x0000000760800000| PB 0x0000000760800000| Untracked 
| 261|0x0000000760a00000, 0x0000000760a00000, 0x0000000760c00000|  0%| F|  |TAMS 0x0000000760a00000| PB 0x0000000760a00000| Untracked 
| 262|0x0000000760c00000, 0x0000000760c00000, 0x0000000760e00000|  0%| F|  |TAMS 0x0000000760c00000| PB 0x0000000760c00000| Untracked 
| 263|0x0000000760e00000, 0x0000000760e00000, 0x0000000761000000|  0%| F|  |TAMS 0x0000000760e00000| PB 0x0000000760e00000| Untracked 
| 264|0x0000000761000000, 0x0000000761000000, 0x0000000761200000|  0%| F|  |TAMS 0x0000000761000000| PB 0x0000000761000000| Untracked 
| 265|0x0000000761200000, 0x0000000761200000, 0x0000000761400000|  0%| F|  |TAMS 0x0000000761200000| PB 0x0000000761200000| Untracked 
| 266|0x0000000761400000, 0x0000000761400000, 0x0000000761600000|  0%| F|  |TAMS 0x0000000761400000| PB 0x0000000761400000| Untracked 
| 267|0x0000000761600000, 0x0000000761600000, 0x0000000761800000|  0%| F|  |TAMS 0x0000000761600000| PB 0x0000000761600000| Untracked 
| 268|0x0000000761800000, 0x0000000761800000, 0x0000000761a00000|  0%| F|  |TAMS 0x0000000761800000| PB 0x0000000761800000| Untracked 
| 269|0x0000000761a00000, 0x0000000761a00000, 0x0000000761c00000|  0%| F|  |TAMS 0x0000000761a00000| PB 0x0000000761a00000| Untracked 
| 270|0x0000000761c00000, 0x0000000761c00000, 0x0000000761e00000|  0%| F|  |TAMS 0x0000000761c00000| PB 0x0000000761c00000| Untracked 
| 271|0x0000000761e00000, 0x0000000761e00000, 0x0000000762000000|  0%| F|  |TAMS 0x0000000761e00000| PB 0x0000000761e00000| Untracked 
| 272|0x0000000762000000, 0x0000000762000000, 0x0000000762200000|  0%| F|  |TAMS 0x0000000762000000| PB 0x0000000762000000| Untracked 
| 273|0x0000000762200000, 0x0000000762200000, 0x0000000762400000|  0%| F|  |TAMS 0x0000000762200000| PB 0x0000000762200000| Untracked 
| 274|0x0000000762400000, 0x0000000762400000, 0x0000000762600000|  0%| F|  |TAMS 0x0000000762400000| PB 0x0000000762400000| Untracked 
| 275|0x0000000762600000, 0x0000000762600000, 0x0000000762800000|  0%| F|  |TAMS 0x0000000762600000| PB 0x0000000762600000| Untracked 
| 276|0x0000000762800000, 0x0000000762800000, 0x0000000762a00000|  0%| F|  |TAMS 0x0000000762800000| PB 0x0000000762800000| Untracked 
| 277|0x0000000762a00000, 0x0000000762a00000, 0x0000000762c00000|  0%| F|  |TAMS 0x0000000762a00000| PB 0x0000000762a00000| Untracked 
| 278|0x0000000762c00000, 0x0000000762e00000, 0x0000000762e00000|100%| O|Cm|TAMS 0x0000000762c00000| PB 0x0000000762c00000| Complete 
| 279|0x0000000762e00000, 0x0000000763000000, 0x0000000763000000|100%| O|  |TAMS 0x0000000762e00000| PB 0x0000000762e00000| Untracked 
| 280|0x0000000763000000, 0x0000000763000000, 0x0000000763200000|  0%| F|  |TAMS 0x0000000763000000| PB 0x0000000763000000| Untracked 
| 281|0x0000000763200000, 0x0000000763400000, 0x0000000763400000|100%| O|  |TAMS 0x0000000763200000| PB 0x0000000763200000| Untracked 
| 282|0x0000000763400000, 0x0000000763400000, 0x0000000763600000|  0%| F|  |TAMS 0x0000000763400000| PB 0x0000000763400000| Untracked 
| 283|0x0000000763600000, 0x0000000763600000, 0x0000000763800000|  0%| F|  |TAMS 0x0000000763600000| PB 0x0000000763600000| Untracked 
| 284|0x0000000763800000, 0x0000000763800000, 0x0000000763a00000|  0%| F|  |TAMS 0x0000000763800000| PB 0x0000000763800000| Untracked 
| 285|0x0000000763a00000, 0x0000000763a00000, 0x0000000763c00000|  0%| F|  |TAMS 0x0000000763a00000| PB 0x0000000763a00000| Untracked 
| 286|0x0000000763c00000, 0x0000000763c00000, 0x0000000763e00000|  0%| F|  |TAMS 0x0000000763c00000| PB 0x0000000763c00000| Untracked 
| 287|0x0000000763e00000, 0x0000000763e00000, 0x0000000764000000|  0%| F|  |TAMS 0x0000000763e00000| PB 0x0000000763e00000| Untracked 
| 288|0x0000000764000000, 0x0000000764000000, 0x0000000764200000|  0%| F|  |TAMS 0x0000000764000000| PB 0x0000000764000000| Untracked 
| 289|0x0000000764200000, 0x0000000764200000, 0x0000000764400000|  0%| F|  |TAMS 0x0000000764200000| PB 0x0000000764200000| Untracked 
| 290|0x0000000764400000, 0x0000000764400000, 0x0000000764600000|  0%| F|  |TAMS 0x0000000764400000| PB 0x0000000764400000| Untracked 
| 291|0x0000000764600000, 0x0000000764600000, 0x0000000764800000|  0%| F|  |TAMS 0x0000000764600000| PB 0x0000000764600000| Untracked 
| 292|0x0000000764800000, 0x0000000764800000, 0x0000000764a00000|  0%| F|  |TAMS 0x0000000764800000| PB 0x0000000764800000| Untracked 
| 293|0x0000000764a00000, 0x0000000764a00000, 0x0000000764c00000|  0%| F|  |TAMS 0x0000000764a00000| PB 0x0000000764a00000| Untracked 
| 294|0x0000000764c00000, 0x0000000764c00000, 0x0000000764e00000|  0%| F|  |TAMS 0x0000000764c00000| PB 0x0000000764c00000| Untracked 
| 295|0x0000000764e00000, 0x0000000764e00000, 0x0000000765000000|  0%| F|  |TAMS 0x0000000764e00000| PB 0x0000000764e00000| Untracked 
| 296|0x0000000765000000, 0x0000000765000000, 0x0000000765200000|  0%| F|  |TAMS 0x0000000765000000| PB 0x0000000765000000| Untracked 
| 297|0x0000000765200000, 0x0000000765200000, 0x0000000765400000|  0%| F|  |TAMS 0x0000000765200000| PB 0x0000000765200000| Untracked 
| 298|0x0000000765400000, 0x0000000765400000, 0x0000000765600000|  0%| F|  |TAMS 0x0000000765400000| PB 0x0000000765400000| Untracked 
| 299|0x0000000765600000, 0x0000000765600000, 0x0000000765800000|  0%| F|  |TAMS 0x0000000765600000| PB 0x0000000765600000| Untracked 
| 300|0x0000000765800000, 0x0000000765800000, 0x0000000765a00000|  0%| F|  |TAMS 0x0000000765800000| PB 0x0000000765800000| Untracked 
| 301|0x0000000765a00000, 0x0000000765a00000, 0x0000000765c00000|  0%| F|  |TAMS 0x0000000765a00000| PB 0x0000000765a00000| Untracked 
| 302|0x0000000765c00000, 0x0000000765c00000, 0x0000000765e00000|  0%| F|  |TAMS 0x0000000765c00000| PB 0x0000000765c00000| Untracked 
| 303|0x0000000765e00000, 0x0000000765e00000, 0x0000000766000000|  0%| F|  |TAMS 0x0000000765e00000| PB 0x0000000765e00000| Untracked 
| 304|0x0000000766000000, 0x0000000766000000, 0x0000000766200000|  0%| F|  |TAMS 0x0000000766000000| PB 0x0000000766000000| Untracked 
| 305|0x0000000766200000, 0x0000000766400000, 0x0000000766400000|100%| O|  |TAMS 0x0000000766200000| PB 0x0000000766200000| Untracked 
| 306|0x0000000766400000, 0x0000000766600000, 0x0000000766600000|100%| O|  |TAMS 0x0000000766400000| PB 0x0000000766400000| Untracked 
| 307|0x0000000766600000, 0x0000000766600000, 0x0000000766800000|  0%| F|  |TAMS 0x0000000766600000| PB 0x0000000766600000| Untracked 
| 308|0x0000000766800000, 0x0000000766800000, 0x0000000766a00000|  0%| F|  |TAMS 0x0000000766800000| PB 0x0000000766800000| Untracked 
| 309|0x0000000766a00000, 0x0000000766c00000, 0x0000000766c00000|100%| O|  |TAMS 0x0000000766a00000| PB 0x0000000766a00000| Untracked 
| 310|0x0000000766c00000, 0x0000000766d00000, 0x0000000766e00000| 50%| S|CS|TAMS 0x0000000766c00000| PB 0x0000000766c00000| Complete 
| 311|0x0000000766e00000, 0x0000000767000000, 0x0000000767000000|100%| S|CS|TAMS 0x0000000766e00000| PB 0x0000000766e00000| Complete 
| 312|0x0000000767000000, 0x0000000767200000, 0x0000000767200000|100%| S|CS|TAMS 0x0000000767000000| PB 0x0000000767000000| Complete 
| 313|0x0000000767200000, 0x0000000767400000, 0x0000000767400000|100%| O|  |TAMS 0x0000000767200000| PB 0x0000000767200000| Untracked 
| 314|0x0000000767400000, 0x0000000767600000, 0x0000000767600000|100%| S|CS|TAMS 0x0000000767400000| PB 0x0000000767400000| Complete 
| 315|0x0000000767600000, 0x0000000767800000, 0x0000000767800000|100%| O|  |TAMS 0x0000000767600000| PB 0x0000000767600000| Untracked 
| 316|0x0000000767800000, 0x0000000767a00000, 0x0000000767a00000|100%| O|  |TAMS 0x0000000767800000| PB 0x0000000767800000| Untracked 
| 317|0x0000000767a00000, 0x0000000767c00000, 0x0000000767c00000|100%| O|  |TAMS 0x0000000767a00000| PB 0x0000000767a00000| Untracked 
| 318|0x0000000767c00000, 0x0000000767e00000, 0x0000000767e00000|100%| S|CS|TAMS 0x0000000767c00000| PB 0x0000000767c00000| Complete 
| 319|0x0000000767e00000, 0x0000000768000000, 0x0000000768000000|100%| S|CS|TAMS 0x0000000767e00000| PB 0x0000000767e00000| Complete 
| 320|0x0000000768000000, 0x0000000768200000, 0x0000000768200000|100%| O|Cm|TAMS 0x0000000768000000| PB 0x0000000768000000| Complete 
| 321|0x0000000768200000, 0x0000000768400000, 0x0000000768400000|100%| S|CS|TAMS 0x0000000768200000| PB 0x0000000768200000| Complete 
| 322|0x0000000768400000, 0x0000000768600000, 0x0000000768600000|100%| S|CS|TAMS 0x0000000768400000| PB 0x0000000768400000| Complete 
| 323|0x0000000768600000, 0x0000000768800000, 0x0000000768800000|100%| S|CS|TAMS 0x0000000768600000| PB 0x0000000768600000| Complete 
| 324|0x0000000768800000, 0x0000000768a00000, 0x0000000768a00000|100%| S|CS|TAMS 0x0000000768800000| PB 0x0000000768800000| Complete 
| 325|0x0000000768a00000, 0x0000000768c00000, 0x0000000768c00000|100%| S|CS|TAMS 0x0000000768a00000| PB 0x0000000768a00000| Complete 
| 326|0x0000000768c00000, 0x0000000768e00000, 0x0000000768e00000|100%| S|CS|TAMS 0x0000000768c00000| PB 0x0000000768c00000| Complete 
| 327|0x0000000768e00000, 0x0000000769000000, 0x0000000769000000|100%| S|CS|TAMS 0x0000000768e00000| PB 0x0000000768e00000| Complete 
| 328|0x0000000769000000, 0x0000000769200000, 0x0000000769200000|100%| S|CS|TAMS 0x0000000769000000| PB 0x0000000769000000| Complete 
| 329|0x0000000769200000, 0x0000000769400000, 0x0000000769400000|100%| O|  |TAMS 0x0000000769200000| PB 0x0000000769200000| Untracked 
| 330|0x0000000769400000, 0x0000000769600000, 0x0000000769600000|100%| O|  |TAMS 0x0000000769400000| PB 0x0000000769400000| Untracked 
| 331|0x0000000769600000, 0x0000000769800000, 0x0000000769800000|100%| O|  |TAMS 0x0000000769600000| PB 0x0000000769600000| Untracked 
| 332|0x0000000769800000, 0x0000000769a00000, 0x0000000769a00000|100%| O|  |TAMS 0x0000000769800000| PB 0x0000000769800000| Untracked 
| 333|0x0000000769a00000, 0x0000000769c00000, 0x0000000769c00000|100%| S|CS|TAMS 0x0000000769a00000| PB 0x0000000769a00000| Complete 
| 334|0x0000000769c00000, 0x0000000769e00000, 0x0000000769e00000|100%| S|CS|TAMS 0x0000000769c00000| PB 0x0000000769c00000| Complete 
| 335|0x0000000769e00000, 0x000000076a000000, 0x000000076a000000|100%| S|CS|TAMS 0x0000000769e00000| PB 0x0000000769e00000| Complete 
| 336|0x000000076a000000, 0x000000076a200000, 0x000000076a200000|100%| S|CS|TAMS 0x000000076a000000| PB 0x000000076a000000| Complete 
| 337|0x000000076a200000, 0x000000076a400000, 0x000000076a400000|100%| S|CS|TAMS 0x000000076a200000| PB 0x000000076a200000| Complete 
| 338|0x000000076a400000, 0x000000076a600000, 0x000000076a600000|100%| S|CS|TAMS 0x000000076a400000| PB 0x000000076a400000| Complete 
| 339|0x000000076a600000, 0x000000076a800000, 0x000000076a800000|100%| S|CS|TAMS 0x000000076a600000| PB 0x000000076a600000| Complete 
| 340|0x000000076a800000, 0x000000076aa00000, 0x000000076aa00000|100%| S|CS|TAMS 0x000000076a800000| PB 0x000000076a800000| Complete 
| 341|0x000000076aa00000, 0x000000076ac00000, 0x000000076ac00000|100%| S|CS|TAMS 0x000000076aa00000| PB 0x000000076aa00000| Complete 
| 342|0x000000076ac00000, 0x000000076ae00000, 0x000000076ae00000|100%| S|CS|TAMS 0x000000076ac00000| PB 0x000000076ac00000| Complete 
| 343|0x000000076ae00000, 0x000000076b000000, 0x000000076b000000|100%| S|CS|TAMS 0x000000076ae00000| PB 0x000000076ae00000| Complete 
| 344|0x000000076b000000, 0x000000076b000000, 0x000000076b200000|  0%| F|  |TAMS 0x000000076b000000| PB 0x000000076b000000| Untracked 
| 345|0x000000076b200000, 0x000000076b200000, 0x000000076b400000|  0%| F|  |TAMS 0x000000076b200000| PB 0x000000076b200000| Untracked 
| 346|0x000000076b400000, 0x000000076b400000, 0x000000076b600000|  0%| F|  |TAMS 0x000000076b400000| PB 0x000000076b400000| Untracked 
| 347|0x000000076b600000, 0x000000076b600000, 0x000000076b800000|  0%| F|  |TAMS 0x000000076b600000| PB 0x000000076b600000| Untracked 
| 348|0x000000076b800000, 0x000000076b800000, 0x000000076ba00000|  0%| F|  |TAMS 0x000000076b800000| PB 0x000000076b800000| Untracked 
| 349|0x000000076ba00000, 0x000000076ba00000, 0x000000076bc00000|  0%| F|  |TAMS 0x000000076ba00000| PB 0x000000076ba00000| Untracked 
| 350|0x000000076bc00000, 0x000000076bc00000, 0x000000076be00000|  0%| F|  |TAMS 0x000000076bc00000| PB 0x000000076bc00000| Untracked 
| 351|0x000000076be00000, 0x000000076be00000, 0x000000076c000000|  0%| F|  |TAMS 0x000000076be00000| PB 0x000000076be00000| Untracked 
| 352|0x000000076c000000, 0x000000076c000000, 0x000000076c200000|  0%| F|  |TAMS 0x000000076c000000| PB 0x000000076c000000| Untracked 
| 353|0x000000076c200000, 0x000000076c200000, 0x000000076c400000|  0%| F|  |TAMS 0x000000076c200000| PB 0x000000076c200000| Untracked 
| 354|0x000000076c400000, 0x000000076c400000, 0x000000076c600000|  0%| F|  |TAMS 0x000000076c400000| PB 0x000000076c400000| Untracked 
| 355|0x000000076c600000, 0x000000076c600000, 0x000000076c800000|  0%| F|  |TAMS 0x000000076c600000| PB 0x000000076c600000| Untracked 
| 356|0x000000076c800000, 0x000000076c800000, 0x000000076ca00000|  0%| F|  |TAMS 0x000000076c800000| PB 0x000000076c800000| Untracked 
| 357|0x000000076ca00000, 0x000000076ca00000, 0x000000076cc00000|  0%| F|  |TAMS 0x000000076ca00000| PB 0x000000076ca00000| Untracked 
| 358|0x000000076cc00000, 0x000000076cc00000, 0x000000076ce00000|  0%| F|  |TAMS 0x000000076cc00000| PB 0x000000076cc00000| Untracked 
| 359|0x000000076ce00000, 0x000000076ce00000, 0x000000076d000000|  0%| F|  |TAMS 0x000000076ce00000| PB 0x000000076ce00000| Untracked 
| 360|0x000000076d000000, 0x000000076d000000, 0x000000076d200000|  0%| F|  |TAMS 0x000000076d000000| PB 0x000000076d000000| Untracked 
| 361|0x000000076d200000, 0x000000076d200000, 0x000000076d400000|  0%| F|  |TAMS 0x000000076d200000| PB 0x000000076d200000| Untracked 
| 362|0x000000076d400000, 0x000000076d400000, 0x000000076d600000|  0%| F|  |TAMS 0x000000076d400000| PB 0x000000076d400000| Untracked 
| 363|0x000000076d600000, 0x000000076d600000, 0x000000076d800000|  0%| F|  |TAMS 0x000000076d600000| PB 0x000000076d600000| Untracked 
| 364|0x000000076d800000, 0x000000076d800000, 0x000000076da00000|  0%| F|  |TAMS 0x000000076d800000| PB 0x000000076d800000| Untracked 
| 365|0x000000076da00000, 0x000000076da00000, 0x000000076dc00000|  0%| F|  |TAMS 0x000000076da00000| PB 0x000000076da00000| Untracked 
| 366|0x000000076dc00000, 0x000000076dc00000, 0x000000076de00000|  0%| F|  |TAMS 0x000000076dc00000| PB 0x000000076dc00000| Untracked 
| 367|0x000000076de00000, 0x000000076de00000, 0x000000076e000000|  0%| F|  |TAMS 0x000000076de00000| PB 0x000000076de00000| Untracked 
| 368|0x000000076e000000, 0x000000076e000000, 0x000000076e200000|  0%| F|  |TAMS 0x000000076e000000| PB 0x000000076e000000| Untracked 
| 369|0x000000076e200000, 0x000000076e200000, 0x000000076e400000|  0%| F|  |TAMS 0x000000076e200000| PB 0x000000076e200000| Untracked 
| 370|0x000000076e400000, 0x000000076e400000, 0x000000076e600000|  0%| F|  |TAMS 0x000000076e400000| PB 0x000000076e400000| Untracked 
| 371|0x000000076e600000, 0x000000076e600000, 0x000000076e800000|  0%| F|  |TAMS 0x000000076e600000| PB 0x000000076e600000| Untracked 
| 372|0x000000076e800000, 0x000000076e800000, 0x000000076ea00000|  0%| F|  |TAMS 0x000000076e800000| PB 0x000000076e800000| Untracked 
| 373|0x000000076ea00000, 0x000000076ea00000, 0x000000076ec00000|  0%| F|  |TAMS 0x000000076ea00000| PB 0x000000076ea00000| Untracked 
| 374|0x000000076ec00000, 0x000000076ec00000, 0x000000076ee00000|  0%| F|  |TAMS 0x000000076ec00000| PB 0x000000076ec00000| Untracked 
| 375|0x000000076ee00000, 0x000000076ee00000, 0x000000076f000000|  0%| F|  |TAMS 0x000000076ee00000| PB 0x000000076ee00000| Untracked 
| 376|0x000000076f000000, 0x000000076f000000, 0x000000076f200000|  0%| F|  |TAMS 0x000000076f000000| PB 0x000000076f000000| Untracked 
| 377|0x000000076f200000, 0x000000076f200000, 0x000000076f400000|  0%| F|  |TAMS 0x000000076f200000| PB 0x000000076f200000| Untracked 
| 378|0x000000076f400000, 0x000000076f400000, 0x000000076f600000|  0%| F|  |TAMS 0x000000076f400000| PB 0x000000076f400000| Untracked 
| 379|0x000000076f600000, 0x000000076f600000, 0x000000076f800000|  0%| F|  |TAMS 0x000000076f600000| PB 0x000000076f600000| Untracked 
| 380|0x000000076f800000, 0x000000076f800000, 0x000000076fa00000|  0%| F|  |TAMS 0x000000076f800000| PB 0x000000076f800000| Untracked 
| 381|0x000000076fa00000, 0x000000076fa00000, 0x000000076fc00000|  0%| F|  |TAMS 0x000000076fa00000| PB 0x000000076fa00000| Untracked 
| 382|0x000000076fc00000, 0x000000076fc00000, 0x000000076fe00000|  0%| F|  |TAMS 0x000000076fc00000| PB 0x000000076fc00000| Untracked 
| 383|0x000000076fe00000, 0x000000076fe00000, 0x0000000770000000|  0%| F|  |TAMS 0x000000076fe00000| PB 0x000000076fe00000| Untracked 
| 384|0x0000000770000000, 0x0000000770000000, 0x0000000770200000|  0%| F|  |TAMS 0x0000000770000000| PB 0x0000000770000000| Untracked 
| 385|0x0000000770200000, 0x0000000770200000, 0x0000000770400000|  0%| F|  |TAMS 0x0000000770200000| PB 0x0000000770200000| Untracked 
| 386|0x0000000770400000, 0x0000000770400000, 0x0000000770600000|  0%| F|  |TAMS 0x0000000770400000| PB 0x0000000770400000| Untracked 
| 387|0x0000000770600000, 0x0000000770600000, 0x0000000770800000|  0%| F|  |TAMS 0x0000000770600000| PB 0x0000000770600000| Untracked 
| 388|0x0000000770800000, 0x0000000770800000, 0x0000000770a00000|  0%| F|  |TAMS 0x0000000770800000| PB 0x0000000770800000| Untracked 
| 389|0x0000000770a00000, 0x0000000770a00000, 0x0000000770c00000|  0%| F|  |TAMS 0x0000000770a00000| PB 0x0000000770a00000| Untracked 
| 390|0x0000000770c00000, 0x0000000770c00000, 0x0000000770e00000|  0%| F|  |TAMS 0x0000000770c00000| PB 0x0000000770c00000| Untracked 
| 391|0x0000000770e00000, 0x0000000770e00000, 0x0000000771000000|  0%| F|  |TAMS 0x0000000770e00000| PB 0x0000000770e00000| Untracked 
| 392|0x0000000771000000, 0x0000000771000000, 0x0000000771200000|  0%| F|  |TAMS 0x0000000771000000| PB 0x0000000771000000| Untracked 
| 393|0x0000000771200000, 0x0000000771200000, 0x0000000771400000|  0%| F|  |TAMS 0x0000000771200000| PB 0x0000000771200000| Untracked 
| 394|0x0000000771400000, 0x0000000771400000, 0x0000000771600000|  0%| F|  |TAMS 0x0000000771400000| PB 0x0000000771400000| Untracked 
| 395|0x0000000771600000, 0x0000000771600000, 0x0000000771800000|  0%| F|  |TAMS 0x0000000771600000| PB 0x0000000771600000| Untracked 
| 396|0x0000000771800000, 0x0000000771800000, 0x0000000771a00000|  0%| F|  |TAMS 0x0000000771800000| PB 0x0000000771800000| Untracked 
| 397|0x0000000771a00000, 0x0000000771a00000, 0x0000000771c00000|  0%| F|  |TAMS 0x0000000771a00000| PB 0x0000000771a00000| Untracked 
| 398|0x0000000771c00000, 0x0000000771c00000, 0x0000000771e00000|  0%| F|  |TAMS 0x0000000771c00000| PB 0x0000000771c00000| Untracked 
| 399|0x0000000771e00000, 0x0000000771e00000, 0x0000000772000000|  0%| F|  |TAMS 0x0000000771e00000| PB 0x0000000771e00000| Untracked 
| 400|0x0000000772000000, 0x0000000772000000, 0x0000000772200000|  0%| F|  |TAMS 0x0000000772000000| PB 0x0000000772000000| Untracked 
| 401|0x0000000772200000, 0x0000000772200000, 0x0000000772400000|  0%| F|  |TAMS 0x0000000772200000| PB 0x0000000772200000| Untracked 
| 402|0x0000000772400000, 0x0000000772400000, 0x0000000772600000|  0%| F|  |TAMS 0x0000000772400000| PB 0x0000000772400000| Untracked 
| 403|0x0000000772600000, 0x0000000772600000, 0x0000000772800000|  0%| F|  |TAMS 0x0000000772600000| PB 0x0000000772600000| Untracked 
| 404|0x0000000772800000, 0x0000000772800000, 0x0000000772a00000|  0%| F|  |TAMS 0x0000000772800000| PB 0x0000000772800000| Untracked 
| 405|0x0000000772a00000, 0x0000000772a00000, 0x0000000772c00000|  0%| F|  |TAMS 0x0000000772a00000| PB 0x0000000772a00000| Untracked 
| 406|0x0000000772c00000, 0x0000000772c00000, 0x0000000772e00000|  0%| F|  |TAMS 0x0000000772c00000| PB 0x0000000772c00000| Untracked 
| 407|0x0000000772e00000, 0x0000000772e00000, 0x0000000773000000|  0%| F|  |TAMS 0x0000000772e00000| PB 0x0000000772e00000| Untracked 
| 408|0x0000000773000000, 0x0000000773000000, 0x0000000773200000|  0%| F|  |TAMS 0x0000000773000000| PB 0x0000000773000000| Untracked 
| 409|0x0000000773200000, 0x0000000773200000, 0x0000000773400000|  0%| F|  |TAMS 0x0000000773200000| PB 0x0000000773200000| Untracked 
| 410|0x0000000773400000, 0x0000000773400000, 0x0000000773600000|  0%| F|  |TAMS 0x0000000773400000| PB 0x0000000773400000| Untracked 
| 411|0x0000000773600000, 0x0000000773600000, 0x0000000773800000|  0%| F|  |TAMS 0x0000000773600000| PB 0x0000000773600000| Untracked 
| 412|0x0000000773800000, 0x0000000773800000, 0x0000000773a00000|  0%| F|  |TAMS 0x0000000773800000| PB 0x0000000773800000| Untracked 
| 413|0x0000000773a00000, 0x0000000773a00000, 0x0000000773c00000|  0%| F|  |TAMS 0x0000000773a00000| PB 0x0000000773a00000| Untracked 
| 414|0x0000000773c00000, 0x0000000773c00000, 0x0000000773e00000|  0%| F|  |TAMS 0x0000000773c00000| PB 0x0000000773c00000| Untracked 
| 415|0x0000000773e00000, 0x0000000773e00000, 0x0000000774000000|  0%| F|  |TAMS 0x0000000773e00000| PB 0x0000000773e00000| Untracked 
| 416|0x0000000774000000, 0x0000000774000000, 0x0000000774200000|  0%| F|  |TAMS 0x0000000774000000| PB 0x0000000774000000| Untracked 
| 417|0x0000000774200000, 0x0000000774200000, 0x0000000774400000|  0%| F|  |TAMS 0x0000000774200000| PB 0x0000000774200000| Untracked 
| 418|0x0000000774400000, 0x0000000774400000, 0x0000000774600000|  0%| F|  |TAMS 0x0000000774400000| PB 0x0000000774400000| Untracked 
| 419|0x0000000774600000, 0x0000000774600000, 0x0000000774800000|  0%| F|  |TAMS 0x0000000774600000| PB 0x0000000774600000| Untracked 
| 420|0x0000000774800000, 0x0000000774800000, 0x0000000774a00000|  0%| F|  |TAMS 0x0000000774800000| PB 0x0000000774800000| Untracked 
| 421|0x0000000774a00000, 0x0000000774a00000, 0x0000000774c00000|  0%| F|  |TAMS 0x0000000774a00000| PB 0x0000000774a00000| Untracked 
| 422|0x0000000774c00000, 0x0000000774c00000, 0x0000000774e00000|  0%| F|  |TAMS 0x0000000774c00000| PB 0x0000000774c00000| Untracked 
| 423|0x0000000774e00000, 0x0000000774e00000, 0x0000000775000000|  0%| F|  |TAMS 0x0000000774e00000| PB 0x0000000774e00000| Untracked 
| 424|0x0000000775000000, 0x0000000775000000, 0x0000000775200000|  0%| F|  |TAMS 0x0000000775000000| PB 0x0000000775000000| Untracked 
| 425|0x0000000775200000, 0x0000000775200000, 0x0000000775400000|  0%| F|  |TAMS 0x0000000775200000| PB 0x0000000775200000| Untracked 
| 426|0x0000000775400000, 0x0000000775400000, 0x0000000775600000|  0%| F|  |TAMS 0x0000000775400000| PB 0x0000000775400000| Untracked 
| 427|0x0000000775600000, 0x0000000775600000, 0x0000000775800000|  0%| F|  |TAMS 0x0000000775600000| PB 0x0000000775600000| Untracked 
| 428|0x0000000775800000, 0x0000000775800000, 0x0000000775a00000|  0%| F|  |TAMS 0x0000000775800000| PB 0x0000000775800000| Untracked 
| 429|0x0000000775a00000, 0x0000000775a00000, 0x0000000775c00000|  0%| F|  |TAMS 0x0000000775a00000| PB 0x0000000775a00000| Untracked 
| 430|0x0000000775c00000, 0x0000000775c00000, 0x0000000775e00000|  0%| F|  |TAMS 0x0000000775c00000| PB 0x0000000775c00000| Untracked 
| 431|0x0000000775e00000, 0x0000000775e00000, 0x0000000776000000|  0%| F|  |TAMS 0x0000000775e00000| PB 0x0000000775e00000| Untracked 
| 432|0x0000000776000000, 0x0000000776000000, 0x0000000776200000|  0%| F|  |TAMS 0x0000000776000000| PB 0x0000000776000000| Untracked 
| 433|0x0000000776200000, 0x0000000776200000, 0x0000000776400000|  0%| F|  |TAMS 0x0000000776200000| PB 0x0000000776200000| Untracked 
| 434|0x0000000776400000, 0x0000000776400000, 0x0000000776600000|  0%| F|  |TAMS 0x0000000776400000| PB 0x0000000776400000| Untracked 
| 435|0x0000000776600000, 0x0000000776600000, 0x0000000776800000|  0%| F|  |TAMS 0x0000000776600000| PB 0x0000000776600000| Untracked 
| 436|0x0000000776800000, 0x0000000776800000, 0x0000000776a00000|  0%| F|  |TAMS 0x0000000776800000| PB 0x0000000776800000| Untracked 
| 437|0x0000000776a00000, 0x0000000776a00000, 0x0000000776c00000|  0%| F|  |TAMS 0x0000000776a00000| PB 0x0000000776a00000| Untracked 
| 438|0x0000000776c00000, 0x0000000776c00000, 0x0000000776e00000|  0%| F|  |TAMS 0x0000000776c00000| PB 0x0000000776c00000| Untracked 
| 439|0x0000000776e00000, 0x0000000776e00000, 0x0000000777000000|  0%| F|  |TAMS 0x0000000776e00000| PB 0x0000000776e00000| Untracked 
| 440|0x0000000777000000, 0x0000000777000000, 0x0000000777200000|  0%| F|  |TAMS 0x0000000777000000| PB 0x0000000777000000| Untracked 
| 441|0x0000000777200000, 0x0000000777200000, 0x0000000777400000|  0%| F|  |TAMS 0x0000000777200000| PB 0x0000000777200000| Untracked 
| 442|0x0000000777400000, 0x0000000777400000, 0x0000000777600000|  0%| F|  |TAMS 0x0000000777400000| PB 0x0000000777400000| Untracked 
| 443|0x0000000777600000, 0x0000000777600000, 0x0000000777800000|  0%| F|  |TAMS 0x0000000777600000| PB 0x0000000777600000| Untracked 
| 444|0x0000000777800000, 0x0000000777800000, 0x0000000777a00000|  0%| F|  |TAMS 0x0000000777800000| PB 0x0000000777800000| Untracked 
| 445|0x0000000777a00000, 0x0000000777a00000, 0x0000000777c00000|  0%| F|  |TAMS 0x0000000777a00000| PB 0x0000000777a00000| Untracked 
| 446|0x0000000777c00000, 0x0000000777c00000, 0x0000000777e00000|  0%| F|  |TAMS 0x0000000777c00000| PB 0x0000000777c00000| Untracked 
| 447|0x0000000777e00000, 0x0000000777e00000, 0x0000000778000000|  0%| F|  |TAMS 0x0000000777e00000| PB 0x0000000777e00000| Untracked 
| 448|0x0000000778000000, 0x0000000778000000, 0x0000000778200000|  0%| F|  |TAMS 0x0000000778000000| PB 0x0000000778000000| Untracked 
| 449|0x0000000778200000, 0x0000000778200000, 0x0000000778400000|  0%| F|  |TAMS 0x0000000778200000| PB 0x0000000778200000| Untracked 
| 450|0x0000000778400000, 0x0000000778400000, 0x0000000778600000|  0%| F|  |TAMS 0x0000000778400000| PB 0x0000000778400000| Untracked 
| 451|0x0000000778600000, 0x0000000778600000, 0x0000000778800000|  0%| F|  |TAMS 0x0000000778600000| PB 0x0000000778600000| Untracked 
| 452|0x0000000778800000, 0x0000000778800000, 0x0000000778a00000|  0%| F|  |TAMS 0x0000000778800000| PB 0x0000000778800000| Untracked 
| 453|0x0000000778a00000, 0x0000000778a00000, 0x0000000778c00000|  0%| F|  |TAMS 0x0000000778a00000| PB 0x0000000778a00000| Untracked 
| 454|0x0000000778c00000, 0x0000000778c00000, 0x0000000778e00000|  0%| F|  |TAMS 0x0000000778c00000| PB 0x0000000778c00000| Untracked 
| 455|0x0000000778e00000, 0x0000000778e00000, 0x0000000779000000|  0%| F|  |TAMS 0x0000000778e00000| PB 0x0000000778e00000| Untracked 
| 456|0x0000000779000000, 0x0000000779000000, 0x0000000779200000|  0%| F|  |TAMS 0x0000000779000000| PB 0x0000000779000000| Untracked 
| 457|0x0000000779200000, 0x0000000779200000, 0x0000000779400000|  0%| F|  |TAMS 0x0000000779200000| PB 0x0000000779200000| Untracked 
| 458|0x0000000779400000, 0x0000000779400000, 0x0000000779600000|  0%| F|  |TAMS 0x0000000779400000| PB 0x0000000779400000| Untracked 
| 459|0x0000000779600000, 0x0000000779600000, 0x0000000779800000|  0%| F|  |TAMS 0x0000000779600000| PB 0x0000000779600000| Untracked 
| 460|0x0000000779800000, 0x0000000779800000, 0x0000000779a00000|  0%| F|  |TAMS 0x0000000779800000| PB 0x0000000779800000| Untracked 
| 461|0x0000000779a00000, 0x0000000779a00000, 0x0000000779c00000|  0%| F|  |TAMS 0x0000000779a00000| PB 0x0000000779a00000| Untracked 
| 462|0x0000000779c00000, 0x0000000779c00000, 0x0000000779e00000|  0%| F|  |TAMS 0x0000000779c00000| PB 0x0000000779c00000| Untracked 
| 463|0x0000000779e00000, 0x0000000779e00000, 0x000000077a000000|  0%| F|  |TAMS 0x0000000779e00000| PB 0x0000000779e00000| Untracked 
| 464|0x000000077a000000, 0x000000077a000000, 0x000000077a200000|  0%| F|  |TAMS 0x000000077a000000| PB 0x000000077a000000| Untracked 
| 465|0x000000077a200000, 0x000000077a200000, 0x000000077a400000|  0%| F|  |TAMS 0x000000077a200000| PB 0x000000077a200000| Untracked 
| 466|0x000000077a400000, 0x000000077a400000, 0x000000077a600000|  0%| F|  |TAMS 0x000000077a400000| PB 0x000000077a400000| Untracked 
| 467|0x000000077a600000, 0x000000077a600000, 0x000000077a800000|  0%| F|  |TAMS 0x000000077a600000| PB 0x000000077a600000| Untracked 
| 468|0x000000077a800000, 0x000000077a800000, 0x000000077aa00000|  0%| F|  |TAMS 0x000000077a800000| PB 0x000000077a800000| Untracked 
| 469|0x000000077aa00000, 0x000000077aa00000, 0x000000077ac00000|  0%| F|  |TAMS 0x000000077aa00000| PB 0x000000077aa00000| Untracked 
| 470|0x000000077ac00000, 0x000000077ac00000, 0x000000077ae00000|  0%| F|  |TAMS 0x000000077ac00000| PB 0x000000077ac00000| Untracked 
| 471|0x000000077ae00000, 0x000000077ae00000, 0x000000077b000000|  0%| F|  |TAMS 0x000000077ae00000| PB 0x000000077ae00000| Untracked 
| 472|0x000000077b000000, 0x000000077b000000, 0x000000077b200000|  0%| F|  |TAMS 0x000000077b000000| PB 0x000000077b000000| Untracked 
| 473|0x000000077b200000, 0x000000077b200000, 0x000000077b400000|  0%| F|  |TAMS 0x000000077b200000| PB 0x000000077b200000| Untracked 
| 474|0x000000077b400000, 0x000000077b400000, 0x000000077b600000|  0%| F|  |TAMS 0x000000077b400000| PB 0x000000077b400000| Untracked 
| 475|0x000000077b600000, 0x000000077b600000, 0x000000077b800000|  0%| F|  |TAMS 0x000000077b600000| PB 0x000000077b600000| Untracked 
| 476|0x000000077b800000, 0x000000077b800000, 0x000000077ba00000|  0%| F|  |TAMS 0x000000077b800000| PB 0x000000077b800000| Untracked 
| 477|0x000000077ba00000, 0x000000077ba00000, 0x000000077bc00000|  0%| F|  |TAMS 0x000000077ba00000| PB 0x000000077ba00000| Untracked 
| 478|0x000000077bc00000, 0x000000077bc00000, 0x000000077be00000|  0%| F|  |TAMS 0x000000077bc00000| PB 0x000000077bc00000| Untracked 
| 479|0x000000077be00000, 0x000000077be00000, 0x000000077c000000|  0%| F|  |TAMS 0x000000077be00000| PB 0x000000077be00000| Untracked 
| 480|0x000000077c000000, 0x000000077c000000, 0x000000077c200000|  0%| F|  |TAMS 0x000000077c000000| PB 0x000000077c000000| Untracked 
| 481|0x000000077c200000, 0x000000077c200000, 0x000000077c400000|  0%| F|  |TAMS 0x000000077c200000| PB 0x000000077c200000| Untracked 
| 482|0x000000077c400000, 0x000000077c400000, 0x000000077c600000|  0%| F|  |TAMS 0x000000077c400000| PB 0x000000077c400000| Untracked 
| 483|0x000000077c600000, 0x000000077c600000, 0x000000077c800000|  0%| F|  |TAMS 0x000000077c600000| PB 0x000000077c600000| Untracked 
| 484|0x000000077c800000, 0x000000077c800000, 0x000000077ca00000|  0%| F|  |TAMS 0x000000077c800000| PB 0x000000077c800000| Untracked 
| 485|0x000000077ca00000, 0x000000077ca00000, 0x000000077cc00000|  0%| F|  |TAMS 0x000000077ca00000| PB 0x000000077ca00000| Untracked 
| 486|0x000000077cc00000, 0x000000077cc00000, 0x000000077ce00000|  0%| F|  |TAMS 0x000000077cc00000| PB 0x000000077cc00000| Untracked 
| 487|0x000000077ce00000, 0x000000077ce00000, 0x000000077d000000|  0%| F|  |TAMS 0x000000077ce00000| PB 0x000000077ce00000| Untracked 
| 488|0x000000077d000000, 0x000000077d000000, 0x000000077d200000|  0%| F|  |TAMS 0x000000077d000000| PB 0x000000077d000000| Untracked 
| 489|0x000000077d200000, 0x000000077d200000, 0x000000077d400000|  0%| F|  |TAMS 0x000000077d200000| PB 0x000000077d200000| Untracked 
| 490|0x000000077d400000, 0x000000077d400000, 0x000000077d600000|  0%| F|  |TAMS 0x000000077d400000| PB 0x000000077d400000| Untracked 
| 491|0x000000077d600000, 0x000000077d600000, 0x000000077d800000|  0%| F|  |TAMS 0x000000077d600000| PB 0x000000077d600000| Untracked 
| 492|0x000000077d800000, 0x000000077d800000, 0x000000077da00000|  0%| F|  |TAMS 0x000000077d800000| PB 0x000000077d800000| Untracked 
| 493|0x000000077da00000, 0x000000077da00000, 0x000000077dc00000|  0%| F|  |TAMS 0x000000077da00000| PB 0x000000077da00000| Untracked 
| 494|0x000000077dc00000, 0x000000077dc00000, 0x000000077de00000|  0%| F|  |TAMS 0x000000077dc00000| PB 0x000000077dc00000| Untracked 
| 495|0x000000077de00000, 0x000000077de00000, 0x000000077e000000|  0%| F|  |TAMS 0x000000077de00000| PB 0x000000077de00000| Untracked 
| 496|0x000000077e000000, 0x000000077e000000, 0x000000077e200000|  0%| F|  |TAMS 0x000000077e000000| PB 0x000000077e000000| Untracked 
| 497|0x000000077e200000, 0x000000077e200000, 0x000000077e400000|  0%| F|  |TAMS 0x000000077e200000| PB 0x000000077e200000| Untracked 
| 498|0x000000077e400000, 0x000000077e400000, 0x000000077e600000|  0%| F|  |TAMS 0x000000077e400000| PB 0x000000077e400000| Untracked 
| 499|0x000000077e600000, 0x000000077e600000, 0x000000077e800000|  0%| F|  |TAMS 0x000000077e600000| PB 0x000000077e600000| Untracked 
| 500|0x000000077e800000, 0x000000077e800000, 0x000000077ea00000|  0%| F|  |TAMS 0x000000077e800000| PB 0x000000077e800000| Untracked 
| 501|0x000000077ea00000, 0x000000077ea00000, 0x000000077ec00000|  0%| F|  |TAMS 0x000000077ea00000| PB 0x000000077ea00000| Untracked 
| 502|0x000000077ec00000, 0x000000077ec00000, 0x000000077ee00000|  0%| F|  |TAMS 0x000000077ec00000| PB 0x000000077ec00000| Untracked 
| 503|0x000000077ee00000, 0x000000077ee00000, 0x000000077f000000|  0%| F|  |TAMS 0x000000077ee00000| PB 0x000000077ee00000| Untracked 
| 504|0x000000077f000000, 0x000000077f000000, 0x000000077f200000|  0%| F|  |TAMS 0x000000077f000000| PB 0x000000077f000000| Untracked 
| 505|0x000000077f200000, 0x000000077f200000, 0x000000077f400000|  0%| F|  |TAMS 0x000000077f200000| PB 0x000000077f200000| Untracked 
| 506|0x000000077f400000, 0x000000077f400000, 0x000000077f600000|  0%| F|  |TAMS 0x000000077f400000| PB 0x000000077f400000| Untracked 
| 507|0x000000077f600000, 0x000000077f600000, 0x000000077f800000|  0%| F|  |TAMS 0x000000077f600000| PB 0x000000077f600000| Untracked 
| 508|0x000000077f800000, 0x000000077f800000, 0x000000077fa00000|  0%| F|  |TAMS 0x000000077f800000| PB 0x000000077f800000| Untracked 
| 509|0x000000077fa00000, 0x000000077fa00000, 0x000000077fc00000|  0%| F|  |TAMS 0x000000077fa00000| PB 0x000000077fa00000| Untracked 
| 510|0x000000077fc00000, 0x000000077fc00000, 0x000000077fe00000|  0%| F|  |TAMS 0x000000077fc00000| PB 0x000000077fc00000| Untracked 
| 511|0x000000077fe00000, 0x000000077fe00000, 0x0000000780000000|  0%| F|  |TAMS 0x000000077fe00000| PB 0x000000077fe00000| Untracked 
| 512|0x0000000780000000, 0x0000000780000000, 0x0000000780200000|  0%| F|  |TAMS 0x0000000780000000| PB 0x0000000780000000| Untracked 
| 513|0x0000000780200000, 0x0000000780200000, 0x0000000780400000|  0%| F|  |TAMS 0x0000000780200000| PB 0x0000000780200000| Untracked 
| 514|0x0000000780400000, 0x0000000780400000, 0x0000000780600000|  0%| F|  |TAMS 0x0000000780400000| PB 0x0000000780400000| Untracked 
| 515|0x0000000780600000, 0x0000000780600000, 0x0000000780800000|  0%| F|  |TAMS 0x0000000780600000| PB 0x0000000780600000| Untracked 
| 516|0x0000000780800000, 0x0000000780800000, 0x0000000780a00000|  0%| F|  |TAMS 0x0000000780800000| PB 0x0000000780800000| Untracked 
| 517|0x0000000780a00000, 0x0000000780a00000, 0x0000000780c00000|  0%| F|  |TAMS 0x0000000780a00000| PB 0x0000000780a00000| Untracked 
| 518|0x0000000780c00000, 0x0000000780c00000, 0x0000000780e00000|  0%| F|  |TAMS 0x0000000780c00000| PB 0x0000000780c00000| Untracked 
| 519|0x0000000780e00000, 0x0000000780e00000, 0x0000000781000000|  0%| F|  |TAMS 0x0000000780e00000| PB 0x0000000780e00000| Untracked 
| 520|0x0000000781000000, 0x0000000781000000, 0x0000000781200000|  0%| F|  |TAMS 0x0000000781000000| PB 0x0000000781000000| Untracked 
| 521|0x0000000781200000, 0x0000000781200000, 0x0000000781400000|  0%| F|  |TAMS 0x0000000781200000| PB 0x0000000781200000| Untracked 
| 522|0x0000000781400000, 0x0000000781400000, 0x0000000781600000|  0%| F|  |TAMS 0x0000000781400000| PB 0x0000000781400000| Untracked 
| 523|0x0000000781600000, 0x0000000781600000, 0x0000000781800000|  0%| F|  |TAMS 0x0000000781600000| PB 0x0000000781600000| Untracked 
| 524|0x0000000781800000, 0x0000000781800000, 0x0000000781a00000|  0%| F|  |TAMS 0x0000000781800000| PB 0x0000000781800000| Untracked 
| 525|0x0000000781a00000, 0x0000000781a00000, 0x0000000781c00000|  0%| F|  |TAMS 0x0000000781a00000| PB 0x0000000781a00000| Untracked 
| 526|0x0000000781c00000, 0x0000000781c00000, 0x0000000781e00000|  0%| F|  |TAMS 0x0000000781c00000| PB 0x0000000781c00000| Untracked 
| 527|0x0000000781e00000, 0x0000000781e00000, 0x0000000782000000|  0%| F|  |TAMS 0x0000000781e00000| PB 0x0000000781e00000| Untracked 
| 528|0x0000000782000000, 0x0000000782000000, 0x0000000782200000|  0%| F|  |TAMS 0x0000000782000000| PB 0x0000000782000000| Untracked 
| 529|0x0000000782200000, 0x0000000782200000, 0x0000000782400000|  0%| F|  |TAMS 0x0000000782200000| PB 0x0000000782200000| Untracked 
| 530|0x0000000782400000, 0x0000000782400000, 0x0000000782600000|  0%| F|  |TAMS 0x0000000782400000| PB 0x0000000782400000| Untracked 
| 531|0x0000000782600000, 0x0000000782600000, 0x0000000782800000|  0%| F|  |TAMS 0x0000000782600000| PB 0x0000000782600000| Untracked 
| 532|0x0000000782800000, 0x0000000782800000, 0x0000000782a00000|  0%| F|  |TAMS 0x0000000782800000| PB 0x0000000782800000| Untracked 
| 533|0x0000000782a00000, 0x0000000782a00000, 0x0000000782c00000|  0%| F|  |TAMS 0x0000000782a00000| PB 0x0000000782a00000| Untracked 
| 534|0x0000000782c00000, 0x0000000782c00000, 0x0000000782e00000|  0%| F|  |TAMS 0x0000000782c00000| PB 0x0000000782c00000| Untracked 
| 535|0x0000000782e00000, 0x0000000782e00000, 0x0000000783000000|  0%| F|  |TAMS 0x0000000782e00000| PB 0x0000000782e00000| Untracked 
| 536|0x0000000783000000, 0x0000000783000000, 0x0000000783200000|  0%| F|  |TAMS 0x0000000783000000| PB 0x0000000783000000| Untracked 
| 537|0x0000000783200000, 0x0000000783200000, 0x0000000783400000|  0%| F|  |TAMS 0x0000000783200000| PB 0x0000000783200000| Untracked 
| 538|0x0000000783400000, 0x0000000783400000, 0x0000000783600000|  0%| F|  |TAMS 0x0000000783400000| PB 0x0000000783400000| Untracked 
| 539|0x0000000783600000, 0x0000000783600000, 0x0000000783800000|  0%| F|  |TAMS 0x0000000783600000| PB 0x0000000783600000| Untracked 
| 540|0x0000000783800000, 0x0000000783800000, 0x0000000783a00000|  0%| F|  |TAMS 0x0000000783800000| PB 0x0000000783800000| Untracked 
| 541|0x0000000783a00000, 0x0000000783a00000, 0x0000000783c00000|  0%| F|  |TAMS 0x0000000783a00000| PB 0x0000000783a00000| Untracked 
| 542|0x0000000783c00000, 0x0000000783c00000, 0x0000000783e00000|  0%| F|  |TAMS 0x0000000783c00000| PB 0x0000000783c00000| Untracked 
| 543|0x0000000783e00000, 0x0000000783e00000, 0x0000000784000000|  0%| F|  |TAMS 0x0000000783e00000| PB 0x0000000783e00000| Untracked 
| 544|0x0000000784000000, 0x0000000784000000, 0x0000000784200000|  0%| F|  |TAMS 0x0000000784000000| PB 0x0000000784000000| Untracked 
| 545|0x0000000784200000, 0x0000000784200000, 0x0000000784400000|  0%| F|  |TAMS 0x0000000784200000| PB 0x0000000784200000| Untracked 
| 546|0x0000000784400000, 0x0000000784400000, 0x0000000784600000|  0%| F|  |TAMS 0x0000000784400000| PB 0x0000000784400000| Untracked 
| 547|0x0000000784600000, 0x0000000784600000, 0x0000000784800000|  0%| F|  |TAMS 0x0000000784600000| PB 0x0000000784600000| Untracked 
| 548|0x0000000784800000, 0x0000000784800000, 0x0000000784a00000|  0%| F|  |TAMS 0x0000000784800000| PB 0x0000000784800000| Untracked 
| 549|0x0000000784a00000, 0x0000000784a00000, 0x0000000784c00000|  0%| F|  |TAMS 0x0000000784a00000| PB 0x0000000784a00000| Untracked 
| 550|0x0000000784c00000, 0x0000000784c00000, 0x0000000784e00000|  0%| F|  |TAMS 0x0000000784c00000| PB 0x0000000784c00000| Untracked 
| 551|0x0000000784e00000, 0x0000000784e00000, 0x0000000785000000|  0%| F|  |TAMS 0x0000000784e00000| PB 0x0000000784e00000| Untracked 
| 552|0x0000000785000000, 0x0000000785066b90, 0x0000000785200000| 20%| E|  |TAMS 0x0000000785000000| PB 0x0000000785000000| Complete 
| 553|0x0000000785200000, 0x0000000785400000, 0x0000000785400000|100%| E|CS|TAMS 0x0000000785200000| PB 0x0000000785200000| Complete 
| 554|0x0000000785400000, 0x0000000785600000, 0x0000000785600000|100%| E|CS|TAMS 0x0000000785400000| PB 0x0000000785400000| Complete 
| 555|0x0000000785600000, 0x0000000785800000, 0x0000000785800000|100%| E|CS|TAMS 0x0000000785600000| PB 0x0000000785600000| Complete 
| 556|0x0000000785800000, 0x0000000785a00000, 0x0000000785a00000|100%| E|CS|TAMS 0x0000000785800000| PB 0x0000000785800000| Complete 
| 557|0x0000000785a00000, 0x0000000785c00000, 0x0000000785c00000|100%| E|CS|TAMS 0x0000000785a00000| PB 0x0000000785a00000| Complete 
| 558|0x0000000785c00000, 0x0000000785e00000, 0x0000000785e00000|100%| E|CS|TAMS 0x0000000785c00000| PB 0x0000000785c00000| Complete 
| 559|0x0000000785e00000, 0x0000000786000000, 0x0000000786000000|100%| E|CS|TAMS 0x0000000785e00000| PB 0x0000000785e00000| Complete 
| 560|0x0000000786000000, 0x0000000786200000, 0x0000000786200000|100%| E|CS|TAMS 0x0000000786000000| PB 0x0000000786000000| Complete 
| 561|0x0000000786200000, 0x0000000786400000, 0x0000000786400000|100%| E|CS|TAMS 0x0000000786200000| PB 0x0000000786200000| Complete 
| 562|0x0000000786400000, 0x0000000786600000, 0x0000000786600000|100%| E|CS|TAMS 0x0000000786400000| PB 0x0000000786400000| Complete 
| 563|0x0000000786600000, 0x0000000786800000, 0x0000000786800000|100%| E|CS|TAMS 0x0000000786600000| PB 0x0000000786600000| Complete 
| 564|0x0000000786800000, 0x0000000786a00000, 0x0000000786a00000|100%| E|CS|TAMS 0x0000000786800000| PB 0x0000000786800000| Complete 
| 565|0x0000000786a00000, 0x0000000786c00000, 0x0000000786c00000|100%| E|CS|TAMS 0x0000000786a00000| PB 0x0000000786a00000| Complete 
| 566|0x0000000786c00000, 0x0000000786e00000, 0x0000000786e00000|100%| E|CS|TAMS 0x0000000786c00000| PB 0x0000000786c00000| Complete 
| 567|0x0000000786e00000, 0x0000000787000000, 0x0000000787000000|100%| E|CS|TAMS 0x0000000786e00000| PB 0x0000000786e00000| Complete 
| 568|0x0000000787000000, 0x0000000787200000, 0x0000000787200000|100%| E|CS|TAMS 0x0000000787000000| PB 0x0000000787000000| Complete 
| 569|0x0000000787200000, 0x0000000787400000, 0x0000000787400000|100%| E|CS|TAMS 0x0000000787200000| PB 0x0000000787200000| Complete 
| 570|0x0000000787400000, 0x0000000787600000, 0x0000000787600000|100%| E|CS|TAMS 0x0000000787400000| PB 0x0000000787400000| Complete 
| 571|0x0000000787600000, 0x0000000787800000, 0x0000000787800000|100%| E|CS|TAMS 0x0000000787600000| PB 0x0000000787600000| Complete 
| 572|0x0000000787800000, 0x0000000787a00000, 0x0000000787a00000|100%| E|CS|TAMS 0x0000000787800000| PB 0x0000000787800000| Complete 
| 573|0x0000000787a00000, 0x0000000787c00000, 0x0000000787c00000|100%| E|CS|TAMS 0x0000000787a00000| PB 0x0000000787a00000| Complete 
| 574|0x0000000787c00000, 0x0000000787e00000, 0x0000000787e00000|100%| E|CS|TAMS 0x0000000787c00000| PB 0x0000000787c00000| Complete 
| 575|0x0000000787e00000, 0x0000000788000000, 0x0000000788000000|100%| E|CS|TAMS 0x0000000787e00000| PB 0x0000000787e00000| Complete 
| 576|0x0000000788000000, 0x0000000788200000, 0x0000000788200000|100%| E|CS|TAMS 0x0000000788000000| PB 0x0000000788000000| Complete 
| 577|0x0000000788200000, 0x0000000788400000, 0x0000000788400000|100%| E|CS|TAMS 0x0000000788200000| PB 0x0000000788200000| Complete 
| 578|0x0000000788400000, 0x0000000788600000, 0x0000000788600000|100%| E|CS|TAMS 0x0000000788400000| PB 0x0000000788400000| Complete 
| 579|0x0000000788600000, 0x0000000788800000, 0x0000000788800000|100%| E|CS|TAMS 0x0000000788600000| PB 0x0000000788600000| Complete 
| 580|0x0000000788800000, 0x0000000788a00000, 0x0000000788a00000|100%| E|CS|TAMS 0x0000000788800000| PB 0x0000000788800000| Complete 
| 581|0x0000000788a00000, 0x0000000788c00000, 0x0000000788c00000|100%| E|CS|TAMS 0x0000000788a00000| PB 0x0000000788a00000| Complete 
| 582|0x0000000788c00000, 0x0000000788e00000, 0x0000000788e00000|100%| E|CS|TAMS 0x0000000788c00000| PB 0x0000000788c00000| Complete 
| 583|0x0000000788e00000, 0x0000000789000000, 0x0000000789000000|100%| E|CS|TAMS 0x0000000788e00000| PB 0x0000000788e00000| Complete 
| 584|0x0000000789000000, 0x0000000789200000, 0x0000000789200000|100%| E|CS|TAMS 0x0000000789000000| PB 0x0000000789000000| Complete 
| 585|0x0000000789200000, 0x0000000789400000, 0x0000000789400000|100%| E|CS|TAMS 0x0000000789200000| PB 0x0000000789200000| Complete 
| 586|0x0000000789400000, 0x0000000789600000, 0x0000000789600000|100%| E|CS|TAMS 0x0000000789400000| PB 0x0000000789400000| Complete 
| 587|0x0000000789600000, 0x0000000789800000, 0x0000000789800000|100%| E|CS|TAMS 0x0000000789600000| PB 0x0000000789600000| Complete 
| 588|0x0000000789800000, 0x0000000789a00000, 0x0000000789a00000|100%| E|CS|TAMS 0x0000000789800000| PB 0x0000000789800000| Complete 
| 589|0x0000000789a00000, 0x0000000789c00000, 0x0000000789c00000|100%| E|CS|TAMS 0x0000000789a00000| PB 0x0000000789a00000| Complete 
| 590|0x0000000789c00000, 0x0000000789e00000, 0x0000000789e00000|100%| E|CS|TAMS 0x0000000789c00000| PB 0x0000000789c00000| Complete 
| 591|0x0000000789e00000, 0x000000078a000000, 0x000000078a000000|100%| E|CS|TAMS 0x0000000789e00000| PB 0x0000000789e00000| Complete 
| 592|0x000000078a000000, 0x000000078a200000, 0x000000078a200000|100%| E|CS|TAMS 0x000000078a000000| PB 0x000000078a000000| Complete 
| 593|0x000000078a200000, 0x000000078a400000, 0x000000078a400000|100%| E|CS|TAMS 0x000000078a200000| PB 0x000000078a200000| Complete 
| 594|0x000000078a400000, 0x000000078a600000, 0x000000078a600000|100%| E|CS|TAMS 0x000000078a400000| PB 0x000000078a400000| Complete 
| 595|0x000000078a600000, 0x000000078a800000, 0x000000078a800000|100%| E|CS|TAMS 0x000000078a600000| PB 0x000000078a600000| Complete 
| 596|0x000000078a800000, 0x000000078aa00000, 0x000000078aa00000|100%| E|CS|TAMS 0x000000078a800000| PB 0x000000078a800000| Complete 
| 597|0x000000078aa00000, 0x000000078ac00000, 0x000000078ac00000|100%| E|CS|TAMS 0x000000078aa00000| PB 0x000000078aa00000| Complete 
| 598|0x000000078ac00000, 0x000000078ae00000, 0x000000078ae00000|100%| E|CS|TAMS 0x000000078ac00000| PB 0x000000078ac00000| Complete 
| 599|0x000000078ae00000, 0x000000078b000000, 0x000000078b000000|100%| E|CS|TAMS 0x000000078ae00000| PB 0x000000078ae00000| Complete 
| 600|0x000000078b000000, 0x000000078b200000, 0x000000078b200000|100%| E|CS|TAMS 0x000000078b000000| PB 0x000000078b000000| Complete 
| 601|0x000000078b200000, 0x000000078b400000, 0x000000078b400000|100%| E|CS|TAMS 0x000000078b200000| PB 0x000000078b200000| Complete 
| 602|0x000000078b400000, 0x000000078b600000, 0x000000078b600000|100%| E|CS|TAMS 0x000000078b400000| PB 0x000000078b400000| Complete 
| 603|0x000000078b600000, 0x000000078b800000, 0x000000078b800000|100%| E|CS|TAMS 0x000000078b600000| PB 0x000000078b600000| Complete 
| 604|0x000000078b800000, 0x000000078ba00000, 0x000000078ba00000|100%| E|CS|TAMS 0x000000078b800000| PB 0x000000078b800000| Complete 
| 605|0x000000078ba00000, 0x000000078bc00000, 0x000000078bc00000|100%| E|CS|TAMS 0x000000078ba00000| PB 0x000000078ba00000| Complete 
| 606|0x000000078bc00000, 0x000000078be00000, 0x000000078be00000|100%| E|CS|TAMS 0x000000078bc00000| PB 0x000000078bc00000| Complete 
| 607|0x000000078be00000, 0x000000078c000000, 0x000000078c000000|100%| E|CS|TAMS 0x000000078be00000| PB 0x000000078be00000| Complete 
| 608|0x000000078c000000, 0x000000078c200000, 0x000000078c200000|100%| E|CS|TAMS 0x000000078c000000| PB 0x000000078c000000| Complete 
| 609|0x000000078c200000, 0x000000078c400000, 0x000000078c400000|100%| E|CS|TAMS 0x000000078c200000| PB 0x000000078c200000| Complete 
| 610|0x000000078c400000, 0x000000078c600000, 0x000000078c600000|100%| E|CS|TAMS 0x000000078c400000| PB 0x000000078c400000| Complete 
| 611|0x000000078c600000, 0x000000078c800000, 0x000000078c800000|100%| E|CS|TAMS 0x000000078c600000| PB 0x000000078c600000| Complete 
| 612|0x000000078c800000, 0x000000078ca00000, 0x000000078ca00000|100%| E|CS|TAMS 0x000000078c800000| PB 0x000000078c800000| Complete 
| 613|0x000000078ca00000, 0x000000078cc00000, 0x000000078cc00000|100%| E|CS|TAMS 0x000000078ca00000| PB 0x000000078ca00000| Complete 
| 614|0x000000078cc00000, 0x000000078ce00000, 0x000000078ce00000|100%| E|CS|TAMS 0x000000078cc00000| PB 0x000000078cc00000| Complete 
| 615|0x000000078ce00000, 0x000000078d000000, 0x000000078d000000|100%| E|CS|TAMS 0x000000078ce00000| PB 0x000000078ce00000| Complete 
| 616|0x000000078d000000, 0x000000078d200000, 0x000000078d200000|100%| E|CS|TAMS 0x000000078d000000| PB 0x000000078d000000| Complete 
| 617|0x000000078d200000, 0x000000078d400000, 0x000000078d400000|100%| E|CS|TAMS 0x000000078d200000| PB 0x000000078d200000| Complete 
| 618|0x000000078d400000, 0x000000078d600000, 0x000000078d600000|100%| E|CS|TAMS 0x000000078d400000| PB 0x000000078d400000| Complete 
| 619|0x000000078d600000, 0x000000078d800000, 0x000000078d800000|100%| E|CS|TAMS 0x000000078d600000| PB 0x000000078d600000| Complete 
| 620|0x000000078d800000, 0x000000078da00000, 0x000000078da00000|100%| E|CS|TAMS 0x000000078d800000| PB 0x000000078d800000| Complete 
| 621|0x000000078da00000, 0x000000078dc00000, 0x000000078dc00000|100%| E|CS|TAMS 0x000000078da00000| PB 0x000000078da00000| Complete 
| 622|0x000000078dc00000, 0x000000078de00000, 0x000000078de00000|100%| E|CS|TAMS 0x000000078dc00000| PB 0x000000078dc00000| Complete 
| 623|0x000000078de00000, 0x000000078e000000, 0x000000078e000000|100%| E|CS|TAMS 0x000000078de00000| PB 0x000000078de00000| Complete 
| 624|0x000000078e000000, 0x000000078e200000, 0x000000078e200000|100%| E|CS|TAMS 0x000000078e000000| PB 0x000000078e000000| Complete 
| 625|0x000000078e200000, 0x000000078e400000, 0x000000078e400000|100%| E|CS|TAMS 0x000000078e200000| PB 0x000000078e200000| Complete 
| 626|0x000000078e400000, 0x000000078e600000, 0x000000078e600000|100%| E|CS|TAMS 0x000000078e400000| PB 0x000000078e400000| Complete 
| 627|0x000000078e600000, 0x000000078e800000, 0x000000078e800000|100%| E|CS|TAMS 0x000000078e600000| PB 0x000000078e600000| Complete 
| 628|0x000000078e800000, 0x000000078ea00000, 0x000000078ea00000|100%| E|CS|TAMS 0x000000078e800000| PB 0x000000078e800000| Complete 
| 629|0x000000078ea00000, 0x000000078ec00000, 0x000000078ec00000|100%| E|CS|TAMS 0x000000078ea00000| PB 0x000000078ea00000| Complete 
| 630|0x000000078ec00000, 0x000000078ee00000, 0x000000078ee00000|100%| E|CS|TAMS 0x000000078ec00000| PB 0x000000078ec00000| Complete 
| 631|0x000000078ee00000, 0x000000078f000000, 0x000000078f000000|100%| E|CS|TAMS 0x000000078ee00000| PB 0x000000078ee00000| Complete 
| 632|0x000000078f000000, 0x000000078f200000, 0x000000078f200000|100%| E|CS|TAMS 0x000000078f000000| PB 0x000000078f000000| Complete 
| 633|0x000000078f200000, 0x000000078f400000, 0x000000078f400000|100%| E|CS|TAMS 0x000000078f200000| PB 0x000000078f200000| Complete 
| 634|0x000000078f400000, 0x000000078f600000, 0x000000078f600000|100%| E|CS|TAMS 0x000000078f400000| PB 0x000000078f400000| Complete 
| 635|0x000000078f600000, 0x000000078f800000, 0x000000078f800000|100%| E|CS|TAMS 0x000000078f600000| PB 0x000000078f600000| Complete 
| 636|0x000000078f800000, 0x000000078fa00000, 0x000000078fa00000|100%| E|CS|TAMS 0x000000078f800000| PB 0x000000078f800000| Complete 
| 637|0x000000078fa00000, 0x000000078fc00000, 0x000000078fc00000|100%| E|CS|TAMS 0x000000078fa00000| PB 0x000000078fa00000| Complete 
| 638|0x000000078fc00000, 0x000000078fe00000, 0x000000078fe00000|100%| E|CS|TAMS 0x000000078fc00000| PB 0x000000078fc00000| Complete 
| 639|0x000000078fe00000, 0x0000000790000000, 0x0000000790000000|100%| E|CS|TAMS 0x000000078fe00000| PB 0x000000078fe00000| Complete 
| 640|0x0000000790000000, 0x0000000790200000, 0x0000000790200000|100%| E|CS|TAMS 0x0000000790000000| PB 0x0000000790000000| Complete 
| 641|0x0000000790200000, 0x0000000790400000, 0x0000000790400000|100%| E|CS|TAMS 0x0000000790200000| PB 0x0000000790200000| Complete 
| 642|0x0000000790400000, 0x0000000790600000, 0x0000000790600000|100%| E|CS|TAMS 0x0000000790400000| PB 0x0000000790400000| Complete 
| 643|0x0000000790600000, 0x0000000790800000, 0x0000000790800000|100%| E|CS|TAMS 0x0000000790600000| PB 0x0000000790600000| Complete 
| 644|0x0000000790800000, 0x0000000790a00000, 0x0000000790a00000|100%| E|CS|TAMS 0x0000000790800000| PB 0x0000000790800000| Complete 
| 645|0x0000000790a00000, 0x0000000790c00000, 0x0000000790c00000|100%| E|CS|TAMS 0x0000000790a00000| PB 0x0000000790a00000| Complete 
| 646|0x0000000790c00000, 0x0000000790e00000, 0x0000000790e00000|100%| E|CS|TAMS 0x0000000790c00000| PB 0x0000000790c00000| Complete 
| 647|0x0000000790e00000, 0x0000000791000000, 0x0000000791000000|100%| E|CS|TAMS 0x0000000790e00000| PB 0x0000000790e00000| Complete 
| 648|0x0000000791000000, 0x0000000791200000, 0x0000000791200000|100%| E|CS|TAMS 0x0000000791000000| PB 0x0000000791000000| Complete 
| 649|0x0000000791200000, 0x0000000791400000, 0x0000000791400000|100%| E|CS|TAMS 0x0000000791200000| PB 0x0000000791200000| Complete 
| 650|0x0000000791400000, 0x0000000791600000, 0x0000000791600000|100%| E|CS|TAMS 0x0000000791400000| PB 0x0000000791400000| Complete 
| 651|0x0000000791600000, 0x0000000791800000, 0x0000000791800000|100%| E|CS|TAMS 0x0000000791600000| PB 0x0000000791600000| Complete 
| 652|0x0000000791800000, 0x0000000791a00000, 0x0000000791a00000|100%| E|CS|TAMS 0x0000000791800000| PB 0x0000000791800000| Complete 
| 653|0x0000000791a00000, 0x0000000791c00000, 0x0000000791c00000|100%| E|CS|TAMS 0x0000000791a00000| PB 0x0000000791a00000| Complete 
| 654|0x0000000791c00000, 0x0000000791e00000, 0x0000000791e00000|100%| E|CS|TAMS 0x0000000791c00000| PB 0x0000000791c00000| Complete 
| 655|0x0000000791e00000, 0x0000000792000000, 0x0000000792000000|100%| E|CS|TAMS 0x0000000791e00000| PB 0x0000000791e00000| Complete 
| 656|0x0000000792000000, 0x0000000792200000, 0x0000000792200000|100%| E|CS|TAMS 0x0000000792000000| PB 0x0000000792000000| Complete 
| 657|0x0000000792200000, 0x0000000792400000, 0x0000000792400000|100%| E|CS|TAMS 0x0000000792200000| PB 0x0000000792200000| Complete 
| 658|0x0000000792400000, 0x0000000792600000, 0x0000000792600000|100%| E|CS|TAMS 0x0000000792400000| PB 0x0000000792400000| Complete 
| 659|0x0000000792600000, 0x0000000792800000, 0x0000000792800000|100%| E|CS|TAMS 0x0000000792600000| PB 0x0000000792600000| Complete 
| 660|0x0000000792800000, 0x0000000792a00000, 0x0000000792a00000|100%| E|CS|TAMS 0x0000000792800000| PB 0x0000000792800000| Complete 
| 661|0x0000000792a00000, 0x0000000792c00000, 0x0000000792c00000|100%| E|CS|TAMS 0x0000000792a00000| PB 0x0000000792a00000| Complete 
| 662|0x0000000792c00000, 0x0000000792e00000, 0x0000000792e00000|100%| E|CS|TAMS 0x0000000792c00000| PB 0x0000000792c00000| Complete 
| 663|0x0000000792e00000, 0x0000000793000000, 0x0000000793000000|100%| E|CS|TAMS 0x0000000792e00000| PB 0x0000000792e00000| Complete 
| 664|0x0000000793000000, 0x0000000793200000, 0x0000000793200000|100%| E|CS|TAMS 0x0000000793000000| PB 0x0000000793000000| Complete 
| 665|0x0000000793200000, 0x0000000793400000, 0x0000000793400000|100%| E|CS|TAMS 0x0000000793200000| PB 0x0000000793200000| Complete 
| 666|0x0000000793400000, 0x0000000793600000, 0x0000000793600000|100%| E|CS|TAMS 0x0000000793400000| PB 0x0000000793400000| Complete 
| 667|0x0000000793600000, 0x0000000793800000, 0x0000000793800000|100%| E|CS|TAMS 0x0000000793600000| PB 0x0000000793600000| Complete 
| 668|0x0000000793800000, 0x0000000793a00000, 0x0000000793a00000|100%| E|CS|TAMS 0x0000000793800000| PB 0x0000000793800000| Complete 
| 669|0x0000000793a00000, 0x0000000793c00000, 0x0000000793c00000|100%| E|CS|TAMS 0x0000000793a00000| PB 0x0000000793a00000| Complete 
| 670|0x0000000793c00000, 0x0000000793e00000, 0x0000000793e00000|100%| E|CS|TAMS 0x0000000793c00000| PB 0x0000000793c00000| Complete 
| 671|0x0000000793e00000, 0x0000000794000000, 0x0000000794000000|100%| E|CS|TAMS 0x0000000793e00000| PB 0x0000000793e00000| Complete 
| 672|0x0000000794000000, 0x0000000794200000, 0x0000000794200000|100%| E|CS|TAMS 0x0000000794000000| PB 0x0000000794000000| Complete 
| 673|0x0000000794200000, 0x0000000794400000, 0x0000000794400000|100%| E|CS|TAMS 0x0000000794200000| PB 0x0000000794200000| Complete 
| 674|0x0000000794400000, 0x0000000794600000, 0x0000000794600000|100%| E|CS|TAMS 0x0000000794400000| PB 0x0000000794400000| Complete 
| 675|0x0000000794600000, 0x0000000794800000, 0x0000000794800000|100%| E|CS|TAMS 0x0000000794600000| PB 0x0000000794600000| Complete 
| 676|0x0000000794800000, 0x0000000794a00000, 0x0000000794a00000|100%| E|CS|TAMS 0x0000000794800000| PB 0x0000000794800000| Complete 
| 677|0x0000000794a00000, 0x0000000794c00000, 0x0000000794c00000|100%| E|CS|TAMS 0x0000000794a00000| PB 0x0000000794a00000| Complete 
| 678|0x0000000794c00000, 0x0000000794e00000, 0x0000000794e00000|100%| E|CS|TAMS 0x0000000794c00000| PB 0x0000000794c00000| Complete 
| 679|0x0000000794e00000, 0x0000000795000000, 0x0000000795000000|100%| E|CS|TAMS 0x0000000794e00000| PB 0x0000000794e00000| Complete 
| 680|0x0000000795000000, 0x0000000795200000, 0x0000000795200000|100%| E|CS|TAMS 0x0000000795000000| PB 0x0000000795000000| Complete 
| 681|0x0000000795200000, 0x0000000795400000, 0x0000000795400000|100%| E|CS|TAMS 0x0000000795200000| PB 0x0000000795200000| Complete 
| 682|0x0000000795400000, 0x0000000795600000, 0x0000000795600000|100%| E|CS|TAMS 0x0000000795400000| PB 0x0000000795400000| Complete 
| 683|0x0000000795600000, 0x0000000795800000, 0x0000000795800000|100%| E|CS|TAMS 0x0000000795600000| PB 0x0000000795600000| Complete 
| 684|0x0000000795800000, 0x0000000795a00000, 0x0000000795a00000|100%| E|CS|TAMS 0x0000000795800000| PB 0x0000000795800000| Complete 
| 685|0x0000000795a00000, 0x0000000795c00000, 0x0000000795c00000|100%| E|CS|TAMS 0x0000000795a00000| PB 0x0000000795a00000| Complete 
| 686|0x0000000795c00000, 0x0000000795e00000, 0x0000000795e00000|100%| E|CS|TAMS 0x0000000795c00000| PB 0x0000000795c00000| Complete 
| 687|0x0000000795e00000, 0x0000000796000000, 0x0000000796000000|100%| E|CS|TAMS 0x0000000795e00000| PB 0x0000000795e00000| Complete 
| 688|0x0000000796000000, 0x0000000796200000, 0x0000000796200000|100%| E|CS|TAMS 0x0000000796000000| PB 0x0000000796000000| Complete 
| 689|0x0000000796200000, 0x0000000796400000, 0x0000000796400000|100%| E|CS|TAMS 0x0000000796200000| PB 0x0000000796200000| Complete 
| 690|0x0000000796400000, 0x0000000796600000, 0x0000000796600000|100%| E|CS|TAMS 0x0000000796400000| PB 0x0000000796400000| Complete 
| 691|0x0000000796600000, 0x0000000796800000, 0x0000000796800000|100%| E|CS|TAMS 0x0000000796600000| PB 0x0000000796600000| Complete 
| 692|0x0000000796800000, 0x0000000796a00000, 0x0000000796a00000|100%| E|CS|TAMS 0x0000000796800000| PB 0x0000000796800000| Complete 
| 693|0x0000000796a00000, 0x0000000796c00000, 0x0000000796c00000|100%| E|CS|TAMS 0x0000000796a00000| PB 0x0000000796a00000| Complete 
| 694|0x0000000796c00000, 0x0000000796e00000, 0x0000000796e00000|100%| E|CS|TAMS 0x0000000796c00000| PB 0x0000000796c00000| Complete 
| 695|0x0000000796e00000, 0x0000000797000000, 0x0000000797000000|100%| E|CS|TAMS 0x0000000796e00000| PB 0x0000000796e00000| Complete 
| 696|0x0000000797000000, 0x0000000797200000, 0x0000000797200000|100%| E|CS|TAMS 0x0000000797000000| PB 0x0000000797000000| Complete 
| 697|0x0000000797200000, 0x0000000797400000, 0x0000000797400000|100%| E|CS|TAMS 0x0000000797200000| PB 0x0000000797200000| Complete 
| 698|0x0000000797400000, 0x0000000797600000, 0x0000000797600000|100%| E|CS|TAMS 0x0000000797400000| PB 0x0000000797400000| Complete 
| 699|0x0000000797600000, 0x0000000797800000, 0x0000000797800000|100%| E|CS|TAMS 0x0000000797600000| PB 0x0000000797600000| Complete 
| 700|0x0000000797800000, 0x0000000797a00000, 0x0000000797a00000|100%| E|CS|TAMS 0x0000000797800000| PB 0x0000000797800000| Complete 
| 701|0x0000000797a00000, 0x0000000797c00000, 0x0000000797c00000|100%| E|CS|TAMS 0x0000000797a00000| PB 0x0000000797a00000| Complete 
| 702|0x0000000797c00000, 0x0000000797e00000, 0x0000000797e00000|100%| E|CS|TAMS 0x0000000797c00000| PB 0x0000000797c00000| Complete 
| 703|0x0000000797e00000, 0x0000000798000000, 0x0000000798000000|100%| E|CS|TAMS 0x0000000797e00000| PB 0x0000000797e00000| Complete 
| 704|0x0000000798000000, 0x0000000798200000, 0x0000000798200000|100%| E|CS|TAMS 0x0000000798000000| PB 0x0000000798000000| Complete 
| 705|0x0000000798200000, 0x0000000798400000, 0x0000000798400000|100%| E|CS|TAMS 0x0000000798200000| PB 0x0000000798200000| Complete 
| 706|0x0000000798400000, 0x0000000798600000, 0x0000000798600000|100%| E|CS|TAMS 0x0000000798400000| PB 0x0000000798400000| Complete 
| 707|0x0000000798600000, 0x0000000798800000, 0x0000000798800000|100%| E|CS|TAMS 0x0000000798600000| PB 0x0000000798600000| Complete 
| 708|0x0000000798800000, 0x0000000798a00000, 0x0000000798a00000|100%| E|CS|TAMS 0x0000000798800000| PB 0x0000000798800000| Complete 
| 709|0x0000000798a00000, 0x0000000798c00000, 0x0000000798c00000|100%| E|CS|TAMS 0x0000000798a00000| PB 0x0000000798a00000| Complete 
| 710|0x0000000798c00000, 0x0000000798e00000, 0x0000000798e00000|100%| E|CS|TAMS 0x0000000798c00000| PB 0x0000000798c00000| Complete 
| 711|0x0000000798e00000, 0x0000000799000000, 0x0000000799000000|100%| E|CS|TAMS 0x0000000798e00000| PB 0x0000000798e00000| Complete 
| 712|0x0000000799000000, 0x0000000799200000, 0x0000000799200000|100%| E|CS|TAMS 0x0000000799000000| PB 0x0000000799000000| Complete 
| 713|0x0000000799200000, 0x0000000799400000, 0x0000000799400000|100%| E|CS|TAMS 0x0000000799200000| PB 0x0000000799200000| Complete 
| 714|0x0000000799400000, 0x0000000799600000, 0x0000000799600000|100%| E|CS|TAMS 0x0000000799400000| PB 0x0000000799400000| Complete 
| 715|0x0000000799600000, 0x0000000799800000, 0x0000000799800000|100%| E|CS|TAMS 0x0000000799600000| PB 0x0000000799600000| Complete 
| 716|0x0000000799800000, 0x0000000799a00000, 0x0000000799a00000|100%| E|CS|TAMS 0x0000000799800000| PB 0x0000000799800000| Complete 
| 717|0x0000000799a00000, 0x0000000799c00000, 0x0000000799c00000|100%| E|CS|TAMS 0x0000000799a00000| PB 0x0000000799a00000| Complete 
| 718|0x0000000799c00000, 0x0000000799e00000, 0x0000000799e00000|100%| E|CS|TAMS 0x0000000799c00000| PB 0x0000000799c00000| Complete 
| 719|0x0000000799e00000, 0x000000079a000000, 0x000000079a000000|100%| E|CS|TAMS 0x0000000799e00000| PB 0x0000000799e00000| Complete 
| 720|0x000000079a000000, 0x000000079a200000, 0x000000079a200000|100%| E|CS|TAMS 0x000000079a000000| PB 0x000000079a000000| Complete 
| 721|0x000000079a200000, 0x000000079a400000, 0x000000079a400000|100%| E|CS|TAMS 0x000000079a200000| PB 0x000000079a200000| Complete 
| 722|0x000000079a400000, 0x000000079a600000, 0x000000079a600000|100%| E|  |TAMS 0x000000079a400000| PB 0x000000079a400000| Complete 
| 723|0x000000079a600000, 0x000000079a800000, 0x000000079a800000|100%| E|CS|TAMS 0x000000079a600000| PB 0x000000079a600000| Complete 
| 724|0x000000079a800000, 0x000000079aa00000, 0x000000079aa00000|100%| E|CS|TAMS 0x000000079a800000| PB 0x000000079a800000| Complete 
| 725|0x000000079aa00000, 0x000000079ac00000, 0x000000079ac00000|100%| E|CS|TAMS 0x000000079aa00000| PB 0x000000079aa00000| Complete 
| 726|0x000000079ac00000, 0x000000079ae00000, 0x000000079ae00000|100%| E|CS|TAMS 0x000000079ac00000| PB 0x000000079ac00000| Complete 
| 727|0x000000079ae00000, 0x000000079b000000, 0x000000079b000000|100%| E|CS|TAMS 0x000000079ae00000| PB 0x000000079ae00000| Complete 
| 728|0x000000079b000000, 0x000000079b200000, 0x000000079b200000|100%| E|CS|TAMS 0x000000079b000000| PB 0x000000079b000000| Complete 
| 729|0x000000079b200000, 0x000000079b400000, 0x000000079b400000|100%| E|CS|TAMS 0x000000079b200000| PB 0x000000079b200000| Complete 
| 730|0x000000079b400000, 0x000000079b600000, 0x000000079b600000|100%| E|CS|TAMS 0x000000079b400000| PB 0x000000079b400000| Complete 
| 731|0x000000079b600000, 0x000000079b800000, 0x000000079b800000|100%| E|CS|TAMS 0x000000079b600000| PB 0x000000079b600000| Complete 
| 732|0x000000079b800000, 0x000000079ba00000, 0x000000079ba00000|100%| E|CS|TAMS 0x000000079b800000| PB 0x000000079b800000| Complete 
| 733|0x000000079ba00000, 0x000000079bc00000, 0x000000079bc00000|100%| E|CS|TAMS 0x000000079ba00000| PB 0x000000079ba00000| Complete 
| 734|0x000000079bc00000, 0x000000079be00000, 0x000000079be00000|100%| E|CS|TAMS 0x000000079bc00000| PB 0x000000079bc00000| Complete 
| 735|0x000000079be00000, 0x000000079c000000, 0x000000079c000000|100%| E|CS|TAMS 0x000000079be00000| PB 0x000000079be00000| Complete 
| 736|0x000000079c000000, 0x000000079c200000, 0x000000079c200000|100%| E|CS|TAMS 0x000000079c000000| PB 0x000000079c000000| Complete 
| 737|0x000000079c200000, 0x000000079c400000, 0x000000079c400000|100%| E|CS|TAMS 0x000000079c200000| PB 0x000000079c200000| Complete 
| 738|0x000000079c400000, 0x000000079c600000, 0x000000079c600000|100%| E|CS|TAMS 0x000000079c400000| PB 0x000000079c400000| Complete 
| 739|0x000000079c600000, 0x000000079c800000, 0x000000079c800000|100%| E|CS|TAMS 0x000000079c600000| PB 0x000000079c600000| Complete 
| 740|0x000000079c800000, 0x000000079ca00000, 0x000000079ca00000|100%| E|CS|TAMS 0x000000079c800000| PB 0x000000079c800000| Complete 
| 741|0x000000079ca00000, 0x000000079cc00000, 0x000000079cc00000|100%| E|CS|TAMS 0x000000079ca00000| PB 0x000000079ca00000| Complete 
| 742|0x000000079cc00000, 0x000000079ce00000, 0x000000079ce00000|100%| E|CS|TAMS 0x000000079cc00000| PB 0x000000079cc00000| Complete 
| 743|0x000000079ce00000, 0x000000079d000000, 0x000000079d000000|100%| E|CS|TAMS 0x000000079ce00000| PB 0x000000079ce00000| Complete 
| 744|0x000000079d000000, 0x000000079d200000, 0x000000079d200000|100%| E|CS|TAMS 0x000000079d000000| PB 0x000000079d000000| Complete 
| 745|0x000000079d200000, 0x000000079d400000, 0x000000079d400000|100%| E|CS|TAMS 0x000000079d200000| PB 0x000000079d200000| Complete 
| 746|0x000000079d400000, 0x000000079d600000, 0x000000079d600000|100%| E|CS|TAMS 0x000000079d400000| PB 0x000000079d400000| Complete 
| 747|0x000000079d600000, 0x000000079d800000, 0x000000079d800000|100%| E|CS|TAMS 0x000000079d600000| PB 0x000000079d600000| Complete 
| 748|0x000000079d800000, 0x000000079da00000, 0x000000079da00000|100%| E|CS|TAMS 0x000000079d800000| PB 0x000000079d800000| Complete 
| 749|0x000000079da00000, 0x000000079dc00000, 0x000000079dc00000|100%| E|CS|TAMS 0x000000079da00000| PB 0x000000079da00000| Complete 
| 750|0x000000079dc00000, 0x000000079de00000, 0x000000079de00000|100%| E|CS|TAMS 0x000000079dc00000| PB 0x000000079dc00000| Complete 
| 751|0x000000079de00000, 0x000000079e000000, 0x000000079e000000|100%| E|CS|TAMS 0x000000079de00000| PB 0x000000079de00000| Complete 
| 752|0x000000079e000000, 0x000000079e200000, 0x000000079e200000|100%| E|CS|TAMS 0x000000079e000000| PB 0x000000079e000000| Complete 
| 753|0x000000079e200000, 0x000000079e400000, 0x000000079e400000|100%| E|CS|TAMS 0x000000079e200000| PB 0x000000079e200000| Complete 
|1514|0x00000007fd400000, 0x00000007fd600000, 0x00000007fd600000|100%| E|CS|TAMS 0x00000007fd400000| PB 0x00000007fd400000| Complete 
|1515|0x00000007fd600000, 0x00000007fd800000, 0x00000007fd800000|100%| E|CS|TAMS 0x00000007fd600000| PB 0x00000007fd600000| Complete 
|1516|0x00000007fd800000, 0x00000007fda00000, 0x00000007fda00000|100%| E|CS|TAMS 0x00000007fd800000| PB 0x00000007fd800000| Complete 
|1517|0x00000007fda00000, 0x00000007fdc00000, 0x00000007fdc00000|100%| E|CS|TAMS 0x00000007fda00000| PB 0x00000007fda00000| Complete 
|1518|0x00000007fdc00000, 0x00000007fde00000, 0x00000007fde00000|100%| E|CS|TAMS 0x00000007fdc00000| PB 0x00000007fdc00000| Complete 
|1519|0x00000007fde00000, 0x00000007fe000000, 0x00000007fe000000|100%| E|CS|TAMS 0x00000007fde00000| PB 0x00000007fde00000| Complete 
|1520|0x00000007fe000000, 0x00000007fe200000, 0x00000007fe200000|100%| E|CS|TAMS 0x00000007fe000000| PB 0x00000007fe000000| Complete 
|1521|0x00000007fe200000, 0x00000007fe400000, 0x00000007fe400000|100%| E|CS|TAMS 0x00000007fe200000| PB 0x00000007fe200000| Complete 
|1522|0x00000007fe400000, 0x00000007fe600000, 0x00000007fe600000|100%| E|CS|TAMS 0x00000007fe400000| PB 0x00000007fe400000| Complete 
|1523|0x00000007fe600000, 0x00000007fe800000, 0x00000007fe800000|100%| E|CS|TAMS 0x00000007fe600000| PB 0x00000007fe600000| Complete 
|1524|0x00000007fe800000, 0x00000007fea00000, 0x00000007fea00000|100%| E|CS|TAMS 0x00000007fe800000| PB 0x00000007fe800000| Complete 
|1525|0x00000007fea00000, 0x00000007fec00000, 0x00000007fec00000|100%| O|  |TAMS 0x00000007fea00000| PB 0x00000007fea00000| Untracked 
|1526|0x00000007fec00000, 0x00000007fee00000, 0x00000007fee00000|100%| O|  |TAMS 0x00000007fec00000| PB 0x00000007fec00000| Untracked 
|1527|0x00000007fee00000, 0x00000007ff000000, 0x00000007ff000000|100%| E|CS|TAMS 0x00000007fee00000| PB 0x00000007fee00000| Complete 
|1528|0x00000007ff000000, 0x00000007ff200000, 0x00000007ff200000|100%| O|  |TAMS 0x00000007ff000000| PB 0x00000007ff000000| Untracked 
|1529|0x00000007ff200000, 0x00000007ff400000, 0x00000007ff400000|100%| O|  |TAMS 0x00000007ff200000| PB 0x00000007ff200000| Untracked 
|1530|0x00000007ff400000, 0x00000007ff600000, 0x00000007ff600000|100%| O|  |TAMS 0x00000007ff400000| PB 0x00000007ff400000| Untracked 
|1531|0x00000007ff600000, 0x00000007ff800000, 0x00000007ff800000|100%| O|  |TAMS 0x00000007ff600000| PB 0x00000007ff600000| Untracked 
|1532|0x00000007ff800000, 0x00000007ffa00000, 0x00000007ffa00000|100%| O|  |TAMS 0x00000007ff800000| PB 0x00000007ff800000| Untracked 
|1533|0x00000007ffa00000, 0x00000007ffc00000, 0x00000007ffc00000|100%| O|  |TAMS 0x00000007ffa00000| PB 0x00000007ffa00000| Untracked 
|1534|0x00000007ffc00000, 0x00000007ffe00000, 0x00000007ffe00000|100%| O|  |TAMS 0x00000007ffc00000| PB 0x00000007ffc00000| Untracked 
|1535|0x00000007ffe00000, 0x0000000800000000, 0x0000000800000000|100%| O|  |TAMS 0x00000007ffe00000| PB 0x00000007ffe00000| Untracked 

Card table byte_map: [0x00000201fb1d0000,0x00000201fb7d0000] _byte_map_base: 0x00000201f77d0000

Marking Bits: (CMBitMap*) 0x00000201fa6150b0
 Bits: [0x00000201fb7d0000, 0x00000201fe7d0000)

Polling page: 0x00000201f83b0000

Metaspace:

Usage:
  Non-class:    140.30 MB used.
      Class:     21.48 MB used.
       Both:    161.78 MB used.

Virtual space:
  Non-class space:      192.00 MB reserved,     141.56 MB ( 74%) committed,  3 nodes.
      Class space:        1.00 GB reserved,      22.75 MB (  2%) committed,  1 nodes.
             Both:        1.19 GB reserved,     164.31 MB ( 14%) committed. 

Chunk freelists:
   Non-Class:  2.31 MB
       Class:  9.26 MB
        Both:  11.58 MB

MaxMetaspaceSize: unlimited
CompressedClassSpaceSize: 1.00 GB
Initial GC threshold: 21.00 MB
Current GC threshold: 273.56 MB
CDS: on
 - commit_granule_bytes: 65536.
 - commit_granule_words: 8192.
 - virtual_space_node_default_size: 8388608.
 - enlarge_chunks_in_place: 1.
 - use_allocation_guard: 0.


Internal statistics:

num_allocs_failed_limit: 12.
num_arena_births: 5272.
num_arena_deaths: 486.
num_vsnodes_births: 4.
num_vsnodes_deaths: 0.
num_space_committed: 2625.
num_space_uncommitted: 2.
num_chunks_returned_to_freelist: 758.
num_chunks_taken_from_freelist: 13080.
num_chunk_merges: 340.
num_chunk_splits: 8352.
num_chunks_enlarged: 5137.
num_inconsistent_stats: 0.

CodeHeap 'non-profiled nmethods': size=120000Kb used=13086Kb max_used=17856Kb free=106913Kb
 bounds [0x00000201900f0000, 0x0000020191320000, 0x0000020197620000]
CodeHeap 'profiled nmethods': size=120000Kb used=32207Kb max_used=51700Kb free=87792Kb
 bounds [0x0000020188620000, 0x000002018b990000, 0x000002018fb50000]
CodeHeap 'non-nmethods': size=5760Kb used=3254Kb max_used=3341Kb free=2505Kb
 bounds [0x000002018fb50000, 0x000002018fec0000, 0x00000201900f0000]
 total_blobs=16694 nmethods=15436 adapters=1158
 compilation: enabled
              stopped_count=0, restarted_count=0
 full_count=0

Compilation events (20 events):
Event: 64.155 Thread 0x00000201ff472c80 nmethod 41794 0x0000020188691690 code [0x0000020188691840, 0x0000020188691960]
Event: 64.170 Thread 0x00000201ff472c80 41795       3       com.android.tools.r8.internal.US::b (94 bytes)
Event: 64.170 Thread 0x00000201ff472c80 nmethod 41795 0x0000020188763510 code [0x00000201887637a0, 0x0000020188764130]
Event: 64.171 Thread 0x00000201ff472c80 41796       2       com.android.tools.r8.internal.ox0::c (10 bytes)
Event: 64.171 Thread 0x00000201ff472c80 nmethod 41796 0x00000201887cf110 code [0x00000201887cf2c0, 0x00000201887cf448]
Event: 64.171 Thread 0x00000201ff472c80 41797       2       com.android.tools.r8.internal.Qs::<init> (7 bytes)
Event: 64.171 Thread 0x00000201ff472c80 nmethod 41797 0x000002018871b590 code [0x000002018871b740, 0x000002018871b860]
Event: 64.193 Thread 0x00000201ff472c80 41798       3       com.android.tools.r8.internal.oT::h (58 bytes)
Event: 64.194 Thread 0x00000201ff472c80 nmethod 41798 0x0000020188744690 code [0x00000201887448a0, 0x0000020188744c18]
Event: 64.197 Thread 0x00000201ff472c80 41799       3       com.android.tools.r8.internal.US::c (54 bytes)
Event: 64.197 Thread 0x00000201ff472c80 nmethod 41799 0x00000201886b3490 code [0x00000201886b3660, 0x00000201886b38f8]
Event: 64.202 Thread 0x00000201ff472c80 41801       2       com.android.tools.r8.internal.s2::a (11 bytes)
Event: 64.203 Thread 0x00000201ff472c80 nmethod 41801 0x00000201887f4210 code [0x00000201887f43c0, 0x00000201887f4550]
Event: 64.203 Thread 0x00000201ff472c80 41802       2       com.android.tools.r8.internal.nn::<init> (8 bytes)
Event: 64.203 Thread 0x00000201ff472c80 nmethod 41802 0x00000201887ba890 code [0x00000201887baa40, 0x00000201887bab60]
Event: 64.212 Thread 0x00000201ff472c80 41803       3       com.android.tools.r8.internal.lx::a (134 bytes)
Event: 64.214 Thread 0x00000201ff472c80 nmethod 41803 0x00000201889eea10 code [0x00000201889eeca0, 0x00000201889ef750]
Event: 64.214 Thread 0x00000201ff472c80 41804       3       com.android.tools.r8.internal.MW::a (164 bytes)
Event: 64.214 Thread 0x00000201ff472c80 nmethod 41804 0x0000020188a2e010 code [0x0000020188a2e240, 0x0000020188a2e848]
Event: 64.214 Thread 0x00000201ff472c80 41805       3       com.android.tools.r8.internal.lx::a (849 bytes)

GC Heap History (20 events):
Event: 56.215 GC heap before
{Heap before GC invocations=80 (full 0):
 garbage-first heap   total 1589248K, used 1458756K [0x0000000740000000, 0x0000000800000000)
  region size 2048K, 457 young (935936K), 22 survivors (45056K)
 Metaspace       used 160540K, committed 163136K, reserved 1245184K
  class space    used 21216K, committed 22528K, reserved 1048576K
}
Event: 56.233 GC heap after
{Heap after GC invocations=81 (full 0):
 garbage-first heap   total 1589248K, used 571972K [0x0000000740000000, 0x0000000800000000)
  region size 2048K, 23 young (47104K), 23 survivors (47104K)
 Metaspace       used 160540K, committed 163136K, reserved 1245184K
  class space    used 21216K, committed 22528K, reserved 1048576K
}
Event: 56.823 GC heap before
{Heap before GC invocations=81 (full 0):
 garbage-first heap   total 1589248K, used 1456708K [0x0000000740000000, 0x0000000800000000)
  region size 2048K, 456 young (933888K), 23 survivors (47104K)
 Metaspace       used 160640K, committed 163264K, reserved 1245184K
  class space    used 21229K, committed 22528K, reserved 1048576K
}
Event: 56.838 GC heap after
{Heap after GC invocations=82 (full 0):
 garbage-first heap   total 1589248K, used 567876K [0x0000000740000000, 0x0000000800000000)
  region size 2048K, 21 young (43008K), 21 survivors (43008K)
 Metaspace       used 160640K, committed 163264K, reserved 1245184K
  class space    used 21229K, committed 22528K, reserved 1048576K
}
Event: 59.162 GC heap before
{Heap before GC invocations=83 (full 0):
 garbage-first heap   total 1589248K, used 1464900K [0x0000000740000000, 0x0000000800000000)
  region size 2048K, 458 young (937984K), 21 survivors (43008K)
 Metaspace       used 161053K, committed 163712K, reserved 1245184K
  class space    used 21307K, committed 22656K, reserved 1048576K
}
Event: 59.188 GC heap after
{Heap after GC invocations=84 (full 0):
 garbage-first heap   total 1589248K, used 597840K [0x0000000740000000, 0x0000000800000000)
  region size 2048K, 34 young (69632K), 34 survivors (69632K)
 Metaspace       used 161053K, committed 163712K, reserved 1245184K
  class space    used 21307K, committed 22656K, reserved 1048576K
}
Event: 61.192 GC heap before
{Heap before GC invocations=84 (full 0):
 garbage-first heap   total 1589248K, used 1439568K [0x0000000740000000, 0x0000000800000000)
  region size 2048K, 443 young (907264K), 34 survivors (69632K)
 Metaspace       used 164856K, committed 167552K, reserved 1245184K
  class space    used 21948K, committed 23296K, reserved 1048576K
}
Event: 61.237 GC heap after
{Heap after GC invocations=85 (full 0):
 garbage-first heap   total 1589248K, used 590783K [0x0000000740000000, 0x0000000800000000)
  region size 2048K, 33 young (67584K), 33 survivors (67584K)
 Metaspace       used 164856K, committed 167552K, reserved 1245184K
  class space    used 21948K, committed 23296K, reserved 1048576K
}
Event: 61.714 GC heap before
{Heap before GC invocations=85 (full 0):
 garbage-first heap   total 1589248K, used 1436607K [0x0000000740000000, 0x0000000800000000)
  region size 2048K, 447 young (915456K), 33 survivors (67584K)
 Metaspace       used 165324K, committed 168000K, reserved 1245184K
  class space    used 21970K, committed 23296K, reserved 1048576K
}
Event: 61.740 GC heap after
{Heap after GC invocations=86 (full 0):
 garbage-first heap   total 1589248K, used 594944K [0x0000000740000000, 0x0000000800000000)
  region size 2048K, 32 young (65536K), 32 survivors (65536K)
 Metaspace       used 165324K, committed 168000K, reserved 1245184K
  class space    used 21970K, committed 23296K, reserved 1048576K
}
Event: 62.332 GC heap before
{Heap before GC invocations=86 (full 0):
 garbage-first heap   total 1589248K, used 1432576K [0x0000000740000000, 0x0000000800000000)
  region size 2048K, 445 young (911360K), 32 survivors (65536K)
 Metaspace       used 165339K, committed 168064K, reserved 1245184K
  class space    used 21957K, committed 23296K, reserved 1048576K
}
Event: 62.354 GC heap after
{Heap after GC invocations=87 (full 0):
 garbage-first heap   total 1589248K, used 587053K [0x0000000740000000, 0x0000000800000000)
  region size 2048K, 29 young (59392K), 29 survivors (59392K)
 Metaspace       used 165339K, committed 168064K, reserved 1245184K
  class space    used 21957K, committed 23296K, reserved 1048576K
}
Event: 62.721 GC heap before
{Heap before GC invocations=88 (full 0):
 garbage-first heap   total 1589248K, used 1445165K [0x0000000740000000, 0x0000000800000000)
  region size 2048K, 449 young (919552K), 29 survivors (59392K)
 Metaspace       used 165371K, committed 168064K, reserved 1245184K
  class space    used 21958K, committed 23296K, reserved 1048576K
}
Event: 62.744 GC heap after
{Heap after GC invocations=89 (full 0):
 garbage-first heap   total 1589248K, used 593197K [0x0000000740000000, 0x0000000800000000)
  region size 2048K, 32 young (65536K), 32 survivors (65536K)
 Metaspace       used 165371K, committed 168064K, reserved 1245184K
  class space    used 21958K, committed 23296K, reserved 1048576K
}
Event: 63.058 GC heap before
{Heap before GC invocations=89 (full 0):
 garbage-first heap   total 1589248K, used 1439021K [0x0000000740000000, 0x0000000800000000)
  region size 2048K, 446 young (913408K), 32 survivors (65536K)
 Metaspace       used 165394K, committed 168064K, reserved 1245184K
  class space    used 21961K, committed 23296K, reserved 1048576K
}
Event: 63.085 GC heap after
{Heap after GC invocations=90 (full 0):
 garbage-first heap   total 1589248K, used 567898K [0x0000000740000000, 0x0000000800000000)
  region size 2048K, 30 young (61440K), 30 survivors (61440K)
 Metaspace       used 165394K, committed 168064K, reserved 1245184K
  class space    used 21961K, committed 23296K, reserved 1048576K
}
Event: 63.472 GC heap before
{Heap before GC invocations=90 (full 0):
 garbage-first heap   total 1589248K, used 1442394K [0x0000000740000000, 0x0000000800000000)
  region size 2048K, 458 young (937984K), 30 survivors (61440K)
 Metaspace       used 165442K, committed 168064K, reserved 1245184K
  class space    used 21966K, committed 23296K, reserved 1048576K
}
Event: 63.496 GC heap after
{Heap after GC invocations=91 (full 0):
 garbage-first heap   total 1589248K, used 574042K [0x0000000740000000, 0x0000000800000000)
  region size 2048K, 33 young (67584K), 33 survivors (67584K)
 Metaspace       used 165442K, committed 168064K, reserved 1245184K
  class space    used 21966K, committed 23296K, reserved 1048576K
}
Event: 64.071 GC heap before
{Heap before GC invocations=91 (full 0):
 garbage-first heap   total 1589248K, used 1438298K [0x0000000740000000, 0x0000000800000000)
  region size 2048K, 455 young (931840K), 33 survivors (67584K)
 Metaspace       used 165456K, committed 168128K, reserved 1245184K
  class space    used 21966K, committed 23296K, reserved 1048576K
}
Event: 64.097 GC heap after
{Heap after GC invocations=92 (full 0):
 garbage-first heap   total 1589248K, used 578082K [0x0000000740000000, 0x0000000800000000)
  region size 2048K, 25 young (51200K), 25 survivors (51200K)
 Metaspace       used 165456K, committed 168128K, reserved 1245184K
  class space    used 21966K, committed 23296K, reserved 1048576K
}

Dll operation events (16 events):
Event: 0.009 Loaded shared library C:\Users\vfxno\AppData\Local\Programs\Eclipse Adoptium\jdk-21.0.6.7-hotspot\bin\java.dll
Event: 0.038 Loaded shared library C:\Users\vfxno\AppData\Local\Programs\Eclipse Adoptium\jdk-21.0.6.7-hotspot\bin\jsvml.dll
Event: 0.072 Loaded shared library C:\Users\vfxno\AppData\Local\Programs\Eclipse Adoptium\jdk-21.0.6.7-hotspot\bin\zip.dll
Event: 0.075 Loaded shared library C:\Users\vfxno\AppData\Local\Programs\Eclipse Adoptium\jdk-21.0.6.7-hotspot\bin\instrument.dll
Event: 0.078 Loaded shared library C:\Users\vfxno\AppData\Local\Programs\Eclipse Adoptium\jdk-21.0.6.7-hotspot\bin\net.dll
Event: 0.080 Loaded shared library C:\Users\vfxno\AppData\Local\Programs\Eclipse Adoptium\jdk-21.0.6.7-hotspot\bin\nio.dll
Event: 0.082 Loaded shared library C:\Users\vfxno\AppData\Local\Programs\Eclipse Adoptium\jdk-21.0.6.7-hotspot\bin\zip.dll
Event: 0.252 Loaded shared library C:\Users\vfxno\AppData\Local\Programs\Eclipse Adoptium\jdk-21.0.6.7-hotspot\bin\jimage.dll
Event: 0.328 Loaded shared library C:\Users\vfxno\AppData\Local\Programs\Eclipse Adoptium\jdk-21.0.6.7-hotspot\bin\verify.dll
Event: 0.387 Loaded shared library C:\Users\vfxno\.gradle\native\1def1411415f61bf3af743bc5b6707747c0891f09f0c88961ee8f79bc544acac\windows-amd64\native-platform.dll
Event: 0.394 Loaded shared library C:\Users\vfxno\.gradle\native\0.2.7\x86_64-windows-gnu\gradle-fileevents.dll
Event: 1.006 Loaded shared library C:\Users\vfxno\AppData\Local\Programs\Eclipse Adoptium\jdk-21.0.6.7-hotspot\bin\management.dll
Event: 1.008 Loaded shared library C:\Users\vfxno\AppData\Local\Programs\Eclipse Adoptium\jdk-21.0.6.7-hotspot\bin\management_ext.dll
Event: 1.102 Loaded shared library C:\Users\vfxno\AppData\Local\Programs\Eclipse Adoptium\jdk-21.0.6.7-hotspot\bin\extnet.dll
Event: 1.272 Loaded shared library C:\Users\vfxno\AppData\Local\Programs\Eclipse Adoptium\jdk-21.0.6.7-hotspot\bin\sunmscapi.dll
Event: 31.685 Loaded shared library C:\Users\vfxno\AppData\Local\Programs\Eclipse Adoptium\jdk-21.0.6.7-hotspot\bin\awt.dll

Deoptimization events (20 events):
Event: 64.266 Thread 0x00000201e623fd20 DEOPT PACKING pc=0x0000020189d42ba1 sp=0x000000093bbfe9f0
Event: 64.266 Thread 0x00000201e623fd20 DEOPT UNPACKING pc=0x000002018fba4e42 sp=0x000000093bbfdf78 mode 0
Event: 64.271 Thread 0x00000201e6242b10 DEOPT PACKING pc=0x0000020189d42cb8 sp=0x000000093bdfe480
Event: 64.271 Thread 0x00000201e6242b10 DEOPT UNPACKING pc=0x000002018fba4e42 sp=0x000000093bdfda00 mode 0
Event: 64.272 Thread 0x00000201e623c8a0 DEOPT PACKING pc=0x000002018a62a148 sp=0x000000093b9fe5f0
Event: 64.272 Thread 0x00000201e623c8a0 DEOPT UNPACKING pc=0x000002018fba4e42 sp=0x000000093b9fdb88 mode 0
Event: 64.285 Thread 0x00000201e623c210 DEOPT PACKING pc=0x000002018a62a101 sp=0x000000093b8fe7d0
Event: 64.285 Thread 0x00000201e623c210 DEOPT UNPACKING pc=0x000002018fba4e42 sp=0x000000093b8fdd68 mode 0
Event: 64.297 Thread 0x00000201e623d5c0 Uncommon trap: trap_request=0xffffff45 fr.pc=0x0000020190ce827c relative=0x0000000000002bfc
Event: 64.297 Thread 0x00000201e623d5c0 Uncommon trap: reason=unstable_if action=reinterpret pc=0x0000020190ce827c method=com.android.tools.r8.internal.xo.a(Lcom/android/tools/r8/internal/sB;Lcom/android/tools/r8/internal/Y5;Lcom/android/tools/r8/internal/ZR;Ljava/util/IdentityHashMap;Ljava/uti
Event: 64.297 Thread 0x00000201e623d5c0 DEOPT PACKING pc=0x0000020190ce827c sp=0x000000093bcfe4b0
Event: 64.297 Thread 0x00000201e623d5c0 DEOPT UNPACKING pc=0x000002018fba46a2 sp=0x000000093bcfe4c0 mode 2
Event: 64.306 Thread 0x00000201e623c210 DEOPT PACKING pc=0x000002018a21d6b7 sp=0x000000093b8fd7f0
Event: 64.306 Thread 0x00000201e623c210 DEOPT UNPACKING pc=0x000002018fba4e42 sp=0x000000093b8fcc68 mode 0
Event: 64.324 Thread 0x00000201e623c210 DEOPT PACKING pc=0x0000020189d42bdd sp=0x000000093b8fe5e0
Event: 64.325 Thread 0x00000201e623c210 DEOPT UNPACKING pc=0x000002018fba4e42 sp=0x000000093b8fdb60 mode 0
Event: 64.325 Thread 0x00000201e623c210 Uncommon trap: trap_request=0xffffff45 fr.pc=0x00000201912465b4 relative=0x0000000000006014
Event: 64.325 Thread 0x00000201e623c210 Uncommon trap: reason=unstable_if action=reinterpret pc=0x00000201912465b4 method=com.android.tools.r8.ir.optimize.f0.a(Lcom/android/tools/r8/graph/y;Lcom/android/tools/r8/internal/sB;Lcom/android/tools/r8/internal/US;)V @ 235 c2
Event: 64.325 Thread 0x00000201e623c210 DEOPT PACKING pc=0x00000201912465b4 sp=0x000000093b8fe650
Event: 64.325 Thread 0x00000201e623c210 DEOPT UNPACKING pc=0x000002018fba46a2 sp=0x000000093b8fe670 mode 2

Classes loaded (20 events):
Event: 46.652 Loading class java/util/IdentityHashMap$EntryIterator
Event: 46.652 Loading class java/util/IdentityHashMap$EntryIterator done
Event: 46.653 Loading class java/util/IdentityHashMap$EntryIterator$Entry
Event: 46.653 Loading class java/util/IdentityHashMap$EntryIterator$Entry done
Event: 47.611 Loading class java/util/ArrayDeque$DescendingIterator
Event: 47.612 Loading class java/util/ArrayDeque$DescendingIterator done
Event: 48.132 Loading class java/util/concurrent/ConcurrentHashMap$KeySpliterator
Event: 48.132 Loading class java/util/concurrent/ConcurrentHashMap$KeySpliterator done
Event: 52.072 Loading class java/util/IdentityHashMap$EntrySpliterator
Event: 52.072 Loading class java/util/IdentityHashMap$IdentityHashMapSpliterator
Event: 52.072 Loading class java/util/IdentityHashMap$IdentityHashMapSpliterator done
Event: 52.072 Loading class java/util/IdentityHashMap$EntrySpliterator done
Event: 52.089 Loading class java/util/SortedSet$1
Event: 52.089 Loading class java/util/SortedSet$1 done
Event: 52.090 Loading class java/util/stream/SliceOps
Event: 52.090 Loading class java/util/stream/SliceOps done
Event: 52.091 Loading class java/util/stream/SliceOps$1
Event: 52.091 Loading class java/util/stream/SliceOps$1 done
Event: 52.101 Loading class java/util/stream/SliceOps$1$1
Event: 52.101 Loading class java/util/stream/SliceOps$1$1 done

Classes unloaded (20 events):
Event: 62.114 Thread 0x00000201ff41bec0 Unloading class 0x000002019c586000 'java/lang/invoke/LambdaForm$DMH+0x000002019c586000'
Event: 62.114 Thread 0x00000201ff41bec0 Unloading class 0x000002019c585c00 'java/lang/invoke/LambdaForm$DMH+0x000002019c585c00'
Event: 62.114 Thread 0x00000201ff41bec0 Unloading class 0x000002019c585800 'java/lang/invoke/LambdaForm$DMH+0x000002019c585800'
Event: 62.114 Thread 0x00000201ff41bec0 Unloading class 0x000002019c585000 'java/lang/invoke/LambdaForm$DMH+0x000002019c585000'
Event: 62.114 Thread 0x00000201ff41bec0 Unloading class 0x000002019c584c00 'java/lang/invoke/LambdaForm$DMH+0x000002019c584c00'
Event: 62.114 Thread 0x00000201ff41bec0 Unloading class 0x000002019c584800 'java/lang/invoke/LambdaForm$DMH+0x000002019c584800'
Event: 62.114 Thread 0x00000201ff41bec0 Unloading class 0x000002019c584000 'java/lang/invoke/LambdaForm$DMH+0x000002019c584000'
Event: 62.114 Thread 0x00000201ff41bec0 Unloading class 0x000002019c585400 'java/lang/invoke/LambdaForm$DMH+0x000002019c585400'
Event: 62.114 Thread 0x00000201ff41bec0 Unloading class 0x000002019c524400 'java/lang/invoke/LambdaForm$DMH+0x000002019c524400'
Event: 62.114 Thread 0x00000201ff41bec0 Unloading class 0x000002019c50ac00 'java/lang/invoke/LambdaForm$DMH+0x000002019c50ac00'
Event: 62.114 Thread 0x00000201ff41bec0 Unloading class 0x000002019c50a800 'java/lang/invoke/LambdaForm$DMH+0x000002019c50a800'
Event: 62.114 Thread 0x00000201ff41bec0 Unloading class 0x000002019c50a400 'java/lang/invoke/LambdaForm$DMH+0x000002019c50a400'
Event: 62.114 Thread 0x00000201ff41bec0 Unloading class 0x000002019c50a000 'java/lang/invoke/LambdaForm$DMH+0x000002019c50a000'
Event: 62.114 Thread 0x00000201ff41bec0 Unloading class 0x000002019c509800 'java/lang/invoke/LambdaForm$DMH+0x000002019c509800'
Event: 62.114 Thread 0x00000201ff41bec0 Unloading class 0x000002019c509c00 'java/lang/invoke/LambdaForm$DMH+0x000002019c509c00'
Event: 62.114 Thread 0x00000201ff41bec0 Unloading class 0x000002019c509400 'java/lang/invoke/LambdaForm$DMH+0x000002019c509400'
Event: 62.114 Thread 0x00000201ff41bec0 Unloading class 0x000002019c509000 'java/lang/invoke/LambdaForm$DMH+0x000002019c509000'
Event: 62.114 Thread 0x00000201ff41bec0 Unloading class 0x000002019c508c00 'java/lang/invoke/LambdaForm$DMH+0x000002019c508c00'
Event: 62.114 Thread 0x00000201ff41bec0 Unloading class 0x000002019c508800 'java/lang/invoke/LambdaForm$DMH+0x000002019c508800'
Event: 62.114 Thread 0x00000201ff41bec0 Unloading class 0x000002019c508400 'java/lang/invoke/LambdaForm$DMH+0x000002019c508400'

Classes redefined (0 events):
No events

Internal exceptions (20 events):
Event: 50.807 Thread 0x00000201e623f690 Exception <a 'java/lang/NoSuchMethodError'{0x000000077270a330}: 'java.lang.Object java.lang.invoke.DirectMethodHandle$Holder.invokeStatic(java.lang.Object, java.lang.Object, java.lang.Object, java.lang.Object, java.lang.Object, int, java.lang.Object)'> (0x000000077270a330) 
thrown [s\src\hotspot\share\interpreter\linkResolver.cpp, line 773]
Event: 50.807 Thread 0x00000201e623f000 Exception <a 'java/lang/NoSuchMethodError'{0x0000000772594970}: 'java.lang.Object java.lang.invoke.DirectMethodHandle$Holder.invokeStatic(java.lang.Object, java.lang.Object, java.lang.Object, java.lang.Object, java.lang.Object, int, java.lang.Object)'> (0x0000000772594970) 
thrown [s\src\hotspot\share\interpreter\linkResolver.cpp, line 773]
Event: 50.807 Thread 0x00000201e623cf30 Exception <a 'java/lang/NoSuchMethodError'{0x0000000772223738}: 'java.lang.Object java.lang.invoke.DirectMethodHandle$Holder.invokeStatic(java.lang.Object, java.lang.Object, java.lang.Object, java.lang.Object, java.lang.Object, int, java.lang.Object)'> (0x0000000772223738) 
thrown [s\src\hotspot\share\interpreter\linkResolver.cpp, line 773]
Event: 50.808 Thread 0x00000201e623dc50 Exception <a 'java/lang/NoSuchMethodError'{0x00000007725f8dd8}: 'java.lang.Object java.lang.invoke.DirectMethodHandle$Holder.invokeStatic(java.lang.Object, java.lang.Object, java.lang.Object, java.lang.Object, java.lang.Object, int, java.lang.Object)'> (0x00000007725f8dd8) 
thrown [s\src\hotspot\share\interpreter\linkResolver.cpp, line 773]
Event: 52.066 Thread 0x00000201e623fd20 Exception <a 'java/lang/NoSuchMethodError'{0x000000079000a508}: 'void java.lang.invoke.DirectMethodHandle$Holder.invokeStatic(java.lang.Object, java.lang.Object, java.lang.Object, java.lang.Object, java.lang.Object, java.lang.Object, java.lang.Object, java.lang.Object)'> (0x000000079000a508) 
thrown [s\src\hotspot\share\interpreter\linkResolver.cpp, line 773]
Event: 52.069 Thread 0x00000201e623f000 Exception <a 'java/lang/NoSuchMethodError'{0x000000079027ce58}: 'void java.lang.invoke.DirectMethodHandle$Holder.invokeStatic(java.lang.Object, java.lang.Object, java.lang.Object, java.lang.Object, java.lang.Object, java.lang.Object, java.lang.Object, java.lang.Object, java.lang.Object)'> (0x000000079027ce58) 
thrown [s\src\hotspot\share\interpreter\linkResolver.cpp, line 773]
Event: 52.069 Thread 0x00000201e623cf30 Exception <a 'java/lang/NoSuchMethodError'{0x00000007924905c8}: 'void java.lang.invoke.DirectMethodHandle$Holder.invokeStatic(java.lang.Object, java.lang.Object, java.lang.Object, java.lang.Object, java.lang.Object, java.lang.Object, java.lang.Object, java.lang.Object, java.lang.Object)'> (0x00000007924905c8) 
thrown [s\src\hotspot\share\interpreter\linkResolver.cpp, line 773]
Event: 52.086 Thread 0x00000201e623f690 Exception <a 'java/lang/NoSuchMethodError'{0x000000078ff9e0a0}: 'int java.lang.invoke.DirectMethodHandle$Holder.invokeSpecial(java.lang.Object, java.lang.Object, java.lang.Object, java.lang.Object, java.lang.Object, java.lang.Object, java.lang.Object, java.lang.Object, java.lang.Object)'> (0x000000078ff9e0a0) 
thrown [s\src\hotspot\share\interpreter\linkResolver.cpp, line 773]
Event: 59.411 Thread 0x00000201e6239ab0 Implicit null exception at 0x0000020190b1180c to 0x0000020190b11cde
Event: 59.411 Thread 0x00000201e6239ab0 Implicit null exception at 0x00000201904957e3 to 0x0000020190495c12
Event: 59.411 Thread 0x00000201e6239ab0 Implicit null exception at 0x0000020190445a8a to 0x0000020190445da7
Event: 59.411 Thread 0x00000201e6239ab0 Implicit null exception at 0x0000020190a54074 to 0x0000020190a55677
Event: 60.166 Thread 0x00000201e6239ab0 Exception <a 'java/lang/NoSuchMethodError'{0x0000000787fbb570}: 'java.lang.Object java.lang.invoke.DirectMethodHandle$Holder.newInvokeSpecial(java.lang.Object, int, java.lang.Object, java.lang.Object, java.lang.Object)'> (0x0000000787fbb570) 
thrown [s\src\hotspot\share\interpreter\linkResolver.cpp, line 773]
Event: 60.182 Thread 0x00000201e6239ab0 Exception <a 'java/lang/NoSuchMethodError'{0x0000000787cfe790}: 'void java.lang.invoke.DirectMethodHandle$Holder.invokeSpecial(java.lang.Object, java.lang.Object, java.lang.Object, int, java.lang.Object, java.lang.Object, java.lang.Object, java.lang.Object)'> (0x0000000787cfe790) 
thrown [s\src\hotspot\share\interpreter\linkResolver.cpp, line 773]
Event: 60.710 Thread 0x00000201e623f000 Exception <a 'java/lang/IncompatibleClassChangeError'{0x000000077c67fa38}: Found class java.lang.Object, but interface was expected> (0x000000077c67fa38) 
thrown [s\src\hotspot\share\interpreter\linkResolver.cpp, line 840]
Event: 60.710 Thread 0x00000201e623dc50 Exception <a 'java/lang/IncompatibleClassChangeError'{0x000000077c51ee20}: Found class java.lang.Object, but interface was expected> (0x000000077c51ee20) 
thrown [s\src\hotspot\share\interpreter\linkResolver.cpp, line 840]
Event: 60.892 Thread 0x00000201e6242b10 Implicit null exception at 0x0000020190329fde to 0x0000020190329ffd
Event: 60.920 Thread 0x00000201e623dc50 Exception <a 'java/lang/NoSuchMethodError'{0x0000000779260c18}: 'int java.lang.invoke.DirectMethodHandle$Holder.invokeInterface(java.lang.Object, java.lang.Object, int)'> (0x0000000779260c18) 
thrown [s\src\hotspot\share\interpreter\linkResolver.cpp, line 773]
Event: 60.951 Thread 0x00000201e623dc50 Exception <a 'java/lang/NoSuchMethodError'{0x0000000778f196e8}: 'void java.lang.invoke.DirectMethodHandle$Holder.invokeStatic(java.lang.Object, int)'> (0x0000000778f196e8) 
thrown [s\src\hotspot\share\interpreter\linkResolver.cpp, line 773]
Event: 61.365 Thread 0x00000201e623cf30 Implicit null exception at 0x00000201911ee786 to 0x00000201911f1520

ZGC Phase Switch (0 events):
No events

VM Operations (20 events):
Event: 61.565 Executing VM operation: ICBufferFull
Event: 61.565 Executing VM operation: ICBufferFull done
Event: 61.713 Executing VM operation: G1CollectForAllocation (G1 Evacuation Pause)
Event: 61.740 Executing VM operation: G1CollectForAllocation (G1 Evacuation Pause) done
Event: 62.112 Executing VM operation: G1PauseRemark
Event: 62.142 Executing VM operation: G1PauseRemark done
Event: 62.331 Executing VM operation: G1CollectForAllocation (G1 Evacuation Pause)
Event: 62.354 Executing VM operation: G1CollectForAllocation (G1 Evacuation Pause) done
Event: 62.388 Executing VM operation: G1PauseCleanup
Event: 62.389 Executing VM operation: G1PauseCleanup done
Event: 62.721 Executing VM operation: G1CollectForAllocation (G1 Evacuation Pause)
Event: 62.744 Executing VM operation: G1CollectForAllocation (G1 Evacuation Pause) done
Event: 63.058 Executing VM operation: G1CollectForAllocation (G1 Evacuation Pause)
Event: 63.085 Executing VM operation: G1CollectForAllocation (G1 Evacuation Pause) done
Event: 63.471 Executing VM operation: G1CollectForAllocation (G1 Evacuation Pause)
Event: 63.496 Executing VM operation: G1CollectForAllocation (G1 Evacuation Pause) done
Event: 63.857 Executing VM operation: G1PauseRemark
Event: 63.877 Executing VM operation: G1PauseRemark done
Event: 64.058 Executing VM operation: G1CollectForAllocation (G1 Evacuation Pause)
Event: 64.097 Executing VM operation: G1CollectForAllocation (G1 Evacuation Pause) done

Memory protections (0 events):
No events

Nmethod flushes (20 events):
Event: 63.874 Thread 0x00000201ff41bec0 flushing  nmethod 0x000002018b059e90
Event: 63.874 Thread 0x00000201ff41bec0 flushing  nmethod 0x000002018b05cb10
Event: 63.874 Thread 0x00000201ff41bec0 flushing  nmethod 0x000002018b05d190
Event: 63.874 Thread 0x00000201ff41bec0 flushing  nmethod 0x000002018b05dc90
Event: 63.874 Thread 0x00000201ff41bec0 flushing  nmethod 0x000002018b07df90
Event: 63.874 Thread 0x00000201ff41bec0 flushing  nmethod 0x000002018b07f610
Event: 63.874 Thread 0x00000201ff41bec0 flushing  nmethod 0x000002018b14b790
Event: 63.874 Thread 0x00000201ff41bec0 flushing  nmethod 0x000002018b14db10
Event: 63.874 Thread 0x00000201ff41bec0 flushing  nmethod 0x000002018b171f10
Event: 63.874 Thread 0x00000201ff41bec0 flushing  nmethod 0x000002018b172f90
Event: 63.874 Thread 0x00000201ff41bec0 flushing  nmethod 0x000002018b17a890
Event: 63.874 Thread 0x00000201ff41bec0 flushing  nmethod 0x000002018b24bd90
Event: 63.874 Thread 0x00000201ff41bec0 flushing  nmethod 0x000002018b33dc10
Event: 63.874 Thread 0x00000201ff41bec0 flushing  nmethod 0x000002018b3de910
Event: 63.874 Thread 0x00000201ff41bec0 flushing  nmethod 0x000002018b3e1590
Event: 63.874 Thread 0x00000201ff41bec0 flushing  nmethod 0x000002018b3f2e90
Event: 63.874 Thread 0x00000201ff41bec0 flushing  nmethod 0x000002018b79c490
Event: 63.874 Thread 0x00000201ff41bec0 flushing  nmethod 0x000002018b7c0f90
Event: 63.874 Thread 0x00000201ff41bec0 flushing  nmethod 0x000002018b7c1690
Event: 63.874 Thread 0x00000201ff41bec0 flushing  nmethod 0x000002018b7c3190

Events (20 events):
Event: 37.405 Thread 0x00000201e6239ab0 Thread added: 0x00000201e623f000
Event: 37.405 Thread 0x00000201e623e970 Thread added: 0x00000201e623f690
Event: 37.405 Thread 0x00000201e623dc50 Thread added: 0x00000201e623c210
Event: 37.406 Thread 0x00000201e623f000 Thread added: 0x00000201e623c8a0
Event: 37.406 Thread 0x00000201e623f690 Thread added: 0x00000201e623cf30
Event: 37.406 Thread 0x00000201e623c210 Thread added: 0x00000201e623fd20
Event: 37.406 Thread 0x00000201e623c8a0 Thread added: 0x00000201e623d5c0
Event: 37.406 Thread 0x00000201e623cf30 Thread added: 0x00000201e6242b10
Event: 39.137 Thread 0x00000201e24f7f00 Thread added: 0x00000201e54b3f00
Event: 45.906 Thread 0x00000201e24f7f00 Thread added: 0x00000201e3a0d680
Event: 45.906 Thread 0x00000201e24f7f00 Thread added: 0x00000201e3a0dd10
Event: 45.906 Thread 0x00000201e24f7f00 Thread added: 0x00000201e3a0cff0
Event: 45.906 Thread 0x00000201e24f7f00 Thread added: 0x00000201e3a0e3a0
Event: 45.906 Thread 0x00000201e24f7f00 Thread added: 0x00000201ec93f140
Event: 45.907 Thread 0x00000201e24f7f00 Thread added: 0x00000201ec93f7d0
Event: 45.907 Thread 0x00000201e24f7f00 Thread added: 0x00000201ec93fe60
Event: 45.907 Thread 0x00000201e24f7f00 Thread added: 0x00000201ec9404f0
Event: 45.907 Thread 0x00000201e24f7f00 Thread added: 0x00000201efcb3780
Event: 45.907 Thread 0x00000201e24f7f00 Thread added: 0x00000201efcb16b0
Event: 45.907 Thread 0x00000201e24f7f00 Thread added: 0x00000201efcb0990


Dynamic libraries:
0x00007ff7ae300000 - 0x00007ff7ae30e000 	C:\Users\vfxno\AppData\Local\Programs\Eclipse Adoptium\jdk-21.0.6.7-hotspot\bin\java.exe
0x00007ffc01ce0000 - 0x00007ffc01f43000 	C:\WINDOWS\SYSTEM32\ntdll.dll
0x00007ffc00850000 - 0x00007ffc00917000 	C:\WINDOWS\System32\KERNEL32.DLL
0x00007ffbff310000 - 0x00007ffbff6d7000 	C:\WINDOWS\System32\KERNELBASE.dll
0x00007ffbff850000 - 0x00007ffbff99c000 	C:\WINDOWS\System32\ucrtbase.dll
0x00007ffbe3d80000 - 0x00007ffbe3d98000 	C:\Users\vfxno\AppData\Local\Programs\Eclipse Adoptium\jdk-21.0.6.7-hotspot\bin\jli.dll
0x00007ffbe08a0000 - 0x00007ffbe08be000 	C:\Users\vfxno\AppData\Local\Programs\Eclipse Adoptium\jdk-21.0.6.7-hotspot\bin\VCRUNTIME140.dll
0x00007ffc00920000 - 0x00007ffc00ae9000 	C:\WINDOWS\System32\USER32.dll
0x00007ffbff790000 - 0x00007ffbff7b7000 	C:\WINDOWS\System32\win32u.dll
0x00007ffbe97b0000 - 0x00007ffbe9a40000 	C:\WINDOWS\WinSxS\amd64_microsoft.windows.common-controls_6595b64144ccf1df_6.0.26100.3037_none_3e09262ce333c378\COMCTL32.dll
0x00007ffc01bb0000 - 0x00007ffc01bda000 	C:\WINDOWS\System32\GDI32.dll
0x00007ffc011d0000 - 0x00007ffc01279000 	C:\WINDOWS\System32\msvcrt.dll
0x00007ffbff1e0000 - 0x00007ffbff30b000 	C:\WINDOWS\System32\gdi32full.dll
0x00007ffbff6e0000 - 0x00007ffbff783000 	C:\WINDOWS\System32\msvcp_win.dll
0x00007ffbffc40000 - 0x00007ffbffc6f000 	C:\WINDOWS\System32\IMM32.DLL
0x00007ffbfc690000 - 0x00007ffbfc69c000 	C:\Users\vfxno\AppData\Local\Programs\Eclipse Adoptium\jdk-21.0.6.7-hotspot\bin\vcruntime140_1.dll
0x00007ffbd9030000 - 0x00007ffbd90bd000 	C:\Users\vfxno\AppData\Local\Programs\Eclipse Adoptium\jdk-21.0.6.7-hotspot\bin\msvcp140.dll
0x00007ffb51fd0000 - 0x00007ffb52d60000 	C:\Users\vfxno\AppData\Local\Programs\Eclipse Adoptium\jdk-21.0.6.7-hotspot\bin\server\jvm.dll
0x00007ffc01be0000 - 0x00007ffc01c94000 	C:\WINDOWS\System32\ADVAPI32.dll
0x00007ffc007a0000 - 0x00007ffc00846000 	C:\WINDOWS\System32\sechost.dll
0x00007ffc00e10000 - 0x00007ffc00f26000 	C:\WINDOWS\System32\RPCRT4.dll
0x00007ffbffbb0000 - 0x00007ffbffc24000 	C:\WINDOWS\System32\WS2_32.dll
0x00007ffbfd780000 - 0x00007ffbfd7ce000 	C:\WINDOWS\SYSTEM32\POWRPROF.dll
0x00007ffbf7240000 - 0x00007ffbf7276000 	C:\WINDOWS\SYSTEM32\WINMM.dll
0x00007ffbfcbf0000 - 0x00007ffbfcbfb000 	C:\WINDOWS\SYSTEM32\VERSION.dll
0x00007ffbfd7e0000 - 0x00007ffbfd7f4000 	C:\WINDOWS\SYSTEM32\UMPDC.dll
0x00007ffbfdfc0000 - 0x00007ffbfdfda000 	C:\WINDOWS\SYSTEM32\kernel.appcore.dll
0x00007ffbe4950000 - 0x00007ffbe495a000 	C:\Users\vfxno\AppData\Local\Programs\Eclipse Adoptium\jdk-21.0.6.7-hotspot\bin\jimage.dll
0x00007ffbf4260000 - 0x00007ffbf44a1000 	C:\WINDOWS\SYSTEM32\DBGHELP.DLL
0x00007ffc017c0000 - 0x00007ffc01b3e000 	C:\WINDOWS\System32\combase.dll
0x00007ffc00d30000 - 0x00007ffc00e06000 	C:\WINDOWS\System32\OLEAUT32.dll
0x00007ffbe7060000 - 0x00007ffbe7099000 	C:\WINDOWS\SYSTEM32\dbgcore.DLL
0x00007ffbff080000 - 0x00007ffbff119000 	C:\WINDOWS\System32\bcryptPrimitives.dll
0x00007ffbd9020000 - 0x00007ffbd902f000 	C:\Users\vfxno\AppData\Local\Programs\Eclipse Adoptium\jdk-21.0.6.7-hotspot\bin\instrument.dll
0x00007ffbe0880000 - 0x00007ffbe089f000 	C:\Users\vfxno\AppData\Local\Programs\Eclipse Adoptium\jdk-21.0.6.7-hotspot\bin\java.dll
0x00007ffc00090000 - 0x00007ffc00794000 	C:\WINDOWS\System32\SHELL32.dll
0x00007ffbfce70000 - 0x00007ffbfd6a7000 	C:\WINDOWS\SYSTEM32\windows.storage.dll
0x00007ffc010d0000 - 0x00007ffc011b9000 	C:\WINDOWS\System32\SHCORE.dll
0x00007ffc00cd0000 - 0x00007ffc00d2d000 	C:\WINDOWS\System32\shlwapi.dll
0x00007ffbfef90000 - 0x00007ffbfefbe000 	C:\WINDOWS\SYSTEM32\profapi.dll
0x00007ffbd8e00000 - 0x00007ffbd8ed7000 	C:\Users\vfxno\AppData\Local\Programs\Eclipse Adoptium\jdk-21.0.6.7-hotspot\bin\jsvml.dll
0x00007ffbde2c0000 - 0x00007ffbde2d8000 	C:\Users\vfxno\AppData\Local\Programs\Eclipse Adoptium\jdk-21.0.6.7-hotspot\bin\zip.dll
0x00007ffbe0a60000 - 0x00007ffbe0a70000 	C:\Users\vfxno\AppData\Local\Programs\Eclipse Adoptium\jdk-21.0.6.7-hotspot\bin\net.dll
0x00007ffbf8370000 - 0x00007ffbf848e000 	C:\WINDOWS\SYSTEM32\WINHTTP.dll
0x00007ffbfe4d0000 - 0x00007ffbfe53a000 	C:\WINDOWS\system32\mswsock.dll
0x00007ffbe0190000 - 0x00007ffbe01a6000 	C:\Users\vfxno\AppData\Local\Programs\Eclipse Adoptium\jdk-21.0.6.7-hotspot\bin\nio.dll
0x00007ffbe0700000 - 0x00007ffbe0710000 	C:\Users\vfxno\AppData\Local\Programs\Eclipse Adoptium\jdk-21.0.6.7-hotspot\bin\verify.dll
0x00007ffbe83b0000 - 0x00007ffbe83d7000 	C:\Users\vfxno\.gradle\native\1def1411415f61bf3af743bc5b6707747c0891f09f0c88961ee8f79bc544acac\windows-amd64\native-platform.dll
0x00007ffb991d0000 - 0x00007ffb99248000 	C:\Users\vfxno\.gradle\native\0.2.7\x86_64-windows-gnu\gradle-fileevents.dll
0x00007ffbe0180000 - 0x00007ffbe018a000 	C:\Users\vfxno\AppData\Local\Programs\Eclipse Adoptium\jdk-21.0.6.7-hotspot\bin\management.dll
0x00007ffbde5c0000 - 0x00007ffbde5cb000 	C:\Users\vfxno\AppData\Local\Programs\Eclipse Adoptium\jdk-21.0.6.7-hotspot\bin\management_ext.dll
0x00007ffbffc30000 - 0x00007ffbffc38000 	C:\WINDOWS\System32\PSAPI.DLL
0x00007ffbfdaa0000 - 0x00007ffbfdad2000 	C:\WINDOWS\SYSTEM32\IPHLPAPI.DLL
0x00007ffc00080000 - 0x00007ffc0008a000 	C:\WINDOWS\System32\NSI.dll
0x00007ffbde2a0000 - 0x00007ffbde2a9000 	C:\Users\vfxno\AppData\Local\Programs\Eclipse Adoptium\jdk-21.0.6.7-hotspot\bin\extnet.dll
0x00007ffbfe770000 - 0x00007ffbfe78c000 	C:\WINDOWS\SYSTEM32\CRYPTSP.dll
0x00007ffbfdf30000 - 0x00007ffbfdf68000 	C:\WINDOWS\system32\rsaenh.dll
0x00007ffbfe570000 - 0x00007ffbfe59b000 	C:\WINDOWS\SYSTEM32\USERENV.dll
0x00007ffbfe9b0000 - 0x00007ffbfe9d6000 	C:\WINDOWS\SYSTEM32\bcrypt.dll
0x00007ffbfe790000 - 0x00007ffbfe79c000 	C:\WINDOWS\SYSTEM32\CRYPTBASE.dll
0x00007ffbdded0000 - 0x00007ffbddede000 	C:\Users\vfxno\AppData\Local\Programs\Eclipse Adoptium\jdk-21.0.6.7-hotspot\bin\sunmscapi.dll
0x00007ffbff9a0000 - 0x00007ffbffb16000 	C:\WINDOWS\System32\CRYPT32.dll
0x00007ffbfe970000 - 0x00007ffbfe9a0000 	C:\WINDOWS\SYSTEM32\ncrypt.dll
0x00007ffbfe920000 - 0x00007ffbfe95f000 	C:\WINDOWS\SYSTEM32\NTASN1.dll
0x00007ffbfbb60000 - 0x00007ffbfbb68000 	C:\WINDOWS\system32\wshunix.dll
0x00007ffb750d0000 - 0x00007ffb7525e000 	C:\Users\vfxno\AppData\Local\Programs\Eclipse Adoptium\jdk-21.0.6.7-hotspot\bin\awt.dll
0x00007ffbfbf00000 - 0x00007ffbfbf9c000 	C:\WINDOWS\SYSTEM32\apphelp.dll
0x00007ffbfc360000 - 0x00007ffbfc38e000 	C:\WINDOWS\system32\DWMAPI.DLL
0x00007ffbfc010000 - 0x00007ffbfc0bd000 	C:\WINDOWS\system32\uxtheme.dll
0x00007ffbfe0e0000 - 0x00007ffbfe115000 	C:\WINDOWS\SYSTEM32\ntmarta.dll

dbghelp: loaded successfully - version: 4.0.5 - missing functions: none
symbol engine: initialized successfully - sym options: 0x614 - pdb path: .;C:\Users\vfxno\AppData\Local\Programs\Eclipse Adoptium\jdk-21.0.6.7-hotspot\bin;C:\WINDOWS\SYSTEM32;C:\WINDOWS\WinSxS\amd64_microsoft.windows.common-controls_6595b64144ccf1df_6.0.26100.3037_none_3e09262ce333c378;C:\Users\vfxno\AppData\Local\Programs\Eclipse Adoptium\jdk-21.0.6.7-hotspot\bin\server;C:\Users\vfxno\.gradle\native\1def1411415f61bf3af743bc5b6707747c0891f09f0c88961ee8f79bc544acac\windows-amd64;C:\Users\vfxno\.gradle\native\0.2.7\x86_64-windows-gnu

VM Arguments:
jvm_args: --add-opens=java.base/java.lang=ALL-UNNAMED --add-opens=java.base/java.lang.invoke=ALL-UNNAMED --add-opens=java.base/java.util=ALL-UNNAMED --add-opens=java.prefs/java.util.prefs=ALL-UNNAMED --add-exports=jdk.compiler/com.sun.tools.javac.api=ALL-UNNAMED --add-exports=jdk.compiler/com.sun.tools.javac.util=ALL-UNNAMED --add-opens=java.base/java.util=ALL-UNNAMED --add-opens=java.prefs/java.util.prefs=ALL-UNNAMED --add-opens=java.base/java.nio.charset=ALL-UNNAMED --add-opens=java.base/java.net=ALL-UNNAMED --add-opens=java.base/java.util.concurrent.atomic=ALL-UNNAMED --add-opens=java.xml/javax.xml.namespace=ALL-UNNAMED -Xmx3072m -Dfile.encoding=UTF-8 -Duser.country=GB -Duser.language=en -Duser.variant -javaagent:C:\Users\vfxno\.gradle\wrapper\dists\gradle-8.13-bin\5xuhj0ry160q40clulazy9h7d\gradle-8.13\lib\agents\gradle-instrumentation-agent-8.13.jar 
java_command: org.gradle.launcher.daemon.bootstrap.GradleDaemon 8.13
java_class_path (initial): C:\Users\vfxno\.gradle\wrapper\dists\gradle-8.13-bin\5xuhj0ry160q40clulazy9h7d\gradle-8.13\lib\gradle-daemon-main-8.13.jar
Launcher Type: SUN_STANDARD

[Global flags]
     intx CICompilerCount                          = 4                                         {product} {ergonomic}
     uint ConcGCThreads                            = 3                                         {product} {ergonomic}
     uint G1ConcRefinementThreads                  = 10                                        {product} {ergonomic}
   size_t G1HeapRegionSize                         = 2097152                                   {product} {ergonomic}
    uintx GCDrainStackTargetSize                   = 64                                        {product} {ergonomic}
   size_t InitialHeapSize                          = 264241152                                 {product} {ergonomic}
   size_t MarkStackSize                            = 4194304                                   {product} {ergonomic}
   size_t MaxHeapSize                              = 3221225472                                {product} {command line}
   size_t MaxNewSize                               = 1931476992                                {product} {ergonomic}
   size_t MinHeapDeltaBytes                        = 2097152                                   {product} {ergonomic}
   size_t MinHeapSize                              = 8388608                                   {product} {ergonomic}
    uintx NonNMethodCodeHeapSize                   = 5839372                                {pd product} {ergonomic}
    uintx NonProfiledCodeHeapSize                  = 122909434                              {pd product} {ergonomic}
    uintx ProfiledCodeHeapSize                     = 122909434                              {pd product} {ergonomic}
    uintx ReservedCodeCacheSize                    = 251658240                              {pd product} {ergonomic}
     bool SegmentedCodeCache                       = true                                      {product} {ergonomic}
   size_t SoftMaxHeapSize                          = 3221225472                             {manageable} {ergonomic}
     bool UseCompressedOops                        = true                           {product lp64_product} {ergonomic}
     bool UseG1GC                                  = true                                      {product} {ergonomic}
     bool UseLargePagesIndividualAllocation        = false                                  {pd product} {ergonomic}

Logging:
Log output configuration:
 #0: stdout all=warning uptime,level,tags foldmultilines=false
 #1: stderr all=off uptime,level,tags foldmultilines=false

Environment Variables:
CLASSPATH=C:\Users\vfxno\Downloads\moonlight-android\\gradle\wrapper\gradle-wrapper.jar
PATH=C:\VulkanSDK\1.4.309.0\Bin;C:\ProgramData\Scoop\GlobalScoopApps\shims;C:\WINDOWS\system32;C:\WINDOWS;C:\WINDOWS\System32\Wbem;C:\WINDOWS\System32\WindowsPowerShell\v1.0\;C:\WINDOWS\System32\OpenSSH\;C:\Program Files\NVIDIA Corporation\NVIDIA app\NvDLISR;C:\Program Files (x86)\NVIDIA Corporation\PhysX\Common;C:\Program Files\dotnet\;C:\ProgramData\Scoop\shims;C:\ProgramData\chocolatey\bin;C:\Program Files\Sunshine;C:\Program Files\Sunshine\tools;C:\Users\vfxno\AppData\Local\Programs\Python\Python313\Scripts\;C:\Users\vfxno\AppData\Local\Programs\Python\Python313\;C:\VulkanSDK\1.4.309.0\Bin;C:\Users\vfxno\AppData\Local\Programs\Eclipse Adoptium\jdk-21.0.6.7-hotspot\bin;C:\Users\vfxno\AppData\Local\Microsoft\WindowsApps;C:\Users\vfxno\AppData\Local\Programs\Microsoft VS Code\bin;C:\VulkanSDK;C:\VulkanSDK\1.4.309.0\Bin;C:\Users\vfxno\Documents\New folder;c:\Users\vfxno\AppData\Roaming\Code\User\globalStorage\github.copilot-chat\debugCommand
USERNAME=vfxno
LANG=en_US.UTF-8
OS=Windows_NT
PROCESSOR_IDENTIFIER=AMD64 Family 25 Model 80 Stepping 0, AuthenticAMD
TMP=C:\Users\vfxno\AppData\Local\Temp
TEMP=C:\Users\vfxno\AppData\Local\Temp




Periodic native trim disabled

---------------  S Y S T E M  ---------------

OS:
 Windows 11 , 64 bit Build 26100 (10.0.26100.3037)
OS uptime: 7 days 1:06 hours
Hyper-V role detected

CPU: total 12 (initial active 12) (12 cores per cpu, 2 threads per core) family 25 model 80 stepping 0 microcode 0xa500011, cx8, cmov, fxsr, ht, mmx, 3dnowpref, sse, sse2, sse3, ssse3, sse4a, sse4.1, sse4.2, popcnt, lzcnt, tsc, tscinvbit, avx, avx2, aes, erms, clmul, bmi1, bmi2, adx, sha, fma, vzeroupper, clflush, clflushopt, hv, rdtscp, rdpid, fsrm, f16c, cet_ss
Processor Information for the first 12 processors :
  Max Mhz: 3300, Current Mhz: 3300, Mhz Limit: 3300

Memory: 4k page, system-wide physical 16096M (1250M free)
TotalPageFile size 24096M (AvailPageFile size 247M)
current process WorkingSet (physical memory assigned to process): 2063M, peak: 2086M
current process commit charge ("private bytes"): 2159M, peak: 2182M

vm_info: OpenJDK 64-Bit Server VM (21.0.6+7-LTS) for windows-amd64 JRE (21.0.6+7-LTS), built on 2025-01-21T00:00:00Z by "admin" with MS VC++ 17.7 (VS2022)

END.
