#
# There is insufficient memory for the Java Runtime Environment to continue.
# Native memory allocation (mmap) failed to map 299892736 bytes. Error detail: G1 virtual space
# Possible reasons:
#   The system is out of physical RAM or swap space
#   This process is running with CompressedOops enabled, and the Java Heap may be blocking the growth of the native heap
# Possible solutions:
#   Reduce memory load on the system
#   Increase physical memory or swap space
#   Check if swap backing store is full
#   Decrease Java heap size (-Xmx/-Xms)
#   Decrease number of Java threads
#   Decrease Java thread stack sizes (-Xss)
#   Set larger code cache with -XX:ReservedCodeCacheSize=
#   JVM is running with Zero Based Compressed Oops mode in which the Java heap is
#     placed in the first 32GB address space. The Java Heap base address is the
#     maximum limit for the native heap growth. Please use -XX:HeapBaseMinAddress
#     to set the Java Heap base and to place the Java Heap above 32GB virtual address.
# This output file may be truncated or incomplete.
#
#  Out of Memory Error (os_windows.cpp:3686), pid=9072, tid=17156
#
# JRE version: OpenJDK Runtime Environment Temurin-21.0.6+7 (21.0.6+7) (build 21.0.6+7-LTS)
# Java VM: OpenJDK 64-Bit Server VM Temurin-21.0.6+7 (21.0.6+7-LTS, mixed mode, sharing, tiered, compressed oops, compressed class ptrs, g1 gc, windows-amd64)
# No core dump will be written. Minidumps are not enabled by default on client versions of Windows
#

---------------  S U M M A R Y ------------

Command Line: --add-opens=java.base/java.lang=ALL-UNNAMED --add-opens=java.base/java.lang.invoke=ALL-UNNAMED --add-opens=java.base/java.util=ALL-UNNAMED --add-opens=java.prefs/java.util.prefs=ALL-UNNAMED --add-exports=jdk.compiler/com.sun.tools.javac.api=ALL-UNNAMED --add-exports=jdk.compiler/com.sun.tools.javac.util=ALL-UNNAMED --add-opens=java.base/java.util=ALL-UNNAMED --add-opens=java.prefs/java.util.prefs=ALL-UNNAMED --add-opens=java.base/java.nio.charset=ALL-UNNAMED --add-opens=java.base/java.net=ALL-UNNAMED --add-opens=java.base/java.util.concurrent.atomic=ALL-UNNAMED --add-opens=java.xml/javax.xml.namespace=ALL-UNNAMED -Xmx3072m -Dfile.encoding=UTF-8 -Duser.country=GB -Duser.language=en -Duser.variant -javaagent:C:\Users\vfxno\.gradle\wrapper\dists\gradle-8.13-bin\5xuhj0ry160q40clulazy9h7d\gradle-8.13\lib\agents\gradle-instrumentation-agent-8.13.jar org.gradle.launcher.daemon.bootstrap.GradleDaemon 8.13

Host: AMD Ryzen 5 5600H with Radeon Graphics         , 12 cores, 15G,  Windows 11 , 64 bit Build 26100 (10.0.26100.3037)
Time: Mon Jul 28 13:51:21 2025 W. Europe Summer Time elapsed time: 54.322698 seconds (0d 0h 0m 54s)

---------------  T H R E A D  ---------------

Current thread (0x000001e5d6ae1160):  VMThread "VM Thread"          [id=17156, stack(0x000000a1cf100000,0x000000a1cf200000) (1024K)]

Stack: [0x000000a1cf100000,0x000000a1cf200000]
Native frames: (J=compiled Java code, j=interpreted, Vv=VM code, C=native code)
V  [jvm.dll+0x6cdee9]
V  [jvm.dll+0x8a83d1]
V  [jvm.dll+0x8aa8fe]
V  [jvm.dll+0x8aafe3]
V  [jvm.dll+0x27f706]
V  [jvm.dll+0x6ca755]
V  [jvm.dll+0x6bea3a]
V  [jvm.dll+0x355d6a]
V  [jvm.dll+0x35d936]
V  [jvm.dll+0x3af58e]
V  [jvm.dll+0x3af838]
V  [jvm.dll+0x329efc]
V  [jvm.dll+0x329f87]
V  [jvm.dll+0x36dd4c]
V  [jvm.dll+0x36c598]
V  [jvm.dll+0x3296c1]
V  [jvm.dll+0x36bc0a]
V  [jvm.dll+0x8b0cff]
V  [jvm.dll+0x8b2084]
V  [jvm.dll+0x8b25c0]
V  [jvm.dll+0x8b2863]
V  [jvm.dll+0x851f8b]
V  [jvm.dll+0x6cc5ed]
C  [ucrtbase.dll+0x37b0]
C  [KERNEL32.DLL+0x2e8d7]
C  [ntdll.dll+0xbbf2c]

VM_Operation (0x000000a1dbcfe500): G1CollectForAllocation, mode: safepoint, requested by thread 0x000001e5c60e6260


---------------  P R O C E S S  ---------------

Threads class SMR info:
_java_thread_list=0x000001e5f7235cd0, length=217, elements={
0x000001e5d8f41b20, 0x000001e5f73ecae0, 0x000001e5f73ee350, 0x000001e5f73f67f0,
0x000001e5f73f76d0, 0x000001e5f7401b70, 0x000001e5f7403330, 0x000001e5f7408860,
0x000001e5f740ca50, 0x000001e5f7402610, 0x000001e5f74039c0, 0x000001e5f7404050,
0x000001e5f74046e0, 0x000001e5f7402ca0, 0x000001e5f7404d70, 0x000001e5f7405400,
0x000001e5f7405a90, 0x000001e5fda86590, 0x000001e5fda87940, 0x000001e5fda89380,
0x000001e5fda88cf0, 0x000001e5fda85f00, 0x000001e5fda872b0, 0x000001e5fda86c20,
0x000001e5fda89a10, 0x000001e5fda8a0a0, 0x000001e5fda8a730, 0x000001e5fda8adc0,
0x000001e5fda8b450, 0x000001e5fda87fd0, 0x000001e5fda8bae0, 0x000001e5fda88660,
0x000001e5fda8c800, 0x000001e5fda8ce90, 0x000001e5fda8d520, 0x000001e5c13694e0,
0x000001e5c13687c0, 0x000001e5c1367410, 0x000001e5c1369b70, 0x000001e5c13666f0,
0x000001e5c136a890, 0x000001e5c136a200, 0x000001e5c1368130, 0x000001e5c136af20,
0x000001e5c1367aa0, 0x000001e5c136c2d0, 0x000001e5c136b5b0, 0x000001e5c136bc40,
0x000001e5c1368e50, 0x000001e5c136c960, 0x000001e5c136cff0, 0x000001e5c136d680,
0x000001e5c136dd10, 0x000001e5feea52b0, 0x000001e5feea5940, 0x000001e5feea5fd0,
0x000001e5feea6660, 0x000001e5feea6cf0, 0x000001e5feea7380, 0x000001e5feea7a10,
0x000001e5feea4590, 0x000001e5feea4c20, 0x000001e5fde957b0, 0x000001e5fde96b60,
0x000001e5fde936e0, 0x000001e5fde93d70, 0x000001e5fde94400, 0x000001e5fde95e40,
0x000001e5fde964d0, 0x000001e5fde94a90, 0x000001e5fde95120, 0x000001e5fedebd60,
0x000001e5fedeca80, 0x000001e5c4f2ebb0, 0x000001e5c4f30c80, 0x000001e5c4f2ff60,
0x000001e5c4f2d800, 0x000001e5c4f31310, 0x000001e5c4f319a0, 0x000001e5c4f2e520,
0x000001e5c4f305f0, 0x000001e5c4f32030, 0x000001e5c4f326c0, 0x000001e5c4f2f240,
0x000001e5feded7a0, 0x000001e5fedea9b0, 0x000001e5c20e8210, 0x000001e5c20e7b80,
0x000001e5c20e4d90, 0x000001e5c20e5420, 0x000001e5c20e8f30, 0x000001e5c20e95c0,
0x000001e5c20e9c50, 0x000001e5c2cf9120, 0x000001e5c2cf97b0, 0x000001e5c2cf8400,
0x000001e5c2cf8a90, 0x000001e5c2cf6330, 0x000001e5c2cf9e40, 0x000001e5c2cf76e0,
0x000001e5c2cf69c0, 0x000001e5c2cfa4d0, 0x000001e5c2cf7050, 0x000001e5c2cfd950,
0x000001e5c2cfab60, 0x000001e5c2cfcc30, 0x000001e5c2cfc5a0, 0x000001e5c2cfb1f0,
0x000001e5c2cfb880, 0x000001e5c2cfd2c0, 0x000001e5c2cfbf10, 0x000001e5c20e2630,
0x000001e5c20e39e0, 0x000001e5c20e6140, 0x000001e5c20e5ab0, 0x000001e5c20e2cc0,
0x000001e5c20e4070, 0x000001e5c20e3350, 0x000001e5c20e4700, 0x000001e5c20e6e60,
0x000001e5c20e74f0, 0x000001e5c4f2c450, 0x000001e5feded110, 0x000001e5fea960b0,
0x000001e5fea97460, 0x000001e5fea94670, 0x000001e5fea97af0, 0x000001e5fea98180,
0x000001e5fea94d00, 0x000001e5fea98810, 0x000001e5fea96740, 0x000001e5fea96dd0,
0x000001e5fea98ea0, 0x000001e5fea95a20, 0x000001e5fea99530, 0x000001e5fea99bc0,
0x000001e5fea9bc90, 0x000001e5fea9a250, 0x000001e5fea9a8e0, 0x000001e5fea9af70,
0x000001e5fea9b600, 0x000001e5c545c0d0, 0x000001e5c545e1a0, 0x000001e5c545ad20,
0x000001e5c545c760, 0x000001e5c545cdf0, 0x000001e5c545d480, 0x000001e5c545db10,
0x000001e5c545e830, 0x000001e5c545b3b0, 0x000001e5c545eec0, 0x000001e5c545ba40,
0x000001e5c54629d0, 0x000001e5c5460270, 0x000001e5c545f550, 0x000001e5c545fbe0,
0x000001e5c5463060, 0x000001e5c5461620, 0x000001e5c54636f0, 0x000001e5c5463d80,
0x000001e5c5460f90, 0x000001e5c5460900, 0x000001e5c5464410, 0x000001e5c5464aa0,
0x000001e5c5465130, 0x000001e5c5461cb0, 0x000001e5c54664e0, 0x000001e5c5467200,
0x000001e5c54657c0, 0x000001e5c5467f20, 0x000001e5c5466b70, 0x000001e5c5467890,
0x000001e5c3830c20, 0x000001e5c38312b0, 0x000001e5ff4740f0, 0x000001e5ff471990,
0x000001e5c54d3ec0, 0x000001e5c30a04a0, 0x000001e5c30a0b30, 0x000001e5c309f780,
0x000001e5c309fe10, 0x000001e5ff474780, 0x000001e5ff474e10, 0x000001e5ff472020,
0x000001e5ff4726b0, 0x000001e5ff472d40, 0x000001e5ff4733d0, 0x000001e5ff473a60,
0x000001e5c5220420, 0x000001e5f76ee7a0, 0x000001e5c5221f60, 0x000001e5c60e4eb0,
0x000001e5c60e6260, 0x000001e5fdfa1250, 0x000001e5c60e5540, 0x000001e5c61dcc00,
0x000001e5cb223f90, 0x000001e5c4def650, 0x000001e5c4df0370, 0x000001e5c60e5bd0,
0x000001e5c3443a60, 0x000001e5fcf2e060, 0x000001e5fcf33420, 0x000001e5f76efb50,
0x000001e5d1e0b080, 0x000001e5cc575a10, 0x000001e5cbef1180, 0x000001e5c54692d0,
0x000001e5cd8a7620, 0x000001e5c5465e50, 0x000001e5cd947080, 0x000001e5fcf2faa0,
0x000001e5cd8a6270, 0x000001e5fcf32700, 0x000001e5fcf32070, 0x000001e5fcf32d90,
0x000001e5c2340f50
}

Java Threads: ( => current thread )
  0x000001e5d8f41b20 JavaThread "main"                              [_thread_blocked, id=12836, stack(0x000000a1cea00000,0x000000a1ceb00000) (1024K)]
  0x000001e5f73ecae0 JavaThread "Reference Handler"          daemon [_thread_blocked, id=17932, stack(0x000000a1cf200000,0x000000a1cf300000) (1024K)]
  0x000001e5f73ee350 JavaThread "Finalizer"                  daemon [_thread_blocked, id=21132, stack(0x000000a1cf300000,0x000000a1cf400000) (1024K)]
  0x000001e5f73f67f0 JavaThread "Signal Dispatcher"          daemon [_thread_blocked, id=17748, stack(0x000000a1cf400000,0x000000a1cf500000) (1024K)]
  0x000001e5f73f76d0 JavaThread "Attach Listener"            daemon [_thread_blocked, id=14244, stack(0x000000a1cf500000,0x000000a1cf600000) (1024K)]
  0x000001e5f7401b70 JavaThread "Service Thread"             daemon [_thread_blocked, id=7132, stack(0x000000a1cf600000,0x000000a1cf700000) (1024K)]
  0x000001e5f7403330 JavaThread "Monitor Deflation Thread"   daemon [_thread_blocked, id=6068, stack(0x000000a1cf700000,0x000000a1cf800000) (1024K)]
  0x000001e5f7408860 JavaThread "C2 CompilerThread0"         daemon [_thread_blocked, id=2036, stack(0x000000a1cf800000,0x000000a1cf900000) (1024K)]
  0x000001e5f740ca50 JavaThread "C1 CompilerThread0"         daemon [_thread_blocked, id=15204, stack(0x000000a1cf900000,0x000000a1cfa00000) (1024K)]
  0x000001e5f7402610 JavaThread "Common-Cleaner"             daemon [_thread_blocked, id=7572, stack(0x000000a1cfa00000,0x000000a1cfb00000) (1024K)]
  0x000001e5f74039c0 JavaThread "Notification Thread"        daemon [_thread_blocked, id=17836, stack(0x000000a1cfb00000,0x000000a1cfc00000) (1024K)]
  0x000001e5f7404050 JavaThread "Daemon health stats"               [_thread_blocked, id=21284, stack(0x000000a1d0300000,0x000000a1d0400000) (1024K)]
  0x000001e5f74046e0 JavaThread "Incoming local TCP Connector on port 63755"        [_thread_in_native, id=13708, stack(0x000000a1d0400000,0x000000a1d0500000) (1024K)]
  0x000001e5f7402ca0 JavaThread "Daemon periodic checks"            [_thread_blocked, id=12648, stack(0x000000a1d0900000,0x000000a1d0a00000) (1024K)]
  0x000001e5f7404d70 JavaThread "Daemon"                            [_thread_blocked, id=19648, stack(0x000000a1d0a00000,0x000000a1d0b00000) (1024K)]
  0x000001e5f7405400 JavaThread "Handler for socket connection from /127.0.0.1:63755 to /127.0.0.1:63756"        [_thread_in_native, id=5496, stack(0x000000a1d0b00000,0x000000a1d0c00000) (1024K)]
  0x000001e5f7405a90 JavaThread "Cancel handler"                    [_thread_blocked, id=17004, stack(0x000000a1d0c00000,0x000000a1d0d00000) (1024K)]
  0x000001e5fda86590 JavaThread "Daemon worker"                     [_thread_blocked, id=5452, stack(0x000000a1d0d00000,0x000000a1d0e00000) (1024K)]
  0x000001e5fda87940 JavaThread "Asynchronous log dispatcher for DefaultDaemonConnection: socket connection from /127.0.0.1:63755 to /127.0.0.1:63756"        [_thread_blocked, id=5212, stack(0x000000a1d0e00000,0x000000a1d0f00000) (1024K)]
  0x000001e5fda89380 JavaThread "Stdin handler"                     [_thread_blocked, id=14816, stack(0x000000a1d0f00000,0x000000a1d1000000) (1024K)]
  0x000001e5fda88cf0 JavaThread "Daemon client event forwarder"        [_thread_blocked, id=16148, stack(0x000000a1d1000000,0x000000a1d1100000) (1024K)]
  0x000001e5fda85f00 JavaThread "Cache worker for journal cache (C:\Users\vfxno\.gradle\caches\journal-1)"        [_thread_blocked, id=18516, stack(0x000000a1d1100000,0x000000a1d1200000) (1024K)]
  0x000001e5fda872b0 JavaThread "File lock request listener"        [_thread_in_native, id=20912, stack(0x000000a1d1200000,0x000000a1d1300000) (1024K)]
  0x000001e5fda86c20 JavaThread "Cache worker for file hash cache (C:\Users\vfxno\.gradle\caches\8.13\fileHashes)"        [_thread_blocked, id=21408, stack(0x000000a1d1300000,0x000000a1d1400000) (1024K)]
  0x000001e5fda89a10 JavaThread "Cache worker for file hash cache (C:\Users\vfxno\Downloads\moonlight-android\.gradle\8.13\fileHashes)"        [_thread_blocked, id=18228, stack(0x000000a1d1600000,0x000000a1d1700000) (1024K)]
  0x000001e5fda8a0a0 JavaThread "Cache worker for Build Output Cleanup Cache (C:\Users\vfxno\Downloads\moonlight-android\.gradle\buildOutputCleanup)"        [_thread_blocked, id=6432, stack(0x000000a1d1700000,0x000000a1d1800000) (1024K)]
  0x000001e5fda8a730 JavaThread "File watcher server"        daemon [_thread_blocked, id=17752, stack(0x000000a1d1800000,0x000000a1d1900000) (1024K)]
  0x000001e5fda8adc0 JavaThread "File watcher consumer"      daemon [_thread_blocked, id=17304, stack(0x000000a1d1900000,0x000000a1d1a00000) (1024K)]
  0x000001e5fda8b450 JavaThread "jar transforms"                    [_thread_blocked, id=20132, stack(0x000000a1d1a00000,0x000000a1d1b00000) (1024K)]
  0x000001e5fda87fd0 JavaThread "jar transforms Thread 2"           [_thread_blocked, id=18136, stack(0x000000a1d1b00000,0x000000a1d1c00000) (1024K)]
  0x000001e5fda8bae0 JavaThread "Cache worker for checksums cache (C:\Users\vfxno\Downloads\moonlight-android\.gradle\8.13\checksums)"        [_thread_blocked, id=7248, stack(0x000000a1d1c00000,0x000000a1d1d00000) (1024K)]
  0x000001e5fda88660 JavaThread "Cache worker for file content cache (C:\Users\vfxno\.gradle\caches\8.13\fileContent)"        [_thread_blocked, id=19396, stack(0x000000a1d1d00000,0x000000a1d1e00000) (1024K)]
  0x000001e5fda8c800 JavaThread "Cache worker for cache directory md-supplier (C:\Users\vfxno\.gradle\caches\8.13\md-supplier)"        [_thread_blocked, id=17136, stack(0x000000a1d1e00000,0x000000a1d1f00000) (1024K)]
  0x000001e5fda8ce90 JavaThread "Cache worker for cache directory md-rule (C:\Users\vfxno\.gradle\caches\8.13\md-rule)"        [_thread_blocked, id=8896, stack(0x000000a1d1f00000,0x000000a1d2000000) (1024K)]
  0x000001e5fda8d520 JavaThread "jar transforms Thread 3"           [_thread_blocked, id=19236, stack(0x000000a1d2000000,0x000000a1d2100000) (1024K)]
  0x000001e5c13694e0 JavaThread "Unconstrained build operations"        [_thread_blocked, id=12972, stack(0x000000a1d2100000,0x000000a1d2200000) (1024K)]
  0x000001e5c13687c0 JavaThread "Unconstrained build operations Thread 2"        [_thread_blocked, id=20704, stack(0x000000a1d2200000,0x000000a1d2300000) (1024K)]
  0x000001e5c1367410 JavaThread "Unconstrained build operations Thread 3"        [_thread_blocked, id=13032, stack(0x000000a1d2300000,0x000000a1d2400000) (1024K)]
  0x000001e5c1369b70 JavaThread "Unconstrained build operations Thread 4"        [_thread_blocked, id=15312, stack(0x000000a1d2400000,0x000000a1d2500000) (1024K)]
  0x000001e5c13666f0 JavaThread "Unconstrained build operations Thread 5"        [_thread_blocked, id=4636, stack(0x000000a1d2500000,0x000000a1d2600000) (1024K)]
  0x000001e5c136a890 JavaThread "Unconstrained build operations Thread 6"        [_thread_blocked, id=18004, stack(0x000000a1d2600000,0x000000a1d2700000) (1024K)]
  0x000001e5c136a200 JavaThread "Unconstrained build operations Thread 7"        [_thread_blocked, id=19892, stack(0x000000a1d2700000,0x000000a1d2800000) (1024K)]
  0x000001e5c1368130 JavaThread "Unconstrained build operations Thread 8"        [_thread_blocked, id=16968, stack(0x000000a1d2800000,0x000000a1d2900000) (1024K)]
  0x000001e5c136af20 JavaThread "Unconstrained build operations Thread 9"        [_thread_blocked, id=3224, stack(0x000000a1d2900000,0x000000a1d2a00000) (1024K)]
  0x000001e5c1367aa0 JavaThread "Unconstrained build operations Thread 10"        [_thread_blocked, id=18500, stack(0x000000a1d2a00000,0x000000a1d2b00000) (1024K)]
  0x000001e5c136c2d0 JavaThread "Unconstrained build operations Thread 11"        [_thread_blocked, id=20692, stack(0x000000a1d2b00000,0x000000a1d2c00000) (1024K)]
  0x000001e5c136b5b0 JavaThread "Unconstrained build operations Thread 12"        [_thread_blocked, id=18080, stack(0x000000a1d2c00000,0x000000a1d2d00000) (1024K)]
  0x000001e5c136bc40 JavaThread "Unconstrained build operations Thread 13"        [_thread_blocked, id=19240, stack(0x000000a1d2d00000,0x000000a1d2e00000) (1024K)]
  0x000001e5c1368e50 JavaThread "Unconstrained build operations Thread 14"        [_thread_blocked, id=17760, stack(0x000000a1d2e00000,0x000000a1d2f00000) (1024K)]
  0x000001e5c136c960 JavaThread "Unconstrained build operations Thread 15"        [_thread_blocked, id=14868, stack(0x000000a1d2f00000,0x000000a1d3000000) (1024K)]
  0x000001e5c136cff0 JavaThread "Unconstrained build operations Thread 16"        [_thread_blocked, id=17112, stack(0x000000a1d3000000,0x000000a1d3100000) (1024K)]
  0x000001e5c136d680 JavaThread "Unconstrained build operations Thread 17"        [_thread_blocked, id=21036, stack(0x000000a1d3100000,0x000000a1d3200000) (1024K)]
  0x000001e5c136dd10 JavaThread "Unconstrained build operations Thread 18"        [_thread_blocked, id=13856, stack(0x000000a1d3200000,0x000000a1d3300000) (1024K)]
  0x000001e5feea52b0 JavaThread "Unconstrained build operations Thread 19"        [_thread_blocked, id=21092, stack(0x000000a1d3300000,0x000000a1d3400000) (1024K)]
  0x000001e5feea5940 JavaThread "Unconstrained build operations Thread 20"        [_thread_blocked, id=13820, stack(0x000000a1d3400000,0x000000a1d3500000) (1024K)]
  0x000001e5feea5fd0 JavaThread "Unconstrained build operations Thread 21"        [_thread_blocked, id=19116, stack(0x000000a1d3500000,0x000000a1d3600000) (1024K)]
  0x000001e5feea6660 JavaThread "Unconstrained build operations Thread 22"        [_thread_blocked, id=14740, stack(0x000000a1d3600000,0x000000a1d3700000) (1024K)]
  0x000001e5feea6cf0 JavaThread "Unconstrained build operations Thread 23"        [_thread_blocked, id=14204, stack(0x000000a1d3700000,0x000000a1d3800000) (1024K)]
  0x000001e5feea7380 JavaThread "Unconstrained build operations Thread 24"        [_thread_blocked, id=18344, stack(0x000000a1d3800000,0x000000a1d3900000) (1024K)]
  0x000001e5feea7a10 JavaThread "Unconstrained build operations Thread 25"        [_thread_blocked, id=4528, stack(0x000000a1d3900000,0x000000a1d3a00000) (1024K)]
  0x000001e5feea4590 JavaThread "Unconstrained build operations Thread 26"        [_thread_blocked, id=4728, stack(0x000000a1d3a00000,0x000000a1d3b00000) (1024K)]
  0x000001e5feea4c20 JavaThread "Unconstrained build operations Thread 27"        [_thread_blocked, id=17328, stack(0x000000a1d3b00000,0x000000a1d3c00000) (1024K)]
  0x000001e5fde957b0 JavaThread "Unconstrained build operations Thread 28"        [_thread_blocked, id=18840, stack(0x000000a1d3c00000,0x000000a1d3d00000) (1024K)]
  0x000001e5fde96b60 JavaThread "Unconstrained build operations Thread 29"        [_thread_blocked, id=14236, stack(0x000000a1d3d00000,0x000000a1d3e00000) (1024K)]
  0x000001e5fde936e0 JavaThread "Unconstrained build operations Thread 30"        [_thread_blocked, id=19632, stack(0x000000a1d3e00000,0x000000a1d3f00000) (1024K)]
  0x000001e5fde93d70 JavaThread "Unconstrained build operations Thread 31"        [_thread_blocked, id=12528, stack(0x000000a1d3f00000,0x000000a1d4000000) (1024K)]
  0x000001e5fde94400 JavaThread "Unconstrained build operations Thread 32"        [_thread_blocked, id=17668, stack(0x000000a1d4000000,0x000000a1d4100000) (1024K)]
  0x000001e5fde95e40 JavaThread "Unconstrained build operations Thread 33"        [_thread_blocked, id=9588, stack(0x000000a1d4100000,0x000000a1d4200000) (1024K)]
  0x000001e5fde964d0 JavaThread "jar transforms Thread 4"           [_thread_blocked, id=15604, stack(0x000000a1d4200000,0x000000a1d4300000) (1024K)]
  0x000001e5fde94a90 JavaThread "jar transforms Thread 5"           [_thread_blocked, id=15236, stack(0x000000a1d4300000,0x000000a1d4400000) (1024K)]
  0x000001e5fde95120 JavaThread "jar transforms Thread 6"           [_thread_blocked, id=9256, stack(0x000000a1d4400000,0x000000a1d4500000) (1024K)]
  0x000001e5fedebd60 JavaThread "Memory manager"                    [_thread_blocked, id=17124, stack(0x000000a1d4500000,0x000000a1d4600000) (1024K)]
  0x000001e5fedeca80 JavaThread "Problems report writer"            [_thread_blocked, id=21308, stack(0x000000a1d4600000,0x000000a1d4700000) (1024K)]
  0x000001e5c4f2ebb0 JavaThread "included builds"                   [_thread_blocked, id=20528, stack(0x000000a1d4700000,0x000000a1d4800000) (1024K)]
  0x000001e5c4f30c80 JavaThread "Execution worker"                  [_thread_blocked, id=7336, stack(0x000000a1d4800000,0x000000a1d4900000) (1024K)]
  0x000001e5c4f2ff60 JavaThread "Execution worker Thread 2"         [_thread_blocked, id=11640, stack(0x000000a1d4900000,0x000000a1d4a00000) (1024K)]
  0x000001e5c4f2d800 JavaThread "Execution worker Thread 3"         [_thread_blocked, id=360, stack(0x000000a1d4a00000,0x000000a1d4b00000) (1024K)]
  0x000001e5c4f31310 JavaThread "Execution worker Thread 4"         [_thread_blocked, id=8332, stack(0x000000a1d4b00000,0x000000a1d4c00000) (1024K)]
  0x000001e5c4f319a0 JavaThread "Execution worker Thread 5"         [_thread_blocked, id=18852, stack(0x000000a1d4c00000,0x000000a1d4d00000) (1024K)]
  0x000001e5c4f2e520 JavaThread "Execution worker Thread 6"         [_thread_blocked, id=21076, stack(0x000000a1d4d00000,0x000000a1d4e00000) (1024K)]
  0x000001e5c4f305f0 JavaThread "Execution worker Thread 7"         [_thread_blocked, id=7924, stack(0x000000a1d4e00000,0x000000a1d4f00000) (1024K)]
  0x000001e5c4f32030 JavaThread "Execution worker Thread 8"         [_thread_blocked, id=18284, stack(0x000000a1d4f00000,0x000000a1d5000000) (1024K)]
  0x000001e5c4f326c0 JavaThread "Execution worker Thread 9"         [_thread_blocked, id=17048, stack(0x000000a1d5000000,0x000000a1d5100000) (1024K)]
  0x000001e5c4f2f240 JavaThread "Execution worker Thread 10"        [_thread_blocked, id=7388, stack(0x000000a1d5100000,0x000000a1d5200000) (1024K)]
  0x000001e5feded7a0 JavaThread "Execution worker Thread 11"        [_thread_blocked, id=18936, stack(0x000000a1d5200000,0x000000a1d5300000) (1024K)]
  0x000001e5fedea9b0 JavaThread "Cache worker for execution history cache (C:\Users\vfxno\Downloads\moonlight-android\.gradle\8.13\executionHistory)"        [_thread_blocked, id=5004, stack(0x000000a1d5300000,0x000000a1d5400000) (1024K)]
  0x000001e5c20e8210 JavaThread "Exec process"                      [_thread_blocked, id=12868, stack(0x000000a1d5400000,0x000000a1d5500000) (1024K)]
  0x000001e5c20e7b80 JavaThread "Exec process Thread 2"             [_thread_blocked, id=16876, stack(0x000000a1d5500000,0x000000a1d5600000) (1024K)]
  0x000001e5c20e4d90 JavaThread "Exec process Thread 3"             [_thread_blocked, id=8052, stack(0x000000a1d5600000,0x000000a1d5700000) (1024K)]
  0x000001e5c20e5420 JavaThread "Unconstrained build operations Thread 34"        [_thread_blocked, id=4740, stack(0x000000a1cfd00000,0x000000a1cfe00000) (1024K)]
  0x000001e5c20e8f30 JavaThread "Unconstrained build operations Thread 35"        [_thread_blocked, id=21024, stack(0x000000a1d5700000,0x000000a1d5800000) (1024K)]
  0x000001e5c20e95c0 JavaThread "Unconstrained build operations Thread 36"        [_thread_blocked, id=8800, stack(0x000000a1d5800000,0x000000a1d5900000) (1024K)]
  0x000001e5c20e9c50 JavaThread "Unconstrained build operations Thread 37"        [_thread_blocked, id=3064, stack(0x000000a1d5900000,0x000000a1d5a00000) (1024K)]
  0x000001e5c2cf9120 JavaThread "Unconstrained build operations Thread 38"        [_thread_blocked, id=7980, stack(0x000000a1d5a00000,0x000000a1d5b00000) (1024K)]
  0x000001e5c2cf97b0 JavaThread "Unconstrained build operations Thread 39"        [_thread_blocked, id=12784, stack(0x000000a1d5b00000,0x000000a1d5c00000) (1024K)]
  0x000001e5c2cf8400 JavaThread "Unconstrained build operations Thread 40"        [_thread_blocked, id=18180, stack(0x000000a1d5c00000,0x000000a1d5d00000) (1024K)]
  0x000001e5c2cf8a90 JavaThread "Unconstrained build operations Thread 41"        [_thread_blocked, id=9308, stack(0x000000a1d5d00000,0x000000a1d5e00000) (1024K)]
  0x000001e5c2cf6330 JavaThread "Unconstrained build operations Thread 42"        [_thread_blocked, id=18300, stack(0x000000a1d5e00000,0x000000a1d5f00000) (1024K)]
  0x000001e5c2cf9e40 JavaThread "Unconstrained build operations Thread 43"        [_thread_blocked, id=18652, stack(0x000000a1d5f00000,0x000000a1d6000000) (1024K)]
  0x000001e5c2cf76e0 JavaThread "Unconstrained build operations Thread 44"        [_thread_blocked, id=18792, stack(0x000000a1d6000000,0x000000a1d6100000) (1024K)]
  0x000001e5c2cf69c0 JavaThread "Unconstrained build operations Thread 45"        [_thread_blocked, id=20592, stack(0x000000a1d6200000,0x000000a1d6300000) (1024K)]
  0x000001e5c2cfa4d0 JavaThread "Unconstrained build operations Thread 46"        [_thread_blocked, id=20324, stack(0x000000a1d6300000,0x000000a1d6400000) (1024K)]
  0x000001e5c2cf7050 JavaThread "Unconstrained build operations Thread 47"        [_thread_blocked, id=9360, stack(0x000000a1d6400000,0x000000a1d6500000) (1024K)]
  0x000001e5c2cfd950 JavaThread "Unconstrained build operations Thread 48"        [_thread_blocked, id=19804, stack(0x000000a1d6500000,0x000000a1d6600000) (1024K)]
  0x000001e5c2cfab60 JavaThread "Unconstrained build operations Thread 49"        [_thread_blocked, id=20560, stack(0x000000a1d6600000,0x000000a1d6700000) (1024K)]
  0x000001e5c2cfcc30 JavaThread "Unconstrained build operations Thread 50"        [_thread_blocked, id=9324, stack(0x000000a1d6700000,0x000000a1d6800000) (1024K)]
  0x000001e5c2cfc5a0 JavaThread "Unconstrained build operations Thread 51"        [_thread_blocked, id=14748, stack(0x000000a1d6800000,0x000000a1d6900000) (1024K)]
  0x000001e5c2cfb1f0 JavaThread "Unconstrained build operations Thread 52"        [_thread_blocked, id=15688, stack(0x000000a1d6900000,0x000000a1d6a00000) (1024K)]
  0x000001e5c2cfb880 JavaThread "Unconstrained build operations Thread 53"        [_thread_blocked, id=5748, stack(0x000000a1d6a00000,0x000000a1d6b00000) (1024K)]
  0x000001e5c2cfd2c0 JavaThread "Unconstrained build operations Thread 54"        [_thread_blocked, id=228, stack(0x000000a1d6b00000,0x000000a1d6c00000) (1024K)]
  0x000001e5c2cfbf10 JavaThread "Unconstrained build operations Thread 55"        [_thread_blocked, id=20044, stack(0x000000a1d6c00000,0x000000a1d6d00000) (1024K)]
  0x000001e5c20e2630 JavaThread "Unconstrained build operations Thread 56"        [_thread_blocked, id=8376, stack(0x000000a1d6d00000,0x000000a1d6e00000) (1024K)]
  0x000001e5c20e39e0 JavaThread "Unconstrained build operations Thread 57"        [_thread_blocked, id=1696, stack(0x000000a1d6e00000,0x000000a1d6f00000) (1024K)]
  0x000001e5c20e6140 JavaThread "Unconstrained build operations Thread 58"        [_thread_blocked, id=20016, stack(0x000000a1d6f00000,0x000000a1d7000000) (1024K)]
  0x000001e5c20e5ab0 JavaThread "Unconstrained build operations Thread 59"        [_thread_blocked, id=4420, stack(0x000000a1d7000000,0x000000a1d7100000) (1024K)]
  0x000001e5c20e2cc0 JavaThread "Unconstrained build operations Thread 60"        [_thread_blocked, id=19252, stack(0x000000a1d7100000,0x000000a1d7200000) (1024K)]
  0x000001e5c20e4070 JavaThread "Unconstrained build operations Thread 61"        [_thread_blocked, id=19264, stack(0x000000a1d7200000,0x000000a1d7300000) (1024K)]
  0x000001e5c20e3350 JavaThread "Unconstrained build operations Thread 62"        [_thread_blocked, id=19688, stack(0x000000a1d7300000,0x000000a1d7400000) (1024K)]
  0x000001e5c20e4700 JavaThread "Unconstrained build operations Thread 63"        [_thread_blocked, id=4836, stack(0x000000a1d7400000,0x000000a1d7500000) (1024K)]
  0x000001e5c20e6e60 JavaThread "Unconstrained build operations Thread 64"        [_thread_blocked, id=10204, stack(0x000000a1d7500000,0x000000a1d7600000) (1024K)]
  0x000001e5c20e74f0 JavaThread "Unconstrained build operations Thread 65"        [_thread_blocked, id=17988, stack(0x000000a1d7600000,0x000000a1d7700000) (1024K)]
  0x000001e5c4f2c450 JavaThread "Unconstrained build operations Thread 66"        [_thread_blocked, id=19836, stack(0x000000a1d7700000,0x000000a1d7800000) (1024K)]
  0x000001e5feded110 JavaThread "Unconstrained build operations Thread 67"        [_thread_blocked, id=4896, stack(0x000000a1d7800000,0x000000a1d7900000) (1024K)]
  0x000001e5fea960b0 JavaThread "Unconstrained build operations Thread 68"        [_thread_blocked, id=14892, stack(0x000000a1d7900000,0x000000a1d7a00000) (1024K)]
  0x000001e5fea97460 JavaThread "Unconstrained build operations Thread 69"        [_thread_blocked, id=21268, stack(0x000000a1d7a00000,0x000000a1d7b00000) (1024K)]
  0x000001e5fea94670 JavaThread "Unconstrained build operations Thread 70"        [_thread_blocked, id=15632, stack(0x000000a1d7b00000,0x000000a1d7c00000) (1024K)]
  0x000001e5fea97af0 JavaThread "Unconstrained build operations Thread 71"        [_thread_blocked, id=17924, stack(0x000000a1d7c00000,0x000000a1d7d00000) (1024K)]
  0x000001e5fea98180 JavaThread "Unconstrained build operations Thread 72"        [_thread_blocked, id=13628, stack(0x000000a1d7d00000,0x000000a1d7e00000) (1024K)]
  0x000001e5fea94d00 JavaThread "Unconstrained build operations Thread 73"        [_thread_blocked, id=13816, stack(0x000000a1d7e00000,0x000000a1d7f00000) (1024K)]
  0x000001e5fea98810 JavaThread "Unconstrained build operations Thread 74"        [_thread_blocked, id=19576, stack(0x000000a1d7f00000,0x000000a1d8000000) (1024K)]
  0x000001e5fea96740 JavaThread "Unconstrained build operations Thread 75"        [_thread_blocked, id=8260, stack(0x000000a1d8000000,0x000000a1d8100000) (1024K)]
  0x000001e5fea96dd0 JavaThread "Unconstrained build operations Thread 76"        [_thread_blocked, id=13760, stack(0x000000a1d8100000,0x000000a1d8200000) (1024K)]
  0x000001e5fea98ea0 JavaThread "Unconstrained build operations Thread 77"        [_thread_blocked, id=19364, stack(0x000000a1d8200000,0x000000a1d8300000) (1024K)]
  0x000001e5fea95a20 JavaThread "Unconstrained build operations Thread 78"        [_thread_blocked, id=3340, stack(0x000000a1d8300000,0x000000a1d8400000) (1024K)]
  0x000001e5fea99530 JavaThread "Unconstrained build operations Thread 79"        [_thread_blocked, id=20224, stack(0x000000a1d8400000,0x000000a1d8500000) (1024K)]
  0x000001e5fea99bc0 JavaThread "Unconstrained build operations Thread 80"        [_thread_blocked, id=13172, stack(0x000000a1d8500000,0x000000a1d8600000) (1024K)]
  0x000001e5fea9bc90 JavaThread "Unconstrained build operations Thread 81"        [_thread_blocked, id=17624, stack(0x000000a1d8600000,0x000000a1d8700000) (1024K)]
  0x000001e5fea9a250 JavaThread "Unconstrained build operations Thread 82"        [_thread_blocked, id=16476, stack(0x000000a1d8700000,0x000000a1d8800000) (1024K)]
  0x000001e5fea9a8e0 JavaThread "Unconstrained build operations Thread 83"        [_thread_blocked, id=5772, stack(0x000000a1d8800000,0x000000a1d8900000) (1024K)]
  0x000001e5fea9af70 JavaThread "Unconstrained build operations Thread 84"        [_thread_blocked, id=17520, stack(0x000000a1d8900000,0x000000a1d8a00000) (1024K)]
  0x000001e5fea9b600 JavaThread "Unconstrained build operations Thread 85"        [_thread_blocked, id=20092, stack(0x000000a1d8a00000,0x000000a1d8b00000) (1024K)]
  0x000001e5c545c0d0 JavaThread "Unconstrained build operations Thread 86"        [_thread_blocked, id=21112, stack(0x000000a1d8b00000,0x000000a1d8c00000) (1024K)]
  0x000001e5c545e1a0 JavaThread "Unconstrained build operations Thread 87"        [_thread_blocked, id=18780, stack(0x000000a1d8c00000,0x000000a1d8d00000) (1024K)]
  0x000001e5c545ad20 JavaThread "Unconstrained build operations Thread 88"        [_thread_blocked, id=12540, stack(0x000000a1d8d00000,0x000000a1d8e00000) (1024K)]
  0x000001e5c545c760 JavaThread "Unconstrained build operations Thread 89"        [_thread_blocked, id=17756, stack(0x000000a1d8e00000,0x000000a1d8f00000) (1024K)]
  0x000001e5c545cdf0 JavaThread "Unconstrained build operations Thread 90"        [_thread_blocked, id=15500, stack(0x000000a1d8f00000,0x000000a1d9000000) (1024K)]
  0x000001e5c545d480 JavaThread "Unconstrained build operations Thread 91"        [_thread_blocked, id=21496, stack(0x000000a1d9000000,0x000000a1d9100000) (1024K)]
  0x000001e5c545db10 JavaThread "Unconstrained build operations Thread 92"        [_thread_blocked, id=18288, stack(0x000000a1d9100000,0x000000a1d9200000) (1024K)]
  0x000001e5c545e830 JavaThread "Unconstrained build operations Thread 93"        [_thread_blocked, id=2684, stack(0x000000a1d9200000,0x000000a1d9300000) (1024K)]
  0x000001e5c545b3b0 JavaThread "Unconstrained build operations Thread 94"        [_thread_blocked, id=5472, stack(0x000000a1d9300000,0x000000a1d9400000) (1024K)]
  0x000001e5c545eec0 JavaThread "Unconstrained build operations Thread 95"        [_thread_blocked, id=7556, stack(0x000000a1d9400000,0x000000a1d9500000) (1024K)]
  0x000001e5c545ba40 JavaThread "Unconstrained build operations Thread 96"        [_thread_blocked, id=12636, stack(0x000000a1d9500000,0x000000a1d9600000) (1024K)]
  0x000001e5c54629d0 JavaThread "Unconstrained build operations Thread 97"        [_thread_blocked, id=14068, stack(0x000000a1d9600000,0x000000a1d9700000) (1024K)]
  0x000001e5c5460270 JavaThread "Unconstrained build operations Thread 98"        [_thread_blocked, id=19904, stack(0x000000a1d9700000,0x000000a1d9800000) (1024K)]
  0x000001e5c545f550 JavaThread "Unconstrained build operations Thread 99"        [_thread_blocked, id=15272, stack(0x000000a1d9800000,0x000000a1d9900000) (1024K)]
  0x000001e5c545fbe0 JavaThread "Unconstrained build operations Thread 100"        [_thread_blocked, id=6232, stack(0x000000a1d9900000,0x000000a1d9a00000) (1024K)]
  0x000001e5c5463060 JavaThread "Unconstrained build operations Thread 101"        [_thread_blocked, id=7796, stack(0x000000a1d9a00000,0x000000a1d9b00000) (1024K)]
  0x000001e5c5461620 JavaThread "Unconstrained build operations Thread 102"        [_thread_blocked, id=3940, stack(0x000000a1d9b00000,0x000000a1d9c00000) (1024K)]
  0x000001e5c54636f0 JavaThread "Unconstrained build operations Thread 103"        [_thread_blocked, id=20176, stack(0x000000a1d9c00000,0x000000a1d9d00000) (1024K)]
  0x000001e5c5463d80 JavaThread "Unconstrained build operations Thread 104"        [_thread_blocked, id=18512, stack(0x000000a1d9d00000,0x000000a1d9e00000) (1024K)]
  0x000001e5c5460f90 JavaThread "Unconstrained build operations Thread 105"        [_thread_blocked, id=14588, stack(0x000000a1d9e00000,0x000000a1d9f00000) (1024K)]
  0x000001e5c5460900 JavaThread "Unconstrained build operations Thread 106"        [_thread_blocked, id=9404, stack(0x000000a1d9f00000,0x000000a1da000000) (1024K)]
  0x000001e5c5464410 JavaThread "Unconstrained build operations Thread 107"        [_thread_blocked, id=20272, stack(0x000000a1da000000,0x000000a1da100000) (1024K)]
  0x000001e5c5464aa0 JavaThread "Unconstrained build operations Thread 108"        [_thread_blocked, id=12576, stack(0x000000a1da100000,0x000000a1da200000) (1024K)]
  0x000001e5c5465130 JavaThread "Unconstrained build operations Thread 109"        [_thread_blocked, id=19608, stack(0x000000a1da200000,0x000000a1da300000) (1024K)]
  0x000001e5c5461cb0 JavaThread "Unconstrained build operations Thread 110"        [_thread_blocked, id=21404, stack(0x000000a1da300000,0x000000a1da400000) (1024K)]
  0x000001e5c54664e0 JavaThread "Unconstrained build operations Thread 111"        [_thread_blocked, id=4748, stack(0x000000a1da400000,0x000000a1da500000) (1024K)]
  0x000001e5c5467200 JavaThread "Unconstrained build operations Thread 112"        [_thread_blocked, id=15240, stack(0x000000a1da500000,0x000000a1da600000) (1024K)]
  0x000001e5c54657c0 JavaThread "Unconstrained build operations Thread 113"        [_thread_blocked, id=11468, stack(0x000000a1da600000,0x000000a1da700000) (1024K)]
  0x000001e5c5467f20 JavaThread "Unconstrained build operations Thread 114"        [_thread_blocked, id=21312, stack(0x000000a1da700000,0x000000a1da800000) (1024K)]
  0x000001e5c5466b70 JavaThread "Unconstrained build operations Thread 115"        [_thread_blocked, id=13964, stack(0x000000a1da800000,0x000000a1da900000) (1024K)]
  0x000001e5c5467890 JavaThread "Unconstrained build operations Thread 116"        [_thread_blocked, id=19440, stack(0x000000a1da900000,0x000000a1daa00000) (1024K)]
  0x000001e5c3830c20 JavaThread "Unconstrained build operations Thread 117"        [_thread_blocked, id=19268, stack(0x000000a1daa00000,0x000000a1dab00000) (1024K)]
  0x000001e5c38312b0 JavaThread "Unconstrained build operations Thread 118"        [_thread_blocked, id=14092, stack(0x000000a1dab00000,0x000000a1dac00000) (1024K)]
  0x000001e5ff4740f0 JavaThread "Unconstrained build operations Thread 119"        [_thread_blocked, id=21448, stack(0x000000a1dac00000,0x000000a1dad00000) (1024K)]
  0x000001e5ff471990 JavaThread "Unconstrained build operations Thread 120"        [_thread_blocked, id=16456, stack(0x000000a1dad00000,0x000000a1dae00000) (1024K)]
  0x000001e5c54d3ec0 JavaThread "Cache worker for Java compile cache (C:\Users\vfxno\.gradle\caches\8.13\javaCompile)"        [_thread_blocked, id=18268, stack(0x000000a1dae00000,0x000000a1daf00000) (1024K)]
  0x000001e5c30a04a0 JavaThread "Build operations"                  [_thread_blocked, id=19820, stack(0x000000a1daf00000,0x000000a1db000000) (1024K)]
  0x000001e5c30a0b30 JavaThread "Build operations Thread 2"         [_thread_blocked, id=11728, stack(0x000000a1db000000,0x000000a1db100000) (1024K)]
  0x000001e5c309f780 JavaThread "Build operations Thread 3"         [_thread_blocked, id=9892, stack(0x000000a1db100000,0x000000a1db200000) (1024K)]
  0x000001e5c309fe10 JavaThread "Build operations Thread 4"         [_thread_blocked, id=10168, stack(0x000000a1db200000,0x000000a1db300000) (1024K)]
  0x000001e5ff474780 JavaThread "Build operations Thread 5"         [_thread_blocked, id=15128, stack(0x000000a1db300000,0x000000a1db400000) (1024K)]
  0x000001e5ff474e10 JavaThread "Build operations Thread 6"         [_thread_blocked, id=10264, stack(0x000000a1db400000,0x000000a1db500000) (1024K)]
  0x000001e5ff472020 JavaThread "Build operations Thread 7"         [_thread_blocked, id=3012, stack(0x000000a1db500000,0x000000a1db600000) (1024K)]
  0x000001e5ff4726b0 JavaThread "Build operations Thread 8"         [_thread_blocked, id=18640, stack(0x000000a1db600000,0x000000a1db700000) (1024K)]
  0x000001e5ff472d40 JavaThread "Build operations Thread 9"         [_thread_blocked, id=16540, stack(0x000000a1db700000,0x000000a1db800000) (1024K)]
  0x000001e5ff4733d0 JavaThread "Build operations Thread 10"        [_thread_blocked, id=11620, stack(0x000000a1db800000,0x000000a1db900000) (1024K)]
  0x000001e5ff473a60 JavaThread "Build operations Thread 11"        [_thread_blocked, id=10912, stack(0x000000a1db900000,0x000000a1dba00000) (1024K)]
  0x000001e5c5220420 JavaThread "C2 CompilerThread1"         daemon [_thread_blocked, id=5704, stack(0x000000a1cfc00000,0x000000a1cfd00000) (1024K)]
  0x000001e5f76ee7a0 JavaThread "WorkerExecutor Queue"              [_thread_blocked, id=16300, stack(0x000000a1d6100000,0x000000a1d6200000) (1024K)]
  0x000001e5c5221f60 JavaThread "C2 CompilerThread2"         daemon [_thread_blocked, id=9452, stack(0x000000a1dba00000,0x000000a1dbb00000) (1024K)]
  0x000001e5c60e4eb0 JavaThread "ForkJoinPool-1-worker-1"    daemon [_thread_blocked, id=13980, stack(0x000000a1dbb00000,0x000000a1dbc00000) (1024K)]
  0x000001e5c60e6260 JavaThread "ForkJoinPool-1-worker-2"    daemon [_thread_blocked, id=16084, stack(0x000000a1dbc00000,0x000000a1dbd00000) (1024K)]
  0x000001e5fdfa1250 JavaThread "ForkJoinPool-1-worker-3"    daemon [_thread_blocked, id=2932, stack(0x000000a1dbd00000,0x000000a1dbe00000) (1024K)]
  0x000001e5c60e5540 JavaThread "ForkJoinPool-1-worker-4"    daemon [_thread_blocked, id=17036, stack(0x000000a1dbe00000,0x000000a1dbf00000) (1024K)]
  0x000001e5c61dcc00 JavaThread "ForkJoinPool-1-worker-5"    daemon [_thread_blocked, id=12532, stack(0x000000a1dbf00000,0x000000a1dc000000) (1024K)]
  0x000001e5cb223f90 JavaThread "ForkJoinPool-1-worker-6"    daemon [_thread_blocked, id=19064, stack(0x000000a1dc000000,0x000000a1dc100000) (1024K)]
  0x000001e5c4def650 JavaThread "ForkJoinPool-1-worker-7"    daemon [_thread_blocked, id=19476, stack(0x000000a1dc100000,0x000000a1dc200000) (1024K)]
  0x000001e5c4df0370 JavaThread "ForkJoinPool-1-worker-8"    daemon [_thread_blocked, id=17416, stack(0x000000a1dc200000,0x000000a1dc300000) (1024K)]
  0x000001e5c60e5bd0 JavaThread "ForkJoinPool-1-worker-9"    daemon [_thread_blocked, id=6076, stack(0x000000a1dc300000,0x000000a1dc400000) (1024K)]
  0x000001e5c3443a60 JavaThread "ForkJoinPool-1-worker-10"   daemon [_thread_blocked, id=16416, stack(0x000000a1dc400000,0x000000a1dc500000) (1024K)]
  0x000001e5fcf2e060 JavaThread "ForkJoinPool-1-worker-11"   daemon [_thread_blocked, id=10960, stack(0x000000a1dc500000,0x000000a1dc600000) (1024K)]
  0x000001e5fcf33420 JavaThread "ForkJoinPool-1-worker-12"   daemon [_thread_blocked, id=21304, stack(0x000000a1dc600000,0x000000a1dc700000) (1024K)]
  0x000001e5f76efb50 JavaThread "Build operations Thread 12"        [_thread_blocked, id=18732, stack(0x000000a1dc700000,0x000000a1dc800000) (1024K)]
  0x000001e5d1e0b080 JavaThread "WorkerExecutor Queue Thread 2"        [_thread_blocked, id=3592, stack(0x000000a1dc800000,0x000000a1dc900000) (1024K)]
  0x000001e5cc575a10 JavaThread "WorkerExecutor Queue Thread 3"        [_thread_blocked, id=16816, stack(0x000000a1dc900000,0x000000a1dca00000) (1024K)]
  0x000001e5cbef1180 JavaThread "ForkJoinPool.commonPool-worker-1" daemon [_thread_blocked, id=20264, stack(0x000000a1dca00000,0x000000a1dcb00000) (1024K)]
  0x000001e5c54692d0 JavaThread "ForkJoinPool.commonPool-worker-2" daemon [_thread_blocked, id=8816, stack(0x000000a1dcb00000,0x000000a1dcc00000) (1024K)]
  0x000001e5cd8a7620 JavaThread "ForkJoinPool.commonPool-worker-3" daemon [_thread_blocked, id=19516, stack(0x000000a1dcc00000,0x000000a1dcd00000) (1024K)]
  0x000001e5c5465e50 JavaThread "ForkJoinPool.commonPool-worker-4" daemon [_thread_blocked, id=8320, stack(0x000000a1dcd00000,0x000000a1dce00000) (1024K)]
  0x000001e5cd947080 JavaThread "ForkJoinPool.commonPool-worker-5" daemon [_thread_blocked, id=14908, stack(0x000000a1dce00000,0x000000a1dcf00000) (1024K)]
  0x000001e5fcf2faa0 JavaThread "ForkJoinPool.commonPool-worker-6" daemon [_thread_blocked, id=21020, stack(0x000000a1dcf00000,0x000000a1dd000000) (1024K)]
  0x000001e5cd8a6270 JavaThread "ForkJoinPool.commonPool-worker-7" daemon [_thread_blocked, id=7020, stack(0x000000a1dd000000,0x000000a1dd100000) (1024K)]
  0x000001e5fcf32700 JavaThread "ForkJoinPool.commonPool-worker-8" daemon [_thread_blocked, id=18596, stack(0x000000a1dd100000,0x000000a1dd200000) (1024K)]
  0x000001e5fcf32070 JavaThread "ForkJoinPool.commonPool-worker-9" daemon [_thread_blocked, id=8988, stack(0x000000a1dd200000,0x000000a1dd300000) (1024K)]
  0x000001e5fcf32d90 JavaThread "ForkJoinPool.commonPool-worker-10" daemon [_thread_blocked, id=13956, stack(0x000000a1dd300000,0x000000a1dd400000) (1024K)]
  0x000001e5c2340f50 JavaThread "ForkJoinPool.commonPool-worker-11" daemon [_thread_blocked, id=8440, stack(0x000000a1dd400000,0x000000a1dd500000) (1024K)]
Total: 217

Other Threads:
=>0x000001e5d6ae1160 VMThread "VM Thread"                           [id=17156, stack(0x000000a1cf100000,0x000000a1cf200000) (1024K)]
  0x000001e5f73bc160 WatcherThread "VM Periodic Task Thread"        [id=12712, stack(0x000000a1cf000000,0x000000a1cf100000) (1024K)]
  0x000001e5d6ae0dc0 WorkerThread "GC Thread#0"                     [id=17544, stack(0x000000a1ceb00000,0x000000a1cec00000) (1024K)]
  0x000001e5d6ae1500 WorkerThread "GC Thread#1"                     [id=2720, stack(0x000000a1cfe00000,0x000000a1cff00000) (1024K)]
  0x000001e5d6ae18a0 WorkerThread "GC Thread#2"                     [id=8284, stack(0x000000a1cff00000,0x000000a1d0000000) (1024K)]
  0x000001e5d6ae1c40 WorkerThread "GC Thread#3"                     [id=17636, stack(0x000000a1d0000000,0x000000a1d0100000) (1024K)]
  0x000001e5d6ae1fe0 WorkerThread "GC Thread#4"                     [id=8136, stack(0x000000a1d0100000,0x000000a1d0200000) (1024K)]
  0x000001e5f7815780 WorkerThread "GC Thread#5"                     [id=16720, stack(0x000000a1d0200000,0x000000a1d0300000) (1024K)]
  0x000001e5f7813e20 WorkerThread "GC Thread#6"                     [id=4588, stack(0x000000a1d0500000,0x000000a1d0600000) (1024K)]
  0x000001e5f78136e0 WorkerThread "GC Thread#7"                     [id=6608, stack(0x000000a1d0600000,0x000000a1d0700000) (1024K)]
  0x000001e5f7813a80 WorkerThread "GC Thread#8"                     [id=2020, stack(0x000000a1d0700000,0x000000a1d0800000) (1024K)]
  0x000001e5f7814560 WorkerThread "GC Thread#9"                     [id=16232, stack(0x000000a1d0800000,0x000000a1d0900000) (1024K)]
  0x000001e5d8fa3190 ConcurrentGCThread "G1 Main Marker"            [id=7992, stack(0x000000a1cec00000,0x000000a1ced00000) (1024K)]
  0x000001e5d6ae2380 WorkerThread "G1 Conc#0"                       [id=14704, stack(0x000000a1ced00000,0x000000a1cee00000) (1024K)]
  0x000001e5f7812c00 WorkerThread "G1 Conc#1"                       [id=11272, stack(0x000000a1d1400000,0x000000a1d1500000) (1024K)]
  0x000001e5f7815040 WorkerThread "G1 Conc#2"                       [id=12916, stack(0x000000a1d1500000,0x000000a1d1600000) (1024K)]
  0x000001e5f728e8d0 ConcurrentGCThread "G1 Refine#0"               [id=14264, stack(0x000000a1cee00000,0x000000a1cef00000) (1024K)]
  0x000001e5f7290100 ConcurrentGCThread "G1 Service"                [id=13716, stack(0x000000a1cef00000,0x000000a1cf000000) (1024K)]
Total: 18

Threads with active compile tasks:
C2 CompilerThread0  54345 39220       4       com.android.tools.r8.internal.Lt::a (124 bytes)
C2 CompilerThread1  54345 39485       4       com.android.tools.r8.ir.optimize.q::a (228 bytes)
C2 CompilerThread2  54345 39493       4       com.android.tools.r8.internal.mo0::b (357 bytes)
Total: 3

VM state: at safepoint (normal execution)

VM Mutex/Monitor currently owned by a thread:  ([mutex/lock_event])
[0x00007ffb52c7e380] Threads_lock - owner thread: 0x000001e5d6ae1160
[0x00007ffb52c7e480] Heap_lock - owner thread: 0x000001e5c60e6260

Heap address: 0x0000000740000000, size: 3072 MB, Compressed Oops mode: Zero based, Oop shift amount: 3

CDS archive(s) mapped at: [0x000001e580000000-0x000001e580c80000-0x000001e580c80000), size 13107200, SharedBaseAddress: 0x000001e580000000, ArchiveRelocationMode: 1.
Compressed class space mapped at: 0x000001e581000000-0x000001e5c1000000, reserved size: 1073741824
Narrow klass base: 0x000001e580000000, Narrow klass shift: 0, Narrow klass range: 0x100000000

GC Precious Log:
 CardTable entry size: 512
 Card Set container configuration: InlinePtr #cards 4 size 8 Array Of Cards #cards 16 size 48 Howl #buckets 8 coarsen threshold 3686 Howl Bitmap #cards 512 size 80 coarsen threshold 460 Card regions per heap region 1 cards per card region 4096
 CPUs: 12 total, 12 available
 Memory: 16096M
 Large Page Support: Disabled
 NUMA Support: Disabled
 Compressed Oops: Enabled (Zero based)
 Heap Region Size: 2M
 Heap Min Capacity: 8M
 Heap Initial Capacity: 252M
 Heap Max Capacity: 3G
 Pre-touch: Disabled
 Parallel Workers: 10
 Concurrent Workers: 3
 Concurrent Refinement Workers: 10
 Periodic GC: Disabled

Heap:
 garbage-first heap   total 1685504K, used 582646K [0x0000000740000000, 0x0000000800000000)
  region size 2048K, 26 young (53248K), 26 survivors (53248K)
 Metaspace       used 152097K, committed 154560K, reserved 1245184K
  class space    used 20774K, committed 22016K, reserved 1048576K

Heap Regions: E=young(eden), S=young(survivor), O=old, HS=humongous(starts), HC=humongous(continues), CS=collection set, F=free, TAMS=top-at-mark-start, PB=parsable bottom
|   0|0x0000000740000000, 0x0000000740200000, 0x0000000740200000|100%|HS|  |TAMS 0x0000000740200000| PB 0x0000000740000000| Complete 
|   1|0x0000000740200000, 0x0000000740400000, 0x0000000740400000|100%|HC|  |TAMS 0x0000000740400000| PB 0x0000000740200000| Complete 
|   2|0x0000000740400000, 0x0000000740600000, 0x0000000740600000|100%| O|  |TAMS 0x0000000740600000| PB 0x0000000740400000| Untracked 
|   3|0x0000000740600000, 0x0000000740800000, 0x0000000740800000|100%| O|  |TAMS 0x0000000740800000| PB 0x0000000740600000| Untracked 
|   4|0x0000000740800000, 0x0000000740a00000, 0x0000000740a00000|100%| O|  |TAMS 0x0000000740a00000| PB 0x0000000740800000| Untracked 
|   5|0x0000000740a00000, 0x0000000740c00000, 0x0000000740c00000|100%| O|  |TAMS 0x0000000740c00000| PB 0x0000000740a00000| Untracked 
|   6|0x0000000740c00000, 0x0000000740e00000, 0x0000000740e00000|100%| O|  |TAMS 0x0000000740e00000| PB 0x0000000740c00000| Untracked 
|   7|0x0000000740e00000, 0x0000000741000000, 0x0000000741000000|100%| O|  |TAMS 0x0000000741000000| PB 0x0000000740e00000| Untracked 
|   8|0x0000000741000000, 0x0000000741200000, 0x0000000741200000|100%| O|  |TAMS 0x0000000741200000| PB 0x0000000741000000| Untracked 
|   9|0x0000000741200000, 0x0000000741400000, 0x0000000741400000|100%| O|  |TAMS 0x0000000741400000| PB 0x0000000741200000| Untracked 
|  10|0x0000000741400000, 0x0000000741600000, 0x0000000741600000|100%| O|  |TAMS 0x0000000741600000| PB 0x0000000741400000| Untracked 
|  11|0x0000000741600000, 0x0000000741800000, 0x0000000741800000|100%| O|  |TAMS 0x0000000741800000| PB 0x0000000741600000| Untracked 
|  12|0x0000000741800000, 0x0000000741a00000, 0x0000000741a00000|100%| O|  |TAMS 0x0000000741a00000| PB 0x0000000741800000| Untracked 
|  13|0x0000000741a00000, 0x0000000741c00000, 0x0000000741c00000|100%| O|  |TAMS 0x0000000741c00000| PB 0x0000000741a00000| Untracked 
|  14|0x0000000741c00000, 0x0000000741e00000, 0x0000000741e00000|100%| O|  |TAMS 0x0000000741e00000| PB 0x0000000741c00000| Untracked 
|  15|0x0000000741e00000, 0x0000000742000000, 0x0000000742000000|100%| O|  |TAMS 0x0000000742000000| PB 0x0000000741e00000| Untracked 
|  16|0x0000000742000000, 0x0000000742200000, 0x0000000742200000|100%| O|  |TAMS 0x0000000742200000| PB 0x0000000742000000| Untracked 
|  17|0x0000000742200000, 0x0000000742400000, 0x0000000742400000|100%| O|  |TAMS 0x0000000742400000| PB 0x0000000742200000| Untracked 
|  18|0x0000000742400000, 0x0000000742600000, 0x0000000742600000|100%| O|  |TAMS 0x0000000742600000| PB 0x0000000742400000| Untracked 
|  19|0x0000000742600000, 0x0000000742800000, 0x0000000742800000|100%| O|  |TAMS 0x0000000742800000| PB 0x0000000742600000| Untracked 
|  20|0x0000000742800000, 0x0000000742a00000, 0x0000000742a00000|100%| O|  |TAMS 0x0000000742a00000| PB 0x0000000742800000| Untracked 
|  21|0x0000000742a00000, 0x0000000742c00000, 0x0000000742c00000|100%| O|  |TAMS 0x0000000742c00000| PB 0x0000000742a00000| Untracked 
|  22|0x0000000742c00000, 0x0000000742e00000, 0x0000000742e00000|100%| O|  |TAMS 0x0000000742e00000| PB 0x0000000742c00000| Untracked 
|  23|0x0000000742e00000, 0x0000000743000000, 0x0000000743000000|100%| O|  |TAMS 0x0000000743000000| PB 0x0000000742e00000| Untracked 
|  24|0x0000000743000000, 0x0000000743200000, 0x0000000743200000|100%| O|  |TAMS 0x0000000743200000| PB 0x0000000743000000| Untracked 
|  25|0x0000000743200000, 0x0000000743400000, 0x0000000743400000|100%| O|  |TAMS 0x0000000743400000| PB 0x0000000743200000| Untracked 
|  26|0x0000000743400000, 0x0000000743600000, 0x0000000743600000|100%| O|  |TAMS 0x0000000743600000| PB 0x0000000743400000| Untracked 
|  27|0x0000000743600000, 0x0000000743800000, 0x0000000743800000|100%| O|  |TAMS 0x0000000743800000| PB 0x0000000743600000| Untracked 
|  28|0x0000000743800000, 0x0000000743a00000, 0x0000000743a00000|100%| O|  |TAMS 0x0000000743a00000| PB 0x0000000743800000| Untracked 
|  29|0x0000000743a00000, 0x0000000743c00000, 0x0000000743c00000|100%| O|  |TAMS 0x0000000743c00000| PB 0x0000000743a00000| Untracked 
|  30|0x0000000743c00000, 0x0000000743e00000, 0x0000000743e00000|100%| O|  |TAMS 0x0000000743e00000| PB 0x0000000743c00000| Untracked 
|  31|0x0000000743e00000, 0x0000000744000000, 0x0000000744000000|100%| O|  |TAMS 0x0000000744000000| PB 0x0000000743e00000| Untracked 
|  32|0x0000000744000000, 0x0000000744200000, 0x0000000744200000|100%| O|  |TAMS 0x0000000744200000| PB 0x0000000744000000| Untracked 
|  33|0x0000000744200000, 0x0000000744400000, 0x0000000744400000|100%| O|  |TAMS 0x0000000744400000| PB 0x0000000744200000| Untracked 
|  34|0x0000000744400000, 0x0000000744600000, 0x0000000744600000|100%| O|  |TAMS 0x0000000744600000| PB 0x0000000744400000| Untracked 
|  35|0x0000000744600000, 0x0000000744800000, 0x0000000744800000|100%| O|  |TAMS 0x0000000744800000| PB 0x0000000744600000| Untracked 
|  36|0x0000000744800000, 0x0000000744a00000, 0x0000000744a00000|100%| O|  |TAMS 0x0000000744a00000| PB 0x0000000744800000| Untracked 
|  37|0x0000000744a00000, 0x0000000744c00000, 0x0000000744c00000|100%| O|  |TAMS 0x0000000744c00000| PB 0x0000000744a00000| Untracked 
|  38|0x0000000744c00000, 0x0000000744e00000, 0x0000000744e00000|100%| O|  |TAMS 0x0000000744e00000| PB 0x0000000744c00000| Untracked 
|  39|0x0000000744e00000, 0x0000000745000000, 0x0000000745000000|100%| O|  |TAMS 0x0000000745000000| PB 0x0000000744e00000| Untracked 
|  40|0x0000000745000000, 0x0000000745200000, 0x0000000745200000|100%| O|  |TAMS 0x0000000745200000| PB 0x0000000745000000| Untracked 
|  41|0x0000000745200000, 0x0000000745400000, 0x0000000745400000|100%| O|  |TAMS 0x0000000745400000| PB 0x0000000745200000| Untracked 
|  42|0x0000000745400000, 0x0000000745600000, 0x0000000745600000|100%| O|  |TAMS 0x0000000745600000| PB 0x0000000745400000| Untracked 
|  43|0x0000000745600000, 0x0000000745800000, 0x0000000745800000|100%| O|  |TAMS 0x0000000745800000| PB 0x0000000745600000| Untracked 
|  44|0x0000000745800000, 0x0000000745a00000, 0x0000000745a00000|100%| O|  |TAMS 0x0000000745a00000| PB 0x0000000745800000| Untracked 
|  45|0x0000000745a00000, 0x0000000745c00000, 0x0000000745c00000|100%| O|  |TAMS 0x0000000745c00000| PB 0x0000000745a00000| Untracked 
|  46|0x0000000745c00000, 0x0000000745e00000, 0x0000000745e00000|100%| O|  |TAMS 0x0000000745e00000| PB 0x0000000745c00000| Untracked 
|  47|0x0000000745e00000, 0x0000000746000000, 0x0000000746000000|100%| O|  |TAMS 0x0000000746000000| PB 0x0000000745e00000| Untracked 
|  48|0x0000000746000000, 0x0000000746200000, 0x0000000746200000|100%| O|  |TAMS 0x0000000746200000| PB 0x0000000746000000| Untracked 
|  49|0x0000000746200000, 0x0000000746400000, 0x0000000746400000|100%| O|  |TAMS 0x0000000746400000| PB 0x0000000746200000| Untracked 
|  50|0x0000000746400000, 0x0000000746600000, 0x0000000746600000|100%| O|  |TAMS 0x0000000746600000| PB 0x0000000746400000| Untracked 
|  51|0x0000000746600000, 0x0000000746800000, 0x0000000746800000|100%| O|  |TAMS 0x0000000746800000| PB 0x0000000746600000| Untracked 
|  52|0x0000000746800000, 0x0000000746a00000, 0x0000000746a00000|100%| O|  |TAMS 0x0000000746a00000| PB 0x0000000746800000| Untracked 
|  53|0x0000000746a00000, 0x0000000746c00000, 0x0000000746c00000|100%| O|  |TAMS 0x0000000746c00000| PB 0x0000000746a00000| Untracked 
|  54|0x0000000746c00000, 0x0000000746e00000, 0x0000000746e00000|100%| O|  |TAMS 0x0000000746e00000| PB 0x0000000746c00000| Untracked 
|  55|0x0000000746e00000, 0x0000000747000000, 0x0000000747000000|100%| O|  |TAMS 0x0000000747000000| PB 0x0000000746e00000| Untracked 
|  56|0x0000000747000000, 0x0000000747200000, 0x0000000747200000|100%| O|  |TAMS 0x0000000747200000| PB 0x0000000747000000| Untracked 
|  57|0x0000000747200000, 0x0000000747400000, 0x0000000747400000|100%| O|  |TAMS 0x0000000747400000| PB 0x0000000747200000| Untracked 
|  58|0x0000000747400000, 0x0000000747600000, 0x0000000747600000|100%| O|  |TAMS 0x0000000747600000| PB 0x0000000747400000| Untracked 
|  59|0x0000000747600000, 0x0000000747800000, 0x0000000747800000|100%| O|  |TAMS 0x0000000747800000| PB 0x0000000747600000| Untracked 
|  60|0x0000000747800000, 0x0000000747a00000, 0x0000000747a00000|100%| O|  |TAMS 0x0000000747a00000| PB 0x0000000747800000| Untracked 
|  61|0x0000000747a00000, 0x0000000747c00000, 0x0000000747c00000|100%| O|  |TAMS 0x0000000747c00000| PB 0x0000000747a00000| Untracked 
|  62|0x0000000747c00000, 0x0000000747e00000, 0x0000000747e00000|100%| O|  |TAMS 0x0000000747e00000| PB 0x0000000747c00000| Untracked 
|  63|0x0000000747e00000, 0x0000000748000000, 0x0000000748000000|100%| O|  |TAMS 0x0000000748000000| PB 0x0000000747e00000| Untracked 
|  64|0x0000000748000000, 0x0000000748200000, 0x0000000748200000|100%| O|  |TAMS 0x0000000748200000| PB 0x0000000748000000| Untracked 
|  65|0x0000000748200000, 0x0000000748400000, 0x0000000748400000|100%| O|  |TAMS 0x0000000748400000| PB 0x0000000748200000| Untracked 
|  66|0x0000000748400000, 0x0000000748600000, 0x0000000748600000|100%| O|  |TAMS 0x0000000748600000| PB 0x0000000748400000| Untracked 
|  67|0x0000000748600000, 0x0000000748800000, 0x0000000748800000|100%| O|  |TAMS 0x0000000748800000| PB 0x0000000748600000| Untracked 
|  68|0x0000000748800000, 0x0000000748a00000, 0x0000000748a00000|100%| O|  |TAMS 0x0000000748a00000| PB 0x0000000748800000| Untracked 
|  69|0x0000000748a00000, 0x0000000748c00000, 0x0000000748c00000|100%| O|  |TAMS 0x0000000748c00000| PB 0x0000000748a00000| Untracked 
|  70|0x0000000748c00000, 0x0000000748e00000, 0x0000000748e00000|100%| O|  |TAMS 0x0000000748e00000| PB 0x0000000748c00000| Untracked 
|  71|0x0000000748e00000, 0x0000000749000000, 0x0000000749000000|100%| O|  |TAMS 0x0000000749000000| PB 0x0000000748e00000| Untracked 
|  72|0x0000000749000000, 0x0000000749000000, 0x0000000749200000|  0%| F|  |TAMS 0x0000000749000000| PB 0x0000000749000000| Untracked 
|  73|0x0000000749200000, 0x0000000749400000, 0x0000000749400000|100%| O|  |TAMS 0x0000000749400000| PB 0x0000000749200000| Untracked 
|  74|0x0000000749400000, 0x0000000749600000, 0x0000000749600000|100%| O|  |TAMS 0x0000000749600000| PB 0x0000000749400000| Untracked 
|  75|0x0000000749600000, 0x0000000749800000, 0x0000000749800000|100%| O|  |TAMS 0x0000000749800000| PB 0x0000000749600000| Untracked 
|  76|0x0000000749800000, 0x0000000749800000, 0x0000000749a00000|  0%| F|  |TAMS 0x0000000749800000| PB 0x0000000749800000| Untracked 
|  77|0x0000000749a00000, 0x0000000749c00000, 0x0000000749c00000|100%| O|  |TAMS 0x0000000749c00000| PB 0x0000000749a00000| Untracked 
|  78|0x0000000749c00000, 0x0000000749e00000, 0x0000000749e00000|100%| O|  |TAMS 0x0000000749e00000| PB 0x0000000749c00000| Untracked 
|  79|0x0000000749e00000, 0x000000074a000000, 0x000000074a000000|100%| O|  |TAMS 0x000000074a000000| PB 0x0000000749e00000| Untracked 
|  80|0x000000074a000000, 0x000000074a200000, 0x000000074a200000|100%| O|  |TAMS 0x000000074a200000| PB 0x000000074a000000| Untracked 
|  81|0x000000074a200000, 0x000000074a400000, 0x000000074a400000|100%| O|  |TAMS 0x000000074a400000| PB 0x000000074a200000| Untracked 
|  82|0x000000074a400000, 0x000000074a600000, 0x000000074a600000|100%| O|  |TAMS 0x000000074a600000| PB 0x000000074a400000| Untracked 
|  83|0x000000074a600000, 0x000000074a800000, 0x000000074a800000|100%| O|  |TAMS 0x000000074a800000| PB 0x000000074a600000| Untracked 
|  84|0x000000074a800000, 0x000000074aa00000, 0x000000074aa00000|100%| O|  |TAMS 0x000000074aa00000| PB 0x000000074a800000| Untracked 
|  85|0x000000074aa00000, 0x000000074ac00000, 0x000000074ac00000|100%| O|  |TAMS 0x000000074ac00000| PB 0x000000074aa00000| Untracked 
|  86|0x000000074ac00000, 0x000000074ae00000, 0x000000074ae00000|100%| O|  |TAMS 0x000000074ae00000| PB 0x000000074ac00000| Untracked 
|  87|0x000000074ae00000, 0x000000074b000000, 0x000000074b000000|100%| O|  |TAMS 0x000000074b000000| PB 0x000000074ae00000| Untracked 
|  88|0x000000074b000000, 0x000000074b200000, 0x000000074b200000|100%| O|  |TAMS 0x000000074b200000| PB 0x000000074b000000| Untracked 
|  89|0x000000074b200000, 0x000000074b400000, 0x000000074b400000|100%| O|  |TAMS 0x000000074b400000| PB 0x000000074b200000| Untracked 
|  90|0x000000074b400000, 0x000000074b600000, 0x000000074b600000|100%| O|  |TAMS 0x000000074b600000| PB 0x000000074b400000| Untracked 
|  91|0x000000074b600000, 0x000000074b800000, 0x000000074b800000|100%| O|  |TAMS 0x000000074b800000| PB 0x000000074b600000| Untracked 
|  92|0x000000074b800000, 0x000000074ba00000, 0x000000074ba00000|100%| O|  |TAMS 0x000000074ba00000| PB 0x000000074b800000| Untracked 
|  93|0x000000074ba00000, 0x000000074bc00000, 0x000000074bc00000|100%| O|  |TAMS 0x000000074bc00000| PB 0x000000074ba00000| Untracked 
|  94|0x000000074bc00000, 0x000000074be00000, 0x000000074be00000|100%| O|  |TAMS 0x000000074be00000| PB 0x000000074bc00000| Untracked 
|  95|0x000000074be00000, 0x000000074c000000, 0x000000074c000000|100%| O|  |TAMS 0x000000074c000000| PB 0x000000074be00000| Untracked 
|  96|0x000000074c000000, 0x000000074c200000, 0x000000074c200000|100%| O|  |TAMS 0x000000074c200000| PB 0x000000074c000000| Untracked 
|  97|0x000000074c200000, 0x000000074c200000, 0x000000074c400000|  0%| F|  |TAMS 0x000000074c200000| PB 0x000000074c200000| Untracked 
|  98|0x000000074c400000, 0x000000074c600000, 0x000000074c600000|100%| O|  |TAMS 0x000000074c600000| PB 0x000000074c400000| Untracked 
|  99|0x000000074c600000, 0x000000074c800000, 0x000000074c800000|100%| O|  |TAMS 0x000000074c800000| PB 0x000000074c600000| Untracked 
| 100|0x000000074c800000, 0x000000074ca00000, 0x000000074ca00000|100%| O|  |TAMS 0x000000074ca00000| PB 0x000000074c800000| Untracked 
| 101|0x000000074ca00000, 0x000000074cc00000, 0x000000074cc00000|100%| O|  |TAMS 0x000000074cc00000| PB 0x000000074ca00000| Untracked 
| 102|0x000000074cc00000, 0x000000074ce00000, 0x000000074ce00000|100%| O|  |TAMS 0x000000074ce00000| PB 0x000000074cc00000| Untracked 
| 103|0x000000074ce00000, 0x000000074d000000, 0x000000074d000000|100%| O|  |TAMS 0x000000074d000000| PB 0x000000074ce00000| Untracked 
| 104|0x000000074d000000, 0x000000074d200000, 0x000000074d200000|100%| O|  |TAMS 0x000000074d200000| PB 0x000000074d000000| Untracked 
| 105|0x000000074d200000, 0x000000074d200000, 0x000000074d400000|  0%| F|  |TAMS 0x000000074d200000| PB 0x000000074d200000| Untracked 
| 106|0x000000074d400000, 0x000000074d600000, 0x000000074d600000|100%| O|  |TAMS 0x000000074d600000| PB 0x000000074d400000| Untracked 
| 107|0x000000074d600000, 0x000000074d600000, 0x000000074d800000|  0%| F|  |TAMS 0x000000074d600000| PB 0x000000074d600000| Untracked 
| 108|0x000000074d800000, 0x000000074da00000, 0x000000074da00000|100%| O|  |TAMS 0x000000074da00000| PB 0x000000074d800000| Untracked 
| 109|0x000000074da00000, 0x000000074dc00000, 0x000000074dc00000|100%| O|  |TAMS 0x000000074dc00000| PB 0x000000074da00000| Untracked 
| 110|0x000000074dc00000, 0x000000074de00000, 0x000000074de00000|100%| O|  |TAMS 0x000000074de00000| PB 0x000000074dc00000| Untracked 
| 111|0x000000074de00000, 0x000000074e000000, 0x000000074e000000|100%| O|  |TAMS 0x000000074e000000| PB 0x000000074de00000| Untracked 
| 112|0x000000074e000000, 0x000000074e000000, 0x000000074e200000|  0%| F|  |TAMS 0x000000074e000000| PB 0x000000074e000000| Untracked 
| 113|0x000000074e200000, 0x000000074e400000, 0x000000074e400000|100%| O|  |TAMS 0x000000074e400000| PB 0x000000074e200000| Untracked 
| 114|0x000000074e400000, 0x000000074e600000, 0x000000074e600000|100%| O|  |TAMS 0x000000074e600000| PB 0x000000074e400000| Untracked 
| 115|0x000000074e600000, 0x000000074e800000, 0x000000074e800000|100%| O|  |TAMS 0x000000074e800000| PB 0x000000074e600000| Untracked 
| 116|0x000000074e800000, 0x000000074ea00000, 0x000000074ea00000|100%| O|  |TAMS 0x000000074ea00000| PB 0x000000074e800000| Untracked 
| 117|0x000000074ea00000, 0x000000074ea00000, 0x000000074ec00000|  0%| F|  |TAMS 0x000000074ea00000| PB 0x000000074ea00000| Untracked 
| 118|0x000000074ec00000, 0x000000074ee00000, 0x000000074ee00000|100%| O|  |TAMS 0x000000074ee00000| PB 0x000000074ec00000| Untracked 
| 119|0x000000074ee00000, 0x000000074ee00000, 0x000000074f000000|  0%| F|  |TAMS 0x000000074ee00000| PB 0x000000074ee00000| Untracked 
| 120|0x000000074f000000, 0x000000074f200000, 0x000000074f200000|100%| O|  |TAMS 0x000000074f200000| PB 0x000000074f000000| Untracked 
| 121|0x000000074f200000, 0x000000074f200000, 0x000000074f400000|  0%| F|  |TAMS 0x000000074f200000| PB 0x000000074f200000| Untracked 
| 122|0x000000074f400000, 0x000000074f400000, 0x000000074f600000|  0%| F|  |TAMS 0x000000074f400000| PB 0x000000074f400000| Untracked 
| 123|0x000000074f600000, 0x000000074f600000, 0x000000074f800000|  0%| F|  |TAMS 0x000000074f600000| PB 0x000000074f600000| Untracked 
| 124|0x000000074f800000, 0x000000074fa00000, 0x000000074fa00000|100%| O|  |TAMS 0x000000074fa00000| PB 0x000000074f800000| Untracked 
| 125|0x000000074fa00000, 0x000000074fc00000, 0x000000074fc00000|100%| O|  |TAMS 0x000000074fc00000| PB 0x000000074fa00000| Untracked 
| 126|0x000000074fc00000, 0x000000074fe00000, 0x000000074fe00000|100%| O|  |TAMS 0x000000074fe00000| PB 0x000000074fc00000| Untracked 
| 127|0x000000074fe00000, 0x0000000750000000, 0x0000000750000000|100%| O|  |TAMS 0x0000000750000000| PB 0x000000074fe00000| Untracked 
| 128|0x0000000750000000, 0x0000000750000000, 0x0000000750200000|  0%| F|  |TAMS 0x0000000750000000| PB 0x0000000750000000| Untracked 
| 129|0x0000000750200000, 0x0000000750400000, 0x0000000750400000|100%| O|  |TAMS 0x0000000750400000| PB 0x0000000750200000| Untracked 
| 130|0x0000000750400000, 0x0000000750400000, 0x0000000750600000|  0%| F|  |TAMS 0x0000000750400000| PB 0x0000000750400000| Untracked 
| 131|0x0000000750600000, 0x0000000750800000, 0x0000000750800000|100%| O|  |TAMS 0x0000000750800000| PB 0x0000000750600000| Untracked 
| 132|0x0000000750800000, 0x0000000750800000, 0x0000000750a00000|  0%| F|  |TAMS 0x0000000750800000| PB 0x0000000750800000| Untracked 
| 133|0x0000000750a00000, 0x0000000750c00000, 0x0000000750c00000|100%| O|  |TAMS 0x0000000750c00000| PB 0x0000000750a00000| Untracked 
| 134|0x0000000750c00000, 0x0000000750e00000, 0x0000000750e00000|100%| O|  |TAMS 0x0000000750e00000| PB 0x0000000750c00000| Untracked 
| 135|0x0000000750e00000, 0x0000000751000000, 0x0000000751000000|100%| O|  |TAMS 0x0000000751000000| PB 0x0000000750e00000| Untracked 
| 136|0x0000000751000000, 0x0000000751200000, 0x0000000751200000|100%| O|  |TAMS 0x0000000751200000| PB 0x0000000751000000| Untracked 
| 137|0x0000000751200000, 0x0000000751400000, 0x0000000751400000|100%| O|  |TAMS 0x0000000751400000| PB 0x0000000751200000| Untracked 
| 138|0x0000000751400000, 0x0000000751600000, 0x0000000751600000|100%| O|  |TAMS 0x0000000751600000| PB 0x0000000751400000| Untracked 
| 139|0x0000000751600000, 0x0000000751800000, 0x0000000751800000|100%| O|  |TAMS 0x0000000751800000| PB 0x0000000751600000| Untracked 
| 140|0x0000000751800000, 0x0000000751a00000, 0x0000000751a00000|100%| O|  |TAMS 0x0000000751a00000| PB 0x0000000751800000| Untracked 
| 141|0x0000000751a00000, 0x0000000751c00000, 0x0000000751c00000|100%| O|  |TAMS 0x0000000751c00000| PB 0x0000000751a00000| Untracked 
| 142|0x0000000751c00000, 0x0000000751e00000, 0x0000000751e00000|100%| O|  |TAMS 0x0000000751e00000| PB 0x0000000751c00000| Untracked 
| 143|0x0000000751e00000, 0x0000000752000000, 0x0000000752000000|100%| O|  |TAMS 0x0000000752000000| PB 0x0000000751e00000| Untracked 
| 144|0x0000000752000000, 0x0000000752200000, 0x0000000752200000|100%| O|  |TAMS 0x0000000752200000| PB 0x0000000752000000| Untracked 
| 145|0x0000000752200000, 0x0000000752400000, 0x0000000752400000|100%| O|  |TAMS 0x0000000752400000| PB 0x0000000752200000| Untracked 
| 146|0x0000000752400000, 0x0000000752600000, 0x0000000752600000|100%| O|  |TAMS 0x0000000752600000| PB 0x0000000752400000| Untracked 
| 147|0x0000000752600000, 0x0000000752800000, 0x0000000752800000|100%| O|  |TAMS 0x0000000752800000| PB 0x0000000752600000| Untracked 
| 148|0x0000000752800000, 0x0000000752a00000, 0x0000000752a00000|100%| O|  |TAMS 0x0000000752a00000| PB 0x0000000752800000| Untracked 
| 149|0x0000000752a00000, 0x0000000752a00000, 0x0000000752c00000|  0%| F|  |TAMS 0x0000000752a00000| PB 0x0000000752a00000| Untracked 
| 150|0x0000000752c00000, 0x0000000752d12200, 0x0000000752e00000| 53%| O|  |TAMS 0x0000000752d12200| PB 0x0000000752c00000| Untracked 
| 151|0x0000000752e00000, 0x0000000753000000, 0x0000000753000000|100%| O|  |TAMS 0x0000000753000000| PB 0x0000000752e00000| Untracked 
| 152|0x0000000753000000, 0x0000000753000000, 0x0000000753200000|  0%| F|  |TAMS 0x0000000753000000| PB 0x0000000753000000| Untracked 
| 153|0x0000000753200000, 0x0000000753400000, 0x0000000753400000|100%| O|  |TAMS 0x0000000753400000| PB 0x0000000753200000| Untracked 
| 154|0x0000000753400000, 0x0000000753400000, 0x0000000753600000|  0%| F|  |TAMS 0x0000000753400000| PB 0x0000000753400000| Untracked 
| 155|0x0000000753600000, 0x0000000753800000, 0x0000000753800000|100%| O|  |TAMS 0x0000000753800000| PB 0x0000000753600000| Untracked 
| 156|0x0000000753800000, 0x0000000753800000, 0x0000000753a00000|  0%| F|  |TAMS 0x0000000753800000| PB 0x0000000753800000| Untracked 
| 157|0x0000000753a00000, 0x0000000753c00000, 0x0000000753c00000|100%| O|  |TAMS 0x0000000753c00000| PB 0x0000000753a00000| Untracked 
| 158|0x0000000753c00000, 0x0000000753e00000, 0x0000000753e00000|100%| O|  |TAMS 0x0000000753e00000| PB 0x0000000753c00000| Untracked 
| 159|0x0000000753e00000, 0x0000000754000000, 0x0000000754000000|100%| O|  |TAMS 0x0000000754000000| PB 0x0000000753e00000| Untracked 
| 160|0x0000000754000000, 0x0000000754200000, 0x0000000754200000|100%| O|  |TAMS 0x0000000754200000| PB 0x0000000754000000| Untracked 
| 161|0x0000000754200000, 0x0000000754400000, 0x0000000754400000|100%| O|  |TAMS 0x0000000754400000| PB 0x0000000754200000| Untracked 
| 162|0x0000000754400000, 0x0000000754600000, 0x0000000754600000|100%| O|  |TAMS 0x0000000754600000| PB 0x0000000754400000| Untracked 
| 163|0x0000000754600000, 0x0000000754800000, 0x0000000754800000|100%| O|  |TAMS 0x0000000754800000| PB 0x0000000754600000| Untracked 
| 164|0x0000000754800000, 0x0000000754a00000, 0x0000000754a00000|100%| O|  |TAMS 0x0000000754a00000| PB 0x0000000754800000| Untracked 
| 165|0x0000000754a00000, 0x0000000754a00000, 0x0000000754c00000|  0%| F|  |TAMS 0x0000000754a00000| PB 0x0000000754a00000| Untracked 
| 166|0x0000000754c00000, 0x0000000754c00000, 0x0000000754e00000|  0%| F|  |TAMS 0x0000000754c00000| PB 0x0000000754c00000| Untracked 
| 167|0x0000000754e00000, 0x0000000755000000, 0x0000000755000000|100%|HS|  |TAMS 0x0000000755000000| PB 0x0000000754e00000| Complete 
| 168|0x0000000755000000, 0x0000000755200000, 0x0000000755200000|100%|HS|  |TAMS 0x0000000755200000| PB 0x0000000755000000| Complete 
| 169|0x0000000755200000, 0x0000000755400000, 0x0000000755400000|100%| O|  |TAMS 0x0000000755400000| PB 0x0000000755200000| Untracked 
| 170|0x0000000755400000, 0x0000000755600000, 0x0000000755600000|100%| O|  |TAMS 0x0000000755600000| PB 0x0000000755400000| Untracked 
| 171|0x0000000755600000, 0x0000000755800000, 0x0000000755800000|100%|HS|  |TAMS 0x0000000755800000| PB 0x0000000755600000| Complete 
| 172|0x0000000755800000, 0x0000000755a00000, 0x0000000755a00000|100%| O|  |TAMS 0x0000000755a00000| PB 0x0000000755800000| Untracked 
| 173|0x0000000755a00000, 0x0000000755c00000, 0x0000000755c00000|100%| O|  |TAMS 0x0000000755c00000| PB 0x0000000755a00000| Untracked 
| 174|0x0000000755c00000, 0x0000000755e00000, 0x0000000755e00000|100%| O|  |TAMS 0x0000000755e00000| PB 0x0000000755c00000| Untracked 
| 175|0x0000000755e00000, 0x0000000756000000, 0x0000000756000000|100%| O|  |TAMS 0x0000000756000000| PB 0x0000000755e00000| Untracked 
| 176|0x0000000756000000, 0x0000000756200000, 0x0000000756200000|100%| O|  |TAMS 0x0000000756200000| PB 0x0000000756000000| Untracked 
| 177|0x0000000756200000, 0x0000000756200000, 0x0000000756400000|  0%| F|  |TAMS 0x0000000756200000| PB 0x0000000756200000| Untracked 
| 178|0x0000000756400000, 0x0000000756600000, 0x0000000756600000|100%| O|  |TAMS 0x0000000756600000| PB 0x0000000756400000| Untracked 
| 179|0x0000000756600000, 0x0000000756600000, 0x0000000756800000|  0%| F|  |TAMS 0x0000000756600000| PB 0x0000000756600000| Untracked 
| 180|0x0000000756800000, 0x0000000756800000, 0x0000000756a00000|  0%| F|  |TAMS 0x0000000756800000| PB 0x0000000756800000| Untracked 
| 181|0x0000000756a00000, 0x0000000756c00000, 0x0000000756c00000|100%| O|  |TAMS 0x0000000756c00000| PB 0x0000000756a00000| Untracked 
| 182|0x0000000756c00000, 0x0000000756e00000, 0x0000000756e00000|100%| O|  |TAMS 0x0000000756e00000| PB 0x0000000756c00000| Untracked 
| 183|0x0000000756e00000, 0x0000000757000000, 0x0000000757000000|100%| O|  |TAMS 0x0000000757000000| PB 0x0000000756e00000| Untracked 
| 184|0x0000000757000000, 0x0000000757200000, 0x0000000757200000|100%| O|  |TAMS 0x0000000757200000| PB 0x0000000757000000| Untracked 
| 185|0x0000000757200000, 0x0000000757400000, 0x0000000757400000|100%| O|  |TAMS 0x0000000757400000| PB 0x0000000757200000| Untracked 
| 186|0x0000000757400000, 0x0000000757600000, 0x0000000757600000|100%| O|  |TAMS 0x0000000757600000| PB 0x0000000757400000| Untracked 
| 187|0x0000000757600000, 0x0000000757800000, 0x0000000757800000|100%| O|  |TAMS 0x0000000757800000| PB 0x0000000757600000| Untracked 
| 188|0x0000000757800000, 0x0000000757a00000, 0x0000000757a00000|100%| O|  |TAMS 0x0000000757a00000| PB 0x0000000757800000| Untracked 
| 189|0x0000000757a00000, 0x0000000757c00000, 0x0000000757c00000|100%| O|  |TAMS 0x0000000757c00000| PB 0x0000000757a00000| Untracked 
| 190|0x0000000757c00000, 0x0000000757e00000, 0x0000000757e00000|100%| O|  |TAMS 0x0000000757e00000| PB 0x0000000757c00000| Untracked 
| 191|0x0000000757e00000, 0x0000000758000000, 0x0000000758000000|100%| O|  |TAMS 0x0000000758000000| PB 0x0000000757e00000| Untracked 
| 192|0x0000000758000000, 0x0000000758200000, 0x0000000758200000|100%| O|  |TAMS 0x0000000758200000| PB 0x0000000758000000| Untracked 
| 193|0x0000000758200000, 0x0000000758400000, 0x0000000758400000|100%| O|  |TAMS 0x0000000758400000| PB 0x0000000758200000| Untracked 
| 194|0x0000000758400000, 0x0000000758600000, 0x0000000758600000|100%| O|  |TAMS 0x0000000758600000| PB 0x0000000758400000| Untracked 
| 195|0x0000000758600000, 0x0000000758800000, 0x0000000758800000|100%| O|  |TAMS 0x0000000758800000| PB 0x0000000758600000| Untracked 
| 196|0x0000000758800000, 0x0000000758800000, 0x0000000758a00000|  0%| F|  |TAMS 0x0000000758800000| PB 0x0000000758800000| Untracked 
| 197|0x0000000758a00000, 0x0000000758a00000, 0x0000000758c00000|  0%| F|  |TAMS 0x0000000758a00000| PB 0x0000000758a00000| Untracked 
| 198|0x0000000758c00000, 0x0000000758c00000, 0x0000000758e00000|  0%| F|  |TAMS 0x0000000758c00000| PB 0x0000000758c00000| Untracked 
| 199|0x0000000758e00000, 0x0000000759000000, 0x0000000759000000|100%| O|  |TAMS 0x0000000759000000| PB 0x0000000758e00000| Untracked 
| 200|0x0000000759000000, 0x0000000759200000, 0x0000000759200000|100%| O|  |TAMS 0x0000000759200000| PB 0x0000000759000000| Untracked 
| 201|0x0000000759200000, 0x0000000759200000, 0x0000000759400000|  0%| F|  |TAMS 0x0000000759200000| PB 0x0000000759200000| Untracked 
| 202|0x0000000759400000, 0x0000000759600000, 0x0000000759600000|100%| O|  |TAMS 0x0000000759600000| PB 0x0000000759400000| Untracked 
| 203|0x0000000759600000, 0x0000000759600000, 0x0000000759800000|  0%| F|  |TAMS 0x0000000759600000| PB 0x0000000759600000| Untracked 
| 204|0x0000000759800000, 0x0000000759800000, 0x0000000759a00000|  0%| F|  |TAMS 0x0000000759800000| PB 0x0000000759800000| Untracked 
| 205|0x0000000759a00000, 0x0000000759c00000, 0x0000000759c00000|100%| O|  |TAMS 0x0000000759c00000| PB 0x0000000759a00000| Untracked 
| 206|0x0000000759c00000, 0x0000000759c00000, 0x0000000759e00000|  0%| F|  |TAMS 0x0000000759c00000| PB 0x0000000759c00000| Untracked 
| 207|0x0000000759e00000, 0x000000075a000000, 0x000000075a000000|100%| O|  |TAMS 0x000000075a000000| PB 0x0000000759e00000| Untracked 
| 208|0x000000075a000000, 0x000000075a200000, 0x000000075a200000|100%| O|  |TAMS 0x000000075a200000| PB 0x000000075a000000| Untracked 
| 209|0x000000075a200000, 0x000000075a400000, 0x000000075a400000|100%| O|  |TAMS 0x000000075a400000| PB 0x000000075a200000| Untracked 
| 210|0x000000075a400000, 0x000000075a600000, 0x000000075a600000|100%| O|  |TAMS 0x000000075a600000| PB 0x000000075a400000| Untracked 
| 211|0x000000075a600000, 0x000000075a800000, 0x000000075a800000|100%| O|  |TAMS 0x000000075a800000| PB 0x000000075a600000| Untracked 
| 212|0x000000075a800000, 0x000000075aa00000, 0x000000075aa00000|100%| O|  |TAMS 0x000000075aa00000| PB 0x000000075a800000| Untracked 
| 213|0x000000075aa00000, 0x000000075aa00000, 0x000000075ac00000|  0%| F|  |TAMS 0x000000075aa00000| PB 0x000000075aa00000| Untracked 
| 214|0x000000075ac00000, 0x000000075ae00000, 0x000000075ae00000|100%| O|  |TAMS 0x000000075ae00000| PB 0x000000075ac00000| Untracked 
| 215|0x000000075ae00000, 0x000000075b000000, 0x000000075b000000|100%| O|  |TAMS 0x000000075b000000| PB 0x000000075ae00000| Untracked 
| 216|0x000000075b000000, 0x000000075b200000, 0x000000075b200000|100%| O|  |TAMS 0x000000075b200000| PB 0x000000075b000000| Untracked 
| 217|0x000000075b200000, 0x000000075b400000, 0x000000075b400000|100%| O|  |TAMS 0x000000075b400000| PB 0x000000075b200000| Untracked 
| 218|0x000000075b400000, 0x000000075b600000, 0x000000075b600000|100%|HS|  |TAMS 0x000000075b600000| PB 0x000000075b400000| Complete 
| 219|0x000000075b600000, 0x000000075b800000, 0x000000075b800000|100%|HC|  |TAMS 0x000000075b800000| PB 0x000000075b600000| Complete 
| 220|0x000000075b800000, 0x000000075ba00000, 0x000000075ba00000|100%|HC|  |TAMS 0x000000075ba00000| PB 0x000000075b800000| Complete 
| 221|0x000000075ba00000, 0x000000075bc00000, 0x000000075bc00000|100%|HC|  |TAMS 0x000000075bc00000| PB 0x000000075ba00000| Complete 
| 222|0x000000075bc00000, 0x000000075be00000, 0x000000075be00000|100%| O|  |TAMS 0x000000075be00000| PB 0x000000075bc00000| Untracked 
| 223|0x000000075be00000, 0x000000075c000000, 0x000000075c000000|100%| O|  |TAMS 0x000000075c000000| PB 0x000000075be00000| Untracked 
| 224|0x000000075c000000, 0x000000075c200000, 0x000000075c200000|100%| O|  |TAMS 0x000000075c200000| PB 0x000000075c000000| Untracked 
| 225|0x000000075c200000, 0x000000075c200000, 0x000000075c400000|  0%| F|  |TAMS 0x000000075c200000| PB 0x000000075c200000| Untracked 
| 226|0x000000075c400000, 0x000000075c400000, 0x000000075c600000|  0%| F|  |TAMS 0x000000075c400000| PB 0x000000075c400000| Untracked 
| 227|0x000000075c600000, 0x000000075c600000, 0x000000075c800000|  0%| F|  |TAMS 0x000000075c600000| PB 0x000000075c600000| Untracked 
| 228|0x000000075c800000, 0x000000075c800000, 0x000000075ca00000|  0%| F|  |TAMS 0x000000075c800000| PB 0x000000075c800000| Untracked 
| 229|0x000000075ca00000, 0x000000075cc00000, 0x000000075cc00000|100%| O|  |TAMS 0x000000075cc00000| PB 0x000000075ca00000| Untracked 
| 230|0x000000075cc00000, 0x000000075ce00000, 0x000000075ce00000|100%| O|  |TAMS 0x000000075ce00000| PB 0x000000075cc00000| Untracked 
| 231|0x000000075ce00000, 0x000000075d000000, 0x000000075d000000|100%| O|  |TAMS 0x000000075d000000| PB 0x000000075ce00000| Untracked 
| 232|0x000000075d000000, 0x000000075d200000, 0x000000075d200000|100%| O|  |TAMS 0x000000075d200000| PB 0x000000075d000000| Untracked 
| 233|0x000000075d200000, 0x000000075d400000, 0x000000075d400000|100%| O|  |TAMS 0x000000075d400000| PB 0x000000075d200000| Untracked 
| 234|0x000000075d400000, 0x000000075d600000, 0x000000075d600000|100%| O|  |TAMS 0x000000075d600000| PB 0x000000075d400000| Untracked 
| 235|0x000000075d600000, 0x000000075d800000, 0x000000075d800000|100%| O|  |TAMS 0x000000075d800000| PB 0x000000075d600000| Untracked 
| 236|0x000000075d800000, 0x000000075da00000, 0x000000075da00000|100%| O|  |TAMS 0x000000075da00000| PB 0x000000075d800000| Untracked 
| 237|0x000000075da00000, 0x000000075dc00000, 0x000000075dc00000|100%| O|  |TAMS 0x000000075dc00000| PB 0x000000075da00000| Untracked 
| 238|0x000000075dc00000, 0x000000075de00000, 0x000000075de00000|100%| O|  |TAMS 0x000000075de00000| PB 0x000000075dc00000| Untracked 
| 239|0x000000075de00000, 0x000000075e000000, 0x000000075e000000|100%| O|  |TAMS 0x000000075e000000| PB 0x000000075de00000| Untracked 
| 240|0x000000075e000000, 0x000000075e200000, 0x000000075e200000|100%| O|  |TAMS 0x000000075e200000| PB 0x000000075e000000| Untracked 
| 241|0x000000075e200000, 0x000000075e400000, 0x000000075e400000|100%| O|  |TAMS 0x000000075e400000| PB 0x000000075e200000| Untracked 
| 242|0x000000075e400000, 0x000000075e600000, 0x000000075e600000|100%| O|  |TAMS 0x000000075e600000| PB 0x000000075e400000| Untracked 
| 243|0x000000075e600000, 0x000000075e800000, 0x000000075e800000|100%| O|  |TAMS 0x000000075e800000| PB 0x000000075e600000| Untracked 
| 244|0x000000075e800000, 0x000000075ea00000, 0x000000075ea00000|100%| O|  |TAMS 0x000000075ea00000| PB 0x000000075e800000| Untracked 
| 245|0x000000075ea00000, 0x000000075ec00000, 0x000000075ec00000|100%| O|  |TAMS 0x000000075ec00000| PB 0x000000075ea00000| Untracked 
| 246|0x000000075ec00000, 0x000000075ee00000, 0x000000075ee00000|100%| O|  |TAMS 0x000000075ee00000| PB 0x000000075ec00000| Untracked 
| 247|0x000000075ee00000, 0x000000075f000000, 0x000000075f000000|100%| O|  |TAMS 0x000000075f000000| PB 0x000000075ee00000| Untracked 
| 248|0x000000075f000000, 0x000000075f000000, 0x000000075f200000|  0%| F|  |TAMS 0x000000075f000000| PB 0x000000075f000000| Untracked 
| 249|0x000000075f200000, 0x000000075f200000, 0x000000075f400000|  0%| F|  |TAMS 0x000000075f200000| PB 0x000000075f200000| Untracked 
| 250|0x000000075f400000, 0x000000075f600000, 0x000000075f600000|100%| O|  |TAMS 0x000000075f600000| PB 0x000000075f400000| Untracked 
| 251|0x000000075f600000, 0x000000075f800000, 0x000000075f800000|100%| O|  |TAMS 0x000000075f800000| PB 0x000000075f600000| Untracked 
| 252|0x000000075f800000, 0x000000075fa00000, 0x000000075fa00000|100%| O|  |TAMS 0x000000075fa00000| PB 0x000000075f800000| Untracked 
| 253|0x000000075fa00000, 0x000000075fc00000, 0x000000075fc00000|100%| O|  |TAMS 0x000000075fc00000| PB 0x000000075fa00000| Untracked 
| 254|0x000000075fc00000, 0x000000075fe00000, 0x000000075fe00000|100%| O|  |TAMS 0x000000075fe00000| PB 0x000000075fc00000| Untracked 
| 255|0x000000075fe00000, 0x0000000760000000, 0x0000000760000000|100%| O|  |TAMS 0x0000000760000000| PB 0x000000075fe00000| Untracked 
| 256|0x0000000760000000, 0x0000000760200000, 0x0000000760200000|100%| O|  |TAMS 0x0000000760200000| PB 0x0000000760000000| Untracked 
| 257|0x0000000760200000, 0x0000000760400000, 0x0000000760400000|100%| O|  |TAMS 0x0000000760400000| PB 0x0000000760200000| Untracked 
| 258|0x0000000760400000, 0x0000000760600000, 0x0000000760600000|100%| O|  |TAMS 0x0000000760600000| PB 0x0000000760400000| Untracked 
| 259|0x0000000760600000, 0x0000000760800000, 0x0000000760800000|100%| O|  |TAMS 0x0000000760800000| PB 0x0000000760600000| Untracked 
| 260|0x0000000760800000, 0x0000000760a00000, 0x0000000760a00000|100%| O|  |TAMS 0x0000000760a00000| PB 0x0000000760800000| Untracked 
| 261|0x0000000760a00000, 0x0000000760c00000, 0x0000000760c00000|100%| O|  |TAMS 0x0000000760c00000| PB 0x0000000760a00000| Untracked 
| 262|0x0000000760c00000, 0x0000000760e00000, 0x0000000760e00000|100%| O|  |TAMS 0x0000000760e00000| PB 0x0000000760c00000| Untracked 
| 263|0x0000000760e00000, 0x0000000761000000, 0x0000000761000000|100%| O|  |TAMS 0x0000000761000000| PB 0x0000000760e00000| Untracked 
| 264|0x0000000761000000, 0x0000000761200000, 0x0000000761200000|100%| O|  |TAMS 0x0000000761200000| PB 0x0000000761000000| Untracked 
| 265|0x0000000761200000, 0x0000000761400000, 0x0000000761400000|100%| O|  |TAMS 0x0000000761400000| PB 0x0000000761200000| Untracked 
| 266|0x0000000761400000, 0x0000000761600000, 0x0000000761600000|100%| O|  |TAMS 0x0000000761600000| PB 0x0000000761400000| Untracked 
| 267|0x0000000761600000, 0x0000000761800000, 0x0000000761800000|100%| O|  |TAMS 0x0000000761800000| PB 0x0000000761600000| Untracked 
| 268|0x0000000761800000, 0x0000000761a00000, 0x0000000761a00000|100%| O|  |TAMS 0x0000000761a00000| PB 0x0000000761800000| Untracked 
| 269|0x0000000761a00000, 0x0000000761c00000, 0x0000000761c00000|100%| O|  |TAMS 0x0000000761c00000| PB 0x0000000761a00000| Untracked 
| 270|0x0000000761c00000, 0x0000000761c00000, 0x0000000761e00000|  0%| F|  |TAMS 0x0000000761c00000| PB 0x0000000761c00000| Untracked 
| 271|0x0000000761e00000, 0x0000000761e00000, 0x0000000762000000|  0%| F|  |TAMS 0x0000000761e00000| PB 0x0000000761e00000| Untracked 
| 272|0x0000000762000000, 0x0000000762200000, 0x0000000762200000|100%|HS|  |TAMS 0x0000000762200000| PB 0x0000000762000000| Complete 
| 273|0x0000000762200000, 0x0000000762400000, 0x0000000762400000|100%|HS|  |TAMS 0x0000000762400000| PB 0x0000000762200000| Complete 
| 274|0x0000000762400000, 0x0000000762600000, 0x0000000762600000|100%|HS|  |TAMS 0x0000000762600000| PB 0x0000000762400000| Complete 
| 275|0x0000000762600000, 0x0000000762800000, 0x0000000762800000|100%| O|  |TAMS 0x0000000762800000| PB 0x0000000762600000| Untracked 
| 276|0x0000000762800000, 0x0000000762a00000, 0x0000000762a00000|100%| O|  |TAMS 0x0000000762a00000| PB 0x0000000762800000| Untracked 
| 277|0x0000000762a00000, 0x0000000762c00000, 0x0000000762c00000|100%| O|  |TAMS 0x0000000762c00000| PB 0x0000000762a00000| Untracked 
| 278|0x0000000762c00000, 0x0000000762e00000, 0x0000000762e00000|100%| O|  |TAMS 0x0000000762e00000| PB 0x0000000762c00000| Untracked 
| 279|0x0000000762e00000, 0x0000000763000000, 0x0000000763000000|100%| O|  |TAMS 0x0000000763000000| PB 0x0000000762e00000| Untracked 
| 280|0x0000000763000000, 0x0000000763000000, 0x0000000763200000|  0%| F|  |TAMS 0x0000000763000000| PB 0x0000000763000000| Untracked 
| 281|0x0000000763200000, 0x0000000763400000, 0x0000000763400000|100%| O|  |TAMS 0x0000000763400000| PB 0x0000000763200000| Untracked 
| 282|0x0000000763400000, 0x0000000763600000, 0x0000000763600000|100%| O|  |TAMS 0x0000000763600000| PB 0x0000000763400000| Untracked 
| 283|0x0000000763600000, 0x0000000763800000, 0x0000000763800000|100%| O|  |TAMS 0x0000000763800000| PB 0x0000000763600000| Untracked 
| 284|0x0000000763800000, 0x0000000763a00000, 0x0000000763a00000|100%| O|  |TAMS 0x0000000763a00000| PB 0x0000000763800000| Untracked 
| 285|0x0000000763a00000, 0x0000000763c00000, 0x0000000763c00000|100%| O|  |TAMS 0x0000000763c00000| PB 0x0000000763a00000| Untracked 
| 286|0x0000000763c00000, 0x0000000763c00000, 0x0000000763e00000|  0%| F|  |TAMS 0x0000000763c00000| PB 0x0000000763c00000| Untracked 
| 287|0x0000000763e00000, 0x0000000763e00000, 0x0000000764000000|  0%| F|  |TAMS 0x0000000763e00000| PB 0x0000000763e00000| Untracked 
| 288|0x0000000764000000, 0x0000000764000000, 0x0000000764200000|  0%| F|  |TAMS 0x0000000764000000| PB 0x0000000764000000| Untracked 
| 289|0x0000000764200000, 0x0000000764200000, 0x0000000764400000|  0%| F|  |TAMS 0x0000000764200000| PB 0x0000000764200000| Untracked 
| 290|0x0000000764400000, 0x0000000764400000, 0x0000000764600000|  0%| F|  |TAMS 0x0000000764400000| PB 0x0000000764400000| Untracked 
| 291|0x0000000764600000, 0x00000007647eb870, 0x0000000764800000| 96%| S|CS|TAMS 0x0000000764600000| PB 0x0000000764600000| Complete 
| 292|0x0000000764800000, 0x0000000764a00000, 0x0000000764a00000|100%| O|  |TAMS 0x0000000764a00000| PB 0x0000000764800000| Untracked 
| 293|0x0000000764a00000, 0x0000000764c00000, 0x0000000764c00000|100%| O|  |TAMS 0x0000000764c00000| PB 0x0000000764a00000| Untracked 
| 294|0x0000000764c00000, 0x0000000764e00000, 0x0000000764e00000|100%| O|  |TAMS 0x0000000764e00000| PB 0x0000000764c00000| Untracked 
| 295|0x0000000764e00000, 0x0000000765000000, 0x0000000765000000|100%| S|CS|TAMS 0x0000000764e00000| PB 0x0000000764e00000| Complete 
| 296|0x0000000765000000, 0x0000000765200000, 0x0000000765200000|100%| S|CS|TAMS 0x0000000765000000| PB 0x0000000765000000| Complete 
| 297|0x0000000765200000, 0x0000000765400000, 0x0000000765400000|100%| S|CS|TAMS 0x0000000765200000| PB 0x0000000765200000| Complete 
| 298|0x0000000765400000, 0x0000000765600000, 0x0000000765600000|100%| S|CS|TAMS 0x0000000765400000| PB 0x0000000765400000| Complete 
| 299|0x0000000765600000, 0x0000000765800000, 0x0000000765800000|100%| S|CS|TAMS 0x0000000765600000| PB 0x0000000765600000| Complete 
| 300|0x0000000765800000, 0x0000000765a00000, 0x0000000765a00000|100%| S|CS|TAMS 0x0000000765800000| PB 0x0000000765800000| Complete 
| 301|0x0000000765a00000, 0x0000000765c00000, 0x0000000765c00000|100%| S|CS|TAMS 0x0000000765a00000| PB 0x0000000765a00000| Complete 
| 302|0x0000000765c00000, 0x0000000765e00000, 0x0000000765e00000|100%| S|CS|TAMS 0x0000000765c00000| PB 0x0000000765c00000| Complete 
| 303|0x0000000765e00000, 0x0000000766000000, 0x0000000766000000|100%| S|CS|TAMS 0x0000000765e00000| PB 0x0000000765e00000| Complete 
| 304|0x0000000766000000, 0x0000000766200000, 0x0000000766200000|100%| S|CS|TAMS 0x0000000766000000| PB 0x0000000766000000| Complete 
| 305|0x0000000766200000, 0x0000000766400000, 0x0000000766400000|100%| S|CS|TAMS 0x0000000766200000| PB 0x0000000766200000| Complete 
| 306|0x0000000766400000, 0x0000000766600000, 0x0000000766600000|100%| S|CS|TAMS 0x0000000766400000| PB 0x0000000766400000| Complete 
| 307|0x0000000766600000, 0x0000000766800000, 0x0000000766800000|100%| S|CS|TAMS 0x0000000766600000| PB 0x0000000766600000| Complete 
| 308|0x0000000766800000, 0x0000000766a00000, 0x0000000766a00000|100%| S|CS|TAMS 0x0000000766800000| PB 0x0000000766800000| Complete 
| 309|0x0000000766a00000, 0x0000000766c00000, 0x0000000766c00000|100%| S|CS|TAMS 0x0000000766a00000| PB 0x0000000766a00000| Complete 
| 310|0x0000000766c00000, 0x0000000766e00000, 0x0000000766e00000|100%| S|CS|TAMS 0x0000000766c00000| PB 0x0000000766c00000| Complete 
| 311|0x0000000766e00000, 0x0000000767000000, 0x0000000767000000|100%| S|CS|TAMS 0x0000000766e00000| PB 0x0000000766e00000| Complete 
| 312|0x0000000767000000, 0x0000000767200000, 0x0000000767200000|100%| S|CS|TAMS 0x0000000767000000| PB 0x0000000767000000| Complete 
| 313|0x0000000767200000, 0x0000000767400000, 0x0000000767400000|100%| S|CS|TAMS 0x0000000767200000| PB 0x0000000767200000| Complete 
| 314|0x0000000767400000, 0x0000000767600000, 0x0000000767600000|100%| S|CS|TAMS 0x0000000767400000| PB 0x0000000767400000| Complete 
| 315|0x0000000767600000, 0x0000000767600000, 0x0000000767800000|  0%| F|  |TAMS 0x0000000767600000| PB 0x0000000767600000| Untracked 
| 316|0x0000000767800000, 0x0000000767800000, 0x0000000767a00000|  0%| F|  |TAMS 0x0000000767800000| PB 0x0000000767800000| Untracked 
| 317|0x0000000767a00000, 0x0000000767a00000, 0x0000000767c00000|  0%| F|  |TAMS 0x0000000767a00000| PB 0x0000000767a00000| Untracked 
| 318|0x0000000767c00000, 0x0000000767c00000, 0x0000000767e00000|  0%| F|  |TAMS 0x0000000767c00000| PB 0x0000000767c00000| Untracked 
| 319|0x0000000767e00000, 0x0000000767e00000, 0x0000000768000000|  0%| F|  |TAMS 0x0000000767e00000| PB 0x0000000767e00000| Untracked 
| 320|0x0000000768000000, 0x0000000768000000, 0x0000000768200000|  0%| F|  |TAMS 0x0000000768000000| PB 0x0000000768000000| Untracked 
| 321|0x0000000768200000, 0x0000000768200000, 0x0000000768400000|  0%| F|  |TAMS 0x0000000768200000| PB 0x0000000768200000| Untracked 
| 322|0x0000000768400000, 0x0000000768600000, 0x0000000768600000|100%| S|CS|TAMS 0x0000000768400000| PB 0x0000000768400000| Complete 
| 323|0x0000000768600000, 0x0000000768800000, 0x0000000768800000|100%| S|CS|TAMS 0x0000000768600000| PB 0x0000000768600000| Complete 
| 324|0x0000000768800000, 0x0000000768a00000, 0x0000000768a00000|100%| S|CS|TAMS 0x0000000768800000| PB 0x0000000768800000| Complete 
| 325|0x0000000768a00000, 0x0000000768c00000, 0x0000000768c00000|100%| S|CS|TAMS 0x0000000768a00000| PB 0x0000000768a00000| Complete 
| 326|0x0000000768c00000, 0x0000000768e00000, 0x0000000768e00000|100%| S|CS|TAMS 0x0000000768c00000| PB 0x0000000768c00000| Complete 
| 327|0x0000000768e00000, 0x0000000768e00000, 0x0000000769000000|  0%| F|  |TAMS 0x0000000768e00000| PB 0x0000000768e00000| Untracked 
| 328|0x0000000769000000, 0x0000000769000000, 0x0000000769200000|  0%| F|  |TAMS 0x0000000769000000| PB 0x0000000769000000| Untracked 
| 329|0x0000000769200000, 0x0000000769200000, 0x0000000769400000|  0%| F|  |TAMS 0x0000000769200000| PB 0x0000000769200000| Untracked 
| 330|0x0000000769400000, 0x0000000769400000, 0x0000000769600000|  0%| F|  |TAMS 0x0000000769400000| PB 0x0000000769400000| Untracked 
| 331|0x0000000769600000, 0x0000000769600000, 0x0000000769800000|  0%| F|  |TAMS 0x0000000769600000| PB 0x0000000769600000| Untracked 
| 332|0x0000000769800000, 0x0000000769800000, 0x0000000769a00000|  0%| F|  |TAMS 0x0000000769800000| PB 0x0000000769800000| Untracked 
| 333|0x0000000769a00000, 0x0000000769a00000, 0x0000000769c00000|  0%| F|  |TAMS 0x0000000769a00000| PB 0x0000000769a00000| Untracked 
| 334|0x0000000769c00000, 0x0000000769c00000, 0x0000000769e00000|  0%| F|  |TAMS 0x0000000769c00000| PB 0x0000000769c00000| Untracked 
| 335|0x0000000769e00000, 0x0000000769e00000, 0x000000076a000000|  0%| F|  |TAMS 0x0000000769e00000| PB 0x0000000769e00000| Untracked 
| 336|0x000000076a000000, 0x000000076a000000, 0x000000076a200000|  0%| F|  |TAMS 0x000000076a000000| PB 0x000000076a000000| Untracked 
| 337|0x000000076a200000, 0x000000076a200000, 0x000000076a400000|  0%| F|  |TAMS 0x000000076a200000| PB 0x000000076a200000| Untracked 
| 338|0x000000076a400000, 0x000000076a400000, 0x000000076a600000|  0%| F|  |TAMS 0x000000076a400000| PB 0x000000076a400000| Untracked 
| 339|0x000000076a600000, 0x000000076a600000, 0x000000076a800000|  0%| F|  |TAMS 0x000000076a600000| PB 0x000000076a600000| Untracked 
| 340|0x000000076a800000, 0x000000076a800000, 0x000000076aa00000|  0%| F|  |TAMS 0x000000076a800000| PB 0x000000076a800000| Untracked 
| 341|0x000000076aa00000, 0x000000076aa00000, 0x000000076ac00000|  0%| F|  |TAMS 0x000000076aa00000| PB 0x000000076aa00000| Untracked 
| 342|0x000000076ac00000, 0x000000076ac00000, 0x000000076ae00000|  0%| F|  |TAMS 0x000000076ac00000| PB 0x000000076ac00000| Untracked 
| 343|0x000000076ae00000, 0x000000076ae00000, 0x000000076b000000|  0%| F|  |TAMS 0x000000076ae00000| PB 0x000000076ae00000| Untracked 
| 344|0x000000076b000000, 0x000000076b000000, 0x000000076b200000|  0%| F|  |TAMS 0x000000076b000000| PB 0x000000076b000000| Untracked 
| 345|0x000000076b200000, 0x000000076b200000, 0x000000076b400000|  0%| F|  |TAMS 0x000000076b200000| PB 0x000000076b200000| Untracked 
| 346|0x000000076b400000, 0x000000076b400000, 0x000000076b600000|  0%| F|  |TAMS 0x000000076b400000| PB 0x000000076b400000| Untracked 
| 347|0x000000076b600000, 0x000000076b600000, 0x000000076b800000|  0%| F|  |TAMS 0x000000076b600000| PB 0x000000076b600000| Untracked 
| 348|0x000000076b800000, 0x000000076b800000, 0x000000076ba00000|  0%| F|  |TAMS 0x000000076b800000| PB 0x000000076b800000| Untracked 
| 349|0x000000076ba00000, 0x000000076ba00000, 0x000000076bc00000|  0%| F|  |TAMS 0x000000076ba00000| PB 0x000000076ba00000| Untracked 
| 350|0x000000076bc00000, 0x000000076bc00000, 0x000000076be00000|  0%| F|  |TAMS 0x000000076bc00000| PB 0x000000076bc00000| Untracked 
| 351|0x000000076be00000, 0x000000076be00000, 0x000000076c000000|  0%| F|  |TAMS 0x000000076be00000| PB 0x000000076be00000| Untracked 
| 352|0x000000076c000000, 0x000000076c000000, 0x000000076c200000|  0%| F|  |TAMS 0x000000076c000000| PB 0x000000076c000000| Untracked 
| 353|0x000000076c200000, 0x000000076c200000, 0x000000076c400000|  0%| F|  |TAMS 0x000000076c200000| PB 0x000000076c200000| Untracked 
| 354|0x000000076c400000, 0x000000076c400000, 0x000000076c600000|  0%| F|  |TAMS 0x000000076c400000| PB 0x000000076c400000| Untracked 
| 355|0x000000076c600000, 0x000000076c600000, 0x000000076c800000|  0%| F|  |TAMS 0x000000076c600000| PB 0x000000076c600000| Untracked 
| 356|0x000000076c800000, 0x000000076c800000, 0x000000076ca00000|  0%| F|  |TAMS 0x000000076c800000| PB 0x000000076c800000| Untracked 
| 357|0x000000076ca00000, 0x000000076ca00000, 0x000000076cc00000|  0%| F|  |TAMS 0x000000076ca00000| PB 0x000000076ca00000| Untracked 
| 358|0x000000076cc00000, 0x000000076cc00000, 0x000000076ce00000|  0%| F|  |TAMS 0x000000076cc00000| PB 0x000000076cc00000| Untracked 
| 359|0x000000076ce00000, 0x000000076ce00000, 0x000000076d000000|  0%| F|  |TAMS 0x000000076ce00000| PB 0x000000076ce00000| Untracked 
| 360|0x000000076d000000, 0x000000076d000000, 0x000000076d200000|  0%| F|  |TAMS 0x000000076d000000| PB 0x000000076d000000| Untracked 
| 361|0x000000076d200000, 0x000000076d200000, 0x000000076d400000|  0%| F|  |TAMS 0x000000076d200000| PB 0x000000076d200000| Untracked 
| 362|0x000000076d400000, 0x000000076d400000, 0x000000076d600000|  0%| F|  |TAMS 0x000000076d400000| PB 0x000000076d400000| Untracked 
| 363|0x000000076d600000, 0x000000076d600000, 0x000000076d800000|  0%| F|  |TAMS 0x000000076d600000| PB 0x000000076d600000| Untracked 
| 364|0x000000076d800000, 0x000000076d800000, 0x000000076da00000|  0%| F|  |TAMS 0x000000076d800000| PB 0x000000076d800000| Untracked 
| 365|0x000000076da00000, 0x000000076da00000, 0x000000076dc00000|  0%| F|  |TAMS 0x000000076da00000| PB 0x000000076da00000| Untracked 
| 366|0x000000076dc00000, 0x000000076dc00000, 0x000000076de00000|  0%| F|  |TAMS 0x000000076dc00000| PB 0x000000076dc00000| Untracked 
| 367|0x000000076de00000, 0x000000076de00000, 0x000000076e000000|  0%| F|  |TAMS 0x000000076de00000| PB 0x000000076de00000| Untracked 
| 368|0x000000076e000000, 0x000000076e000000, 0x000000076e200000|  0%| F|  |TAMS 0x000000076e000000| PB 0x000000076e000000| Untracked 
| 369|0x000000076e200000, 0x000000076e200000, 0x000000076e400000|  0%| F|  |TAMS 0x000000076e200000| PB 0x000000076e200000| Untracked 
| 370|0x000000076e400000, 0x000000076e400000, 0x000000076e600000|  0%| F|  |TAMS 0x000000076e400000| PB 0x000000076e400000| Untracked 
| 371|0x000000076e600000, 0x000000076e600000, 0x000000076e800000|  0%| F|  |TAMS 0x000000076e600000| PB 0x000000076e600000| Untracked 
| 372|0x000000076e800000, 0x000000076e800000, 0x000000076ea00000|  0%| F|  |TAMS 0x000000076e800000| PB 0x000000076e800000| Untracked 
| 373|0x000000076ea00000, 0x000000076ea00000, 0x000000076ec00000|  0%| F|  |TAMS 0x000000076ea00000| PB 0x000000076ea00000| Untracked 
| 374|0x000000076ec00000, 0x000000076ec00000, 0x000000076ee00000|  0%| F|  |TAMS 0x000000076ec00000| PB 0x000000076ec00000| Untracked 
| 375|0x000000076ee00000, 0x000000076ee00000, 0x000000076f000000|  0%| F|  |TAMS 0x000000076ee00000| PB 0x000000076ee00000| Untracked 
| 376|0x000000076f000000, 0x000000076f000000, 0x000000076f200000|  0%| F|  |TAMS 0x000000076f000000| PB 0x000000076f000000| Untracked 
| 377|0x000000076f200000, 0x000000076f200000, 0x000000076f400000|  0%| F|  |TAMS 0x000000076f200000| PB 0x000000076f200000| Untracked 
| 378|0x000000076f400000, 0x000000076f400000, 0x000000076f600000|  0%| F|  |TAMS 0x000000076f400000| PB 0x000000076f400000| Untracked 
| 379|0x000000076f600000, 0x000000076f600000, 0x000000076f800000|  0%| F|  |TAMS 0x000000076f600000| PB 0x000000076f600000| Untracked 
| 380|0x000000076f800000, 0x000000076f800000, 0x000000076fa00000|  0%| F|  |TAMS 0x000000076f800000| PB 0x000000076f800000| Untracked 
| 381|0x000000076fa00000, 0x000000076fa00000, 0x000000076fc00000|  0%| F|  |TAMS 0x000000076fa00000| PB 0x000000076fa00000| Untracked 
| 382|0x000000076fc00000, 0x000000076fc00000, 0x000000076fe00000|  0%| F|  |TAMS 0x000000076fc00000| PB 0x000000076fc00000| Untracked 
| 383|0x000000076fe00000, 0x000000076fe00000, 0x0000000770000000|  0%| F|  |TAMS 0x000000076fe00000| PB 0x000000076fe00000| Untracked 
| 384|0x0000000770000000, 0x0000000770000000, 0x0000000770200000|  0%| F|  |TAMS 0x0000000770000000| PB 0x0000000770000000| Untracked 
| 385|0x0000000770200000, 0x0000000770200000, 0x0000000770400000|  0%| F|  |TAMS 0x0000000770200000| PB 0x0000000770200000| Untracked 
| 386|0x0000000770400000, 0x0000000770400000, 0x0000000770600000|  0%| F|  |TAMS 0x0000000770400000| PB 0x0000000770400000| Untracked 
| 387|0x0000000770600000, 0x0000000770600000, 0x0000000770800000|  0%| F|  |TAMS 0x0000000770600000| PB 0x0000000770600000| Untracked 
| 388|0x0000000770800000, 0x0000000770800000, 0x0000000770a00000|  0%| F|  |TAMS 0x0000000770800000| PB 0x0000000770800000| Untracked 
| 389|0x0000000770a00000, 0x0000000770a00000, 0x0000000770c00000|  0%| F|  |TAMS 0x0000000770a00000| PB 0x0000000770a00000| Untracked 
| 390|0x0000000770c00000, 0x0000000770c00000, 0x0000000770e00000|  0%| F|  |TAMS 0x0000000770c00000| PB 0x0000000770c00000| Untracked 
| 391|0x0000000770e00000, 0x0000000770e00000, 0x0000000771000000|  0%| F|  |TAMS 0x0000000770e00000| PB 0x0000000770e00000| Untracked 
| 392|0x0000000771000000, 0x0000000771000000, 0x0000000771200000|  0%| F|  |TAMS 0x0000000771000000| PB 0x0000000771000000| Untracked 
| 393|0x0000000771200000, 0x0000000771200000, 0x0000000771400000|  0%| F|  |TAMS 0x0000000771200000| PB 0x0000000771200000| Untracked 
| 394|0x0000000771400000, 0x0000000771400000, 0x0000000771600000|  0%| F|  |TAMS 0x0000000771400000| PB 0x0000000771400000| Untracked 
| 395|0x0000000771600000, 0x0000000771600000, 0x0000000771800000|  0%| F|  |TAMS 0x0000000771600000| PB 0x0000000771600000| Untracked 
| 396|0x0000000771800000, 0x0000000771800000, 0x0000000771a00000|  0%| F|  |TAMS 0x0000000771800000| PB 0x0000000771800000| Untracked 
| 397|0x0000000771a00000, 0x0000000771a00000, 0x0000000771c00000|  0%| F|  |TAMS 0x0000000771a00000| PB 0x0000000771a00000| Untracked 
| 398|0x0000000771c00000, 0x0000000771c00000, 0x0000000771e00000|  0%| F|  |TAMS 0x0000000771c00000| PB 0x0000000771c00000| Untracked 
| 399|0x0000000771e00000, 0x0000000771e00000, 0x0000000772000000|  0%| F|  |TAMS 0x0000000771e00000| PB 0x0000000771e00000| Untracked 
| 400|0x0000000772000000, 0x0000000772000000, 0x0000000772200000|  0%| F|  |TAMS 0x0000000772000000| PB 0x0000000772000000| Untracked 
| 401|0x0000000772200000, 0x0000000772200000, 0x0000000772400000|  0%| F|  |TAMS 0x0000000772200000| PB 0x0000000772200000| Untracked 
| 402|0x0000000772400000, 0x0000000772400000, 0x0000000772600000|  0%| F|  |TAMS 0x0000000772400000| PB 0x0000000772400000| Untracked 
| 403|0x0000000772600000, 0x0000000772600000, 0x0000000772800000|  0%| F|  |TAMS 0x0000000772600000| PB 0x0000000772600000| Untracked 
| 404|0x0000000772800000, 0x0000000772800000, 0x0000000772a00000|  0%| F|  |TAMS 0x0000000772800000| PB 0x0000000772800000| Untracked 
| 405|0x0000000772a00000, 0x0000000772a00000, 0x0000000772c00000|  0%| F|  |TAMS 0x0000000772a00000| PB 0x0000000772a00000| Untracked 
| 406|0x0000000772c00000, 0x0000000772c00000, 0x0000000772e00000|  0%| F|  |TAMS 0x0000000772c00000| PB 0x0000000772c00000| Untracked 
| 407|0x0000000772e00000, 0x0000000772e00000, 0x0000000773000000|  0%| F|  |TAMS 0x0000000772e00000| PB 0x0000000772e00000| Untracked 
| 408|0x0000000773000000, 0x0000000773000000, 0x0000000773200000|  0%| F|  |TAMS 0x0000000773000000| PB 0x0000000773000000| Untracked 
| 409|0x0000000773200000, 0x0000000773200000, 0x0000000773400000|  0%| F|  |TAMS 0x0000000773200000| PB 0x0000000773200000| Untracked 
| 410|0x0000000773400000, 0x0000000773400000, 0x0000000773600000|  0%| F|  |TAMS 0x0000000773400000| PB 0x0000000773400000| Untracked 
| 411|0x0000000773600000, 0x0000000773600000, 0x0000000773800000|  0%| F|  |TAMS 0x0000000773600000| PB 0x0000000773600000| Untracked 
| 412|0x0000000773800000, 0x0000000773800000, 0x0000000773a00000|  0%| F|  |TAMS 0x0000000773800000| PB 0x0000000773800000| Untracked 
| 413|0x0000000773a00000, 0x0000000773a00000, 0x0000000773c00000|  0%| F|  |TAMS 0x0000000773a00000| PB 0x0000000773a00000| Untracked 
| 414|0x0000000773c00000, 0x0000000773c00000, 0x0000000773e00000|  0%| F|  |TAMS 0x0000000773c00000| PB 0x0000000773c00000| Untracked 
| 415|0x0000000773e00000, 0x0000000773e00000, 0x0000000774000000|  0%| F|  |TAMS 0x0000000773e00000| PB 0x0000000773e00000| Untracked 
| 416|0x0000000774000000, 0x0000000774000000, 0x0000000774200000|  0%| F|  |TAMS 0x0000000774000000| PB 0x0000000774000000| Untracked 
| 417|0x0000000774200000, 0x0000000774200000, 0x0000000774400000|  0%| F|  |TAMS 0x0000000774200000| PB 0x0000000774200000| Untracked 
| 418|0x0000000774400000, 0x0000000774400000, 0x0000000774600000|  0%| F|  |TAMS 0x0000000774400000| PB 0x0000000774400000| Untracked 
| 419|0x0000000774600000, 0x0000000774600000, 0x0000000774800000|  0%| F|  |TAMS 0x0000000774600000| PB 0x0000000774600000| Untracked 
| 420|0x0000000774800000, 0x0000000774800000, 0x0000000774a00000|  0%| F|  |TAMS 0x0000000774800000| PB 0x0000000774800000| Untracked 
| 421|0x0000000774a00000, 0x0000000774a00000, 0x0000000774c00000|  0%| F|  |TAMS 0x0000000774a00000| PB 0x0000000774a00000| Untracked 
| 422|0x0000000774c00000, 0x0000000774c00000, 0x0000000774e00000|  0%| F|  |TAMS 0x0000000774c00000| PB 0x0000000774c00000| Untracked 
| 423|0x0000000774e00000, 0x0000000774e00000, 0x0000000775000000|  0%| F|  |TAMS 0x0000000774e00000| PB 0x0000000774e00000| Untracked 
| 424|0x0000000775000000, 0x0000000775000000, 0x0000000775200000|  0%| F|  |TAMS 0x0000000775000000| PB 0x0000000775000000| Untracked 
| 425|0x0000000775200000, 0x0000000775200000, 0x0000000775400000|  0%| F|  |TAMS 0x0000000775200000| PB 0x0000000775200000| Untracked 
| 426|0x0000000775400000, 0x0000000775400000, 0x0000000775600000|  0%| F|  |TAMS 0x0000000775400000| PB 0x0000000775400000| Untracked 
| 427|0x0000000775600000, 0x0000000775600000, 0x0000000775800000|  0%| F|  |TAMS 0x0000000775600000| PB 0x0000000775600000| Untracked 
| 428|0x0000000775800000, 0x0000000775800000, 0x0000000775a00000|  0%| F|  |TAMS 0x0000000775800000| PB 0x0000000775800000| Untracked 
| 429|0x0000000775a00000, 0x0000000775a00000, 0x0000000775c00000|  0%| F|  |TAMS 0x0000000775a00000| PB 0x0000000775a00000| Untracked 
| 430|0x0000000775c00000, 0x0000000775c00000, 0x0000000775e00000|  0%| F|  |TAMS 0x0000000775c00000| PB 0x0000000775c00000| Untracked 
| 431|0x0000000775e00000, 0x0000000775e00000, 0x0000000776000000|  0%| F|  |TAMS 0x0000000775e00000| PB 0x0000000775e00000| Untracked 
| 432|0x0000000776000000, 0x0000000776000000, 0x0000000776200000|  0%| F|  |TAMS 0x0000000776000000| PB 0x0000000776000000| Untracked 
| 433|0x0000000776200000, 0x0000000776200000, 0x0000000776400000|  0%| F|  |TAMS 0x0000000776200000| PB 0x0000000776200000| Untracked 
| 434|0x0000000776400000, 0x0000000776400000, 0x0000000776600000|  0%| F|  |TAMS 0x0000000776400000| PB 0x0000000776400000| Untracked 
| 435|0x0000000776600000, 0x0000000776600000, 0x0000000776800000|  0%| F|  |TAMS 0x0000000776600000| PB 0x0000000776600000| Untracked 
| 436|0x0000000776800000, 0x0000000776800000, 0x0000000776a00000|  0%| F|  |TAMS 0x0000000776800000| PB 0x0000000776800000| Untracked 
| 437|0x0000000776a00000, 0x0000000776a00000, 0x0000000776c00000|  0%| F|  |TAMS 0x0000000776a00000| PB 0x0000000776a00000| Untracked 
| 438|0x0000000776c00000, 0x0000000776c00000, 0x0000000776e00000|  0%| F|  |TAMS 0x0000000776c00000| PB 0x0000000776c00000| Untracked 
| 439|0x0000000776e00000, 0x0000000776e00000, 0x0000000777000000|  0%| F|  |TAMS 0x0000000776e00000| PB 0x0000000776e00000| Untracked 
| 440|0x0000000777000000, 0x0000000777000000, 0x0000000777200000|  0%| F|  |TAMS 0x0000000777000000| PB 0x0000000777000000| Untracked 
| 441|0x0000000777200000, 0x0000000777200000, 0x0000000777400000|  0%| F|  |TAMS 0x0000000777200000| PB 0x0000000777200000| Untracked 
| 442|0x0000000777400000, 0x0000000777400000, 0x0000000777600000|  0%| F|  |TAMS 0x0000000777400000| PB 0x0000000777400000| Untracked 
| 443|0x0000000777600000, 0x0000000777600000, 0x0000000777800000|  0%| F|  |TAMS 0x0000000777600000| PB 0x0000000777600000| Untracked 
| 444|0x0000000777800000, 0x0000000777800000, 0x0000000777a00000|  0%| F|  |TAMS 0x0000000777800000| PB 0x0000000777800000| Untracked 
| 445|0x0000000777a00000, 0x0000000777a00000, 0x0000000777c00000|  0%| F|  |TAMS 0x0000000777a00000| PB 0x0000000777a00000| Untracked 
| 446|0x0000000777c00000, 0x0000000777c00000, 0x0000000777e00000|  0%| F|  |TAMS 0x0000000777c00000| PB 0x0000000777c00000| Untracked 
| 447|0x0000000777e00000, 0x0000000777e00000, 0x0000000778000000|  0%| F|  |TAMS 0x0000000777e00000| PB 0x0000000777e00000| Untracked 
| 448|0x0000000778000000, 0x0000000778000000, 0x0000000778200000|  0%| F|  |TAMS 0x0000000778000000| PB 0x0000000778000000| Untracked 
| 449|0x0000000778200000, 0x0000000778200000, 0x0000000778400000|  0%| F|  |TAMS 0x0000000778200000| PB 0x0000000778200000| Untracked 
| 450|0x0000000778400000, 0x0000000778400000, 0x0000000778600000|  0%| F|  |TAMS 0x0000000778400000| PB 0x0000000778400000| Untracked 
| 451|0x0000000778600000, 0x0000000778600000, 0x0000000778800000|  0%| F|  |TAMS 0x0000000778600000| PB 0x0000000778600000| Untracked 
| 452|0x0000000778800000, 0x0000000778800000, 0x0000000778a00000|  0%| F|  |TAMS 0x0000000778800000| PB 0x0000000778800000| Untracked 
| 453|0x0000000778a00000, 0x0000000778a00000, 0x0000000778c00000|  0%| F|  |TAMS 0x0000000778a00000| PB 0x0000000778a00000| Untracked 
| 454|0x0000000778c00000, 0x0000000778c00000, 0x0000000778e00000|  0%| F|  |TAMS 0x0000000778c00000| PB 0x0000000778c00000| Untracked 
| 455|0x0000000778e00000, 0x0000000778e00000, 0x0000000779000000|  0%| F|  |TAMS 0x0000000778e00000| PB 0x0000000778e00000| Untracked 
| 456|0x0000000779000000, 0x0000000779000000, 0x0000000779200000|  0%| F|  |TAMS 0x0000000779000000| PB 0x0000000779000000| Untracked 
| 457|0x0000000779200000, 0x0000000779200000, 0x0000000779400000|  0%| F|  |TAMS 0x0000000779200000| PB 0x0000000779200000| Untracked 
| 458|0x0000000779400000, 0x0000000779400000, 0x0000000779600000|  0%| F|  |TAMS 0x0000000779400000| PB 0x0000000779400000| Untracked 
| 459|0x0000000779600000, 0x0000000779600000, 0x0000000779800000|  0%| F|  |TAMS 0x0000000779600000| PB 0x0000000779600000| Untracked 
| 460|0x0000000779800000, 0x0000000779800000, 0x0000000779a00000|  0%| F|  |TAMS 0x0000000779800000| PB 0x0000000779800000| Untracked 
| 461|0x0000000779a00000, 0x0000000779a00000, 0x0000000779c00000|  0%| F|  |TAMS 0x0000000779a00000| PB 0x0000000779a00000| Untracked 
| 462|0x0000000779c00000, 0x0000000779c00000, 0x0000000779e00000|  0%| F|  |TAMS 0x0000000779c00000| PB 0x0000000779c00000| Untracked 
| 463|0x0000000779e00000, 0x0000000779e00000, 0x000000077a000000|  0%| F|  |TAMS 0x0000000779e00000| PB 0x0000000779e00000| Untracked 
| 464|0x000000077a000000, 0x000000077a000000, 0x000000077a200000|  0%| F|  |TAMS 0x000000077a000000| PB 0x000000077a000000| Untracked 
| 465|0x000000077a200000, 0x000000077a200000, 0x000000077a400000|  0%| F|  |TAMS 0x000000077a200000| PB 0x000000077a200000| Untracked 
| 466|0x000000077a400000, 0x000000077a400000, 0x000000077a600000|  0%| F|  |TAMS 0x000000077a400000| PB 0x000000077a400000| Untracked 
| 467|0x000000077a600000, 0x000000077a600000, 0x000000077a800000|  0%| F|  |TAMS 0x000000077a600000| PB 0x000000077a600000| Untracked 
| 468|0x000000077a800000, 0x000000077a800000, 0x000000077aa00000|  0%| F|  |TAMS 0x000000077a800000| PB 0x000000077a800000| Untracked 
| 469|0x000000077aa00000, 0x000000077aa00000, 0x000000077ac00000|  0%| F|  |TAMS 0x000000077aa00000| PB 0x000000077aa00000| Untracked 
| 470|0x000000077ac00000, 0x000000077ac00000, 0x000000077ae00000|  0%| F|  |TAMS 0x000000077ac00000| PB 0x000000077ac00000| Untracked 
| 471|0x000000077ae00000, 0x000000077ae00000, 0x000000077b000000|  0%| F|  |TAMS 0x000000077ae00000| PB 0x000000077ae00000| Untracked 
| 472|0x000000077b000000, 0x000000077b000000, 0x000000077b200000|  0%| F|  |TAMS 0x000000077b000000| PB 0x000000077b000000| Untracked 
| 473|0x000000077b200000, 0x000000077b200000, 0x000000077b400000|  0%| F|  |TAMS 0x000000077b200000| PB 0x000000077b200000| Untracked 
| 474|0x000000077b400000, 0x000000077b400000, 0x000000077b600000|  0%| F|  |TAMS 0x000000077b400000| PB 0x000000077b400000| Untracked 
| 475|0x000000077b600000, 0x000000077b600000, 0x000000077b800000|  0%| F|  |TAMS 0x000000077b600000| PB 0x000000077b600000| Untracked 
| 476|0x000000077b800000, 0x000000077b800000, 0x000000077ba00000|  0%| F|  |TAMS 0x000000077b800000| PB 0x000000077b800000| Untracked 
| 477|0x000000077ba00000, 0x000000077ba00000, 0x000000077bc00000|  0%| F|  |TAMS 0x000000077ba00000| PB 0x000000077ba00000| Untracked 
| 478|0x000000077bc00000, 0x000000077bc00000, 0x000000077be00000|  0%| F|  |TAMS 0x000000077bc00000| PB 0x000000077bc00000| Untracked 
| 479|0x000000077be00000, 0x000000077be00000, 0x000000077c000000|  0%| F|  |TAMS 0x000000077be00000| PB 0x000000077be00000| Untracked 
| 480|0x000000077c000000, 0x000000077c000000, 0x000000077c200000|  0%| F|  |TAMS 0x000000077c000000| PB 0x000000077c000000| Untracked 
| 481|0x000000077c200000, 0x000000077c200000, 0x000000077c400000|  0%| F|  |TAMS 0x000000077c200000| PB 0x000000077c200000| Untracked 
| 482|0x000000077c400000, 0x000000077c400000, 0x000000077c600000|  0%| F|  |TAMS 0x000000077c400000| PB 0x000000077c400000| Untracked 
| 483|0x000000077c600000, 0x000000077c600000, 0x000000077c800000|  0%| F|  |TAMS 0x000000077c600000| PB 0x000000077c600000| Untracked 
| 484|0x000000077c800000, 0x000000077c800000, 0x000000077ca00000|  0%| F|  |TAMS 0x000000077c800000| PB 0x000000077c800000| Untracked 
| 485|0x000000077ca00000, 0x000000077ca00000, 0x000000077cc00000|  0%| F|  |TAMS 0x000000077ca00000| PB 0x000000077ca00000| Untracked 
| 486|0x000000077cc00000, 0x000000077cc00000, 0x000000077ce00000|  0%| F|  |TAMS 0x000000077cc00000| PB 0x000000077cc00000| Untracked 
| 487|0x000000077ce00000, 0x000000077ce00000, 0x000000077d000000|  0%| F|  |TAMS 0x000000077ce00000| PB 0x000000077ce00000| Untracked 
| 488|0x000000077d000000, 0x000000077d000000, 0x000000077d200000|  0%| F|  |TAMS 0x000000077d000000| PB 0x000000077d000000| Untracked 
| 489|0x000000077d200000, 0x000000077d200000, 0x000000077d400000|  0%| F|  |TAMS 0x000000077d200000| PB 0x000000077d200000| Untracked 
| 490|0x000000077d400000, 0x000000077d400000, 0x000000077d600000|  0%| F|  |TAMS 0x000000077d400000| PB 0x000000077d400000| Untracked 
| 491|0x000000077d600000, 0x000000077d600000, 0x000000077d800000|  0%| F|  |TAMS 0x000000077d600000| PB 0x000000077d600000| Untracked 
| 492|0x000000077d800000, 0x000000077d800000, 0x000000077da00000|  0%| F|  |TAMS 0x000000077d800000| PB 0x000000077d800000| Untracked 
| 493|0x000000077da00000, 0x000000077da00000, 0x000000077dc00000|  0%| F|  |TAMS 0x000000077da00000| PB 0x000000077da00000| Untracked 
| 494|0x000000077dc00000, 0x000000077dc00000, 0x000000077de00000|  0%| F|  |TAMS 0x000000077dc00000| PB 0x000000077dc00000| Untracked 
| 495|0x000000077de00000, 0x000000077de00000, 0x000000077e000000|  0%| F|  |TAMS 0x000000077de00000| PB 0x000000077de00000| Untracked 
| 496|0x000000077e000000, 0x000000077e000000, 0x000000077e200000|  0%| F|  |TAMS 0x000000077e000000| PB 0x000000077e000000| Untracked 
| 497|0x000000077e200000, 0x000000077e200000, 0x000000077e400000|  0%| F|  |TAMS 0x000000077e200000| PB 0x000000077e200000| Untracked 
| 498|0x000000077e400000, 0x000000077e400000, 0x000000077e600000|  0%| F|  |TAMS 0x000000077e400000| PB 0x000000077e400000| Untracked 
| 499|0x000000077e600000, 0x000000077e600000, 0x000000077e800000|  0%| F|  |TAMS 0x000000077e600000| PB 0x000000077e600000| Untracked 
| 500|0x000000077e800000, 0x000000077e800000, 0x000000077ea00000|  0%| F|  |TAMS 0x000000077e800000| PB 0x000000077e800000| Untracked 
| 501|0x000000077ea00000, 0x000000077ea00000, 0x000000077ec00000|  0%| F|  |TAMS 0x000000077ea00000| PB 0x000000077ea00000| Untracked 
| 502|0x000000077ec00000, 0x000000077ec00000, 0x000000077ee00000|  0%| F|  |TAMS 0x000000077ec00000| PB 0x000000077ec00000| Untracked 
| 503|0x000000077ee00000, 0x000000077ee00000, 0x000000077f000000|  0%| F|  |TAMS 0x000000077ee00000| PB 0x000000077ee00000| Untracked 
| 504|0x000000077f000000, 0x000000077f000000, 0x000000077f200000|  0%| F|  |TAMS 0x000000077f000000| PB 0x000000077f000000| Untracked 
| 505|0x000000077f200000, 0x000000077f200000, 0x000000077f400000|  0%| F|  |TAMS 0x000000077f200000| PB 0x000000077f200000| Untracked 
| 506|0x000000077f400000, 0x000000077f400000, 0x000000077f600000|  0%| F|  |TAMS 0x000000077f400000| PB 0x000000077f400000| Untracked 
| 507|0x000000077f600000, 0x000000077f600000, 0x000000077f800000|  0%| F|  |TAMS 0x000000077f600000| PB 0x000000077f600000| Untracked 
| 508|0x000000077f800000, 0x000000077f800000, 0x000000077fa00000|  0%| F|  |TAMS 0x000000077f800000| PB 0x000000077f800000| Untracked 
| 509|0x000000077fa00000, 0x000000077fa00000, 0x000000077fc00000|  0%| F|  |TAMS 0x000000077fa00000| PB 0x000000077fa00000| Untracked 
| 510|0x000000077fc00000, 0x000000077fc00000, 0x000000077fe00000|  0%| F|  |TAMS 0x000000077fc00000| PB 0x000000077fc00000| Untracked 
| 511|0x000000077fe00000, 0x000000077fe00000, 0x0000000780000000|  0%| F|  |TAMS 0x000000077fe00000| PB 0x000000077fe00000| Untracked 
| 512|0x0000000780000000, 0x0000000780000000, 0x0000000780200000|  0%| F|  |TAMS 0x0000000780000000| PB 0x0000000780000000| Untracked 
| 513|0x0000000780200000, 0x0000000780200000, 0x0000000780400000|  0%| F|  |TAMS 0x0000000780200000| PB 0x0000000780200000| Untracked 
| 514|0x0000000780400000, 0x0000000780400000, 0x0000000780600000|  0%| F|  |TAMS 0x0000000780400000| PB 0x0000000780400000| Untracked 
| 515|0x0000000780600000, 0x0000000780600000, 0x0000000780800000|  0%| F|  |TAMS 0x0000000780600000| PB 0x0000000780600000| Untracked 
| 516|0x0000000780800000, 0x0000000780800000, 0x0000000780a00000|  0%| F|  |TAMS 0x0000000780800000| PB 0x0000000780800000| Untracked 
| 517|0x0000000780a00000, 0x0000000780a00000, 0x0000000780c00000|  0%| F|  |TAMS 0x0000000780a00000| PB 0x0000000780a00000| Untracked 
| 518|0x0000000780c00000, 0x0000000780c00000, 0x0000000780e00000|  0%| F|  |TAMS 0x0000000780c00000| PB 0x0000000780c00000| Untracked 
| 519|0x0000000780e00000, 0x0000000780e00000, 0x0000000781000000|  0%| F|  |TAMS 0x0000000780e00000| PB 0x0000000780e00000| Untracked 
| 520|0x0000000781000000, 0x0000000781000000, 0x0000000781200000|  0%| F|  |TAMS 0x0000000781000000| PB 0x0000000781000000| Untracked 
| 521|0x0000000781200000, 0x0000000781200000, 0x0000000781400000|  0%| F|  |TAMS 0x0000000781200000| PB 0x0000000781200000| Untracked 
| 522|0x0000000781400000, 0x0000000781400000, 0x0000000781600000|  0%| F|  |TAMS 0x0000000781400000| PB 0x0000000781400000| Untracked 
| 523|0x0000000781600000, 0x0000000781600000, 0x0000000781800000|  0%| F|  |TAMS 0x0000000781600000| PB 0x0000000781600000| Untracked 
| 524|0x0000000781800000, 0x0000000781800000, 0x0000000781a00000|  0%| F|  |TAMS 0x0000000781800000| PB 0x0000000781800000| Untracked 
| 525|0x0000000781a00000, 0x0000000781a00000, 0x0000000781c00000|  0%| F|  |TAMS 0x0000000781a00000| PB 0x0000000781a00000| Untracked 
| 526|0x0000000781c00000, 0x0000000781c00000, 0x0000000781e00000|  0%| F|  |TAMS 0x0000000781c00000| PB 0x0000000781c00000| Untracked 
| 527|0x0000000781e00000, 0x0000000781e00000, 0x0000000782000000|  0%| F|  |TAMS 0x0000000781e00000| PB 0x0000000781e00000| Untracked 
| 528|0x0000000782000000, 0x0000000782000000, 0x0000000782200000|  0%| F|  |TAMS 0x0000000782000000| PB 0x0000000782000000| Untracked 
| 529|0x0000000782200000, 0x0000000782200000, 0x0000000782400000|  0%| F|  |TAMS 0x0000000782200000| PB 0x0000000782200000| Untracked 
| 530|0x0000000782400000, 0x0000000782400000, 0x0000000782600000|  0%| F|  |TAMS 0x0000000782400000| PB 0x0000000782400000| Untracked 
| 531|0x0000000782600000, 0x0000000782600000, 0x0000000782800000|  0%| F|  |TAMS 0x0000000782600000| PB 0x0000000782600000| Untracked 
| 532|0x0000000782800000, 0x0000000782800000, 0x0000000782a00000|  0%| F|  |TAMS 0x0000000782800000| PB 0x0000000782800000| Untracked 
| 533|0x0000000782a00000, 0x0000000782a00000, 0x0000000782c00000|  0%| F|  |TAMS 0x0000000782a00000| PB 0x0000000782a00000| Untracked 
| 534|0x0000000782c00000, 0x0000000782c00000, 0x0000000782e00000|  0%| F|  |TAMS 0x0000000782c00000| PB 0x0000000782c00000| Untracked 
| 535|0x0000000782e00000, 0x0000000782e00000, 0x0000000783000000|  0%| F|  |TAMS 0x0000000782e00000| PB 0x0000000782e00000| Untracked 
| 536|0x0000000783000000, 0x0000000783000000, 0x0000000783200000|  0%| F|  |TAMS 0x0000000783000000| PB 0x0000000783000000| Untracked 
| 537|0x0000000783200000, 0x0000000783200000, 0x0000000783400000|  0%| F|  |TAMS 0x0000000783200000| PB 0x0000000783200000| Untracked 
| 538|0x0000000783400000, 0x0000000783400000, 0x0000000783600000|  0%| F|  |TAMS 0x0000000783400000| PB 0x0000000783400000| Untracked 
| 539|0x0000000783600000, 0x0000000783600000, 0x0000000783800000|  0%| F|  |TAMS 0x0000000783600000| PB 0x0000000783600000| Untracked 
| 540|0x0000000783800000, 0x0000000783800000, 0x0000000783a00000|  0%| F|  |TAMS 0x0000000783800000| PB 0x0000000783800000| Untracked 
| 541|0x0000000783a00000, 0x0000000783a00000, 0x0000000783c00000|  0%| F|  |TAMS 0x0000000783a00000| PB 0x0000000783a00000| Untracked 
| 542|0x0000000783c00000, 0x0000000783c00000, 0x0000000783e00000|  0%| F|  |TAMS 0x0000000783c00000| PB 0x0000000783c00000| Untracked 
| 543|0x0000000783e00000, 0x0000000783e00000, 0x0000000784000000|  0%| F|  |TAMS 0x0000000783e00000| PB 0x0000000783e00000| Untracked 
| 544|0x0000000784000000, 0x0000000784000000, 0x0000000784200000|  0%| F|  |TAMS 0x0000000784000000| PB 0x0000000784000000| Untracked 
| 545|0x0000000784200000, 0x0000000784200000, 0x0000000784400000|  0%| F|  |TAMS 0x0000000784200000| PB 0x0000000784200000| Untracked 
| 546|0x0000000784400000, 0x0000000784400000, 0x0000000784600000|  0%| F|  |TAMS 0x0000000784400000| PB 0x0000000784400000| Untracked 
| 547|0x0000000784600000, 0x0000000784600000, 0x0000000784800000|  0%| F|  |TAMS 0x0000000784600000| PB 0x0000000784600000| Untracked 
| 548|0x0000000784800000, 0x0000000784800000, 0x0000000784a00000|  0%| F|  |TAMS 0x0000000784800000| PB 0x0000000784800000| Untracked 
| 549|0x0000000784a00000, 0x0000000784a00000, 0x0000000784c00000|  0%| F|  |TAMS 0x0000000784a00000| PB 0x0000000784a00000| Untracked 
| 550|0x0000000784c00000, 0x0000000784c00000, 0x0000000784e00000|  0%| F|  |TAMS 0x0000000784c00000| PB 0x0000000784c00000| Untracked 
| 551|0x0000000784e00000, 0x0000000784e00000, 0x0000000785000000|  0%| F|  |TAMS 0x0000000784e00000| PB 0x0000000784e00000| Untracked 
| 552|0x0000000785000000, 0x0000000785000000, 0x0000000785200000|  0%| F|  |TAMS 0x0000000785000000| PB 0x0000000785000000| Untracked 
| 553|0x0000000785200000, 0x0000000785200000, 0x0000000785400000|  0%| F|  |TAMS 0x0000000785200000| PB 0x0000000785200000| Untracked 
| 554|0x0000000785400000, 0x0000000785400000, 0x0000000785600000|  0%| F|  |TAMS 0x0000000785400000| PB 0x0000000785400000| Untracked 
| 555|0x0000000785600000, 0x0000000785600000, 0x0000000785800000|  0%| F|  |TAMS 0x0000000785600000| PB 0x0000000785600000| Untracked 
| 556|0x0000000785800000, 0x0000000785800000, 0x0000000785a00000|  0%| F|  |TAMS 0x0000000785800000| PB 0x0000000785800000| Untracked 
| 557|0x0000000785a00000, 0x0000000785a00000, 0x0000000785c00000|  0%| F|  |TAMS 0x0000000785a00000| PB 0x0000000785a00000| Untracked 
| 558|0x0000000785c00000, 0x0000000785c00000, 0x0000000785e00000|  0%| F|  |TAMS 0x0000000785c00000| PB 0x0000000785c00000| Untracked 
| 559|0x0000000785e00000, 0x0000000785e00000, 0x0000000786000000|  0%| F|  |TAMS 0x0000000785e00000| PB 0x0000000785e00000| Untracked 
| 560|0x0000000786000000, 0x0000000786000000, 0x0000000786200000|  0%| F|  |TAMS 0x0000000786000000| PB 0x0000000786000000| Untracked 
| 561|0x0000000786200000, 0x0000000786200000, 0x0000000786400000|  0%| F|  |TAMS 0x0000000786200000| PB 0x0000000786200000| Untracked 
| 562|0x0000000786400000, 0x0000000786400000, 0x0000000786600000|  0%| F|  |TAMS 0x0000000786400000| PB 0x0000000786400000| Untracked 
| 563|0x0000000786600000, 0x0000000786600000, 0x0000000786800000|  0%| F|  |TAMS 0x0000000786600000| PB 0x0000000786600000| Untracked 
| 564|0x0000000786800000, 0x0000000786800000, 0x0000000786a00000|  0%| F|  |TAMS 0x0000000786800000| PB 0x0000000786800000| Untracked 
| 565|0x0000000786a00000, 0x0000000786a00000, 0x0000000786c00000|  0%| F|  |TAMS 0x0000000786a00000| PB 0x0000000786a00000| Untracked 
| 566|0x0000000786c00000, 0x0000000786c00000, 0x0000000786e00000|  0%| F|  |TAMS 0x0000000786c00000| PB 0x0000000786c00000| Untracked 
| 567|0x0000000786e00000, 0x0000000786e00000, 0x0000000787000000|  0%| F|  |TAMS 0x0000000786e00000| PB 0x0000000786e00000| Untracked 
| 568|0x0000000787000000, 0x0000000787000000, 0x0000000787200000|  0%| F|  |TAMS 0x0000000787000000| PB 0x0000000787000000| Untracked 
| 569|0x0000000787200000, 0x0000000787200000, 0x0000000787400000|  0%| F|  |TAMS 0x0000000787200000| PB 0x0000000787200000| Untracked 
| 570|0x0000000787400000, 0x0000000787400000, 0x0000000787600000|  0%| F|  |TAMS 0x0000000787400000| PB 0x0000000787400000| Untracked 
| 571|0x0000000787600000, 0x0000000787600000, 0x0000000787800000|  0%| F|  |TAMS 0x0000000787600000| PB 0x0000000787600000| Untracked 
| 572|0x0000000787800000, 0x0000000787800000, 0x0000000787a00000|  0%| F|  |TAMS 0x0000000787800000| PB 0x0000000787800000| Untracked 
| 573|0x0000000787a00000, 0x0000000787a00000, 0x0000000787c00000|  0%| F|  |TAMS 0x0000000787a00000| PB 0x0000000787a00000| Untracked 
| 574|0x0000000787c00000, 0x0000000787c00000, 0x0000000787e00000|  0%| F|  |TAMS 0x0000000787c00000| PB 0x0000000787c00000| Untracked 
| 575|0x0000000787e00000, 0x0000000787e00000, 0x0000000788000000|  0%| F|  |TAMS 0x0000000787e00000| PB 0x0000000787e00000| Untracked 
| 576|0x0000000788000000, 0x0000000788000000, 0x0000000788200000|  0%| F|  |TAMS 0x0000000788000000| PB 0x0000000788000000| Untracked 
| 577|0x0000000788200000, 0x0000000788200000, 0x0000000788400000|  0%| F|  |TAMS 0x0000000788200000| PB 0x0000000788200000| Untracked 
| 578|0x0000000788400000, 0x0000000788400000, 0x0000000788600000|  0%| F|  |TAMS 0x0000000788400000| PB 0x0000000788400000| Untracked 
| 579|0x0000000788600000, 0x0000000788600000, 0x0000000788800000|  0%| F|  |TAMS 0x0000000788600000| PB 0x0000000788600000| Untracked 
| 580|0x0000000788800000, 0x0000000788800000, 0x0000000788a00000|  0%| F|  |TAMS 0x0000000788800000| PB 0x0000000788800000| Untracked 
| 581|0x0000000788a00000, 0x0000000788a00000, 0x0000000788c00000|  0%| F|  |TAMS 0x0000000788a00000| PB 0x0000000788a00000| Untracked 
| 582|0x0000000788c00000, 0x0000000788c00000, 0x0000000788e00000|  0%| F|  |TAMS 0x0000000788c00000| PB 0x0000000788c00000| Untracked 
| 583|0x0000000788e00000, 0x0000000788e00000, 0x0000000789000000|  0%| F|  |TAMS 0x0000000788e00000| PB 0x0000000788e00000| Untracked 
| 584|0x0000000789000000, 0x0000000789000000, 0x0000000789200000|  0%| F|  |TAMS 0x0000000789000000| PB 0x0000000789000000| Untracked 
| 585|0x0000000789200000, 0x0000000789200000, 0x0000000789400000|  0%| F|  |TAMS 0x0000000789200000| PB 0x0000000789200000| Untracked 
| 586|0x0000000789400000, 0x0000000789400000, 0x0000000789600000|  0%| F|  |TAMS 0x0000000789400000| PB 0x0000000789400000| Untracked 
| 587|0x0000000789600000, 0x0000000789600000, 0x0000000789800000|  0%| F|  |TAMS 0x0000000789600000| PB 0x0000000789600000| Untracked 
| 588|0x0000000789800000, 0x0000000789800000, 0x0000000789a00000|  0%| F|  |TAMS 0x0000000789800000| PB 0x0000000789800000| Untracked 
| 589|0x0000000789a00000, 0x0000000789a00000, 0x0000000789c00000|  0%| F|  |TAMS 0x0000000789a00000| PB 0x0000000789a00000| Untracked 
| 590|0x0000000789c00000, 0x0000000789c00000, 0x0000000789e00000|  0%| F|  |TAMS 0x0000000789c00000| PB 0x0000000789c00000| Untracked 
| 591|0x0000000789e00000, 0x0000000789e00000, 0x000000078a000000|  0%| F|  |TAMS 0x0000000789e00000| PB 0x0000000789e00000| Untracked 
| 592|0x000000078a000000, 0x000000078a000000, 0x000000078a200000|  0%| F|  |TAMS 0x000000078a000000| PB 0x000000078a000000| Untracked 
| 593|0x000000078a200000, 0x000000078a200000, 0x000000078a400000|  0%| F|  |TAMS 0x000000078a200000| PB 0x000000078a200000| Untracked 
| 594|0x000000078a400000, 0x000000078a400000, 0x000000078a600000|  0%| F|  |TAMS 0x000000078a400000| PB 0x000000078a400000| Untracked 
| 595|0x000000078a600000, 0x000000078a600000, 0x000000078a800000|  0%| F|  |TAMS 0x000000078a600000| PB 0x000000078a600000| Untracked 
| 596|0x000000078a800000, 0x000000078a800000, 0x000000078aa00000|  0%| F|  |TAMS 0x000000078a800000| PB 0x000000078a800000| Untracked 
| 597|0x000000078aa00000, 0x000000078aa00000, 0x000000078ac00000|  0%| F|  |TAMS 0x000000078aa00000| PB 0x000000078aa00000| Untracked 
| 598|0x000000078ac00000, 0x000000078ac00000, 0x000000078ae00000|  0%| F|  |TAMS 0x000000078ac00000| PB 0x000000078ac00000| Untracked 
| 599|0x000000078ae00000, 0x000000078ae00000, 0x000000078b000000|  0%| F|  |TAMS 0x000000078ae00000| PB 0x000000078ae00000| Untracked 
| 600|0x000000078b000000, 0x000000078b000000, 0x000000078b200000|  0%| F|  |TAMS 0x000000078b000000| PB 0x000000078b000000| Untracked 
| 601|0x000000078b200000, 0x000000078b200000, 0x000000078b400000|  0%| F|  |TAMS 0x000000078b200000| PB 0x000000078b200000| Untracked 
| 602|0x000000078b400000, 0x000000078b400000, 0x000000078b600000|  0%| F|  |TAMS 0x000000078b400000| PB 0x000000078b400000| Untracked 
| 603|0x000000078b600000, 0x000000078b600000, 0x000000078b800000|  0%| F|  |TAMS 0x000000078b600000| PB 0x000000078b600000| Untracked 
| 604|0x000000078b800000, 0x000000078b800000, 0x000000078ba00000|  0%| F|  |TAMS 0x000000078b800000| PB 0x000000078b800000| Untracked 
| 605|0x000000078ba00000, 0x000000078ba00000, 0x000000078bc00000|  0%| F|  |TAMS 0x000000078ba00000| PB 0x000000078ba00000| Untracked 
| 606|0x000000078bc00000, 0x000000078bc00000, 0x000000078be00000|  0%| F|  |TAMS 0x000000078bc00000| PB 0x000000078bc00000| Untracked 
| 607|0x000000078be00000, 0x000000078be00000, 0x000000078c000000|  0%| F|  |TAMS 0x000000078be00000| PB 0x000000078be00000| Untracked 
| 608|0x000000078c000000, 0x000000078c000000, 0x000000078c200000|  0%| F|  |TAMS 0x000000078c000000| PB 0x000000078c000000| Untracked 
| 609|0x000000078c200000, 0x000000078c200000, 0x000000078c400000|  0%| F|  |TAMS 0x000000078c200000| PB 0x000000078c200000| Untracked 
| 610|0x000000078c400000, 0x000000078c400000, 0x000000078c600000|  0%| F|  |TAMS 0x000000078c400000| PB 0x000000078c400000| Untracked 
| 611|0x000000078c600000, 0x000000078c600000, 0x000000078c800000|  0%| F|  |TAMS 0x000000078c600000| PB 0x000000078c600000| Untracked 
| 612|0x000000078c800000, 0x000000078c800000, 0x000000078ca00000|  0%| F|  |TAMS 0x000000078c800000| PB 0x000000078c800000| Untracked 
| 613|0x000000078ca00000, 0x000000078ca00000, 0x000000078cc00000|  0%| F|  |TAMS 0x000000078ca00000| PB 0x000000078ca00000| Untracked 
| 614|0x000000078cc00000, 0x000000078cc00000, 0x000000078ce00000|  0%| F|  |TAMS 0x000000078cc00000| PB 0x000000078cc00000| Untracked 
| 615|0x000000078ce00000, 0x000000078ce00000, 0x000000078d000000|  0%| F|  |TAMS 0x000000078ce00000| PB 0x000000078ce00000| Untracked 
| 616|0x000000078d000000, 0x000000078d000000, 0x000000078d200000|  0%| F|  |TAMS 0x000000078d000000| PB 0x000000078d000000| Untracked 
| 617|0x000000078d200000, 0x000000078d200000, 0x000000078d400000|  0%| F|  |TAMS 0x000000078d200000| PB 0x000000078d200000| Untracked 
| 618|0x000000078d400000, 0x000000078d400000, 0x000000078d600000|  0%| F|  |TAMS 0x000000078d400000| PB 0x000000078d400000| Untracked 
| 619|0x000000078d600000, 0x000000078d600000, 0x000000078d800000|  0%| F|  |TAMS 0x000000078d600000| PB 0x000000078d600000| Untracked 
| 620|0x000000078d800000, 0x000000078d800000, 0x000000078da00000|  0%| F|  |TAMS 0x000000078d800000| PB 0x000000078d800000| Untracked 
| 621|0x000000078da00000, 0x000000078da00000, 0x000000078dc00000|  0%| F|  |TAMS 0x000000078da00000| PB 0x000000078da00000| Untracked 
| 622|0x000000078dc00000, 0x000000078dc00000, 0x000000078de00000|  0%| F|  |TAMS 0x000000078dc00000| PB 0x000000078dc00000| Untracked 
| 623|0x000000078de00000, 0x000000078de00000, 0x000000078e000000|  0%| F|  |TAMS 0x000000078de00000| PB 0x000000078de00000| Untracked 
| 624|0x000000078e000000, 0x000000078e000000, 0x000000078e200000|  0%| F|  |TAMS 0x000000078e000000| PB 0x000000078e000000| Untracked 
| 625|0x000000078e200000, 0x000000078e200000, 0x000000078e400000|  0%| F|  |TAMS 0x000000078e200000| PB 0x000000078e200000| Untracked 
| 626|0x000000078e400000, 0x000000078e400000, 0x000000078e600000|  0%| F|  |TAMS 0x000000078e400000| PB 0x000000078e400000| Untracked 
| 627|0x000000078e600000, 0x000000078e600000, 0x000000078e800000|  0%| F|  |TAMS 0x000000078e600000| PB 0x000000078e600000| Untracked 
| 628|0x000000078e800000, 0x000000078e800000, 0x000000078ea00000|  0%| F|  |TAMS 0x000000078e800000| PB 0x000000078e800000| Untracked 
| 629|0x000000078ea00000, 0x000000078ea00000, 0x000000078ec00000|  0%| F|  |TAMS 0x000000078ea00000| PB 0x000000078ea00000| Untracked 
| 630|0x000000078ec00000, 0x000000078ec00000, 0x000000078ee00000|  0%| F|  |TAMS 0x000000078ec00000| PB 0x000000078ec00000| Untracked 
| 631|0x000000078ee00000, 0x000000078ee00000, 0x000000078f000000|  0%| F|  |TAMS 0x000000078ee00000| PB 0x000000078ee00000| Untracked 
| 632|0x000000078f000000, 0x000000078f000000, 0x000000078f200000|  0%| F|  |TAMS 0x000000078f000000| PB 0x000000078f000000| Untracked 
| 633|0x000000078f200000, 0x000000078f200000, 0x000000078f400000|  0%| F|  |TAMS 0x000000078f200000| PB 0x000000078f200000| Untracked 
| 634|0x000000078f400000, 0x000000078f400000, 0x000000078f600000|  0%| F|  |TAMS 0x000000078f400000| PB 0x000000078f400000| Untracked 
| 635|0x000000078f600000, 0x000000078f600000, 0x000000078f800000|  0%| F|  |TAMS 0x000000078f600000| PB 0x000000078f600000| Untracked 
| 636|0x000000078f800000, 0x000000078f800000, 0x000000078fa00000|  0%| F|  |TAMS 0x000000078f800000| PB 0x000000078f800000| Untracked 
| 637|0x000000078fa00000, 0x000000078fa00000, 0x000000078fc00000|  0%| F|  |TAMS 0x000000078fa00000| PB 0x000000078fa00000| Untracked 
| 638|0x000000078fc00000, 0x000000078fc00000, 0x000000078fe00000|  0%| F|  |TAMS 0x000000078fc00000| PB 0x000000078fc00000| Untracked 
| 639|0x000000078fe00000, 0x000000078fe00000, 0x0000000790000000|  0%| F|  |TAMS 0x000000078fe00000| PB 0x000000078fe00000| Untracked 
| 640|0x0000000790000000, 0x0000000790000000, 0x0000000790200000|  0%| F|  |TAMS 0x0000000790000000| PB 0x0000000790000000| Untracked 
| 641|0x0000000790200000, 0x0000000790200000, 0x0000000790400000|  0%| F|  |TAMS 0x0000000790200000| PB 0x0000000790200000| Untracked 
| 642|0x0000000790400000, 0x0000000790400000, 0x0000000790600000|  0%| F|  |TAMS 0x0000000790400000| PB 0x0000000790400000| Untracked 
| 643|0x0000000790600000, 0x0000000790600000, 0x0000000790800000|  0%| F|  |TAMS 0x0000000790600000| PB 0x0000000790600000| Untracked 
| 644|0x0000000790800000, 0x0000000790800000, 0x0000000790a00000|  0%| F|  |TAMS 0x0000000790800000| PB 0x0000000790800000| Untracked 
| 645|0x0000000790a00000, 0x0000000790a00000, 0x0000000790c00000|  0%| F|  |TAMS 0x0000000790a00000| PB 0x0000000790a00000| Untracked 
| 646|0x0000000790c00000, 0x0000000790c00000, 0x0000000790e00000|  0%| F|  |TAMS 0x0000000790c00000| PB 0x0000000790c00000| Untracked 
| 647|0x0000000790e00000, 0x0000000790e00000, 0x0000000791000000|  0%| F|  |TAMS 0x0000000790e00000| PB 0x0000000790e00000| Untracked 
| 648|0x0000000791000000, 0x0000000791000000, 0x0000000791200000|  0%| F|  |TAMS 0x0000000791000000| PB 0x0000000791000000| Untracked 
| 649|0x0000000791200000, 0x0000000791200000, 0x0000000791400000|  0%| F|  |TAMS 0x0000000791200000| PB 0x0000000791200000| Untracked 
| 650|0x0000000791400000, 0x0000000791400000, 0x0000000791600000|  0%| F|  |TAMS 0x0000000791400000| PB 0x0000000791400000| Untracked 
| 651|0x0000000791600000, 0x0000000791600000, 0x0000000791800000|  0%| F|  |TAMS 0x0000000791600000| PB 0x0000000791600000| Untracked 
| 652|0x0000000791800000, 0x0000000791800000, 0x0000000791a00000|  0%| F|  |TAMS 0x0000000791800000| PB 0x0000000791800000| Untracked 
| 653|0x0000000791a00000, 0x0000000791a00000, 0x0000000791c00000|  0%| F|  |TAMS 0x0000000791a00000| PB 0x0000000791a00000| Untracked 
| 654|0x0000000791c00000, 0x0000000791c00000, 0x0000000791e00000|  0%| F|  |TAMS 0x0000000791c00000| PB 0x0000000791c00000| Untracked 
| 655|0x0000000791e00000, 0x0000000791e00000, 0x0000000792000000|  0%| F|  |TAMS 0x0000000791e00000| PB 0x0000000791e00000| Untracked 
| 656|0x0000000792000000, 0x0000000792000000, 0x0000000792200000|  0%| F|  |TAMS 0x0000000792000000| PB 0x0000000792000000| Untracked 
| 657|0x0000000792200000, 0x0000000792200000, 0x0000000792400000|  0%| F|  |TAMS 0x0000000792200000| PB 0x0000000792200000| Untracked 
| 658|0x0000000792400000, 0x0000000792400000, 0x0000000792600000|  0%| F|  |TAMS 0x0000000792400000| PB 0x0000000792400000| Untracked 
| 659|0x0000000792600000, 0x0000000792600000, 0x0000000792800000|  0%| F|  |TAMS 0x0000000792600000| PB 0x0000000792600000| Untracked 
| 660|0x0000000792800000, 0x0000000792800000, 0x0000000792a00000|  0%| F|  |TAMS 0x0000000792800000| PB 0x0000000792800000| Untracked 
| 661|0x0000000792a00000, 0x0000000792a00000, 0x0000000792c00000|  0%| F|  |TAMS 0x0000000792a00000| PB 0x0000000792a00000| Untracked 
| 662|0x0000000792c00000, 0x0000000792c00000, 0x0000000792e00000|  0%| F|  |TAMS 0x0000000792c00000| PB 0x0000000792c00000| Untracked 
| 663|0x0000000792e00000, 0x0000000792e00000, 0x0000000793000000|  0%| F|  |TAMS 0x0000000792e00000| PB 0x0000000792e00000| Untracked 
| 664|0x0000000793000000, 0x0000000793000000, 0x0000000793200000|  0%| F|  |TAMS 0x0000000793000000| PB 0x0000000793000000| Untracked 
| 665|0x0000000793200000, 0x0000000793200000, 0x0000000793400000|  0%| F|  |TAMS 0x0000000793200000| PB 0x0000000793200000| Untracked 
| 666|0x0000000793400000, 0x0000000793400000, 0x0000000793600000|  0%| F|  |TAMS 0x0000000793400000| PB 0x0000000793400000| Untracked 
| 667|0x0000000793600000, 0x0000000793600000, 0x0000000793800000|  0%| F|  |TAMS 0x0000000793600000| PB 0x0000000793600000| Untracked 
| 668|0x0000000793800000, 0x0000000793800000, 0x0000000793a00000|  0%| F|  |TAMS 0x0000000793800000| PB 0x0000000793800000| Untracked 
| 669|0x0000000793a00000, 0x0000000793a00000, 0x0000000793c00000|  0%| F|  |TAMS 0x0000000793a00000| PB 0x0000000793a00000| Untracked 
| 670|0x0000000793c00000, 0x0000000793c00000, 0x0000000793e00000|  0%| F|  |TAMS 0x0000000793c00000| PB 0x0000000793c00000| Untracked 
| 671|0x0000000793e00000, 0x0000000793e00000, 0x0000000794000000|  0%| F|  |TAMS 0x0000000793e00000| PB 0x0000000793e00000| Untracked 
| 672|0x0000000794000000, 0x0000000794000000, 0x0000000794200000|  0%| F|  |TAMS 0x0000000794000000| PB 0x0000000794000000| Untracked 
| 673|0x0000000794200000, 0x0000000794200000, 0x0000000794400000|  0%| F|  |TAMS 0x0000000794200000| PB 0x0000000794200000| Untracked 
| 674|0x0000000794400000, 0x0000000794400000, 0x0000000794600000|  0%| F|  |TAMS 0x0000000794400000| PB 0x0000000794400000| Untracked 
| 675|0x0000000794600000, 0x0000000794600000, 0x0000000794800000|  0%| F|  |TAMS 0x0000000794600000| PB 0x0000000794600000| Untracked 
| 676|0x0000000794800000, 0x0000000794800000, 0x0000000794a00000|  0%| F|  |TAMS 0x0000000794800000| PB 0x0000000794800000| Untracked 
| 677|0x0000000794a00000, 0x0000000794a00000, 0x0000000794c00000|  0%| F|  |TAMS 0x0000000794a00000| PB 0x0000000794a00000| Untracked 
| 678|0x0000000794c00000, 0x0000000794c00000, 0x0000000794e00000|  0%| F|  |TAMS 0x0000000794c00000| PB 0x0000000794c00000| Untracked 
| 679|0x0000000794e00000, 0x0000000794e00000, 0x0000000795000000|  0%| F|  |TAMS 0x0000000794e00000| PB 0x0000000794e00000| Untracked 
| 680|0x0000000795000000, 0x0000000795000000, 0x0000000795200000|  0%| F|  |TAMS 0x0000000795000000| PB 0x0000000795000000| Untracked 
| 681|0x0000000795200000, 0x0000000795200000, 0x0000000795400000|  0%| F|  |TAMS 0x0000000795200000| PB 0x0000000795200000| Untracked 
| 682|0x0000000795400000, 0x0000000795400000, 0x0000000795600000|  0%| F|  |TAMS 0x0000000795400000| PB 0x0000000795400000| Untracked 
| 683|0x0000000795600000, 0x0000000795600000, 0x0000000795800000|  0%| F|  |TAMS 0x0000000795600000| PB 0x0000000795600000| Untracked 
| 684|0x0000000795800000, 0x0000000795800000, 0x0000000795a00000|  0%| F|  |TAMS 0x0000000795800000| PB 0x0000000795800000| Untracked 
| 685|0x0000000795a00000, 0x0000000795a00000, 0x0000000795c00000|  0%| F|  |TAMS 0x0000000795a00000| PB 0x0000000795a00000| Untracked 
| 686|0x0000000795c00000, 0x0000000795c00000, 0x0000000795e00000|  0%| F|  |TAMS 0x0000000795c00000| PB 0x0000000795c00000| Untracked 
| 687|0x0000000795e00000, 0x0000000795e00000, 0x0000000796000000|  0%| F|  |TAMS 0x0000000795e00000| PB 0x0000000795e00000| Untracked 
| 688|0x0000000796000000, 0x0000000796000000, 0x0000000796200000|  0%| F|  |TAMS 0x0000000796000000| PB 0x0000000796000000| Untracked 
| 689|0x0000000796200000, 0x0000000796200000, 0x0000000796400000|  0%| F|  |TAMS 0x0000000796200000| PB 0x0000000796200000| Untracked 
| 690|0x0000000796400000, 0x0000000796400000, 0x0000000796600000|  0%| F|  |TAMS 0x0000000796400000| PB 0x0000000796400000| Untracked 
| 691|0x0000000796600000, 0x0000000796600000, 0x0000000796800000|  0%| F|  |TAMS 0x0000000796600000| PB 0x0000000796600000| Untracked 
| 692|0x0000000796800000, 0x0000000796800000, 0x0000000796a00000|  0%| F|  |TAMS 0x0000000796800000| PB 0x0000000796800000| Untracked 
| 693|0x0000000796a00000, 0x0000000796a00000, 0x0000000796c00000|  0%| F|  |TAMS 0x0000000796a00000| PB 0x0000000796a00000| Untracked 
| 694|0x0000000796c00000, 0x0000000796c00000, 0x0000000796e00000|  0%| F|  |TAMS 0x0000000796c00000| PB 0x0000000796c00000| Untracked 
| 695|0x0000000796e00000, 0x0000000796e00000, 0x0000000797000000|  0%| F|  |TAMS 0x0000000796e00000| PB 0x0000000796e00000| Untracked 
| 696|0x0000000797000000, 0x0000000797000000, 0x0000000797200000|  0%| F|  |TAMS 0x0000000797000000| PB 0x0000000797000000| Untracked 
| 697|0x0000000797200000, 0x0000000797200000, 0x0000000797400000|  0%| F|  |TAMS 0x0000000797200000| PB 0x0000000797200000| Untracked 
| 698|0x0000000797400000, 0x0000000797400000, 0x0000000797600000|  0%| F|  |TAMS 0x0000000797400000| PB 0x0000000797400000| Untracked 
| 699|0x0000000797600000, 0x0000000797600000, 0x0000000797800000|  0%| F|  |TAMS 0x0000000797600000| PB 0x0000000797600000| Untracked 
| 700|0x0000000797800000, 0x0000000797800000, 0x0000000797a00000|  0%| F|  |TAMS 0x0000000797800000| PB 0x0000000797800000| Untracked 
| 701|0x0000000797a00000, 0x0000000797a00000, 0x0000000797c00000|  0%| F|  |TAMS 0x0000000797a00000| PB 0x0000000797a00000| Untracked 
| 702|0x0000000797c00000, 0x0000000797c00000, 0x0000000797e00000|  0%| F|  |TAMS 0x0000000797c00000| PB 0x0000000797c00000| Untracked 
| 703|0x0000000797e00000, 0x0000000797e00000, 0x0000000798000000|  0%| F|  |TAMS 0x0000000797e00000| PB 0x0000000797e00000| Untracked 
| 704|0x0000000798000000, 0x0000000798000000, 0x0000000798200000|  0%| F|  |TAMS 0x0000000798000000| PB 0x0000000798000000| Untracked 
| 705|0x0000000798200000, 0x0000000798200000, 0x0000000798400000|  0%| F|  |TAMS 0x0000000798200000| PB 0x0000000798200000| Untracked 
| 706|0x0000000798400000, 0x0000000798400000, 0x0000000798600000|  0%| F|  |TAMS 0x0000000798400000| PB 0x0000000798400000| Untracked 
| 707|0x0000000798600000, 0x0000000798600000, 0x0000000798800000|  0%| F|  |TAMS 0x0000000798600000| PB 0x0000000798600000| Untracked 
| 708|0x0000000798800000, 0x0000000798800000, 0x0000000798a00000|  0%| F|  |TAMS 0x0000000798800000| PB 0x0000000798800000| Untracked 
| 709|0x0000000798a00000, 0x0000000798a00000, 0x0000000798c00000|  0%| F|  |TAMS 0x0000000798a00000| PB 0x0000000798a00000| Untracked 
| 710|0x0000000798c00000, 0x0000000798c00000, 0x0000000798e00000|  0%| F|  |TAMS 0x0000000798c00000| PB 0x0000000798c00000| Untracked 
| 711|0x0000000798e00000, 0x0000000798e00000, 0x0000000799000000|  0%| F|  |TAMS 0x0000000798e00000| PB 0x0000000798e00000| Untracked 
| 712|0x0000000799000000, 0x0000000799000000, 0x0000000799200000|  0%| F|  |TAMS 0x0000000799000000| PB 0x0000000799000000| Untracked 
| 713|0x0000000799200000, 0x0000000799200000, 0x0000000799400000|  0%| F|  |TAMS 0x0000000799200000| PB 0x0000000799200000| Untracked 
| 714|0x0000000799400000, 0x0000000799400000, 0x0000000799600000|  0%| F|  |TAMS 0x0000000799400000| PB 0x0000000799400000| Untracked 
| 715|0x0000000799600000, 0x0000000799600000, 0x0000000799800000|  0%| F|  |TAMS 0x0000000799600000| PB 0x0000000799600000| Untracked 
| 716|0x0000000799800000, 0x0000000799800000, 0x0000000799a00000|  0%| F|  |TAMS 0x0000000799800000| PB 0x0000000799800000| Untracked 
| 717|0x0000000799a00000, 0x0000000799a00000, 0x0000000799c00000|  0%| F|  |TAMS 0x0000000799a00000| PB 0x0000000799a00000| Untracked 
| 718|0x0000000799c00000, 0x0000000799c00000, 0x0000000799e00000|  0%| F|  |TAMS 0x0000000799c00000| PB 0x0000000799c00000| Untracked 
| 719|0x0000000799e00000, 0x0000000799e00000, 0x000000079a000000|  0%| F|  |TAMS 0x0000000799e00000| PB 0x0000000799e00000| Untracked 
| 720|0x000000079a000000, 0x000000079a000000, 0x000000079a200000|  0%| F|  |TAMS 0x000000079a000000| PB 0x000000079a000000| Untracked 
| 721|0x000000079a200000, 0x000000079a200000, 0x000000079a400000|  0%| F|  |TAMS 0x000000079a200000| PB 0x000000079a200000| Untracked 
| 722|0x000000079a400000, 0x000000079a400000, 0x000000079a600000|  0%| F|  |TAMS 0x000000079a400000| PB 0x000000079a400000| Untracked 
| 723|0x000000079a600000, 0x000000079a600000, 0x000000079a800000|  0%| F|  |TAMS 0x000000079a600000| PB 0x000000079a600000| Untracked 
| 724|0x000000079a800000, 0x000000079a800000, 0x000000079aa00000|  0%| F|  |TAMS 0x000000079a800000| PB 0x000000079a800000| Untracked 
| 725|0x000000079aa00000, 0x000000079aa00000, 0x000000079ac00000|  0%| F|  |TAMS 0x000000079aa00000| PB 0x000000079aa00000| Untracked 
| 726|0x000000079ac00000, 0x000000079ac00000, 0x000000079ae00000|  0%| F|  |TAMS 0x000000079ac00000| PB 0x000000079ac00000| Untracked 
| 727|0x000000079ae00000, 0x000000079ae00000, 0x000000079b000000|  0%| F|  |TAMS 0x000000079ae00000| PB 0x000000079ae00000| Untracked 
| 728|0x000000079b000000, 0x000000079b000000, 0x000000079b200000|  0%| F|  |TAMS 0x000000079b000000| PB 0x000000079b000000| Untracked 
| 729|0x000000079b200000, 0x000000079b200000, 0x000000079b400000|  0%| F|  |TAMS 0x000000079b200000| PB 0x000000079b200000| Untracked 
| 730|0x000000079b400000, 0x000000079b400000, 0x000000079b600000|  0%| F|  |TAMS 0x000000079b400000| PB 0x000000079b400000| Untracked 
| 731|0x000000079b600000, 0x000000079b600000, 0x000000079b800000|  0%| F|  |TAMS 0x000000079b600000| PB 0x000000079b600000| Untracked 
| 732|0x000000079b800000, 0x000000079b800000, 0x000000079ba00000|  0%| F|  |TAMS 0x000000079b800000| PB 0x000000079b800000| Untracked 
| 733|0x000000079ba00000, 0x000000079ba00000, 0x000000079bc00000|  0%| F|  |TAMS 0x000000079ba00000| PB 0x000000079ba00000| Untracked 
| 734|0x000000079bc00000, 0x000000079bc00000, 0x000000079be00000|  0%| F|  |TAMS 0x000000079bc00000| PB 0x000000079bc00000| Untracked 
| 735|0x000000079be00000, 0x000000079be00000, 0x000000079c000000|  0%| F|  |TAMS 0x000000079be00000| PB 0x000000079be00000| Untracked 
| 736|0x000000079c000000, 0x000000079c000000, 0x000000079c200000|  0%| F|  |TAMS 0x000000079c000000| PB 0x000000079c000000| Untracked 
| 737|0x000000079c200000, 0x000000079c200000, 0x000000079c400000|  0%| F|  |TAMS 0x000000079c200000| PB 0x000000079c200000| Untracked 
| 738|0x000000079c400000, 0x000000079c400000, 0x000000079c600000|  0%| F|  |TAMS 0x000000079c400000| PB 0x000000079c400000| Untracked 
| 739|0x000000079c600000, 0x000000079c600000, 0x000000079c800000|  0%| F|  |TAMS 0x000000079c600000| PB 0x000000079c600000| Untracked 
| 740|0x000000079c800000, 0x000000079c800000, 0x000000079ca00000|  0%| F|  |TAMS 0x000000079c800000| PB 0x000000079c800000| Untracked 
| 741|0x000000079ca00000, 0x000000079ca00000, 0x000000079cc00000|  0%| F|  |TAMS 0x000000079ca00000| PB 0x000000079ca00000| Untracked 
| 742|0x000000079cc00000, 0x000000079cc00000, 0x000000079ce00000|  0%| F|  |TAMS 0x000000079cc00000| PB 0x000000079cc00000| Untracked 
| 743|0x000000079ce00000, 0x000000079ce00000, 0x000000079d000000|  0%| F|  |TAMS 0x000000079ce00000| PB 0x000000079ce00000| Untracked 
| 744|0x000000079d000000, 0x000000079d000000, 0x000000079d200000|  0%| F|  |TAMS 0x000000079d000000| PB 0x000000079d000000| Untracked 
| 745|0x000000079d200000, 0x000000079d200000, 0x000000079d400000|  0%| F|  |TAMS 0x000000079d200000| PB 0x000000079d200000| Untracked 
| 746|0x000000079d400000, 0x000000079d400000, 0x000000079d600000|  0%| F|  |TAMS 0x000000079d400000| PB 0x000000079d400000| Untracked 
| 747|0x000000079d600000, 0x000000079d600000, 0x000000079d800000|  0%| F|  |TAMS 0x000000079d600000| PB 0x000000079d600000| Untracked 
| 748|0x000000079d800000, 0x000000079d800000, 0x000000079da00000|  0%| F|  |TAMS 0x000000079d800000| PB 0x000000079d800000| Untracked 
| 749|0x000000079da00000, 0x000000079da00000, 0x000000079dc00000|  0%| F|  |TAMS 0x000000079da00000| PB 0x000000079da00000| Untracked 
| 750|0x000000079dc00000, 0x000000079dc00000, 0x000000079de00000|  0%| F|  |TAMS 0x000000079dc00000| PB 0x000000079dc00000| Untracked 
| 751|0x000000079de00000, 0x000000079de00000, 0x000000079e000000|  0%| F|  |TAMS 0x000000079de00000| PB 0x000000079de00000| Untracked 
| 752|0x000000079e000000, 0x000000079e000000, 0x000000079e200000|  0%| F|  |TAMS 0x000000079e000000| PB 0x000000079e000000| Untracked 
| 753|0x000000079e200000, 0x000000079e200000, 0x000000079e400000|  0%| F|  |TAMS 0x000000079e200000| PB 0x000000079e200000| Untracked 
| 754|0x000000079e400000, 0x000000079e400000, 0x000000079e600000|  0%| F|  |TAMS 0x000000079e400000| PB 0x000000079e400000| Untracked 
| 755|0x000000079e600000, 0x000000079e600000, 0x000000079e800000|  0%| F|  |TAMS 0x000000079e600000| PB 0x000000079e600000| Untracked 
| 756|0x000000079e800000, 0x000000079e800000, 0x000000079ea00000|  0%| F|  |TAMS 0x000000079e800000| PB 0x000000079e800000| Untracked 
| 757|0x000000079ea00000, 0x000000079ea00000, 0x000000079ec00000|  0%| F|  |TAMS 0x000000079ea00000| PB 0x000000079ea00000| Untracked 
| 758|0x000000079ec00000, 0x000000079ec00000, 0x000000079ee00000|  0%| F|  |TAMS 0x000000079ec00000| PB 0x000000079ec00000| Untracked 
| 759|0x000000079ee00000, 0x000000079ee00000, 0x000000079f000000|  0%| F|  |TAMS 0x000000079ee00000| PB 0x000000079ee00000| Untracked 
| 760|0x000000079f000000, 0x000000079f000000, 0x000000079f200000|  0%| F|  |TAMS 0x000000079f000000| PB 0x000000079f000000| Untracked 
| 761|0x000000079f200000, 0x000000079f200000, 0x000000079f400000|  0%| F|  |TAMS 0x000000079f200000| PB 0x000000079f200000| Untracked 
| 762|0x000000079f400000, 0x000000079f400000, 0x000000079f600000|  0%| F|  |TAMS 0x000000079f400000| PB 0x000000079f400000| Untracked 
| 763|0x000000079f600000, 0x000000079f600000, 0x000000079f800000|  0%| F|  |TAMS 0x000000079f600000| PB 0x000000079f600000| Untracked 
| 764|0x000000079f800000, 0x000000079f800000, 0x000000079fa00000|  0%| F|  |TAMS 0x000000079f800000| PB 0x000000079f800000| Untracked 
| 765|0x000000079fa00000, 0x000000079fa00000, 0x000000079fc00000|  0%| F|  |TAMS 0x000000079fa00000| PB 0x000000079fa00000| Untracked 
| 766|0x000000079fc00000, 0x000000079fc00000, 0x000000079fe00000|  0%| F|  |TAMS 0x000000079fc00000| PB 0x000000079fc00000| Untracked 
| 767|0x000000079fe00000, 0x000000079fe00000, 0x00000007a0000000|  0%| F|  |TAMS 0x000000079fe00000| PB 0x000000079fe00000| Untracked 
| 768|0x00000007a0000000, 0x00000007a0000000, 0x00000007a0200000|  0%| F|  |TAMS 0x00000007a0000000| PB 0x00000007a0000000| Untracked 
| 769|0x00000007a0200000, 0x00000007a0200000, 0x00000007a0400000|  0%| F|  |TAMS 0x00000007a0200000| PB 0x00000007a0200000| Untracked 
| 770|0x00000007a0400000, 0x00000007a0400000, 0x00000007a0600000|  0%| F|  |TAMS 0x00000007a0400000| PB 0x00000007a0400000| Untracked 
| 771|0x00000007a0600000, 0x00000007a0600000, 0x00000007a0800000|  0%| F|  |TAMS 0x00000007a0600000| PB 0x00000007a0600000| Untracked 
| 772|0x00000007a0800000, 0x00000007a0800000, 0x00000007a0a00000|  0%| F|  |TAMS 0x00000007a0800000| PB 0x00000007a0800000| Untracked 
| 773|0x00000007a0a00000, 0x00000007a0a00000, 0x00000007a0c00000|  0%| F|  |TAMS 0x00000007a0a00000| PB 0x00000007a0a00000| Untracked 
| 774|0x00000007a0c00000, 0x00000007a0c00000, 0x00000007a0e00000|  0%| F|  |TAMS 0x00000007a0c00000| PB 0x00000007a0c00000| Untracked 
| 775|0x00000007a0e00000, 0x00000007a0e00000, 0x00000007a1000000|  0%| F|  |TAMS 0x00000007a0e00000| PB 0x00000007a0e00000| Untracked 
| 776|0x00000007a1000000, 0x00000007a1000000, 0x00000007a1200000|  0%| F|  |TAMS 0x00000007a1000000| PB 0x00000007a1000000| Untracked 
| 777|0x00000007a1200000, 0x00000007a1200000, 0x00000007a1400000|  0%| F|  |TAMS 0x00000007a1200000| PB 0x00000007a1200000| Untracked 
| 778|0x00000007a1400000, 0x00000007a1400000, 0x00000007a1600000|  0%| F|  |TAMS 0x00000007a1400000| PB 0x00000007a1400000| Untracked 
| 779|0x00000007a1600000, 0x00000007a1600000, 0x00000007a1800000|  0%| F|  |TAMS 0x00000007a1600000| PB 0x00000007a1600000| Untracked 
| 780|0x00000007a1800000, 0x00000007a1800000, 0x00000007a1a00000|  0%| F|  |TAMS 0x00000007a1800000| PB 0x00000007a1800000| Untracked 
| 781|0x00000007a1a00000, 0x00000007a1a00000, 0x00000007a1c00000|  0%| F|  |TAMS 0x00000007a1a00000| PB 0x00000007a1a00000| Untracked 
| 782|0x00000007a1c00000, 0x00000007a1c00000, 0x00000007a1e00000|  0%| F|  |TAMS 0x00000007a1c00000| PB 0x00000007a1c00000| Untracked 
| 783|0x00000007a1e00000, 0x00000007a1e00000, 0x00000007a2000000|  0%| F|  |TAMS 0x00000007a1e00000| PB 0x00000007a1e00000| Untracked 
| 784|0x00000007a2000000, 0x00000007a2000000, 0x00000007a2200000|  0%| F|  |TAMS 0x00000007a2000000| PB 0x00000007a2000000| Untracked 
| 785|0x00000007a2200000, 0x00000007a2200000, 0x00000007a2400000|  0%| F|  |TAMS 0x00000007a2200000| PB 0x00000007a2200000| Untracked 
| 786|0x00000007a2400000, 0x00000007a2400000, 0x00000007a2600000|  0%| F|  |TAMS 0x00000007a2400000| PB 0x00000007a2400000| Untracked 
| 787|0x00000007a2600000, 0x00000007a2600000, 0x00000007a2800000|  0%| F|  |TAMS 0x00000007a2600000| PB 0x00000007a2600000| Untracked 
| 788|0x00000007a2800000, 0x00000007a2800000, 0x00000007a2a00000|  0%| F|  |TAMS 0x00000007a2800000| PB 0x00000007a2800000| Untracked 
| 789|0x00000007a2a00000, 0x00000007a2a00000, 0x00000007a2c00000|  0%| F|  |TAMS 0x00000007a2a00000| PB 0x00000007a2a00000| Untracked 
| 790|0x00000007a2c00000, 0x00000007a2c00000, 0x00000007a2e00000|  0%| F|  |TAMS 0x00000007a2c00000| PB 0x00000007a2c00000| Untracked 
| 791|0x00000007a2e00000, 0x00000007a2e00000, 0x00000007a3000000|  0%| F|  |TAMS 0x00000007a2e00000| PB 0x00000007a2e00000| Untracked 
| 792|0x00000007a3000000, 0x00000007a3000000, 0x00000007a3200000|  0%| F|  |TAMS 0x00000007a3000000| PB 0x00000007a3000000| Untracked 
| 793|0x00000007a3200000, 0x00000007a3200000, 0x00000007a3400000|  0%| F|  |TAMS 0x00000007a3200000| PB 0x00000007a3200000| Untracked 
| 794|0x00000007a3400000, 0x00000007a3400000, 0x00000007a3600000|  0%| F|  |TAMS 0x00000007a3400000| PB 0x00000007a3400000| Untracked 
| 795|0x00000007a3600000, 0x00000007a3600000, 0x00000007a3800000|  0%| F|  |TAMS 0x00000007a3600000| PB 0x00000007a3600000| Untracked 
| 796|0x00000007a3800000, 0x00000007a3800000, 0x00000007a3a00000|  0%| F|  |TAMS 0x00000007a3800000| PB 0x00000007a3800000| Untracked 
| 797|0x00000007a3a00000, 0x00000007a3a00000, 0x00000007a3c00000|  0%| F|  |TAMS 0x00000007a3a00000| PB 0x00000007a3a00000| Untracked 
| 798|0x00000007a3c00000, 0x00000007a3c00000, 0x00000007a3e00000|  0%| F|  |TAMS 0x00000007a3c00000| PB 0x00000007a3c00000| Untracked 
| 799|0x00000007a3e00000, 0x00000007a3e00000, 0x00000007a4000000|  0%| F|  |TAMS 0x00000007a3e00000| PB 0x00000007a3e00000| Untracked 
| 800|0x00000007a4000000, 0x00000007a4000000, 0x00000007a4200000|  0%| F|  |TAMS 0x00000007a4000000| PB 0x00000007a4000000| Untracked 
|1514|0x00000007fd400000, 0x00000007fd600000, 0x00000007fd600000|100%| O|  |TAMS 0x00000007fd600000| PB 0x00000007fd400000| Untracked 
|1515|0x00000007fd600000, 0x00000007fd600000, 0x00000007fd800000|  0%| F|  |TAMS 0x00000007fd600000| PB 0x00000007fd600000| Untracked 
|1516|0x00000007fd800000, 0x00000007fda00000, 0x00000007fda00000|100%| O|  |TAMS 0x00000007fda00000| PB 0x00000007fd800000| Untracked 
|1517|0x00000007fda00000, 0x00000007fdc00000, 0x00000007fdc00000|100%| O|  |TAMS 0x00000007fdc00000| PB 0x00000007fda00000| Untracked 
|1518|0x00000007fdc00000, 0x00000007fde00000, 0x00000007fde00000|100%| O|  |TAMS 0x00000007fde00000| PB 0x00000007fdc00000| Untracked 
|1519|0x00000007fde00000, 0x00000007fe000000, 0x00000007fe000000|100%| O|  |TAMS 0x00000007fe000000| PB 0x00000007fde00000| Untracked 
|1520|0x00000007fe000000, 0x00000007fe200000, 0x00000007fe200000|100%| O|  |TAMS 0x00000007fe200000| PB 0x00000007fe000000| Untracked 
|1521|0x00000007fe200000, 0x00000007fe400000, 0x00000007fe400000|100%| O|  |TAMS 0x00000007fe400000| PB 0x00000007fe200000| Untracked 
|1522|0x00000007fe400000, 0x00000007fe600000, 0x00000007fe600000|100%| O|  |TAMS 0x00000007fe600000| PB 0x00000007fe400000| Untracked 
|1523|0x00000007fe600000, 0x00000007fe800000, 0x00000007fe800000|100%| O|  |TAMS 0x00000007fe800000| PB 0x00000007fe600000| Untracked 
|1524|0x00000007fe800000, 0x00000007fe800000, 0x00000007fea00000|  0%| F|  |TAMS 0x00000007fe800000| PB 0x00000007fe800000| Untracked 
|1525|0x00000007fea00000, 0x00000007fea00000, 0x00000007fec00000|  0%| F|  |TAMS 0x00000007fea00000| PB 0x00000007fea00000| Untracked 
|1526|0x00000007fec00000, 0x00000007fec00000, 0x00000007fee00000|  0%| F|  |TAMS 0x00000007fec00000| PB 0x00000007fec00000| Untracked 
|1527|0x00000007fee00000, 0x00000007fee00000, 0x00000007ff000000|  0%| F|  |TAMS 0x00000007fee00000| PB 0x00000007fee00000| Untracked 
|1528|0x00000007ff000000, 0x00000007ff000000, 0x00000007ff200000|  0%| F|  |TAMS 0x00000007ff000000| PB 0x00000007ff000000| Untracked 
|1529|0x00000007ff200000, 0x00000007ff200000, 0x00000007ff400000|  0%| F|  |TAMS 0x00000007ff200000| PB 0x00000007ff200000| Untracked 
|1530|0x00000007ff400000, 0x00000007ff400000, 0x00000007ff600000|  0%| F|  |TAMS 0x00000007ff400000| PB 0x00000007ff400000| Untracked 
|1531|0x00000007ff600000, 0x00000007ff600000, 0x00000007ff800000|  0%| F|  |TAMS 0x00000007ff600000| PB 0x00000007ff600000| Untracked 
|1532|0x00000007ff800000, 0x00000007ff800000, 0x00000007ffa00000|  0%| F|  |TAMS 0x00000007ff800000| PB 0x00000007ff800000| Untracked 
|1533|0x00000007ffa00000, 0x00000007ffa00000, 0x00000007ffc00000|  0%| F|  |TAMS 0x00000007ffa00000| PB 0x00000007ffa00000| Untracked 
|1534|0x00000007ffc00000, 0x00000007ffe00000, 0x00000007ffe00000|100%| O|  |TAMS 0x00000007ffe00000| PB 0x00000007ffc00000| Untracked 
|1535|0x00000007ffe00000, 0x00000007ffe00000, 0x0000000800000000|  0%| F|  |TAMS 0x00000007ffe00000| PB 0x00000007ffe00000| Untracked 

Card table byte_map: [0x000001e5f1170000,0x000001e5f1770000] _byte_map_base: 0x000001e5ed770000

Marking Bits: (CMBitMap*) 0x000001e5d8f958a0
 Bits: [0x000001e5f1770000, 0x000001e5f4770000)

Polling page: 0x000001e5d6ab0000

Metaspace:

Usage:
  Non-class:    128.24 MB used.
      Class:     20.29 MB used.
       Both:    148.53 MB used.

Virtual space:
  Non-class space:      192.00 MB reserved,     129.44 MB ( 67%) committed,  3 nodes.
      Class space:        1.00 GB reserved,      21.50 MB (  2%) committed,  1 nodes.
             Both:        1.19 GB reserved,     150.94 MB ( 12%) committed. 

Chunk freelists:
   Non-Class:  13.75 MB
       Class:  10.31 MB
        Both:  24.06 MB

MaxMetaspaceSize: unlimited
CompressedClassSpaceSize: 1.00 GB
Initial GC threshold: 21.00 MB
Current GC threshold: 251.50 MB
CDS: on
 - commit_granule_bytes: 65536.
 - commit_granule_words: 8192.
 - virtual_space_node_default_size: 8388608.
 - enlarge_chunks_in_place: 1.
 - use_allocation_guard: 0.


Internal statistics:

num_allocs_failed_limit: 9.
num_arena_births: 4688.
num_arena_deaths: 192.
num_vsnodes_births: 4.
num_vsnodes_deaths: 0.
num_space_committed: 2418.
num_space_uncommitted: 4.
num_chunks_returned_to_freelist: 335.
num_chunks_taken_from_freelist: 11639.
num_chunk_merges: 135.
num_chunk_splits: 7679.
num_chunks_enlarged: 5057.
num_inconsistent_stats: 0.

CodeHeap 'non-profiled nmethods': size=120000Kb used=20517Kb max_used=20785Kb free=99482Kb
 bounds [0x000001e5e90f0000, 0x000001e5ea560000, 0x000001e5f0620000]
CodeHeap 'profiled nmethods': size=120000Kb used=26574Kb max_used=45931Kb free=93425Kb
 bounds [0x000001e5e1620000, 0x000001e5e43b0000, 0x000001e5e8b50000]
CodeHeap 'non-nmethods': size=5760Kb used=3037Kb max_used=3122Kb free=2722Kb
 bounds [0x000001e5e8b50000, 0x000001e5e8e80000, 0x000001e5e90f0000]
 total_blobs=15892 nmethods=14803 adapters=990
 compilation: enabled
              stopped_count=0, restarted_count=0
 full_count=0

Compilation events (20 events):
Event: 53.026 Thread 0x000001e5f740ca50 39489       2       java.util.HashMap$TreeNode::split (218 bytes)
Event: 53.027 Thread 0x000001e5f740ca50 nmethod 39489 0x000001e5e1742290 code [0x000001e5e17424e0, 0x000001e5e1742e88]
Event: 53.049 Thread 0x000001e5f740ca50 39491       3       com.android.tools.r8.internal.Z3::a (215 bytes)
Event: 53.053 Thread 0x000001e5f740ca50 nmethod 39491 0x000001e5e29bc510 code [0x000001e5e29bca60, 0x000001e5e29bf778]
Event: 53.066 Thread 0x000001e5f740ca50 39492       3       com.android.tools.r8.ir.optimize.q::a (140 bytes)
Event: 53.067 Thread 0x000001e5f740ca50 nmethod 39492 0x000001e5e2484790 code [0x000001e5e2484a40, 0x000001e5e24855c0]
Event: 53.081 Thread 0x000001e5f7408860 nmethod 39391% 0x000001e5e9d40490 code [0x000001e5e9d40d00, 0x000001e5e9d46b40]
Event: 53.083 Thread 0x000001e5f7408860 39490       4       com.android.tools.r8.internal.tw::a (197 bytes)
Event: 53.090 Thread 0x000001e5f740ca50 39494       2       com.android.tools.r8.internal.JK::d (168 bytes)
Event: 53.091 Thread 0x000001e5f740ca50 nmethod 39494 0x000001e5e1876410 code [0x000001e5e18765c0, 0x000001e5e1876820]
Event: 53.104 Thread 0x000001e5c5221f60 nmethod 39292 0x000001e5e99bf790 code [0x000001e5e99c0200, 0x000001e5e99c4998]
Event: 53.105 Thread 0x000001e5c5221f60 39493       4       com.android.tools.r8.internal.mo0::b (357 bytes)
Event: 53.181 Thread 0x000001e5f7408860 nmethod 39490 0x000001e5ea174710 code [0x000001e5ea174ba0, 0x000001e5ea176ca0]
Event: 53.181 Thread 0x000001e5f7408860 39496       4       java.util.stream.AbstractPipeline::<init> (91 bytes)
Event: 53.185 Thread 0x000001e5f7408860 nmethod 39496 0x000001e5e91f7690 code [0x000001e5e91f7840, 0x000001e5e91f7c78]
Event: 53.185 Thread 0x000001e5f7408860 39495       4       com.android.tools.r8.internal.nt::a (129 bytes)
Event: 53.188 Thread 0x000001e5f7408860 nmethod 39495 0x000001e5e9100510 code [0x000001e5e91006a0, 0x000001e5e9100808]
Event: 53.188 Thread 0x000001e5f7408860 39220       4       com.android.tools.r8.internal.Lt::a (124 bytes)
Event: 53.192 Thread 0x000001e5c5220420 nmethod 39187 0x000001e5e9f3e310 code [0x000001e5e9f3e9c0, 0x000001e5e9f439b0]
Event: 53.193 Thread 0x000001e5c5220420 39485       4       com.android.tools.r8.ir.optimize.q::a (228 bytes)

GC Heap History (20 events):
Event: 49.036 GC heap after
{Heap after GC invocations=104 (full 0):
 garbage-first heap   total 1624064K, used 644096K [0x0000000740000000, 0x0000000800000000)
  region size 2048K, 47 young (96256K), 47 survivors (96256K)
 Metaspace       used 152020K, committed 154496K, reserved 1245184K
  class space    used 20774K, committed 22016K, reserved 1048576K
}
Event: 49.890 GC heap before
{Heap before GC invocations=104 (full 0):
 garbage-first heap   total 1624064K, used 1412096K [0x0000000740000000, 0x0000000800000000)
  region size 2048K, 418 young (856064K), 47 survivors (96256K)
 Metaspace       used 152071K, committed 154560K, reserved 1245184K
  class space    used 20774K, committed 22016K, reserved 1048576K
}
Event: 49.947 GC heap after
{Heap after GC invocations=105 (full 0):
 garbage-first heap   total 1624064K, used 662762K [0x0000000740000000, 0x0000000800000000)
  region size 2048K, 39 young (79872K), 39 survivors (79872K)
 Metaspace       used 152071K, committed 154560K, reserved 1245184K
  class space    used 20774K, committed 22016K, reserved 1048576K
}
Event: 50.156 GC heap before
{Heap before GC invocations=105 (full 0):
 garbage-first heap   total 1624064K, used 1426666K [0x0000000740000000, 0x0000000800000000)
  region size 2048K, 413 young (845824K), 39 survivors (79872K)
 Metaspace       used 152071K, committed 154560K, reserved 1245184K
  class space    used 20774K, committed 22016K, reserved 1048576K
}
Event: 50.195 GC heap after
{Heap after GC invocations=106 (full 0):
 garbage-first heap   total 1624064K, used 672768K [0x0000000740000000, 0x0000000800000000)
  region size 2048K, 20 young (40960K), 20 survivors (40960K)
 Metaspace       used 152071K, committed 154560K, reserved 1245184K
  class space    used 20774K, committed 22016K, reserved 1048576K
}
Event: 50.478 GC heap before
{Heap before GC invocations=106 (full 0):
 garbage-first heap   total 1624064K, used 1457152K [0x0000000740000000, 0x0000000800000000)
  region size 2048K, 404 young (827392K), 20 survivors (40960K)
 Metaspace       used 152073K, committed 154560K, reserved 1245184K
  class space    used 20774K, committed 22016K, reserved 1048576K
}
Event: 50.504 GC heap after
{Heap after GC invocations=107 (full 0):
 garbage-first heap   total 1685504K, used 681751K [0x0000000740000000, 0x0000000800000000)
  region size 2048K, 24 young (49152K), 24 survivors (49152K)
 Metaspace       used 152073K, committed 154560K, reserved 1245184K
  class space    used 20774K, committed 22016K, reserved 1048576K
}
Event: 50.947 GC heap before
{Heap before GC invocations=108 (full 0):
 garbage-first heap   total 1685504K, used 1529623K [0x0000000740000000, 0x0000000800000000)
  region size 2048K, 441 young (903168K), 24 survivors (49152K)
 Metaspace       used 152076K, committed 154560K, reserved 1245184K
  class space    used 20774K, committed 22016K, reserved 1048576K
}
Event: 50.973 GC heap after
{Heap after GC invocations=109 (full 0):
 garbage-first heap   total 1685504K, used 679674K [0x0000000740000000, 0x0000000800000000)
  region size 2048K, 25 young (51200K), 25 survivors (51200K)
 Metaspace       used 152076K, committed 154560K, reserved 1245184K
  class space    used 20774K, committed 22016K, reserved 1048576K
}
Event: 51.557 GC heap before
{Heap before GC invocations=109 (full 0):
 garbage-first heap   total 1685504K, used 1545978K [0x0000000740000000, 0x0000000800000000)
  region size 2048K, 449 young (919552K), 25 survivors (51200K)
 Metaspace       used 152082K, committed 154560K, reserved 1245184K
  class space    used 20774K, committed 22016K, reserved 1048576K
}
Event: 51.593 GC heap after
{Heap after GC invocations=110 (full 0):
 garbage-first heap   total 1685504K, used 644206K [0x0000000740000000, 0x0000000800000000)
  region size 2048K, 30 young (61440K), 30 survivors (61440K)
 Metaspace       used 152082K, committed 154560K, reserved 1245184K
  class space    used 20774K, committed 22016K, reserved 1048576K
}
Event: 51.851 GC heap before
{Heap before GC invocations=110 (full 0):
 garbage-first heap   total 1685504K, used 1533038K [0x0000000740000000, 0x0000000800000000)
  region size 2048K, 465 young (952320K), 30 survivors (61440K)
 Metaspace       used 152082K, committed 154560K, reserved 1245184K
  class space    used 20774K, committed 22016K, reserved 1048576K
}
Event: 51.880 GC heap after
{Heap after GC invocations=111 (full 0):
 garbage-first heap   total 1685504K, used 645339K [0x0000000740000000, 0x0000000800000000)
  region size 2048K, 30 young (61440K), 30 survivors (61440K)
 Metaspace       used 152082K, committed 154560K, reserved 1245184K
  class space    used 20774K, committed 22016K, reserved 1048576K
}
Event: 52.274 GC heap before
{Heap before GC invocations=111 (full 0):
 garbage-first heap   total 1685504K, used 1536219K [0x0000000740000000, 0x0000000800000000)
  region size 2048K, 465 young (952320K), 30 survivors (61440K)
 Metaspace       used 152087K, committed 154560K, reserved 1245184K
  class space    used 20774K, committed 22016K, reserved 1048576K
}
Event: 52.304 GC heap after
{Heap after GC invocations=112 (full 0):
 garbage-first heap   total 1685504K, used 646363K [0x0000000740000000, 0x0000000800000000)
  region size 2048K, 31 young (63488K), 31 survivors (63488K)
 Metaspace       used 152087K, committed 154560K, reserved 1245184K
  class space    used 20774K, committed 22016K, reserved 1048576K
}
Event: 52.618 GC heap before
{Heap before GC invocations=113 (full 0):
 garbage-first heap   total 1685504K, used 1527003K [0x0000000740000000, 0x0000000800000000)
  region size 2048K, 464 young (950272K), 31 survivors (63488K)
 Metaspace       used 152088K, committed 154560K, reserved 1245184K
  class space    used 20774K, committed 22016K, reserved 1048576K
}
Event: 52.645 GC heap after
{Heap after GC invocations=114 (full 0):
 garbage-first heap   total 1685504K, used 635099K [0x0000000740000000, 0x0000000800000000)
  region size 2048K, 27 young (55296K), 27 survivors (55296K)
 Metaspace       used 152088K, committed 154560K, reserved 1245184K
  class space    used 20774K, committed 22016K, reserved 1048576K
}
Event: 52.907 GC heap before
{Heap before GC invocations=114 (full 0):
 garbage-first heap   total 1685504K, used 1542363K [0x0000000740000000, 0x0000000800000000)
  region size 2048K, 470 young (962560K), 27 survivors (55296K)
 Metaspace       used 152096K, committed 154560K, reserved 1245184K
  class space    used 20774K, committed 22016K, reserved 1048576K
}
Event: 52.941 GC heap after
{Heap after GC invocations=115 (full 0):
 garbage-first heap   total 1685504K, used 583732K [0x0000000740000000, 0x0000000800000000)
  region size 2048K, 27 young (55296K), 27 survivors (55296K)
 Metaspace       used 152096K, committed 154560K, reserved 1245184K
  class space    used 20774K, committed 22016K, reserved 1048576K
}
Event: 53.215 GC heap before
{Heap before GC invocations=115 (full 0):
 garbage-first heap   total 1685504K, used 1538100K [0x0000000740000000, 0x0000000800000000)
  region size 2048K, 493 young (1009664K), 27 survivors (55296K)
 Metaspace       used 152097K, committed 154560K, reserved 1245184K
  class space    used 20774K, committed 22016K, reserved 1048576K
}

Dll operation events (15 events):
Event: 0.006 Loaded shared library C:\Users\vfxno\AppData\Local\Programs\Eclipse Adoptium\jdk-21.0.6.7-hotspot\bin\java.dll
Event: 0.029 Loaded shared library C:\Users\vfxno\AppData\Local\Programs\Eclipse Adoptium\jdk-21.0.6.7-hotspot\bin\jsvml.dll
Event: 0.057 Loaded shared library C:\Users\vfxno\AppData\Local\Programs\Eclipse Adoptium\jdk-21.0.6.7-hotspot\bin\zip.dll
Event: 0.060 Loaded shared library C:\Users\vfxno\AppData\Local\Programs\Eclipse Adoptium\jdk-21.0.6.7-hotspot\bin\instrument.dll
Event: 0.063 Loaded shared library C:\Users\vfxno\AppData\Local\Programs\Eclipse Adoptium\jdk-21.0.6.7-hotspot\bin\net.dll
Event: 0.065 Loaded shared library C:\Users\vfxno\AppData\Local\Programs\Eclipse Adoptium\jdk-21.0.6.7-hotspot\bin\nio.dll
Event: 0.067 Loaded shared library C:\Users\vfxno\AppData\Local\Programs\Eclipse Adoptium\jdk-21.0.6.7-hotspot\bin\zip.dll
Event: 0.205 Loaded shared library C:\Users\vfxno\AppData\Local\Programs\Eclipse Adoptium\jdk-21.0.6.7-hotspot\bin\jimage.dll
Event: 0.276 Loaded shared library C:\Users\vfxno\AppData\Local\Programs\Eclipse Adoptium\jdk-21.0.6.7-hotspot\bin\verify.dll
Event: 0.335 Loaded shared library C:\Users\vfxno\.gradle\native\1def1411415f61bf3af743bc5b6707747c0891f09f0c88961ee8f79bc544acac\windows-amd64\native-platform.dll
Event: 0.342 Loaded shared library C:\Users\vfxno\.gradle\native\0.2.7\x86_64-windows-gnu\gradle-fileevents.dll
Event: 1.034 Loaded shared library C:\Users\vfxno\AppData\Local\Programs\Eclipse Adoptium\jdk-21.0.6.7-hotspot\bin\management.dll
Event: 1.035 Loaded shared library C:\Users\vfxno\AppData\Local\Programs\Eclipse Adoptium\jdk-21.0.6.7-hotspot\bin\management_ext.dll
Event: 1.126 Loaded shared library C:\Users\vfxno\AppData\Local\Programs\Eclipse Adoptium\jdk-21.0.6.7-hotspot\bin\extnet.dll
Event: 1.278 Loaded shared library C:\Users\vfxno\AppData\Local\Programs\Eclipse Adoptium\jdk-21.0.6.7-hotspot\bin\sunmscapi.dll

Deoptimization events (20 events):
Event: 53.200 Thread 0x000001e5fcf2e060 DEOPT PACKING pc=0x000001e5e2889b9d sp=0x000000a1dc5fe7d0
Event: 53.200 Thread 0x000001e5fcf2e060 DEOPT UNPACKING pc=0x000001e5e8ba4e42 sp=0x000000a1dc5fe060 mode 0
Event: 53.206 Thread 0x000001e5c60e5540 DEOPT PACKING pc=0x000001e5e2f64911 sp=0x000000a1dbefe400
Event: 53.206 Thread 0x000001e5c60e5540 DEOPT UNPACKING pc=0x000001e5e8ba4e42 sp=0x000000a1dbefd948 mode 0
Event: 53.206 Thread 0x000001e5fcf2e060 DEOPT PACKING pc=0x000001e5e3a0f6eb sp=0x000000a1dc5fe520
Event: 53.206 Thread 0x000001e5fcf2e060 DEOPT UNPACKING pc=0x000001e5e8ba4e42 sp=0x000000a1dc5fdac0 mode 0
Event: 53.208 Thread 0x000001e5c60e5bd0 DEOPT PACKING pc=0x000001e5e2eaef06 sp=0x000000a1dc3fe4c0
Event: 53.208 Thread 0x000001e5c60e5bd0 DEOPT UNPACKING pc=0x000001e5e8ba4e42 sp=0x000000a1dc3fdc10 mode 0
Event: 53.209 Thread 0x000001e5c60e6260 DEOPT PACKING pc=0x000001e5e1f2bf2f sp=0x000000a1dbcfe0b0
Event: 53.209 Thread 0x000001e5c60e6260 DEOPT UNPACKING pc=0x000001e5e8ba4e42 sp=0x000000a1dbcfd578 mode 0
Event: 53.211 Thread 0x000001e5fcf2e060 DEOPT PACKING pc=0x000001e5e3a79e09 sp=0x000000a1dc5fe330
Event: 53.211 Thread 0x000001e5fcf2e060 DEOPT UNPACKING pc=0x000001e5e8ba4e42 sp=0x000000a1dc5fda20 mode 0
Event: 53.213 Thread 0x000001e5c4df0370 DEOPT PACKING pc=0x000001e5e3e37d89 sp=0x000000a1dc2fe6d0
Event: 53.213 Thread 0x000001e5c4df0370 DEOPT UNPACKING pc=0x000001e5e8ba4e42 sp=0x000000a1dc2fdc78 mode 0
Event: 53.213 Thread 0x000001e5c4df0370 DEOPT PACKING pc=0x000001e5e33c9bc5 sp=0x000000a1dc2fe870
Event: 53.213 Thread 0x000001e5c4df0370 DEOPT UNPACKING pc=0x000001e5e8ba4e42 sp=0x000000a1dc2fdda0 mode 0
Event: 53.214 Thread 0x000001e5c60e4eb0 DEOPT PACKING pc=0x000001e5e166b892 sp=0x000000a1dbbfe910
Event: 53.214 Thread 0x000001e5c60e4eb0 DEOPT UNPACKING pc=0x000001e5e8ba4e42 sp=0x000000a1dbbfdf28 mode 0
Event: 53.215 Thread 0x000001e5c61dcc00 DEOPT PACKING pc=0x000001e5e376d917 sp=0x000000a1dbffea40
Event: 53.215 Thread 0x000001e5c61dcc00 DEOPT UNPACKING pc=0x000001e5e8ba4e42 sp=0x000000a1dbffe028 mode 0

Classes loaded (20 events):
Event: 45.384 Loading class java/security/InvalidAlgorithmParameterException
Event: 45.384 Loading class java/security/InvalidAlgorithmParameterException done
Event: 46.070 Loading class sun/security/rsa/RSACore$BlindingParameters
Event: 46.070 Loading class sun/security/rsa/RSACore$BlindingParameters done
Event: 46.071 Loading class sun/security/jca/JCAUtil$CachedSecureRandomHolder
Event: 46.071 Loading class sun/security/jca/JCAUtil$CachedSecureRandomHolder done
Event: 46.077 Loading class sun/security/rsa/RSACore$BlindingRandomPair
Event: 46.077 Loading class sun/security/rsa/RSACore$BlindingRandomPair done
Event: 46.094 Loading class java/security/spec/InvalidKeySpecException
Event: 46.095 Loading class java/security/spec/InvalidKeySpecException done
Event: 46.095 Loading class java/security/DigestException
Event: 46.095 Loading class java/security/DigestException done
Event: 46.128 Loading class java/nio/BufferOverflowException
Event: 46.128 Loading class java/nio/BufferOverflowException done
Event: 46.132 Loading class java/security/spec/MGF1ParameterSpec
Event: 46.132 Loading class java/security/spec/MGF1ParameterSpec done
Event: 46.134 Loading class java/util/concurrent/ForkJoinTask$AdaptedRunnableAction
Event: 46.134 Loading class java/util/concurrent/ForkJoinTask$AdaptedRunnableAction done
Event: 46.173 Loading class java/nio/BufferUnderflowException
Event: 46.173 Loading class java/nio/BufferUnderflowException done

Classes unloaded (20 events):
Event: 37.649 Thread 0x000001e5d6ae1160 Unloading class 0x000001e58231d400 'java/lang/invoke/LambdaForm$DMH+0x000001e58231d400'
Event: 37.649 Thread 0x000001e5d6ae1160 Unloading class 0x000001e58231d800 'java/lang/invoke/LambdaForm$DMH+0x000001e58231d800'
Event: 37.649 Thread 0x000001e5d6ae1160 Unloading class 0x000001e58231cc00 'java/lang/invoke/LambdaForm$DMH+0x000001e58231cc00'
Event: 37.649 Thread 0x000001e5d6ae1160 Unloading class 0x000001e58231c800 'java/lang/invoke/LambdaForm$DMH+0x000001e58231c800'
Event: 37.649 Thread 0x000001e5d6ae1160 Unloading class 0x000001e58231c400 'java/lang/invoke/LambdaForm$DMH+0x000001e58231c400'
Event: 39.637 Thread 0x000001e5d6ae1160 Unloading class 0x000001e5823ec800 'java/lang/invoke/LambdaForm$DMH+0x000001e5823ec800'
Event: 39.637 Thread 0x000001e5d6ae1160 Unloading class 0x000001e5823ec400 'java/lang/invoke/LambdaForm$DMH+0x000001e5823ec400'
Event: 39.637 Thread 0x000001e5d6ae1160 Unloading class 0x000001e5823e4c00 'java/lang/invoke/LambdaForm$DMH+0x000001e5823e4c00'
Event: 39.637 Thread 0x000001e5d6ae1160 Unloading class 0x000001e5823e4800 'java/lang/invoke/LambdaForm$DMH+0x000001e5823e4800'
Event: 39.637 Thread 0x000001e5d6ae1160 Unloading class 0x000001e5823e4000 'java/lang/invoke/LambdaForm$DMH+0x000001e5823e4000'
Event: 39.637 Thread 0x000001e5d6ae1160 Unloading class 0x000001e5823a2400 'java/lang/invoke/LambdaForm$DMH+0x000001e5823a2400'
Event: 39.637 Thread 0x000001e5d6ae1160 Unloading class 0x000001e5823a2800 'java/lang/invoke/LambdaForm$DMH+0x000001e5823a2800'
Event: 39.637 Thread 0x000001e5d6ae1160 Unloading class 0x000001e5823a2000 'java/lang/invoke/LambdaForm$DMH+0x000001e5823a2000'
Event: 39.637 Thread 0x000001e5d6ae1160 Unloading class 0x000001e5823a1c00 'java/lang/invoke/LambdaForm$DMH+0x000001e5823a1c00'
Event: 39.637 Thread 0x000001e5d6ae1160 Unloading class 0x000001e5823a1800 'java/lang/invoke/LambdaForm$DMH+0x000001e5823a1800'
Event: 39.637 Thread 0x000001e5d6ae1160 Unloading class 0x000001e5823a1400 'java/lang/invoke/LambdaForm$DMH+0x000001e5823a1400'
Event: 39.637 Thread 0x000001e5d6ae1160 Unloading class 0x000001e5823a0800 'java/lang/invoke/LambdaForm$DMH+0x000001e5823a0800'
Event: 39.637 Thread 0x000001e5d6ae1160 Unloading class 0x000001e5823a0c00 'java/lang/invoke/LambdaForm$DMH+0x000001e5823a0c00'
Event: 39.637 Thread 0x000001e5d6ae1160 Unloading class 0x000001e5823a1000 'java/lang/invoke/LambdaForm$DMH+0x000001e5823a1000'
Event: 39.637 Thread 0x000001e5d6ae1160 Unloading class 0x000001e5823a0400 'java/lang/invoke/LambdaForm$DMH+0x000001e5823a0400'

Classes redefined (0 events):
No events

Internal exceptions (20 events):
Event: 45.250 Thread 0x000001e5d1e0b080 Exception <a 'sun/nio/fs/WindowsException'{0x000000078f526be8}> (0x000000078f526be8) 
thrown [s\src\hotspot\share\prims\jni.cpp, line 520]
Event: 45.253 Thread 0x000001e5d1e0b080 Exception <a 'sun/nio/fs/WindowsException'{0x000000078f538c80}> (0x000000078f538c80) 
thrown [s\src\hotspot\share\prims\jni.cpp, line 520]
Event: 45.253 Thread 0x000001e5d1e0b080 Exception <a 'sun/nio/fs/WindowsException'{0x000000078f538d70}> (0x000000078f538d70) 
thrown [s\src\hotspot\share\prims\jni.cpp, line 520]
Event: 45.253 Thread 0x000001e5d1e0b080 Exception <a 'sun/nio/fs/WindowsException'{0x000000078f538e60}> (0x000000078f538e60) 
thrown [s\src\hotspot\share\prims\jni.cpp, line 520]
Event: 45.253 Thread 0x000001e5d1e0b080 Exception <a 'sun/nio/fs/WindowsException'{0x000000078f538f60}> (0x000000078f538f60) 
thrown [s\src\hotspot\share\prims\jni.cpp, line 520]
Event: 45.253 Thread 0x000001e5d1e0b080 Exception <a 'sun/nio/fs/WindowsException'{0x000000078f539060}> (0x000000078f539060) 
thrown [s\src\hotspot\share\prims\jni.cpp, line 520]
Event: 45.253 Thread 0x000001e5d1e0b080 Exception <a 'sun/nio/fs/WindowsException'{0x000000078f5391f0}> (0x000000078f5391f0) 
thrown [s\src\hotspot\share\prims\jni.cpp, line 520]
Event: 45.308 Thread 0x000001e5f76ee7a0 Exception <a 'java/lang/NoSuchMethodError'{0x000000078e304a68}: 'java.lang.Object java.lang.invoke.DirectMethodHandle$Holder.newInvokeSpecial(java.lang.Object, java.lang.Object, java.lang.Object, java.lang.Object, java.lang.Object, int, java.lang.Object)'> (0x000000078e304a68) 
thrown [s\src\hotspot\share\interpreter\linkResolver.cpp, line 773]
Event: 45.308 Thread 0x000001e5f76ee7a0 Exception <a 'java/lang/NoSuchMethodError'{0x000000078e308c88}: 'java.lang.Object java.lang.invoke.DirectMethodHandle$Holder.invokeSpecial(java.lang.Object, java.lang.Object, java.lang.Object, java.lang.Object, java.lang.Object, java.lang.Object, int, java.lang.Object)'> (0x000000078e308c88) 
thrown [s\src\hotspot\share\interpreter\linkResolver.cpp, line 773]
Event: 45.308 Thread 0x000001e5f76ee7a0 Exception <a 'java/lang/NoSuchMethodError'{0x000000078e30c788}: 'java.lang.Object java.lang.invoke.Invokers$Holder.linkToTargetMethod(java.lang.Object, java.lang.Object, java.lang.Object, java.lang.Object, int, java.lang.Object, java.lang.Object)'> (0x000000078e30c788) 
thrown [s\src\hotspot\share\interpreter\linkResolver.cpp, line 773]
Event: 45.375 Thread 0x000001e5f76ee7a0 Exception <a 'sun/nio/fs/WindowsException'{0x000000078beb6f58}> (0x000000078beb6f58) 
thrown [s\src\hotspot\share\prims\jni.cpp, line 520]
Event: 45.401 Thread 0x000001e5cd947080 Implicit null exception at 0x000001e5e987aa6c to 0x000001e5e987ac74
Event: 45.401 Thread 0x000001e5fcf2faa0 Implicit null exception at 0x000001e5e987aa6c to 0x000001e5e987ac74
Event: 45.401 Thread 0x000001e5c5465e50 Implicit null exception at 0x000001e5e987aa6c to 0x000001e5e987ac74
Event: 45.401 Thread 0x000001e5cd8a7620 Implicit null exception at 0x000001e5e987aa6c to 0x000001e5e987ac74
Event: 45.401 Thread 0x000001e5c54692d0 Implicit null exception at 0x000001e5e987aa6c to 0x000001e5e987ac74
Event: 46.144 Thread 0x000001e5c54692d0 Implicit null exception at 0x000001e5ea222cac to 0x000001e5ea222e44
Event: 46.258 Thread 0x000001e5c4f2ff60 Exception <a 'sun/nio/fs/WindowsException'{0x000000079a018d40}> (0x000000079a018d40) 
thrown [s\src\hotspot\share\prims\jni.cpp, line 520]
Event: 47.233 Thread 0x000001e5d1e0b080 Implicit null exception at 0x000001e5ea11d66b to 0x000001e5ea11f120
Event: 51.831 Thread 0x000001e5c3443a60 Implicit null exception at 0x000001e5e972ea13 to 0x000001e5e972ea44

ZGC Phase Switch (0 events):
No events

VM Operations (20 events):
Event: 50.877 Executing VM operation: G1PauseCleanup done
Event: 50.946 Executing VM operation: G1CollectForAllocation (G1 Evacuation Pause)
Event: 50.973 Executing VM operation: G1CollectForAllocation (G1 Evacuation Pause) done
Event: 51.395 Executing VM operation: ICBufferFull
Event: 51.395 Executing VM operation: ICBufferFull done
Event: 51.557 Executing VM operation: G1CollectForAllocation (G1 Evacuation Pause)
Event: 51.593 Executing VM operation: G1CollectForAllocation (G1 Evacuation Pause) done
Event: 51.851 Executing VM operation: G1CollectForAllocation (G1 Evacuation Pause)
Event: 51.880 Executing VM operation: G1CollectForAllocation (G1 Evacuation Pause) done
Event: 52.274 Executing VM operation: G1CollectForAllocation (G1 Evacuation Pause)
Event: 52.305 Executing VM operation: G1CollectForAllocation (G1 Evacuation Pause) done
Event: 52.339 Executing VM operation: G1PauseRemark
Event: 52.349 Executing VM operation: G1PauseRemark done
Event: 52.539 Executing VM operation: G1PauseCleanup
Event: 52.539 Executing VM operation: G1PauseCleanup done
Event: 52.618 Executing VM operation: G1CollectForAllocation (G1 Evacuation Pause)
Event: 52.645 Executing VM operation: G1CollectForAllocation (G1 Evacuation Pause) done
Event: 52.906 Executing VM operation: G1CollectForAllocation (G1 Evacuation Pause)
Event: 52.941 Executing VM operation: G1CollectForAllocation (G1 Evacuation Pause) done
Event: 53.215 Executing VM operation: G1CollectForAllocation (G1 Evacuation Pause)

Memory protections (0 events):
No events

Nmethod flushes (20 events):
Event: 52.348 Thread 0x000001e5d6ae1160 flushing  nmethod 0x000001e5e3fdb990
Event: 52.348 Thread 0x000001e5d6ae1160 flushing  nmethod 0x000001e5e4026f90
Event: 52.348 Thread 0x000001e5d6ae1160 flushing  nmethod 0x000001e5e402eb10
Event: 52.348 Thread 0x000001e5d6ae1160 flushing  nmethod 0x000001e5e402f390
Event: 52.348 Thread 0x000001e5d6ae1160 flushing  nmethod 0x000001e5e4033690
Event: 52.348 Thread 0x000001e5d6ae1160 flushing  nmethod 0x000001e5e4069e10
Event: 52.348 Thread 0x000001e5d6ae1160 flushing  nmethod 0x000001e5e4130c10
Event: 52.348 Thread 0x000001e5d6ae1160 flushing  nmethod 0x000001e5e4130f90
Event: 52.348 Thread 0x000001e5d6ae1160 flushing  nmethod 0x000001e5e4132390
Event: 52.348 Thread 0x000001e5d6ae1160 flushing  nmethod 0x000001e5e4132810
Event: 52.348 Thread 0x000001e5d6ae1160 flushing  nmethod 0x000001e5e4137f90
Event: 52.348 Thread 0x000001e5d6ae1160 flushing  nmethod 0x000001e5e4139f10
Event: 52.348 Thread 0x000001e5d6ae1160 flushing  nmethod 0x000001e5e41a0710
Event: 52.348 Thread 0x000001e5d6ae1160 flushing  nmethod 0x000001e5e41a4c10
Event: 52.348 Thread 0x000001e5d6ae1160 flushing  nmethod 0x000001e5e41b3b90
Event: 52.348 Thread 0x000001e5d6ae1160 flushing  nmethod 0x000001e5e41bbe10
Event: 52.348 Thread 0x000001e5d6ae1160 flushing  nmethod 0x000001e5e41bd690
Event: 52.348 Thread 0x000001e5d6ae1160 flushing  nmethod 0x000001e5e41c0510
Event: 52.348 Thread 0x000001e5d6ae1160 flushing  nmethod 0x000001e5e42dbc10
Event: 52.348 Thread 0x000001e5d6ae1160 flushing  nmethod 0x000001e5e42dce10

Events (20 events):
Event: 16.762 Thread 0x000001e5c60e5540 Thread added: 0x000001e5c4def650
Event: 16.762 Thread 0x000001e5c61dcc00 Thread added: 0x000001e5c4df0370
Event: 16.763 Thread 0x000001e5cb223f90 Thread added: 0x000001e5c60e5bd0
Event: 16.763 Thread 0x000001e5c4def650 Thread added: 0x000001e5c3443a60
Event: 16.763 Thread 0x000001e5c4df0370 Thread added: 0x000001e5fcf2e060
Event: 16.763 Thread 0x000001e5c60e5bd0 Thread added: 0x000001e5fcf33420
Event: 17.590 Thread 0x000001e5c4f2ff60 Thread added: 0x000001e5f76efb50
Event: 45.217 Thread 0x000001e5c4f326c0 Thread added: 0x000001e5d1e0b080
Event: 45.248 Thread 0x000001e5c4f32030 Thread added: 0x000001e5cc575a10
Event: 45.398 Thread 0x000001e5f76ee7a0 Thread added: 0x000001e5cbef1180
Event: 45.399 Thread 0x000001e5cbef1180 Thread added: 0x000001e5c54692d0
Event: 45.399 Thread 0x000001e5c54692d0 Thread added: 0x000001e5cd8a7620
Event: 45.400 Thread 0x000001e5cd8a7620 Thread added: 0x000001e5c5465e50
Event: 45.400 Thread 0x000001e5c5465e50 Thread added: 0x000001e5cd947080
Event: 45.400 Thread 0x000001e5cd947080 Thread added: 0x000001e5fcf2faa0
Event: 46.140 Thread 0x000001e5fcf2faa0 Thread added: 0x000001e5cd8a6270
Event: 46.141 Thread 0x000001e5cd8a6270 Thread added: 0x000001e5fcf32700
Event: 46.141 Thread 0x000001e5fcf32700 Thread added: 0x000001e5fcf32070
Event: 46.142 Thread 0x000001e5fcf32070 Thread added: 0x000001e5fcf32d90
Event: 46.144 Thread 0x000001e5fcf32d90 Thread added: 0x000001e5c2340f50


Dynamic libraries:
0x00007ff7ae300000 - 0x00007ff7ae30e000 	C:\Users\vfxno\AppData\Local\Programs\Eclipse Adoptium\jdk-21.0.6.7-hotspot\bin\java.exe
0x00007ffc01ce0000 - 0x00007ffc01f43000 	C:\WINDOWS\SYSTEM32\ntdll.dll
0x00007ffc00850000 - 0x00007ffc00917000 	C:\WINDOWS\System32\KERNEL32.DLL
0x00007ffbff310000 - 0x00007ffbff6d7000 	C:\WINDOWS\System32\KERNELBASE.dll
0x00007ffbff850000 - 0x00007ffbff99c000 	C:\WINDOWS\System32\ucrtbase.dll
0x00007ffbe08a0000 - 0x00007ffbe08be000 	C:\Users\vfxno\AppData\Local\Programs\Eclipse Adoptium\jdk-21.0.6.7-hotspot\bin\VCRUNTIME140.dll
0x00007ffbe3d80000 - 0x00007ffbe3d98000 	C:\Users\vfxno\AppData\Local\Programs\Eclipse Adoptium\jdk-21.0.6.7-hotspot\bin\jli.dll
0x00007ffc00920000 - 0x00007ffc00ae9000 	C:\WINDOWS\System32\USER32.dll
0x00007ffbff790000 - 0x00007ffbff7b7000 	C:\WINDOWS\System32\win32u.dll
0x00007ffc01bb0000 - 0x00007ffc01bda000 	C:\WINDOWS\System32\GDI32.dll
0x00007ffbe97b0000 - 0x00007ffbe9a40000 	C:\WINDOWS\WinSxS\amd64_microsoft.windows.common-controls_6595b64144ccf1df_6.0.26100.3037_none_3e09262ce333c378\COMCTL32.dll
0x00007ffbff1e0000 - 0x00007ffbff30b000 	C:\WINDOWS\System32\gdi32full.dll
0x00007ffbff6e0000 - 0x00007ffbff783000 	C:\WINDOWS\System32\msvcp_win.dll
0x00007ffc011d0000 - 0x00007ffc01279000 	C:\WINDOWS\System32\msvcrt.dll
0x00007ffbffc40000 - 0x00007ffbffc6f000 	C:\WINDOWS\System32\IMM32.DLL
0x00007ffbfc690000 - 0x00007ffbfc69c000 	C:\Users\vfxno\AppData\Local\Programs\Eclipse Adoptium\jdk-21.0.6.7-hotspot\bin\vcruntime140_1.dll
0x00007ffbd9030000 - 0x00007ffbd90bd000 	C:\Users\vfxno\AppData\Local\Programs\Eclipse Adoptium\jdk-21.0.6.7-hotspot\bin\msvcp140.dll
0x00007ffb51fd0000 - 0x00007ffb52d60000 	C:\Users\vfxno\AppData\Local\Programs\Eclipse Adoptium\jdk-21.0.6.7-hotspot\bin\server\jvm.dll
0x00007ffc01be0000 - 0x00007ffc01c94000 	C:\WINDOWS\System32\ADVAPI32.dll
0x00007ffc007a0000 - 0x00007ffc00846000 	C:\WINDOWS\System32\sechost.dll
0x00007ffc00e10000 - 0x00007ffc00f26000 	C:\WINDOWS\System32\RPCRT4.dll
0x00007ffbffbb0000 - 0x00007ffbffc24000 	C:\WINDOWS\System32\WS2_32.dll
0x00007ffbfd780000 - 0x00007ffbfd7ce000 	C:\WINDOWS\SYSTEM32\POWRPROF.dll
0x00007ffbfcbf0000 - 0x00007ffbfcbfb000 	C:\WINDOWS\SYSTEM32\VERSION.dll
0x00007ffbf7240000 - 0x00007ffbf7276000 	C:\WINDOWS\SYSTEM32\WINMM.dll
0x00007ffbfd7e0000 - 0x00007ffbfd7f4000 	C:\WINDOWS\SYSTEM32\UMPDC.dll
0x00007ffbfdfc0000 - 0x00007ffbfdfda000 	C:\WINDOWS\SYSTEM32\kernel.appcore.dll
0x00007ffbe4950000 - 0x00007ffbe495a000 	C:\Users\vfxno\AppData\Local\Programs\Eclipse Adoptium\jdk-21.0.6.7-hotspot\bin\jimage.dll
0x00007ffbf4260000 - 0x00007ffbf44a1000 	C:\WINDOWS\SYSTEM32\DBGHELP.DLL
0x00007ffc017c0000 - 0x00007ffc01b3e000 	C:\WINDOWS\System32\combase.dll
0x00007ffc00d30000 - 0x00007ffc00e06000 	C:\WINDOWS\System32\OLEAUT32.dll
0x00007ffbe7060000 - 0x00007ffbe7099000 	C:\WINDOWS\SYSTEM32\dbgcore.DLL
0x00007ffbff080000 - 0x00007ffbff119000 	C:\WINDOWS\System32\bcryptPrimitives.dll
0x00007ffbdded0000 - 0x00007ffbddedf000 	C:\Users\vfxno\AppData\Local\Programs\Eclipse Adoptium\jdk-21.0.6.7-hotspot\bin\instrument.dll
0x00007ffbe0880000 - 0x00007ffbe089f000 	C:\Users\vfxno\AppData\Local\Programs\Eclipse Adoptium\jdk-21.0.6.7-hotspot\bin\java.dll
0x00007ffc00090000 - 0x00007ffc00794000 	C:\WINDOWS\System32\SHELL32.dll
0x00007ffbfce70000 - 0x00007ffbfd6a7000 	C:\WINDOWS\SYSTEM32\windows.storage.dll
0x00007ffc010d0000 - 0x00007ffc011b9000 	C:\WINDOWS\System32\SHCORE.dll
0x00007ffc00cd0000 - 0x00007ffc00d2d000 	C:\WINDOWS\System32\shlwapi.dll
0x00007ffbfef90000 - 0x00007ffbfefbe000 	C:\WINDOWS\SYSTEM32\profapi.dll
0x00007ffbd8e00000 - 0x00007ffbd8ed7000 	C:\Users\vfxno\AppData\Local\Programs\Eclipse Adoptium\jdk-21.0.6.7-hotspot\bin\jsvml.dll
0x00007ffbde2c0000 - 0x00007ffbde2d8000 	C:\Users\vfxno\AppData\Local\Programs\Eclipse Adoptium\jdk-21.0.6.7-hotspot\bin\zip.dll
0x00007ffbe0a60000 - 0x00007ffbe0a70000 	C:\Users\vfxno\AppData\Local\Programs\Eclipse Adoptium\jdk-21.0.6.7-hotspot\bin\net.dll
0x00007ffbf8370000 - 0x00007ffbf848e000 	C:\WINDOWS\SYSTEM32\WINHTTP.dll
0x00007ffbfe4d0000 - 0x00007ffbfe53a000 	C:\WINDOWS\system32\mswsock.dll
0x00007ffbe0190000 - 0x00007ffbe01a6000 	C:\Users\vfxno\AppData\Local\Programs\Eclipse Adoptium\jdk-21.0.6.7-hotspot\bin\nio.dll
0x00007ffbe0700000 - 0x00007ffbe0710000 	C:\Users\vfxno\AppData\Local\Programs\Eclipse Adoptium\jdk-21.0.6.7-hotspot\bin\verify.dll
0x00007ffbe83b0000 - 0x00007ffbe83d7000 	C:\Users\vfxno\.gradle\native\1def1411415f61bf3af743bc5b6707747c0891f09f0c88961ee8f79bc544acac\windows-amd64\native-platform.dll
0x00007ffb991d0000 - 0x00007ffb99248000 	C:\Users\vfxno\.gradle\native\0.2.7\x86_64-windows-gnu\gradle-fileevents.dll
0x00007ffbe0180000 - 0x00007ffbe018a000 	C:\Users\vfxno\AppData\Local\Programs\Eclipse Adoptium\jdk-21.0.6.7-hotspot\bin\management.dll
0x00007ffbde5c0000 - 0x00007ffbde5cb000 	C:\Users\vfxno\AppData\Local\Programs\Eclipse Adoptium\jdk-21.0.6.7-hotspot\bin\management_ext.dll
0x00007ffbffc30000 - 0x00007ffbffc38000 	C:\WINDOWS\System32\PSAPI.DLL
0x00007ffbfdaa0000 - 0x00007ffbfdad2000 	C:\WINDOWS\SYSTEM32\IPHLPAPI.DLL
0x00007ffc00080000 - 0x00007ffc0008a000 	C:\WINDOWS\System32\NSI.dll
0x00007ffbde2a0000 - 0x00007ffbde2a9000 	C:\Users\vfxno\AppData\Local\Programs\Eclipse Adoptium\jdk-21.0.6.7-hotspot\bin\extnet.dll
0x00007ffbfe770000 - 0x00007ffbfe78c000 	C:\WINDOWS\SYSTEM32\CRYPTSP.dll
0x00007ffbfdf30000 - 0x00007ffbfdf68000 	C:\WINDOWS\system32\rsaenh.dll
0x00007ffbfe570000 - 0x00007ffbfe59b000 	C:\WINDOWS\SYSTEM32\USERENV.dll
0x00007ffbfe9b0000 - 0x00007ffbfe9d6000 	C:\WINDOWS\SYSTEM32\bcrypt.dll
0x00007ffbfe790000 - 0x00007ffbfe79c000 	C:\WINDOWS\SYSTEM32\CRYPTBASE.dll
0x00007ffbd9020000 - 0x00007ffbd902e000 	C:\Users\vfxno\AppData\Local\Programs\Eclipse Adoptium\jdk-21.0.6.7-hotspot\bin\sunmscapi.dll
0x00007ffbff9a0000 - 0x00007ffbffb16000 	C:\WINDOWS\System32\CRYPT32.dll
0x00007ffbfe970000 - 0x00007ffbfe9a0000 	C:\WINDOWS\SYSTEM32\ncrypt.dll
0x00007ffbfe920000 - 0x00007ffbfe95f000 	C:\WINDOWS\SYSTEM32\NTASN1.dll
0x00007ffbfbb60000 - 0x00007ffbfbb68000 	C:\WINDOWS\system32\wshunix.dll

dbghelp: loaded successfully - version: 4.0.5 - missing functions: none
symbol engine: initialized successfully - sym options: 0x614 - pdb path: .;C:\Users\vfxno\AppData\Local\Programs\Eclipse Adoptium\jdk-21.0.6.7-hotspot\bin;C:\WINDOWS\SYSTEM32;C:\WINDOWS\WinSxS\amd64_microsoft.windows.common-controls_6595b64144ccf1df_6.0.26100.3037_none_3e09262ce333c378;C:\Users\vfxno\AppData\Local\Programs\Eclipse Adoptium\jdk-21.0.6.7-hotspot\bin\server;C:\Users\vfxno\.gradle\native\1def1411415f61bf3af743bc5b6707747c0891f09f0c88961ee8f79bc544acac\windows-amd64;C:\Users\vfxno\.gradle\native\0.2.7\x86_64-windows-gnu

VM Arguments:
jvm_args: --add-opens=java.base/java.lang=ALL-UNNAMED --add-opens=java.base/java.lang.invoke=ALL-UNNAMED --add-opens=java.base/java.util=ALL-UNNAMED --add-opens=java.prefs/java.util.prefs=ALL-UNNAMED --add-exports=jdk.compiler/com.sun.tools.javac.api=ALL-UNNAMED --add-exports=jdk.compiler/com.sun.tools.javac.util=ALL-UNNAMED --add-opens=java.base/java.util=ALL-UNNAMED --add-opens=java.prefs/java.util.prefs=ALL-UNNAMED --add-opens=java.base/java.nio.charset=ALL-UNNAMED --add-opens=java.base/java.net=ALL-UNNAMED --add-opens=java.base/java.util.concurrent.atomic=ALL-UNNAMED --add-opens=java.xml/javax.xml.namespace=ALL-UNNAMED -Xmx3072m -Dfile.encoding=UTF-8 -Duser.country=GB -Duser.language=en -Duser.variant -javaagent:C:\Users\vfxno\.gradle\wrapper\dists\gradle-8.13-bin\5xuhj0ry160q40clulazy9h7d\gradle-8.13\lib\agents\gradle-instrumentation-agent-8.13.jar 
java_command: org.gradle.launcher.daemon.bootstrap.GradleDaemon 8.13
java_class_path (initial): C:\Users\vfxno\.gradle\wrapper\dists\gradle-8.13-bin\5xuhj0ry160q40clulazy9h7d\gradle-8.13\lib\gradle-daemon-main-8.13.jar
Launcher Type: SUN_STANDARD

[Global flags]
     intx CICompilerCount                          = 4                                         {product} {ergonomic}
     uint ConcGCThreads                            = 3                                         {product} {ergonomic}
     uint G1ConcRefinementThreads                  = 10                                        {product} {ergonomic}
   size_t G1HeapRegionSize                         = 2097152                                   {product} {ergonomic}
    uintx GCDrainStackTargetSize                   = 64                                        {product} {ergonomic}
   size_t InitialHeapSize                          = 264241152                                 {product} {ergonomic}
   size_t MarkStackSize                            = 4194304                                   {product} {ergonomic}
   size_t MaxHeapSize                              = 3221225472                                {product} {command line}
   size_t MaxNewSize                               = 1931476992                                {product} {ergonomic}
   size_t MinHeapDeltaBytes                        = 2097152                                   {product} {ergonomic}
   size_t MinHeapSize                              = 8388608                                   {product} {ergonomic}
    uintx NonNMethodCodeHeapSize                   = 5839372                                {pd product} {ergonomic}
    uintx NonProfiledCodeHeapSize                  = 122909434                              {pd product} {ergonomic}
    uintx ProfiledCodeHeapSize                     = 122909434                              {pd product} {ergonomic}
    uintx ReservedCodeCacheSize                    = 251658240                              {pd product} {ergonomic}
     bool SegmentedCodeCache                       = true                                      {product} {ergonomic}
   size_t SoftMaxHeapSize                          = 3221225472                             {manageable} {ergonomic}
     bool UseCompressedOops                        = true                           {product lp64_product} {ergonomic}
     bool UseG1GC                                  = true                                      {product} {ergonomic}
     bool UseLargePagesIndividualAllocation        = false                                  {pd product} {ergonomic}

Logging:
Log output configuration:
 #0: stdout all=warning uptime,level,tags foldmultilines=false
 #1: stderr all=off uptime,level,tags foldmultilines=false

Environment Variables:
CLASSPATH=C:\Users\vfxno\Downloads\moonlight-android\\gradle\wrapper\gradle-wrapper.jar
PATH=C:\VulkanSDK\1.4.309.0\Bin;C:\ProgramData\Scoop\GlobalScoopApps\shims;C:\WINDOWS\system32;C:\WINDOWS;C:\WINDOWS\System32\Wbem;C:\WINDOWS\System32\WindowsPowerShell\v1.0\;C:\WINDOWS\System32\OpenSSH\;C:\Program Files\NVIDIA Corporation\NVIDIA app\NvDLISR;C:\Program Files (x86)\NVIDIA Corporation\PhysX\Common;C:\Program Files\dotnet\;C:\ProgramData\Scoop\shims;C:\ProgramData\chocolatey\bin;C:\Program Files\Sunshine;C:\Program Files\Sunshine\tools;C:\Users\vfxno\AppData\Local\Programs\Python\Python313\Scripts\;C:\Users\vfxno\AppData\Local\Programs\Python\Python313\;C:\VulkanSDK\1.4.309.0\Bin;C:\Users\vfxno\AppData\Local\Programs\Eclipse Adoptium\jdk-21.0.6.7-hotspot\bin;C:\Users\vfxno\AppData\Local\Microsoft\WindowsApps;C:\Users\vfxno\AppData\Local\Programs\Microsoft VS Code\bin;C:\VulkanSDK;C:\VulkanSDK\1.4.309.0\Bin;C:\Users\vfxno\Documents\New folder;c:\Users\vfxno\AppData\Roaming\Code\User\globalStorage\github.copilot-chat\debugCommand
USERNAME=vfxno
LANG=en_US.UTF-8
OS=Windows_NT
PROCESSOR_IDENTIFIER=AMD64 Family 25 Model 80 Stepping 0, AuthenticAMD
TMP=C:\Users\vfxno\AppData\Local\Temp
TEMP=C:\Users\vfxno\AppData\Local\Temp




Periodic native trim disabled

---------------  S Y S T E M  ---------------

OS:
 Windows 11 , 64 bit Build 26100 (10.0.26100.3037)
OS uptime: 7 days 1:08 hours
Hyper-V role detected

CPU: total 12 (initial active 12) (12 cores per cpu, 2 threads per core) family 25 model 80 stepping 0 microcode 0xa500011, cx8, cmov, fxsr, ht, mmx, 3dnowpref, sse, sse2, sse3, ssse3, sse4a, sse4.1, sse4.2, popcnt, lzcnt, tsc, tscinvbit, avx, avx2, aes, erms, clmul, bmi1, bmi2, adx, sha, fma, vzeroupper, clflush, clflushopt, hv, rdtscp, rdpid, fsrm, f16c, cet_ss
Processor Information for the first 12 processors :
  Max Mhz: 3300, Current Mhz: 3300, Mhz Limit: 3300

Memory: 4k page, system-wide physical 16096M (909M free)
TotalPageFile size 24096M (AvailPageFile size 27M)
current process WorkingSet (physical memory assigned to process): 2197M, peak: 2200M
current process commit charge ("private bytes"): 2242M, peak: 2528M

vm_info: OpenJDK 64-Bit Server VM (21.0.6+7-LTS) for windows-amd64 JRE (21.0.6+7-LTS), built on 2025-01-21T00:00:00Z by "admin" with MS VC++ 17.7 (VS2022)

END.
